time,P,poa_direct,poa_sky_diffuse,poa_ground_diffuse,solar_elevation,temp_air,wind_speed,Int
2019-01-01 00:10:00+00:00,0.0,0.0,0.0,0.0,0.0,6.05,3.79,0
2019-01-01 01:10:00+00:00,0.0,0.0,0.0,0.0,0.0,5.96,3.86,0
2019-01-01 02:10:00+00:00,0.0,0.0,0.0,0.0,0.0,5.8,3.79,0
2019-01-01 03:10:00+00:00,0.0,0.0,0.0,0.0,0.0,5.59,3.66,0
2019-01-01 04:10:00+00:00,0.0,0.0,0.0,0.0,0.0,5.3,3.52,0
2019-01-01 05:10:00+00:00,0.0,0.0,0.0,0.0,0.0,5.06,3.31,0
2019-01-01 06:10:00+00:00,0.0,0.0,0.0,0.0,0.0,4.78,3.1,0
2019-01-01 07:10:00+00:00,3.43,0.0,20.51,0.31,4.21,5.15,3.45,0
2019-01-01 08:10:00+00:00,12.78,0.0,50.82,0.76,12.52,5.74,3.03,0
2019-01-01 09:10:00+00:00,17.44,0.0,65.09,0.98,19.12,7.32,2.62,0
2019-01-01 10:10:00+00:00,19.74,0.0,72.22,1.09,23.47,8.77,2.97,0
2019-01-01 11:10:00+00:00,24.51,0.0,86.49,1.3,25.08,9.78,2.76,0
2019-01-01 12:10:00+00:00,21.98,0.0,79.36,1.19,23.77,10.41,2.48,0
2019-01-01 13:10:00+00:00,19.23,0.0,71.33,1.07,19.68,10.66,2.14,0
2019-01-01 14:10:00+00:00,9.62,0.0,41.91,0.63,13.29,10.65,1.72,0
2019-01-01 15:10:00+00:00,5.07,0.0,26.75,0.4,5.13,9.94,1.31,0
2019-01-01 16:10:00+00:00,0.0,0.0,0.0,0.0,0.0,8.61,1.66,0
2019-01-01 17:10:00+00:00,0.0,0.0,0.0,0.0,0.0,7.52,1.93,0
2019-01-01 18:10:00+00:00,0.0,0.0,0.0,0.0,0.0,6.49,1.86,0
2019-01-01 19:10:00+00:00,0.0,0.0,0.0,0.0,0.0,5.4,1.79,0
2019-01-01 20:10:00+00:00,0.0,0.0,0.0,0.0,0.0,4.73,1.38,0
2019-01-01 21:10:00+00:00,0.0,0.0,0.0,0.0,0.0,4.01,1.31,0
2019-01-01 22:10:00+00:00,0.0,0.0,0.0,0.0,0.0,2.89,1.59,0
2019-01-01 23:10:00+00:00,0.0,0.0,0.0,0.0,0.0,2.04,1.66,0
2019-01-02 00:10:00+00:00,0.0,0.0,0.0,0.0,0.0,1.58,1.66,0
2019-01-02 01:10:00+00:00,0.0,0.0,0.0,0.0,0.0,1.3,1.59,0
2019-01-02 02:10:00+00:00,0.0,0.0,0.0,0.0,0.0,1.17,1.66,0
2019-01-02 03:10:00+00:00,0.0,0.0,0.0,0.0,0.0,1.18,1.79,0
2019-01-02 04:10:00+00:00,0.0,0.0,0.0,0.0,0.0,1.15,1.86,0
2019-01-02 05:10:00+00:00,0.0,0.0,0.0,0.0,0.0,1.25,1.93,0
2019-01-02 06:10:00+00:00,0.0,0.0,0.0,0.0,0.0,1.65,1.93,0
2019-01-02 07:10:00+00:00,3.74,0.0,21.4,0.32,4.21,2.39,1.72,0
2019-01-02 08:10:00+00:00,25.76,0.0,88.27,1.33,12.54,4.27,1.59,0
2019-01-02 09:10:00+00:00,20.76,0.0,74.9,1.13,19.16,7.28,1.59,0
2019-01-02 10:10:00+00:00,17.66,0.0,65.98,0.99,23.53,8.19,2.14,0
2019-01-02 11:10:00+00:00,58.9,0.0,183.68,2.76,25.17,9.72,3.52,0
2019-01-02 12:10:00+00:00,20.21,0.0,74.01,1.11,23.87,10.42,4.76,0
2019-01-02 13:10:00+00:00,16.55,0.0,63.31,0.95,19.8,11.21,5.79,0
2019-01-02 14:10:00+00:00,13.32,0.0,53.5,0.8,13.42,11.17,6.14,0
2019-01-02 15:10:00+00:00,3.1,0.0,19.62,0.29,5.26,10.08,5.86,0
2019-01-02 16:10:00+00:00,0.0,0.0,0.0,0.0,0.0,8.34,5.79,0
2019-01-02 17:10:00+00:00,0.0,0.0,0.0,0.0,0.0,7.07,5.79,0
2019-01-02 18:10:00+00:00,0.0,0.0,0.0,0.0,0.0,6.19,5.66,0
2019-01-02 19:10:00+00:00,0.0,0.0,0.0,0.0,0.0,6.56,5.59,0
2019-01-02 20:10:00+00:00,0.0,0.0,0.0,0.0,0.0,6.15,5.72,0
2019-01-02 21:10:00+00:00,0.0,0.0,0.0,0.0,0.0,5.51,5.38,0
2019-01-02 22:10:00+00:00,0.0,0.0,0.0,0.0,0.0,5.0,5.03,0
2019-01-02 23:10:00+00:00,0.0,0.0,0.0,0.0,0.0,4.59,5.1,0
2019-01-03 00:10:00+00:00,0.0,0.0,0.0,0.0,0.0,4.37,5.52,0
2019-01-03 01:10:00+00:00,0.0,0.0,0.0,0.0,0.0,4.27,5.86,0
2019-01-03 02:10:00+00:00,0.0,0.0,0.0,0.0,0.0,3.88,5.86,0
2019-01-03 03:10:00+00:00,0.0,0.0,0.0,0.0,0.0,3.45,5.45,0
2019-01-03 04:10:00+00:00,0.0,0.0,0.0,0.0,0.0,3.08,5.24,0
2019-01-03 05:10:00+00:00,0.0,0.0,0.0,0.0,0.0,2.78,5.17,0
2019-01-03 06:10:00+00:00,0.0,0.0,0.0,0.0,0.0,2.51,5.1,0
2019-01-03 07:10:00+00:00,3.48,0.0,20.51,0.31,4.21,2.62,4.69,0
2019-01-03 08:10:00+00:00,11.76,0.0,47.26,0.71,12.56,3.31,4.69,0
2019-01-03 09:10:00+00:00,17.4,0.0,64.2,0.96,19.2,4.58,4.62,0
2019-01-03 10:10:00+00:00,17.31,0.0,64.2,0.96,23.6,5.7,5.45,0
2019-01-03 11:10:00+00:00,41.25,0.0,131.97,1.98,25.26,6.34,5.66,0
2019-01-03 12:10:00+00:00,30.32,0.0,101.65,1.53,23.98,6.61,5.79,0
2019-01-03 13:10:00+00:00,5.18,0.0,26.75,0.4,19.93,6.52,5.86,0
2019-01-03 14:10:00+00:00,26.28,0.0,90.06,1.35,13.55,6.04,5.31,0
2019-01-03 15:10:00+00:00,3.43,0.0,20.51,0.31,5.4,5.32,4.83,0
2019-01-03 16:10:00+00:00,0.0,0.0,0.0,0.0,0.0,4.19,4.76,0
2019-01-03 17:10:00+00:00,0.0,0.0,0.0,0.0,0.0,3.4,4.62,0
2019-01-03 18:10:00+00:00,0.0,0.0,0.0,0.0,0.0,2.82,4.41,0
2019-01-03 19:10:00+00:00,0.0,0.0,0.0,0.0,0.0,2.61,4.28,0
2019-01-03 20:10:00+00:00,0.0,0.0,0.0,0.0,0.0,2.23,4.07,0
2019-01-03 21:10:00+00:00,0.0,0.0,0.0,0.0,0.0,1.94,3.86,0
2019-01-03 22:10:00+00:00,0.0,0.0,0.0,0.0,0.0,1.67,3.72,0
2019-01-03 23:10:00+00:00,0.0,0.0,0.0,0.0,0.0,1.43,3.59,0
2019-01-04 00:10:00+00:00,0.0,0.0,0.0,0.0,0.0,1.27,3.66,0
2019-01-04 01:10:00+00:00,0.0,0.0,0.0,0.0,0.0,1.14,3.79,0
2019-01-04 02:10:00+00:00,0.0,0.0,0.0,0.0,0.0,1.08,3.93,0
2019-01-04 03:10:00+00:00,0.0,0.0,0.0,0.0,0.0,0.97,4.0,0
2019-01-04 04:10:00+00:00,0.0,0.0,0.0,0.0,0.0,0.8,3.86,0
2019-01-04 05:10:00+00:00,0.0,0.0,0.0,0.0,0.0,0.61,3.79,0
2019-01-04 06:10:00+00:00,0.0,0.0,0.0,0.0,0.0,0.44,3.86,0
2019-01-04 07:10:00+00:00,2.79,0.0,17.83,0.27,4.23,0.32,3.79,0
2019-01-04 08:10:00+00:00,12.18,0.0,48.15,0.72,12.59,1.26,3.66,0
2019-01-04 09:10:00+00:00,16.61,0.0,61.52,0.92,19.25,2.9,3.66,0
2019-01-04 10:10:00+00:00,18.98,0.0,68.66,1.03,23.67,4.05,4.55,0
2019-01-04 11:10:00+00:00,23.6,0.0,82.03,1.23,25.36,4.65,4.76,0
2019-01-04 12:10:00+00:00,33.74,0.0,110.57,1.66,24.1,5.06,5.1,0
2019-01-04 13:10:00+00:00,16.74,0.0,62.42,0.94,20.06,5.17,5.1,0
2019-01-04 14:10:00+00:00,13.15,0.0,51.72,0.78,13.69,4.9,5.17,0
2019-01-04 15:10:00+00:00,3.7,0.0,21.4,0.32,5.54,4.16,4.9,0
2019-01-04 16:10:00+00:00,0.0,0.0,0.0,0.0,0.0,2.9,4.62,0
2019-01-04 17:10:00+00:00,0.0,0.0,0.0,0.0,0.0,2.0,4.55,0
2019-01-04 18:10:00+00:00,0.0,0.0,0.0,0.0,0.0,1.44,4.28,0
2019-01-04 19:10:00+00:00,0.0,0.0,0.0,0.0,0.0,1.2,3.66,0
2019-01-04 20:10:00+00:00,0.0,0.0,0.0,0.0,0.0,0.82,3.24,0
2019-01-04 21:10:00+00:00,0.0,0.0,0.0,0.0,0.0,0.61,3.17,0
2019-01-04 22:10:00+00:00,0.0,0.0,0.0,0.0,0.0,0.48,3.17,0
2019-01-04 23:10:00+00:00,0.0,0.0,0.0,0.0,0.0,0.34,3.03,0
2019-01-05 00:10:00+00:00,0.0,0.0,0.0,0.0,0.0,0.21,2.9,0
2019-01-05 01:10:00+00:00,0.0,0.0,0.0,0.0,0.0,0.06,2.9,0
2019-01-05 02:10:00+00:00,0.0,0.0,0.0,0.0,0.0,0.04,2.9,0
2019-01-05 03:10:00+00:00,0.0,0.0,0.0,0.0,0.0,-0.06,2.9,0
2019-01-05 04:10:00+00:00,0.0,0.0,0.0,0.0,0.0,-0.13,2.76,0
2019-01-05 05:10:00+00:00,0.0,0.0,0.0,0.0,0.0,-0.16,2.69,0
2019-01-05 06:10:00+00:00,0.0,0.0,0.0,0.0,0.0,-0.24,2.48,0
2019-01-05 07:10:00+00:00,4.04,0.0,22.29,0.33,4.24,0.03,2.48,0
2019-01-05 08:10:00+00:00,12.77,0.0,49.93,0.75,12.62,1.07,2.14,0
2019-01-05 09:10:00+00:00,16.87,0.0,62.42,0.94,19.31,3.19,2.14,0
2019-01-05 10:10:00+00:00,19.16,0.0,69.55,1.05,23.76,5.09,2.28,0
2019-01-05 11:10:00+00:00,22.72,0.0,80.25,1.21,25.47,6.58,2.69,0
2019-01-05 12:10:00+00:00,30.4,0.0,102.54,1.54,24.23,7.59,2.83,0
2019-01-05 13:10:00+00:00,30.64,0.0,103.43,1.55,20.2,8.08,2.69,0
2019-01-05 14:10:00+00:00,17.07,0.0,64.2,0.96,13.83,8.09,2.34,0
2019-01-05 15:10:00+00:00,6.45,0.0,31.21,0.47,5.69,7.7,1.79,0
2019-01-05 16:10:00+00:00,0.0,0.0,0.0,0.0,0.0,6.67,1.24,0
2019-01-05 17:10:00+00:00,0.0,0.0,0.0,0.0,0.0,5.74,1.24,0
2019-01-05 18:10:00+00:00,0.0,0.0,0.0,0.0,0.0,5.44,1.52,0
2019-01-05 19:10:00+00:00,0.0,0.0,0.0,0.0,0.0,5.36,2.0,0
2019-01-05 20:10:00+00:00,0.0,0.0,0.0,0.0,0.0,4.98,2.0,0
2019-01-05 21:10:00+00:00,0.0,0.0,0.0,0.0,0.0,4.95,1.79,0
2019-01-05 22:10:00+00:00,0.0,0.0,0.0,0.0,0.0,4.94,1.72,0
2019-01-05 23:10:00+00:00,0.0,0.0,0.0,0.0,0.0,4.95,1.66,0
2019-01-06 00:10:00+00:00,0.0,0.0,0.0,0.0,0.0,5.09,1.79,0
2019-01-06 01:10:00+00:00,0.0,0.0,0.0,0.0,0.0,5.05,1.93,0
2019-01-06 02:10:00+00:00,0.0,0.0,0.0,0.0,0.0,4.73,2.0,0
2019-01-06 03:10:00+00:00,0.0,0.0,0.0,0.0,0.0,4.21,2.07,0
2019-01-06 04:10:00+00:00,0.0,0.0,0.0,0.0,0.0,3.42,2.07,0
2019-01-06 05:10:00+00:00,0.0,0.0,0.0,0.0,0.0,2.73,2.0,0
2019-01-06 06:10:00+00:00,0.0,0.0,0.0,0.0,0.0,2.18,1.93,0
2019-01-06 07:10:00+00:00,4.26,0.0,23.18,0.35,4.27,1.76,1.79,0
2019-01-06 08:10:00+00:00,12.06,0.0,48.15,0.72,12.67,2.83,1.66,0
2019-01-06 09:10:00+00:00,16.94,0.0,63.31,0.95,19.38,5.84,1.38,0
2019-01-06 10:10:00+00:00,17.92,0.0,66.87,1.0,23.85,8.42,1.59,0
2019-01-06 11:10:00+00:00,22.01,0.0,79.36,1.19,25.58,10.05,1.86,0
2019-01-06 12:10:00+00:00,19.19,0.0,71.33,1.07,24.36,11.09,2.0,0
2019-01-06 13:10:00+00:00,15.88,0.0,61.52,0.92,20.34,11.67,2.14,0
2019-01-06 14:10:00+00:00,14.12,0.0,56.17,0.84,13.98,11.69,2.14,0
2019-01-06 15:10:00+00:00,3.56,0.0,21.4,0.32,5.84,10.97,2.07,0
2019-01-06 16:10:00+00:00,0.0,0.0,0.0,0.0,0.0,9.54,2.34,0
2019-01-06 17:10:00+00:00,0.0,0.0,0.0,0.0,0.0,8.24,2.41,0
2019-01-06 18:10:00+00:00,0.0,0.0,0.0,0.0,0.0,7.07,2.48,0
2019-01-06 19:10:00+00:00,0.0,0.0,0.0,0.0,0.0,6.67,2.41,0
2019-01-06 20:10:00+00:00,0.0,0.0,0.0,0.0,0.0,5.61,2.28,0
2019-01-06 21:10:00+00:00,0.0,0.0,0.0,0.0,0.0,4.34,2.14,0
2019-01-06 22:10:00+00:00,0.0,0.0,0.0,0.0,0.0,3.22,2.0,0
2019-01-06 23:10:00+00:00,0.0,0.0,0.0,0.0,0.0,2.52,1.93,0
2019-01-07 00:10:00+00:00,0.0,0.0,0.0,0.0,0.0,2.15,1.86,0
2019-01-07 01:10:00+00:00,0.0,0.0,0.0,0.0,0.0,1.76,1.93,0
2019-01-07 02:10:00+00:00,0.0,0.0,0.0,0.0,0.0,1.42,1.86,0
2019-01-07 03:10:00+00:00,0.0,0.0,0.0,0.0,0.0,1.15,1.86,0
2019-01-07 04:10:00+00:00,0.0,0.0,0.0,0.0,0.0,0.9,1.72,0
2019-01-07 05:10:00+00:00,0.0,0.0,0.0,0.0,0.0,0.74,1.93,0
2019-01-07 06:10:00+00:00,0.0,0.0,0.0,0.0,0.0,0.77,2.0,0
2019-01-07 07:10:00+00:00,3.03,0.0,18.72,0.28,4.3,0.5,1.79,0
2019-01-07 08:10:00+00:00,12.72,0.0,49.93,0.75,12.72,1.73,1.38,0
2019-01-07 09:10:00+00:00,16.61,0.0,62.42,0.94,19.45,6.09,1.17,0
2019-01-07 10:10:00+00:00,15.49,0.0,59.74,0.9,23.94,8.87,1.17,0
2019-01-07 11:10:00+00:00,18.34,0.0,68.66,1.03,25.7,10.49,1.52,0
2019-01-07 12:10:00+00:00,17.66,0.0,66.87,1.0,24.5,11.4,1.72,0
2019-01-07 13:10:00+00:00,15.85,0.0,61.52,0.92,20.49,11.81,1.31,0
2019-01-07 14:10:00+00:00,13.8,0.0,55.28,0.83,14.14,11.76,0.69,0
2019-01-07 15:10:00+00:00,3.8,0.0,22.29,0.33,6.0,11.07,0.62,0
2019-01-07 16:10:00+00:00,0.0,0.0,0.0,0.0,0.0,9.67,0.55,0
2019-01-07 17:10:00+00:00,0.0,0.0,0.0,0.0,0.0,8.66,0.55,0
2019-01-07 18:10:00+00:00,0.0,0.0,0.0,0.0,0.0,7.58,0.9,0
2019-01-07 19:10:00+00:00,0.0,0.0,0.0,0.0,0.0,6.92,1.24,0
2019-01-07 20:10:00+00:00,0.0,0.0,0.0,0.0,0.0,4.5,1.72,0
2019-01-07 21:10:00+00:00,0.0,0.0,0.0,0.0,0.0,3.27,1.93,0
2019-01-07 22:10:00+00:00,0.0,0.0,0.0,0.0,0.0,2.57,1.93,0
2019-01-07 23:10:00+00:00,0.0,0.0,0.0,0.0,0.0,1.94,1.93,0
2019-01-08 00:10:00+00:00,0.0,0.0,0.0,0.0,0.0,1.44,1.93,0
2019-01-08 01:10:00+00:00,0.0,0.0,0.0,0.0,0.0,1.24,1.93,0
2019-01-08 02:10:00+00:00,0.0,0.0,0.0,0.0,0.0,1.13,2.0,0
2019-01-08 03:10:00+00:00,0.0,0.0,0.0,0.0,0.0,1.07,2.07,0
2019-01-08 04:10:00+00:00,0.0,0.0,0.0,0.0,0.0,1.09,2.07,0
2019-01-08 05:10:00+00:00,0.0,0.0,0.0,0.0,0.0,1.08,2.07,0
2019-01-08 06:10:00+00:00,0.0,0.0,0.0,0.0,0.0,1.3,2.0,0
2019-01-08 07:10:00+00:00,2.06,0.0,15.16,0.23,4.33,2.75,2.21,0
2019-01-08 08:10:00+00:00,25.11,0.0,86.49,1.3,12.77,4.57,1.93,0
2019-01-08 09:10:00+00:00,32.25,0.0,107.89,1.62,19.53,7.52,1.86,0
2019-01-08 10:10:00+00:00,47.09,0.0,150.69,2.26,24.05,9.44,2.34,0
2019-01-08 11:10:00+00:00,57.94,0.0,181.9,2.73,25.83,10.51,2.76,0
2019-01-08 12:10:00+00:00,54.4,0.0,172.09,2.59,24.65,10.91,3.03,0
2019-01-08 13:10:00+00:00,34.26,0.0,115.02,1.73,20.65,11.1,3.24,0
2019-01-08 14:10:00+00:00,19.52,0.0,72.22,1.09,14.3,10.96,2.62,0
2019-01-08 15:10:00+00:00,7.69,0.0,35.67,0.54,6.16,10.68,2.28,0
2019-01-08 16:10:00+00:00,0.0,0.0,0.0,0.0,0.0,9.72,1.93,0
2019-01-08 17:10:00+00:00,0.0,0.0,0.0,0.0,0.0,9.2,1.79,0
2019-01-08 18:10:00+00:00,0.0,0.0,0.0,0.0,0.0,8.53,1.79,0
2019-01-08 19:10:00+00:00,0.0,0.0,0.0,0.0,0.0,8.53,1.52,0
2019-01-08 20:10:00+00:00,0.0,0.0,0.0,0.0,0.0,8.55,1.72,0
2019-01-08 21:10:00+00:00,0.0,0.0,0.0,0.0,0.0,8.42,2.0,0
2019-01-08 22:10:00+00:00,0.0,0.0,0.0,0.0,0.0,8.14,2.21,0
2019-01-08 23:10:00+00:00,0.0,0.0,0.0,0.0,0.0,7.41,2.34,0
2019-01-09 00:10:00+00:00,0.0,0.0,0.0,0.0,0.0,7.07,2.14,0
2019-01-09 01:10:00+00:00,0.0,0.0,0.0,0.0,0.0,6.61,2.14,0
2019-01-09 02:10:00+00:00,0.0,0.0,0.0,0.0,0.0,6.56,2.07,0
2019-01-09 03:10:00+00:00,0.0,0.0,0.0,0.0,0.0,6.37,2.0,0
2019-01-09 04:10:00+00:00,0.0,0.0,0.0,0.0,0.0,6.15,2.0,0
2019-01-09 05:10:00+00:00,0.0,0.0,0.0,0.0,0.0,6.13,2.07,0
2019-01-09 06:10:00+00:00,0.0,0.0,0.0,0.0,0.0,5.64,2.41,0
2019-01-09 07:10:00+00:00,4.41,0.0,24.07,0.36,4.37,6.27,2.62,0
2019-01-09 08:10:00+00:00,25.8,0.0,89.17,1.34,12.83,6.77,2.48,0
2019-01-09 09:10:00+00:00,9.49,0.0,41.02,0.62,19.62,7.75,3.03,0
2019-01-09 10:10:00+00:00,12.58,0.0,50.82,0.76,24.16,8.85,3.45,0
2019-01-09 11:10:00+00:00,18.72,0.0,69.55,1.05,25.97,9.94,3.38,0
2019-01-09 12:10:00+00:00,11.31,0.0,47.26,0.71,24.8,10.86,3.24,0
2019-01-09 13:10:00+00:00,12.14,0.0,49.93,0.75,20.81,11.29,2.9,0
2019-01-09 14:10:00+00:00,13.59,0.0,54.39,0.82,14.47,11.13,2.55,0
2019-01-09 15:10:00+00:00,7.17,0.0,33.88,0.51,6.33,10.28,2.14,0
2019-01-09 16:10:00+00:00,0.0,0.0,0.0,0.0,0.0,9.09,2.62,0
2019-01-09 17:10:00+00:00,0.0,0.0,0.0,0.0,0.0,7.97,3.17,0
2019-01-09 18:10:00+00:00,0.0,0.0,0.0,0.0,0.0,7.22,2.97,0
2019-01-09 19:10:00+00:00,0.0,0.0,0.0,0.0,0.0,6.52,2.69,0
2019-01-09 20:10:00+00:00,0.0,0.0,0.0,0.0,0.0,5.81,2.83,0
2019-01-09 21:10:00+00:00,0.0,0.0,0.0,0.0,0.0,5.3,3.38,0
2019-01-09 22:10:00+00:00,0.0,0.0,0.0,0.0,0.0,4.83,3.93,0
2019-01-09 23:10:00+00:00,0.0,0.0,0.0,0.0,0.0,4.46,4.0,0
2019-01-10 00:10:00+00:00,0.0,0.0,0.0,0.0,0.0,4.14,4.14,0
2019-01-10 01:10:00+00:00,0.0,0.0,0.0,0.0,0.0,3.94,4.34,0
2019-01-10 02:10:00+00:00,0.0,0.0,0.0,0.0,0.0,3.67,4.41,0
2019-01-10 03:10:00+00:00,0.0,0.0,0.0,0.0,0.0,3.54,4.41,0
2019-01-10 04:10:00+00:00,0.0,0.0,0.0,0.0,0.0,3.52,4.48,0
2019-01-10 05:10:00+00:00,0.0,0.0,0.0,0.0,0.0,3.55,4.48,0
2019-01-10 06:10:00+00:00,0.0,0.0,0.0,0.0,0.0,3.65,4.41,0
2019-01-10 07:10:00+00:00,3.47,0.0,20.51,0.31,4.42,3.49,4.21,0
2019-01-10 08:10:00+00:00,26.18,0.0,89.17,1.34,12.9,4.08,4.14,0
2019-01-10 09:10:00+00:00,43.93,0.0,139.1,2.09,19.71,5.47,4.07,0
2019-01-10 10:10:00+00:00,44.64,0.0,141.77,2.13,24.28,6.9,4.69,0
2019-01-10 11:10:00+00:00,19.84,0.0,72.22,1.09,26.11,7.95,4.83,0
2019-01-10 12:10:00+00:00,26.56,0.0,91.84,1.38,24.96,8.72,4.97,0
2019-01-10 13:10:00+00:00,21.26,0.0,76.68,1.15,20.98,9.03,4.9,0
2019-01-10 14:10:00+00:00,17.04,0.0,64.2,0.96,14.64,8.73,4.9,0
2019-01-10 15:10:00+00:00,4.12,0.0,23.18,0.35,6.5,7.86,5.1,0
2019-01-10 16:10:00+00:00,0.0,0.0,0.0,0.0,0.0,6.46,5.17,0
2019-01-10 17:10:00+00:00,0.0,0.0,0.0,0.0,0.0,5.35,5.1,0
2019-01-10 18:10:00+00:00,0.0,0.0,0.0,0.0,0.0,4.57,4.97,0
2019-01-10 19:10:00+00:00,0.0,0.0,0.0,0.0,0.0,4.15,4.48,0
2019-01-10 20:10:00+00:00,0.0,0.0,0.0,0.0,0.0,3.65,4.28,0
2019-01-10 21:10:00+00:00,0.0,0.0,0.0,0.0,0.0,3.23,4.14,0
2019-01-10 22:10:00+00:00,0.0,0.0,0.0,0.0,0.0,2.87,4.14,0
2019-01-10 23:10:00+00:00,0.0,0.0,0.0,0.0,0.0,2.55,4.14,0
2019-01-11 00:10:00+00:00,0.0,0.0,0.0,0.0,0.0,2.24,4.14,0
2019-01-11 01:10:00+00:00,0.0,0.0,0.0,0.0,0.0,2.0,4.14,0
2019-01-11 02:10:00+00:00,0.0,0.0,0.0,0.0,0.0,1.8,4.14,0
2019-01-11 03:10:00+00:00,0.0,0.0,0.0,0.0,0.0,1.63,4.07,0
2019-01-11 04:10:00+00:00,0.0,0.0,0.0,0.0,0.0,1.49,4.0,0
2019-01-11 05:10:00+00:00,0.0,0.0,0.0,0.0,0.0,1.4,3.86,0
2019-01-11 06:10:00+00:00,0.0,0.0,0.0,0.0,0.0,1.29,3.72,0
2019-01-11 07:10:00+00:00,2.31,0.0,16.05,0.24,4.48,1.08,2.97,0
2019-01-11 08:10:00+00:00,10.93,0.0,44.58,0.67,12.98,2.14,2.55,0
2019-01-11 09:10:00+00:00,15.87,0.0,59.74,0.9,19.81,4.37,2.76,0
2019-01-11 10:10:00+00:00,16.61,0.0,62.42,0.94,24.41,6.4,2.76,0
2019-01-11 11:10:00+00:00,18.6,0.0,68.66,1.03,26.26,7.91,2.62,0
2019-01-11 12:10:00+00:00,16.71,0.0,63.31,0.95,25.13,8.76,2.48,0
2019-01-11 13:10:00+00:00,18.48,0.0,68.66,1.03,21.16,9.17,2.34,0
2019-01-11 14:10:00+00:00,11.4,0.0,47.26,0.71,14.82,9.2,2.34,0
2019-01-11 15:10:00+00:00,4.35,0.0,24.07,0.36,6.67,8.56,2.28,0
2019-01-11 16:10:00+00:00,0.0,0.0,0.0,0.0,0.0,7.04,2.76,0
2019-01-11 17:10:00+00:00,0.0,0.0,0.0,0.0,0.0,5.59,3.31,0
2019-01-11 18:10:00+00:00,0.0,0.0,0.0,0.0,0.0,4.45,3.66,0
2019-01-11 19:10:00+00:00,0.0,0.0,0.0,0.0,0.0,3.97,3.45,0
2019-01-11 20:10:00+00:00,0.0,0.0,0.0,0.0,0.0,3.26,3.24,0
2019-01-11 21:10:00+00:00,0.0,0.0,0.0,0.0,0.0,2.58,3.03,0
2019-01-11 22:10:00+00:00,0.0,0.0,0.0,0.0,0.0,1.97,2.9,0
2019-01-11 23:10:00+00:00,0.0,0.0,0.0,0.0,0.0,1.47,2.9,0
2019-01-12 00:10:00+00:00,0.0,0.0,0.0,0.0,0.0,1.06,2.9,0
2019-01-12 01:10:00+00:00,0.0,0.0,0.0,0.0,0.0,0.68,2.97,0
2019-01-12 02:10:00+00:00,0.0,0.0,0.0,0.0,0.0,0.46,2.83,0
2019-01-12 03:10:00+00:00,0.0,0.0,0.0,0.0,0.0,0.22,2.62,0
2019-01-12 04:10:00+00:00,0.0,0.0,0.0,0.0,0.0,0.0,2.62,0
2019-01-12 05:10:00+00:00,0.0,0.0,0.0,0.0,0.0,-0.11,2.76,0
2019-01-12 06:10:00+00:00,0.0,0.0,0.0,0.0,0.0,-0.17,2.76,0
2019-01-12 07:10:00+00:00,3.04,0.0,18.72,0.28,4.54,-0.11,2.9,0
2019-01-12 08:10:00+00:00,12.48,0.0,49.04,0.74,13.06,1.03,2.48,0
2019-01-12 09:10:00+00:00,18.1,0.0,65.98,0.99,19.92,3.23,2.55,0
2019-01-12 10:10:00+00:00,18.23,0.0,66.87,1.0,24.54,5.23,2.69,0
2019-01-12 11:10:00+00:00,20.24,0.0,73.12,1.1,26.42,6.74,2.76,0
2019-01-12 12:10:00+00:00,18.3,0.0,67.77,1.02,25.3,7.82,2.76,0
2019-01-12 13:10:00+00:00,17.64,0.0,65.98,0.99,21.34,8.5,2.76,0
2019-01-12 14:10:00+00:00,14.64,0.0,57.07,0.86,15.0,8.71,2.76,0
2019-01-12 15:10:00+00:00,6.44,0.0,31.21,0.47,6.85,8.07,2.28,0
2019-01-12 16:10:00+00:00,0.0,0.0,0.0,0.0,0.0,6.77,2.34,0
2019-01-12 17:10:00+00:00,0.0,0.0,0.0,0.0,0.0,5.57,2.34,0
2019-01-12 18:10:00+00:00,0.0,0.0,0.0,0.0,0.0,4.56,2.28,0
2019-01-12 19:10:00+00:00,0.0,0.0,0.0,0.0,0.0,3.78,2.14,0
2019-01-12 20:10:00+00:00,0.0,0.0,0.0,0.0,0.0,2.62,1.86,0
2019-01-12 21:10:00+00:00,0.0,0.0,0.0,0.0,0.0,1.47,1.66,0
2019-01-12 22:10:00+00:00,0.0,0.0,0.0,0.0,0.0,0.62,1.52,0
2019-01-12 23:10:00+00:00,0.0,0.0,0.0,0.0,0.0,0.13,1.45,0
2019-01-13 00:10:00+00:00,0.0,0.0,0.0,0.0,0.0,-0.09,1.52,0
2019-01-13 01:10:00+00:00,0.0,0.0,0.0,0.0,0.0,-0.35,1.66,0
2019-01-13 02:10:00+00:00,0.0,0.0,0.0,0.0,0.0,-0.34,1.93,0
2019-01-13 03:10:00+00:00,0.0,0.0,0.0,0.0,0.0,-0.1,2.07,0
2019-01-13 04:10:00+00:00,0.0,0.0,0.0,0.0,0.0,0.45,2.07,0
2019-01-13 05:10:00+00:00,0.0,0.0,0.0,0.0,0.0,1.39,2.07,0
2019-01-13 06:10:00+00:00,0.0,0.0,0.0,0.0,0.0,2.1,2.14,0
2019-01-13 07:10:00+00:00,4.49,0.0,24.07,0.36,4.61,2.71,1.79,0
2019-01-13 08:10:00+00:00,26.14,0.0,89.17,1.34,13.15,3.82,1.59,0
2019-01-13 09:10:00+00:00,45.03,0.0,143.56,2.16,20.03,6.74,1.31,0
2019-01-13 10:10:00+00:00,36.41,0.0,120.37,1.81,24.68,8.85,1.52,0
2019-01-13 11:10:00+00:00,57.06,0.0,179.22,2.69,26.58,9.77,1.86,0
2019-01-13 12:10:00+00:00,14.5,0.0,57.07,0.86,25.48,10.49,2.21,0
2019-01-13 13:10:00+00:00,20.7,0.0,75.79,1.14,21.53,10.99,1.86,0
2019-01-13 14:10:00+00:00,14.16,0.0,56.17,0.84,15.19,11.05,1.52,0
2019-01-13 15:10:00+00:00,5.05,0.0,26.75,0.4,7.04,10.62,1.1,0
2019-01-13 16:10:00+00:00,0.0,0.0,0.0,0.0,0.0,9.48,1.17,0
2019-01-13 17:10:00+00:00,0.0,0.0,0.0,0.0,0.0,7.64,1.38,0
2019-01-13 18:10:00+00:00,0.0,0.0,0.0,0.0,0.0,6.14,1.59,0
2019-01-13 19:10:00+00:00,0.0,0.0,0.0,0.0,0.0,6.44,1.17,0
2019-01-13 20:10:00+00:00,0.0,0.0,0.0,0.0,0.0,5.1,1.45,0
2019-01-13 21:10:00+00:00,0.0,0.0,0.0,0.0,0.0,3.75,1.86,0
2019-01-13 22:10:00+00:00,0.0,0.0,0.0,0.0,0.0,3.73,1.59,0
2019-01-13 23:10:00+00:00,0.0,0.0,0.0,0.0,0.0,3.21,1.86,0
2019-01-14 00:10:00+00:00,0.0,0.0,0.0,0.0,0.0,3.44,2.21,0
2019-01-14 01:10:00+00:00,0.0,0.0,0.0,0.0,0.0,4.49,2.14,0
2019-01-14 02:10:00+00:00,0.0,0.0,0.0,0.0,0.0,4.61,2.34,0
2019-01-14 03:10:00+00:00,0.0,0.0,0.0,0.0,0.0,4.65,2.41,0
2019-01-14 04:10:00+00:00,0.0,0.0,0.0,0.0,0.0,5.67,2.34,0
2019-01-14 05:10:00+00:00,0.0,0.0,0.0,0.0,0.0,6.17,2.48,0
2019-01-14 06:10:00+00:00,0.0,0.0,0.0,0.0,0.0,6.59,2.83,0
2019-01-14 07:10:00+00:00,4.9,0.0,25.86,0.39,4.68,7.12,2.14,0
2019-01-14 08:10:00+00:00,10.05,0.0,42.8,0.64,13.25,7.77,2.14,0
2019-01-14 09:10:00+00:00,28.62,0.0,98.08,1.47,20.16,8.83,1.79,0
2019-01-14 10:10:00+00:00,9.64,0.0,41.91,0.63,24.83,10.21,1.72,0
2019-01-14 11:10:00+00:00,14.47,0.0,57.07,0.86,26.75,10.96,2.21,0
2019-01-14 12:10:00+00:00,14.42,0.0,57.07,0.86,25.67,11.82,3.52,0
2019-01-14 13:10:00+00:00,23.69,0.0,84.71,1.27,21.72,11.9,4.69,0
2019-01-14 14:10:00+00:00,12.4,0.0,50.82,0.76,15.38,11.81,4.83,0
2019-01-14 15:10:00+00:00,5.04,0.0,26.75,0.4,7.22,11.17,4.14,0
2019-01-14 16:10:00+00:00,0.0,0.0,0.0,0.0,0.0,9.75,3.66,0
2019-01-14 17:10:00+00:00,0.0,0.0,0.0,0.0,0.0,8.64,3.45,0
2019-01-14 18:10:00+00:00,0.0,0.0,0.0,0.0,0.0,7.85,3.31,0
2019-01-14 19:10:00+00:00,0.0,0.0,0.0,0.0,0.0,8.47,2.48,0
2019-01-14 20:10:00+00:00,0.0,0.0,0.0,0.0,0.0,7.57,2.41,0
2019-01-14 21:10:00+00:00,0.0,0.0,0.0,0.0,0.0,6.71,2.28,0
2019-01-14 22:10:00+00:00,0.0,0.0,0.0,0.0,0.0,5.81,2.34,0
2019-01-14 23:10:00+00:00,0.0,0.0,0.0,0.0,0.0,5.15,2.34,0
2019-01-15 00:10:00+00:00,0.0,0.0,0.0,0.0,0.0,4.75,2.76,0
2019-01-15 01:10:00+00:00,0.0,0.0,0.0,0.0,0.0,5.17,3.24,0
2019-01-15 02:10:00+00:00,0.0,0.0,0.0,0.0,0.0,5.51,3.59,0
2019-01-15 03:10:00+00:00,0.0,0.0,0.0,0.0,0.0,5.33,3.59,0
2019-01-15 04:10:00+00:00,0.0,0.0,0.0,0.0,0.0,4.79,3.52,0
2019-01-15 05:10:00+00:00,0.0,0.0,0.0,0.0,0.0,4.4,3.59,0
2019-01-15 06:10:00+00:00,0.0,0.0,0.0,0.0,0.0,4.06,3.45,0
2019-01-15 07:10:00+00:00,3.46,0.0,20.51,0.31,4.76,3.69,3.03,0
2019-01-15 08:10:00+00:00,11.38,0.0,46.37,0.7,13.35,4.53,2.34,0
2019-01-15 09:10:00+00:00,16.85,0.0,63.31,0.95,20.28,7.09,2.21,0
2019-01-15 10:10:00+00:00,17.56,0.0,65.98,0.99,24.99,9.23,2.21,0
2019-01-15 11:10:00+00:00,21.03,0.0,76.68,1.15,26.93,10.74,2.14,0
2019-01-15 12:10:00+00:00,20.35,0.0,74.9,1.13,25.86,11.46,1.93,0
2019-01-15 13:10:00+00:00,19.41,0.0,72.22,1.09,21.92,11.74,1.52,0
2019-01-15 14:10:00+00:00,12.66,0.0,51.72,0.78,15.58,11.76,1.03,0
2019-01-15 15:10:00+00:00,5.03,0.0,26.75,0.4,7.42,11.34,0.62,0
2019-01-15 16:10:00+00:00,0.0,0.0,0.0,0.0,0.0,10.23,0.69,0
2019-01-15 17:10:00+00:00,0.0,0.0,0.0,0.0,0.0,9.69,0.55,0
2019-01-15 18:10:00+00:00,0.0,0.0,0.0,0.0,0.0,8.8,0.97,0
2019-01-15 19:10:00+00:00,0.0,0.0,0.0,0.0,0.0,9.23,0.55,0
2019-01-15 20:10:00+00:00,0.0,0.0,0.0,0.0,0.0,7.34,1.24,0
2019-01-15 21:10:00+00:00,0.0,0.0,0.0,0.0,0.0,4.95,1.59,0
2019-01-15 22:10:00+00:00,0.0,0.0,0.0,0.0,0.0,3.8,1.72,0
2019-01-15 23:10:00+00:00,0.0,0.0,0.0,0.0,0.0,3.16,1.79,0
2019-01-16 00:10:00+00:00,0.0,0.0,0.0,0.0,0.0,2.81,1.79,0
2019-01-16 01:10:00+00:00,0.0,0.0,0.0,0.0,0.0,2.46,1.79,0
2019-01-16 02:10:00+00:00,0.0,0.0,0.0,0.0,0.0,2.3,1.86,0
2019-01-16 03:10:00+00:00,0.0,0.0,0.0,0.0,0.0,2.87,1.72,0
2019-01-16 04:10:00+00:00,0.0,0.0,0.0,0.0,0.0,3.0,1.79,0
2019-01-16 05:10:00+00:00,0.0,0.0,0.0,0.0,0.0,2.98,1.86,0
2019-01-16 06:10:00+00:00,0.0,0.0,0.0,0.0,0.0,3.25,1.86,0
2019-01-16 07:10:00+00:00,3.72,0.0,21.4,0.32,4.85,3.34,1.79,0
2019-01-16 08:10:00+00:00,12.22,0.0,49.04,0.74,13.46,5.03,1.45,0
2019-01-16 09:10:00+00:00,20.36,0.0,74.01,1.11,20.42,8.17,1.38,0
2019-01-16 10:10:00+00:00,40.22,0.0,131.97,1.98,25.15,10.35,1.59,0
2019-01-16 11:10:00+00:00,23.04,0.0,82.92,1.25,27.11,11.84,2.28,0
2019-01-16 12:10:00+00:00,61.52,0.0,193.49,2.91,26.06,12.5,3.1,0
2019-01-16 13:10:00+00:00,37.14,0.0,123.94,1.86,22.12,12.48,3.38,0
2019-01-16 14:10:00+00:00,33.13,0.0,112.35,1.69,15.78,12.31,3.24,0
2019-01-16 15:10:00+00:00,9.02,0.0,40.12,0.6,7.61,11.74,2.62,0
2019-01-16 16:10:00+00:00,0.0,0.0,0.0,0.0,0.0,10.51,2.34,0
2019-01-16 17:10:00+00:00,0.0,0.0,0.0,0.0,0.0,9.57,2.34,0
2019-01-16 18:10:00+00:00,0.0,0.0,0.0,0.0,0.0,8.77,2.34,0
2019-01-16 19:10:00+00:00,0.0,0.0,0.0,0.0,0.0,8.55,2.28,0
2019-01-16 20:10:00+00:00,0.0,0.0,0.0,0.0,0.0,8.06,2.34,0
2019-01-16 21:10:00+00:00,0.0,0.0,0.0,0.0,0.0,7.64,2.48,0
2019-01-16 22:10:00+00:00,0.0,0.0,0.0,0.0,0.0,7.18,2.55,0
2019-01-16 23:10:00+00:00,0.0,0.0,0.0,0.0,0.0,6.65,2.62,0
2019-01-17 00:10:00+00:00,0.0,0.0,0.0,0.0,0.0,6.17,2.69,0
2019-01-17 01:10:00+00:00,0.0,0.0,0.0,0.0,0.0,6.12,2.69,0
2019-01-17 02:10:00+00:00,0.0,0.0,0.0,0.0,0.0,6.17,2.76,0
2019-01-17 03:10:00+00:00,0.0,0.0,0.0,0.0,0.0,5.99,2.69,0
2019-01-17 04:10:00+00:00,0.0,0.0,0.0,0.0,0.0,5.8,2.76,0
2019-01-17 05:10:00+00:00,0.0,0.0,0.0,0.0,0.0,5.67,2.9,0
2019-01-17 06:10:00+00:00,0.0,0.0,0.0,0.0,0.0,5.89,3.03,0
2019-01-17 07:10:00+00:00,5.42,0.0,27.64,0.42,4.94,6.85,3.38,0
2019-01-17 08:10:00+00:00,27.25,0.0,93.62,1.41,13.58,7.9,3.45,0
2019-01-17 09:10:00+00:00,45.33,0.0,145.34,2.18,20.56,9.2,3.31,0
2019-01-17 10:10:00+00:00,39.39,0.0,129.29,1.94,25.32,10.62,4.0,0
2019-01-17 11:10:00+00:00,65.16,0.0,202.41,3.04,27.31,11.64,4.9,0
2019-01-17 12:10:00+00:00,60.0,0.0,188.14,2.83,26.26,12.13,5.38,0
2019-01-17 13:10:00+00:00,24.6,0.0,87.38,1.31,22.33,12.09,5.45,0
2019-01-17 14:10:00+00:00,30.49,0.0,104.32,1.57,15.98,11.69,4.69,0
2019-01-17 15:10:00+00:00,11.01,0.0,46.37,0.7,7.81,11.21,4.69,0
2019-01-17 16:10:00+00:00,0.0,0.0,0.0,0.0,0.0,10.53,4.34,0
2019-01-17 17:10:00+00:00,0.0,0.0,0.0,0.0,0.0,10.26,3.93,0
2019-01-17 18:10:00+00:00,0.0,0.0,0.0,0.0,0.0,10.06,3.52,0
2019-01-17 19:10:00+00:00,0.0,0.0,0.0,0.0,0.0,9.9,3.24,0
2019-01-17 20:10:00+00:00,0.0,0.0,0.0,0.0,0.0,9.6,2.76,0
2019-01-17 21:10:00+00:00,0.0,0.0,0.0,0.0,0.0,9.48,2.41,0
2019-01-17 22:10:00+00:00,0.0,0.0,0.0,0.0,0.0,9.11,2.21,0
2019-01-17 23:10:00+00:00,0.0,0.0,0.0,0.0,0.0,9.33,2.07,0
2019-01-18 00:10:00+00:00,0.0,0.0,0.0,0.0,0.0,8.89,2.07,0
2019-01-18 01:10:00+00:00,0.0,0.0,0.0,0.0,0.0,8.48,2.07,0
2019-01-18 02:10:00+00:00,0.0,0.0,0.0,0.0,0.0,8.09,2.0,0
2019-01-18 03:10:00+00:00,0.0,0.0,0.0,0.0,0.0,8.61,1.79,0
2019-01-18 04:10:00+00:00,0.0,0.0,0.0,0.0,0.0,8.51,1.93,0
2019-01-18 05:10:00+00:00,0.0,0.0,0.0,0.0,0.0,7.76,2.0,0
2019-01-18 06:10:00+00:00,0.0,0.0,0.0,0.0,0.0,7.78,2.0,0
2019-01-18 07:10:00+00:00,4.37,0.0,24.07,0.36,5.04,7.8,2.0,0
2019-01-18 08:10:00+00:00,5.36,0.0,27.64,0.42,13.7,9.11,2.07,0
2019-01-18 09:10:00+00:00,9.64,0.0,41.91,0.63,20.71,10.23,2.28,0
2019-01-18 10:10:00+00:00,7.14,0.0,33.88,0.51,25.49,11.05,2.76,0
2019-01-18 11:10:00+00:00,20.66,0.0,75.79,1.14,27.5,11.72,3.31,0
2019-01-18 12:10:00+00:00,27.64,0.0,96.3,1.45,26.47,11.85,3.38,0
2019-01-18 13:10:00+00:00,41.58,0.0,136.42,2.05,22.54,12.02,3.17,0
2019-01-18 14:10:00+00:00,33.77,0.0,114.13,1.71,16.2,12.04,2.9,0
2019-01-18 15:10:00+00:00,11.55,0.0,48.15,0.72,8.02,11.59,2.83,0
2019-01-18 16:10:00+00:00,0.0,0.0,0.0,0.0,0.0,10.55,2.14,0
2019-01-18 17:10:00+00:00,0.0,0.0,0.0,0.0,0.0,9.44,1.86,0
2019-01-18 18:10:00+00:00,0.0,0.0,0.0,0.0,0.0,8.07,1.72,0
2019-01-18 19:10:00+00:00,0.0,0.0,0.0,0.0,0.0,7.3,1.52,0
2019-01-18 20:10:00+00:00,0.0,0.0,0.0,0.0,0.0,6.61,1.52,0
2019-01-18 21:10:00+00:00,0.0,0.0,0.0,0.0,0.0,5.43,1.59,0
2019-01-18 22:10:00+00:00,0.0,0.0,0.0,0.0,0.0,4.69,1.72,0
2019-01-18 23:10:00+00:00,0.0,0.0,0.0,0.0,0.0,4.64,1.66,0
2019-01-19 00:10:00+00:00,0.0,0.0,0.0,0.0,0.0,4.34,1.79,0
2019-01-19 01:10:00+00:00,0.0,0.0,0.0,0.0,0.0,4.14,1.79,0
2019-01-19 02:10:00+00:00,0.0,0.0,0.0,0.0,0.0,4.18,1.72,0
2019-01-19 03:10:00+00:00,0.0,0.0,0.0,0.0,0.0,4.03,1.79,0
2019-01-19 04:10:00+00:00,0.0,0.0,0.0,0.0,0.0,3.61,1.86,0
2019-01-19 05:10:00+00:00,0.0,0.0,0.0,0.0,0.0,3.96,1.79,0
2019-01-19 06:10:00+00:00,0.0,0.0,0.0,0.0,0.0,4.46,1.86,0
2019-01-19 07:10:00+00:00,5.23,0.0,26.75,0.4,5.15,4.35,1.79,0
2019-01-19 08:10:00+00:00,18.14,0.0,66.87,1.0,13.83,6.01,1.38,0
2019-01-19 09:10:00+00:00,44.9,0.0,144.45,2.17,20.87,9.02,1.66,0
2019-01-19 10:10:00+00:00,61.22,0.0,190.82,2.87,25.67,9.75,2.14,0
2019-01-19 11:10:00+00:00,43.38,0.0,140.88,2.12,27.71,10.62,2.48,0
2019-01-19 12:10:00+00:00,48.06,0.0,154.26,2.32,26.69,10.86,2.62,0
2019-01-19 13:10:00+00:00,33.01,0.0,111.46,1.67,22.76,10.94,2.69,0
2019-01-19 14:10:00+00:00,33.06,0.0,111.46,1.67,16.41,10.64,2.69,0
2019-01-19 15:10:00+00:00,1.75,0.0,14.27,0.21,8.22,9.89,2.28,0
2019-01-19 16:10:00+00:00,0.0,0.0,0.0,0.0,0.0,9.32,1.52,0
2019-01-19 17:10:00+00:00,0.0,0.0,0.0,0.0,0.0,8.08,1.1,0
2019-01-19 18:10:00+00:00,0.0,0.0,0.0,0.0,0.0,7.19,1.17,0
2019-01-19 19:10:00+00:00,0.0,0.0,0.0,0.0,0.0,6.37,1.31,0
2019-01-19 20:10:00+00:00,0.0,0.0,0.0,0.0,0.0,5.59,1.45,0
2019-01-19 21:10:00+00:00,0.0,0.0,0.0,0.0,0.0,5.02,1.59,0
2019-01-19 22:10:00+00:00,0.0,0.0,0.0,0.0,0.0,4.91,1.66,0
2019-01-19 23:10:00+00:00,0.0,0.0,0.0,0.0,0.0,5.07,1.72,0
2019-01-20 00:10:00+00:00,0.0,0.0,0.0,0.0,0.0,5.07,1.86,0
2019-01-20 01:10:00+00:00,0.0,0.0,0.0,0.0,0.0,4.97,1.93,0
2019-01-20 02:10:00+00:00,0.0,0.0,0.0,0.0,0.0,4.98,2.0,0
2019-01-20 03:10:00+00:00,0.0,0.0,0.0,0.0,0.0,5.26,2.0,0
2019-01-20 04:10:00+00:00,0.0,0.0,0.0,0.0,0.0,5.59,2.0,0
2019-01-20 05:10:00+00:00,0.0,0.0,0.0,0.0,0.0,5.44,2.34,0
2019-01-20 06:10:00+00:00,0.0,0.0,0.0,0.0,0.0,5.64,2.48,0
2019-01-20 07:10:00+00:00,5.97,0.0,29.42,0.44,5.26,6.24,2.34,0
2019-01-20 08:10:00+00:00,25.83,0.0,89.17,1.34,13.96,6.53,2.48,0
2019-01-20 09:10:00+00:00,20.16,0.0,73.12,1.1,21.03,7.51,2.55,0
2019-01-20 10:10:00+00:00,49.32,0.0,156.04,2.34,25.86,8.27,2.83,0
2019-01-20 11:10:00+00:00,58.71,0.0,182.79,2.75,27.92,8.99,2.97,0
2019-01-20 12:10:00+00:00,21.83,0.0,78.47,1.18,26.91,9.08,2.62,0
2019-01-20 13:10:00+00:00,19.96,0.0,73.12,1.1,22.99,9.51,2.76,0
2019-01-20 14:10:00+00:00,3.35,0.0,20.51,0.31,16.63,9.3,2.21,0
2019-01-20 15:10:00+00:00,7.21,0.0,33.88,0.51,8.43,9.03,2.0,0
2019-01-20 16:10:00+00:00,0.0,0.0,0.0,0.0,0.0,8.47,2.14,0
2019-01-20 17:10:00+00:00,0.0,0.0,0.0,0.0,0.0,7.85,2.14,0
2019-01-20 18:10:00+00:00,0.0,0.0,0.0,0.0,0.0,7.65,1.93,0
2019-01-20 19:10:00+00:00,0.0,0.0,0.0,0.0,0.0,7.05,2.0,0
2019-01-20 20:10:00+00:00,0.0,0.0,0.0,0.0,0.0,6.59,2.21,0
2019-01-20 21:10:00+00:00,0.0,0.0,0.0,0.0,0.0,6.64,2.14,0
2019-01-20 22:10:00+00:00,0.0,0.0,0.0,0.0,0.0,6.37,2.21,0
2019-01-20 23:10:00+00:00,0.0,0.0,0.0,0.0,0.0,6.28,2.28,0
2019-01-21 00:10:00+00:00,0.0,0.0,0.0,0.0,0.0,6.15,2.21,0
2019-01-21 01:10:00+00:00,0.0,0.0,0.0,0.0,0.0,6.01,2.28,0
2019-01-21 02:10:00+00:00,0.0,0.0,0.0,0.0,0.0,5.86,2.21,0
2019-01-21 03:10:00+00:00,0.0,0.0,0.0,0.0,0.0,5.7,2.14,0
2019-01-21 04:10:00+00:00,0.0,0.0,0.0,0.0,0.0,5.31,2.0,0
2019-01-21 05:10:00+00:00,0.0,0.0,0.0,0.0,0.0,5.57,2.0,0
2019-01-21 06:10:00+00:00,0.0,0.0,0.0,0.0,0.0,5.66,2.07,0
2019-01-21 07:10:00+00:00,3.91,0.0,22.29,0.33,5.38,5.9,1.72,0
2019-01-21 08:10:00+00:00,10.11,0.0,42.8,0.64,14.11,6.5,1.59,0
2019-01-21 09:10:00+00:00,36.62,0.0,120.37,1.81,21.2,7.6,1.38,0
2019-01-21 10:10:00+00:00,57.8,0.0,181.01,2.72,26.06,9.11,1.45,0
2019-01-21 11:10:00+00:00,59.11,0.0,185.47,2.79,28.13,10.05,1.45,0
2019-01-21 12:10:00+00:00,64.37,0.0,200.62,3.01,27.14,10.25,1.38,0
2019-01-21 13:10:00+00:00,51.81,0.0,164.96,2.48,23.22,10.36,1.52,0
2019-01-21 14:10:00+00:00,33.38,0.0,112.35,1.69,16.85,10.16,1.59,0
2019-01-21 15:10:00+00:00,7.18,0.0,33.88,0.51,8.65,9.79,1.66,0
2019-01-21 16:10:00+00:00,0.0,0.0,0.0,0.0,0.0,8.97,2.0,0
2019-01-21 17:10:00+00:00,0.0,0.0,0.0,0.0,0.0,8.32,2.14,0
2019-01-21 18:10:00+00:00,0.0,0.0,0.0,0.0,0.0,7.92,2.07,0
2019-01-21 19:10:00+00:00,0.0,0.0,0.0,0.0,0.0,7.59,2.55,0
2019-01-21 20:10:00+00:00,0.0,0.0,0.0,0.0,0.0,7.16,2.83,0
2019-01-21 21:10:00+00:00,0.0,0.0,0.0,0.0,0.0,6.76,3.24,0
2019-01-21 22:10:00+00:00,0.0,0.0,0.0,0.0,0.0,6.48,3.59,0
2019-01-21 23:10:00+00:00,0.0,0.0,0.0,0.0,0.0,6.28,3.93,0
2019-01-22 00:10:00+00:00,0.0,0.0,0.0,0.0,0.0,6.06,4.14,0
2019-01-22 01:10:00+00:00,0.0,0.0,0.0,0.0,0.0,5.77,4.07,0
2019-01-22 02:10:00+00:00,0.0,0.0,0.0,0.0,0.0,5.63,3.93,0
2019-01-22 03:10:00+00:00,0.0,0.0,0.0,0.0,0.0,5.48,3.72,0
2019-01-22 04:10:00+00:00,0.0,0.0,0.0,0.0,0.0,5.27,3.59,0
2019-01-22 05:10:00+00:00,0.0,0.0,0.0,0.0,0.0,5.12,3.45,0
2019-01-22 06:10:00+00:00,0.0,0.0,0.0,0.0,0.0,4.97,3.52,0
2019-01-22 07:10:00+00:00,0.27,0.0,7.13,0.11,5.5,5.43,3.1,0
2019-01-22 08:10:00+00:00,24.4,0.0,84.71,1.27,14.25,5.53,2.97,0
2019-01-22 09:10:00+00:00,32.25,0.0,107.0,1.61,21.37,5.78,2.76,0
2019-01-22 10:10:00+00:00,32.2,0.0,107.0,1.61,26.26,6.04,2.48,0
2019-01-22 11:10:00+00:00,46.54,0.0,147.12,2.21,28.36,6.14,2.21,0
2019-01-22 12:10:00+00:00,23.64,0.0,82.92,1.25,27.38,6.42,1.79,0
2019-01-22 13:10:00+00:00,26.41,0.0,90.95,1.37,23.45,6.63,1.59,0
2019-01-22 14:10:00+00:00,25.77,0.0,89.17,1.34,17.08,6.8,1.72,0
2019-01-22 15:10:00+00:00,7.3,0.0,33.88,0.51,8.86,6.66,1.86,0
2019-01-22 16:10:00+00:00,0.0,0.0,0.0,0.0,0.0,6.36,1.93,0
2019-01-22 17:10:00+00:00,0.0,0.0,0.0,0.0,0.0,5.96,1.79,0
2019-01-22 18:10:00+00:00,0.0,0.0,0.0,0.0,0.0,5.55,1.66,0
2019-01-22 19:10:00+00:00,0.0,0.0,0.0,0.0,0.0,5.47,0.62,0
2019-01-22 20:10:00+00:00,0.0,0.0,0.0,0.0,0.0,5.62,0.48,0
2019-01-22 21:10:00+00:00,0.0,0.0,0.0,0.0,0.0,5.12,0.62,0
2019-01-22 22:10:00+00:00,0.0,0.0,0.0,0.0,0.0,4.41,0.97,0
2019-01-22 23:10:00+00:00,0.0,0.0,0.0,0.0,0.0,3.6,1.31,0
2019-01-23 00:10:00+00:00,0.0,0.0,0.0,0.0,0.0,3.2,1.52,0
2019-01-23 01:10:00+00:00,0.0,0.0,0.0,0.0,0.0,3.3,1.52,0
2019-01-23 02:10:00+00:00,0.0,0.0,0.0,0.0,0.0,2.63,1.59,0
2019-01-23 03:10:00+00:00,0.0,0.0,0.0,0.0,0.0,2.49,1.52,0
2019-01-23 04:10:00+00:00,0.0,0.0,0.0,0.0,0.0,1.58,1.66,0
2019-01-23 05:10:00+00:00,0.0,0.0,0.0,0.0,0.0,0.96,1.66,0
2019-01-23 06:10:00+00:00,0.0,0.0,0.0,0.0,0.0,0.29,1.79,0
2019-01-23 07:10:00+00:00,4.52,0.0,24.07,0.36,5.63,1.61,2.14,0
2019-01-23 08:10:00+00:00,11.4,0.0,46.37,0.7,14.41,4.2,2.34,0
2019-01-23 09:10:00+00:00,21.24,0.0,75.79,1.14,21.55,6.04,3.45,0
2019-01-23 10:10:00+00:00,52.58,0.0,164.07,2.47,26.47,7.15,3.93,0
2019-01-23 11:10:00+00:00,28.18,0.0,96.3,1.45,28.59,8.02,3.93,0
2019-01-23 12:10:00+00:00,41.73,0.0,134.64,2.02,27.62,8.4,4.07,0
2019-01-23 13:10:00+00:00,36.89,0.0,121.27,1.82,23.69,8.8,4.14,0
2019-01-23 14:10:00+00:00,27.81,0.0,95.41,1.43,17.31,8.49,4.07,0
2019-01-23 15:10:00+00:00,10.04,0.0,42.8,0.64,9.08,8.14,3.66,0
2019-01-23 16:10:00+00:00,0.0,0.0,0.0,0.0,0.0,7.17,3.31,0
2019-01-23 17:10:00+00:00,0.0,0.0,0.0,0.0,0.0,6.49,3.17,0
2019-01-23 18:10:00+00:00,0.0,0.0,0.0,0.0,0.0,6.09,3.03,0
2019-01-23 19:10:00+00:00,0.0,0.0,0.0,0.0,0.0,5.98,2.9,0
2019-01-23 20:10:00+00:00,0.0,0.0,0.0,0.0,0.0,5.78,2.83,0
2019-01-23 21:10:00+00:00,0.0,0.0,0.0,0.0,0.0,5.25,3.03,0
2019-01-23 22:10:00+00:00,0.0,0.0,0.0,0.0,0.0,5.24,3.1,0
2019-01-23 23:10:00+00:00,0.0,0.0,0.0,0.0,0.0,4.92,3.52,0
2019-01-24 00:10:00+00:00,0.0,0.0,0.0,0.0,0.0,4.76,3.66,0
2019-01-24 01:10:00+00:00,0.0,0.0,0.0,0.0,0.0,4.34,3.59,0
2019-01-24 02:10:00+00:00,0.0,0.0,0.0,0.0,0.0,3.56,3.17,0
2019-01-24 03:10:00+00:00,0.0,0.0,0.0,0.0,0.0,3.13,2.9,0
2019-01-24 04:10:00+00:00,0.0,0.0,0.0,0.0,0.0,2.75,2.9,0
2019-01-24 05:10:00+00:00,0.0,0.0,0.0,0.0,0.0,2.35,2.9,0
2019-01-24 06:10:00+00:00,0.0,0.0,0.0,0.0,0.0,2.06,2.76,0
2019-01-24 07:10:00+00:00,1.0,0.0,10.7,0.16,5.77,2.74,2.69,0
2019-01-24 08:10:00+00:00,29.71,0.0,98.97,1.49,14.57,3.5,2.48,0
2019-01-24 09:10:00+00:00,29.23,0.0,98.08,1.47,21.74,4.69,2.62,0
2019-01-24 10:10:00+00:00,12.74,0.0,50.82,0.76,26.68,6.28,2.69,0
2019-01-24 11:10:00+00:00,41.4,0.0,133.75,2.01,28.82,8.0,2.69,0
2019-01-24 12:10:00+00:00,42.46,0.0,137.32,2.06,27.86,9.08,2.83,0
2019-01-24 13:10:00+00:00,17.83,0.0,66.87,1.0,23.94,9.85,3.17,0
2019-01-24 14:10:00+00:00,32.26,0.0,108.78,1.63,17.55,9.98,3.52,0
2019-01-24 15:10:00+00:00,8.3,0.0,37.45,0.56,9.31,9.45,3.52,0
2019-01-24 16:10:00+00:00,0.0,0.0,0.0,0.0,0.0,8.74,3.24,0
2019-01-24 17:10:00+00:00,0.0,0.0,0.0,0.0,0.0,8.0,3.52,0
2019-01-24 18:10:00+00:00,0.0,0.0,0.0,0.0,0.0,7.28,3.93,0
2019-01-24 19:10:00+00:00,0.0,0.0,0.0,0.0,0.0,6.57,4.21,0
2019-01-24 20:10:00+00:00,0.0,0.0,0.0,0.0,0.0,6.11,4.48,0
2019-01-24 21:10:00+00:00,0.0,0.0,0.0,0.0,0.0,5.74,4.48,0
2019-01-24 22:10:00+00:00,0.0,0.0,0.0,0.0,0.0,5.4,4.48,0
2019-01-24 23:10:00+00:00,0.0,0.0,0.0,0.0,0.0,5.2,4.55,0
2019-01-25 00:10:00+00:00,0.0,0.0,0.0,0.0,0.0,5.03,4.76,0
2019-01-25 01:10:00+00:00,0.0,0.0,0.0,0.0,0.0,4.55,5.03,0
2019-01-25 02:10:00+00:00,0.0,0.0,0.0,0.0,0.0,4.28,5.24,0
2019-01-25 03:10:00+00:00,0.0,0.0,0.0,0.0,0.0,4.12,5.31,0
2019-01-25 04:10:00+00:00,0.0,0.0,0.0,0.0,0.0,4.02,5.24,0
2019-01-25 05:10:00+00:00,0.0,0.0,0.0,0.0,0.0,3.94,5.1,0
2019-01-25 06:10:00+00:00,0.0,0.0,0.0,0.0,0.0,3.73,4.97,0
2019-01-25 07:10:00+00:00,7.68,0.0,34.77,0.52,5.91,4.38,4.69,0
2019-01-25 08:10:00+00:00,9.62,0.0,41.02,0.62,14.73,5.28,4.55,0
2019-01-25 09:10:00+00:00,26.2,0.0,90.06,1.35,21.93,6.64,5.1,0
2019-01-25 10:10:00+00:00,30.75,0.0,103.43,1.55,26.9,7.95,5.59,0
2019-01-25 11:10:00+00:00,34.1,0.0,113.24,1.7,29.06,8.81,5.86,0
2019-01-25 12:10:00+00:00,68.88,0.0,210.43,3.16,28.11,9.38,6.07,0
2019-01-25 13:10:00+00:00,57.27,0.0,178.33,2.68,24.18,9.55,6.14,0
2019-01-25 14:10:00+00:00,27.47,0.0,94.52,1.42,17.79,9.08,6.14,0
2019-01-25 15:10:00+00:00,12.07,0.0,49.04,0.74,9.53,7.97,6.07,0
2019-01-25 16:10:00+00:00,0.0,0.0,0.0,0.0,0.0,6.42,6.14,0
2019-01-25 17:10:00+00:00,0.0,0.0,0.0,0.0,0.0,5.26,5.93,0
2019-01-25 18:10:00+00:00,0.0,0.0,0.0,0.0,0.0,4.35,5.86,0
2019-01-25 19:10:00+00:00,0.0,0.0,0.0,0.0,0.0,4.16,5.45,0
2019-01-25 20:10:00+00:00,0.0,0.0,0.0,0.0,0.0,3.72,5.24,0
2019-01-25 21:10:00+00:00,0.0,0.0,0.0,0.0,0.0,3.41,5.1,0
2019-01-25 22:10:00+00:00,0.0,0.0,0.0,0.0,0.0,3.09,5.1,0
2019-01-25 23:10:00+00:00,0.0,0.0,0.0,0.0,0.0,3.16,5.17,0
2019-01-26 00:10:00+00:00,0.0,0.0,0.0,0.0,0.0,3.27,5.1,0
2019-01-26 01:10:00+00:00,0.0,0.0,0.0,0.0,0.0,3.33,4.97,0
2019-01-26 02:10:00+00:00,0.0,0.0,0.0,0.0,0.0,3.42,4.83,0
2019-01-26 03:10:00+00:00,0.0,0.0,0.0,0.0,0.0,3.4,4.97,0
2019-01-26 04:10:00+00:00,0.0,0.0,0.0,0.0,0.0,3.14,5.1,0
2019-01-26 05:10:00+00:00,0.0,0.0,0.0,0.0,0.0,2.65,5.03,0
2019-01-26 06:10:00+00:00,0.0,0.0,0.0,0.0,0.0,2.26,4.83,0
2019-01-26 07:10:00+00:00,3.74,0.0,21.4,0.32,6.06,2.18,4.14,0
2019-01-26 08:10:00+00:00,13.56,0.0,52.61,0.79,14.91,3.09,4.0,0
2019-01-26 09:10:00+00:00,19.23,0.0,69.55,1.05,22.13,4.73,4.62,0
2019-01-26 10:10:00+00:00,21.52,0.0,76.68,1.15,27.13,6.52,4.21,0
2019-01-26 11:10:00+00:00,25.37,0.0,88.27,1.33,29.31,8.07,3.93,0
2019-01-26 12:10:00+00:00,30.84,0.0,104.32,1.57,28.37,9.16,3.86,0
2019-01-26 13:10:00+00:00,22.38,0.0,80.25,1.21,24.44,9.82,3.59,0
2019-01-26 14:10:00+00:00,11.65,0.0,48.15,0.72,18.03,9.97,3.66,0
2019-01-26 15:10:00+00:00,15.19,0.0,58.85,0.88,9.76,9.34,3.45,0
2019-01-26 16:10:00+00:00,0.0,0.0,0.0,0.0,0.0,7.76,3.52,0
2019-01-26 17:10:00+00:00,0.0,0.0,0.0,0.0,0.0,6.29,3.52,0
2019-01-26 18:10:00+00:00,0.0,0.0,0.0,0.0,0.0,5.4,3.38,0
2019-01-26 19:10:00+00:00,0.0,0.0,0.0,0.0,0.0,5.37,3.03,0
2019-01-26 20:10:00+00:00,0.0,0.0,0.0,0.0,0.0,4.67,2.62,0
2019-01-26 21:10:00+00:00,0.0,0.0,0.0,0.0,0.0,3.87,2.07,0
2019-01-26 22:10:00+00:00,0.0,0.0,0.0,0.0,0.0,2.99,1.66,0
2019-01-26 23:10:00+00:00,0.0,0.0,0.0,0.0,0.0,2.1,1.45,0
2019-01-27 00:10:00+00:00,0.0,0.0,0.0,0.0,0.0,1.59,1.31,0
2019-01-27 01:10:00+00:00,0.0,0.0,0.0,0.0,0.0,1.24,1.38,0
2019-01-27 02:10:00+00:00,0.0,0.0,0.0,0.0,0.0,0.99,1.52,0
2019-01-27 03:10:00+00:00,0.0,0.0,0.0,0.0,0.0,0.88,1.86,0
2019-01-27 04:10:00+00:00,0.0,0.0,0.0,0.0,0.0,1.21,2.21,0
2019-01-27 05:10:00+00:00,0.0,0.0,0.0,0.0,0.0,1.51,2.28,0
2019-01-27 06:10:00+00:00,0.0,0.0,0.0,0.0,0.0,2.15,2.41,0
2019-01-27 07:10:00+00:00,6.35,0.0,30.32,0.46,6.21,2.96,2.69,0
2019-01-27 08:10:00+00:00,20.67,0.0,74.01,1.11,15.08,5.49,2.83,0
2019-01-27 09:10:00+00:00,21.61,0.0,77.57,1.17,22.34,8.33,2.9,0
2019-01-27 10:10:00+00:00,23.88,0.0,84.71,1.27,27.36,10.13,3.52,0
2019-01-27 11:10:00+00:00,23.5,0.0,83.82,1.26,29.56,10.9,4.21,0
2019-01-27 12:10:00+00:00,8.48,0.0,38.34,0.58,28.63,11.5,4.97,0
2019-01-27 13:10:00+00:00,11.86,0.0,49.04,0.74,24.69,11.25,4.41,0
2019-01-27 14:10:00+00:00,5.55,0.0,28.53,0.43,18.27,11.52,5.17,0
2019-01-27 15:10:00+00:00,15.34,0.0,59.74,0.9,9.99,11.5,5.03,0
2019-01-27 16:10:00+00:00,0.0,0.0,0.0,0.0,0.0,10.88,5.03,0
2019-01-27 17:10:00+00:00,0.0,0.0,0.0,0.0,0.0,10.6,5.24,0
2019-01-27 18:10:00+00:00,0.0,0.0,0.0,0.0,0.0,10.54,5.31,0
2019-01-27 19:10:00+00:00,0.0,0.0,0.0,0.0,0.0,10.39,4.9,0
2019-01-27 20:10:00+00:00,0.0,0.0,0.0,0.0,0.0,10.21,4.62,0
2019-01-27 21:10:00+00:00,0.0,0.0,0.0,0.0,0.0,10.18,4.41,0
2019-01-27 22:10:00+00:00,0.0,0.0,0.0,0.0,0.0,10.27,4.21,0
2019-01-27 23:10:00+00:00,0.0,0.0,0.0,0.0,0.0,10.48,4.48,0
2019-01-28 00:10:00+00:00,0.0,0.0,0.0,0.0,0.0,10.3,4.41,0
2019-01-28 01:10:00+00:00,0.0,0.0,0.0,0.0,0.0,10.0,4.34,0
2019-01-28 02:10:00+00:00,0.0,0.0,0.0,0.0,0.0,9.75,4.69,0
2019-01-28 03:10:00+00:00,0.0,0.0,0.0,0.0,0.0,9.51,4.76,0
2019-01-28 04:10:00+00:00,0.0,0.0,0.0,0.0,0.0,9.25,4.62,0
2019-01-28 05:10:00+00:00,0.0,0.0,0.0,0.0,0.0,8.46,4.55,0
2019-01-28 06:10:00+00:00,0.0,0.0,0.0,0.0,0.0,8.07,4.14,0
2019-01-28 07:10:00+00:00,7.81,0.0,35.67,0.54,6.38,7.78,2.07,0
2019-01-28 08:10:00+00:00,15.55,0.0,59.74,0.9,15.27,8.18,1.59,0
2019-01-28 09:10:00+00:00,51.46,0.0,163.17,2.45,22.55,9.37,1.72,0
2019-01-28 10:10:00+00:00,21.4,0.0,77.57,1.17,27.6,10.12,2.07,0
2019-01-28 11:10:00+00:00,44.01,0.0,142.67,2.14,29.82,10.62,2.48,0
2019-01-28 12:10:00+00:00,22.59,0.0,81.14,1.22,28.89,10.57,3.17,0
2019-01-28 13:10:00+00:00,54.06,0.0,170.31,2.56,24.96,9.98,3.59,0
2019-01-28 14:10:00+00:00,27.03,0.0,93.62,1.41,18.52,9.6,3.59,0
2019-01-28 15:10:00+00:00,12.86,0.0,51.72,0.78,10.23,8.99,3.03,0
2019-01-28 16:10:00+00:00,0.0,0.0,0.0,0.0,0.0,8.31,2.41,0
2019-01-28 17:10:00+00:00,0.0,0.0,0.0,0.0,0.0,7.45,1.24,0
2019-01-28 18:10:00+00:00,0.0,0.0,0.0,0.0,0.0,5.91,1.03,0
2019-01-28 19:10:00+00:00,0.0,0.0,0.0,0.0,0.0,6.43,1.03,0
2019-01-28 20:10:00+00:00,0.0,0.0,0.0,0.0,0.0,4.82,1.59,0
2019-01-28 21:10:00+00:00,0.0,0.0,0.0,0.0,0.0,3.57,1.86,0
2019-01-28 22:10:00+00:00,0.0,0.0,0.0,0.0,0.0,2.53,2.0,0
2019-01-28 23:10:00+00:00,0.0,0.0,0.0,0.0,0.0,1.95,1.86,0
2019-01-29 00:10:00+00:00,0.0,0.0,0.0,0.0,0.0,1.3,1.86,0
2019-01-29 01:10:00+00:00,0.0,0.0,0.0,0.0,0.0,0.51,1.86,0
2019-01-29 02:10:00+00:00,0.0,0.0,0.0,0.0,0.0,-0.04,1.86,0
2019-01-29 03:10:00+00:00,0.0,0.0,0.0,0.0,0.0,-0.39,1.86,0
2019-01-29 04:10:00+00:00,0.0,0.0,0.0,0.0,0.0,-0.56,1.93,0
2019-01-29 05:10:00+00:00,0.0,0.0,0.0,0.0,0.0,-0.74,1.86,0
2019-01-29 06:10:00+00:00,0.0,0.0,0.0,0.0,0.0,-0.89,2.0,0
2019-01-29 07:10:00+00:00,4.31,0.0,23.18,0.35,6.54,-0.51,2.0,0
2019-01-29 08:10:00+00:00,12.1,0.0,48.15,0.72,15.46,2.32,1.79,0
2019-01-29 09:10:00+00:00,18.5,0.0,67.77,1.02,22.77,5.44,1.86,0
2019-01-29 10:10:00+00:00,21.67,0.0,77.57,1.17,27.84,7.56,2.0,0
2019-01-29 11:10:00+00:00,11.77,2.34,43.09,6.97,30.08,8.9,2.0,0
2019-01-29 12:10:00+00:00,32.54,0.0,109.67,1.65,29.16,9.77,2.07,0
2019-01-29 13:10:00+00:00,20.49,0.0,74.9,1.13,25.22,10.15,2.21,0
2019-01-29 14:10:00+00:00,13.07,0.0,52.61,0.79,18.77,10.16,2.28,0
2019-01-29 15:10:00+00:00,6.65,0.0,32.1,0.48,10.47,9.82,2.14,0
2019-01-29 16:10:00+00:00,0.0,0.0,0.0,0.0,0.0,8.71,2.14,0
2019-01-29 17:10:00+00:00,0.0,0.0,0.0,0.0,0.0,7.4,2.21,0
2019-01-29 18:10:00+00:00,0.0,0.0,0.0,0.0,0.0,6.34,2.28,0
2019-01-29 19:10:00+00:00,0.0,0.0,0.0,0.0,0.0,5.44,2.34,0
2019-01-29 20:10:00+00:00,0.0,0.0,0.0,0.0,0.0,4.48,2.07,0
2019-01-29 21:10:00+00:00,0.0,0.0,0.0,0.0,0.0,3.46,1.79,0
2019-01-29 22:10:00+00:00,0.0,0.0,0.0,0.0,0.0,2.48,1.66,0
2019-01-29 23:10:00+00:00,0.0,0.0,0.0,0.0,0.0,1.58,1.52,0
2019-01-30 00:10:00+00:00,0.0,0.0,0.0,0.0,0.0,1.04,1.52,0
2019-01-30 01:10:00+00:00,0.0,0.0,0.0,0.0,0.0,0.62,1.59,0
2019-01-30 02:10:00+00:00,0.0,0.0,0.0,0.0,0.0,0.52,1.72,0
2019-01-30 03:10:00+00:00,0.0,0.0,0.0,0.0,0.0,0.5,1.72,0
2019-01-30 04:10:00+00:00,0.0,0.0,0.0,0.0,0.0,0.67,1.79,0
2019-01-30 05:10:00+00:00,0.0,0.0,0.0,0.0,0.0,0.83,1.79,0
2019-01-30 06:10:00+00:00,0.0,0.0,0.0,0.0,0.0,1.03,1.79,0
2019-01-30 07:10:00+00:00,6.39,0.0,30.32,0.46,6.71,1.63,1.93,0
2019-01-30 08:10:00+00:00,33.59,0.0,109.67,1.65,15.66,3.02,1.72,0
2019-01-30 09:10:00+00:00,50.88,0.0,158.72,2.38,22.99,5.13,1.66,0
2019-01-30 10:10:00+00:00,34.86,0.0,115.02,1.73,28.09,7.15,2.28,0
2019-01-30 11:10:00+00:00,19.41,0.0,70.88,1.02,30.35,7.19,2.97,0
2019-01-30 12:10:00+00:00,15.92,0.0,60.63,0.91,29.44,7.65,3.66,0
2019-01-30 13:10:00+00:00,16.5,0.0,62.42,0.94,25.49,8.01,4.48,0
2019-01-30 14:10:00+00:00,16.84,0.0,63.31,0.95,19.03,7.46,4.21,0
2019-01-30 15:10:00+00:00,7.56,0.0,34.77,0.52,10.7,7.26,3.1,0
2019-01-30 16:10:00+00:00,0.0,0.0,0.0,0.0,0.0,6.78,2.41,0
2019-01-30 17:10:00+00:00,0.0,0.0,0.0,0.0,0.0,6.12,2.34,0
2019-01-30 18:10:00+00:00,0.0,0.0,0.0,0.0,0.0,5.3,1.17,0
2019-01-30 19:10:00+00:00,0.0,0.0,0.0,0.0,0.0,4.9,0.48,0
2019-01-30 20:10:00+00:00,0.0,0.0,0.0,0.0,0.0,4.3,0.48,0
2019-01-30 21:10:00+00:00,0.0,0.0,0.0,0.0,0.0,3.32,0.76,0
2019-01-30 22:10:00+00:00,0.0,0.0,0.0,0.0,0.0,2.22,1.59,0
2019-01-30 23:10:00+00:00,0.0,0.0,0.0,0.0,0.0,3.11,2.07,0
2019-01-31 00:10:00+00:00,0.0,0.0,0.0,0.0,0.0,3.82,2.34,0
2019-01-31 01:10:00+00:00,0.0,0.0,0.0,0.0,0.0,4.19,2.69,0
2019-01-31 02:10:00+00:00,0.0,0.0,0.0,0.0,0.0,3.81,2.62,0
2019-01-31 03:10:00+00:00,0.0,0.0,0.0,0.0,0.0,3.54,2.07,0
2019-01-31 04:10:00+00:00,0.0,0.0,0.0,0.0,0.0,3.01,1.52,0
2019-01-31 05:10:00+00:00,0.0,0.0,0.0,0.0,0.0,2.41,0.97,0
2019-01-31 06:10:00+00:00,0.0,0.0,0.0,0.0,0.0,0.93,1.52,0
2019-01-31 07:10:00+00:00,5.08,0.0,25.86,0.39,6.89,0.29,1.72,0
2019-01-31 08:10:00+00:00,10.57,0.0,43.69,0.66,15.86,3.24,1.52,0
2019-01-31 09:10:00+00:00,18.14,0.0,66.87,1.0,23.22,6.07,1.86,0
2019-01-31 10:10:00+00:00,12.39,0.04,45.37,6.36,28.35,7.89,2.28,0
2019-01-31 11:10:00+00:00,20.76,8.76,70.02,6.65,30.63,9.2,3.17,0
2019-01-31 12:10:00+00:00,36.47,2.29,117.09,5.88,29.72,9.71,3.86,0
2019-01-31 13:10:00+00:00,35.41,0.0,117.7,1.77,25.76,10.15,4.41,0
2019-01-31 14:10:00+00:00,29.48,0.0,100.76,1.51,19.29,9.93,4.07,0
2019-01-31 15:10:00+00:00,17.24,0.0,65.09,0.98,10.95,9.77,3.93,0
2019-01-31 16:10:00+00:00,0.0,0.0,0.0,0.0,0.0,9.15,4.34,0
2019-01-31 17:10:00+00:00,0.0,0.0,0.0,0.0,0.0,8.75,4.0,0
2019-01-31 18:10:00+00:00,0.0,0.0,0.0,0.0,0.0,8.51,4.0,0
2019-01-31 19:10:00+00:00,0.0,0.0,0.0,0.0,0.0,8.65,4.34,0
2019-01-31 20:10:00+00:00,0.0,0.0,0.0,0.0,0.0,8.92,4.69,0
2019-01-31 21:10:00+00:00,0.0,0.0,0.0,0.0,0.0,9.16,4.97,0
2019-01-31 22:10:00+00:00,0.0,0.0,0.0,0.0,0.0,9.33,4.69,0
2019-01-31 23:10:00+00:00,0.0,0.0,0.0,0.0,0.0,9.54,3.86,0
2019-02-01 00:10:00+00:00,0.0,0.0,0.0,0.0,0.0,9.68,3.03,0
2019-02-01 01:10:00+00:00,0.0,0.0,0.0,0.0,0.0,9.64,2.97,0
2019-02-01 02:10:00+00:00,0.0,0.0,0.0,0.0,0.0,9.66,3.03,0
2019-02-01 03:10:00+00:00,0.0,0.0,0.0,0.0,0.0,9.78,2.9,0
2019-02-01 04:10:00+00:00,0.0,0.0,0.0,0.0,0.0,9.65,2.97,0
2019-02-01 05:10:00+00:00,0.0,0.0,0.0,0.0,0.0,10.06,2.9,0
2019-02-01 06:10:00+00:00,0.0,0.0,0.0,0.0,0.0,10.44,3.03,0
2019-02-01 07:10:00+00:00,8.75,0.0,39.23,0.59,7.07,11.68,4.0,0
2019-02-01 08:10:00+00:00,24.54,0.0,87.38,1.31,16.06,12.42,4.48,0
2019-02-01 09:10:00+00:00,19.37,0.0,72.22,1.09,23.46,12.86,4.9,0
2019-02-01 10:10:00+00:00,28.39,0.0,98.85,1.42,28.61,13.14,5.66,0
2019-02-01 11:10:00+00:00,33.81,0.0,114.71,1.65,30.91,13.6,5.93,0
2019-02-01 12:10:00+00:00,27.7,0.0,96.99,1.39,30.0,13.62,6.62,0
2019-02-01 13:10:00+00:00,17.51,0.0,66.87,1.0,26.04,13.9,6.69,0
2019-02-01 14:10:00+00:00,22.57,0.0,82.03,1.23,19.55,14.03,6.48,0
2019-02-01 15:10:00+00:00,16.33,0.0,63.31,0.95,11.19,13.82,6.21,0
2019-02-01 16:10:00+00:00,0.0,0.0,0.0,0.0,0.0,13.26,6.07,0
2019-02-01 17:10:00+00:00,0.0,0.0,0.0,0.0,0.0,12.87,6.28,0
2019-02-01 18:10:00+00:00,0.0,0.0,0.0,0.0,0.0,12.71,6.48,0
2019-02-01 19:10:00+00:00,0.0,0.0,0.0,0.0,0.0,12.96,5.93,0
2019-02-01 20:10:00+00:00,0.0,0.0,0.0,0.0,0.0,12.92,6.07,0
2019-02-01 21:10:00+00:00,0.0,0.0,0.0,0.0,0.0,12.77,6.28,0
2019-02-01 22:10:00+00:00,0.0,0.0,0.0,0.0,0.0,12.72,5.93,0
2019-02-01 23:10:00+00:00,0.0,0.0,0.0,0.0,0.0,12.8,6.14,0
2019-02-02 00:10:00+00:00,0.0,0.0,0.0,0.0,0.0,12.89,6.21,0
2019-02-02 01:10:00+00:00,0.0,0.0,0.0,0.0,0.0,12.83,6.62,0
2019-02-02 02:10:00+00:00,0.0,0.0,0.0,0.0,0.0,12.73,7.03,0
2019-02-02 03:10:00+00:00,0.0,0.0,0.0,0.0,0.0,12.83,6.28,0
2019-02-02 04:10:00+00:00,0.0,0.0,0.0,0.0,0.0,12.69,5.79,0
2019-02-02 05:10:00+00:00,0.0,0.0,0.0,0.0,0.0,12.51,5.45,0
2019-02-02 06:10:00+00:00,0.0,0.0,0.0,0.0,0.0,12.39,5.45,0
2019-02-02 07:10:00+00:00,7.37,0.0,34.77,0.52,7.26,12.29,5.31,0
2019-02-02 08:10:00+00:00,3.06,0.0,19.62,0.29,16.28,12.65,5.93,0
2019-02-02 09:10:00+00:00,19.66,0.0,73.12,1.1,23.7,13.02,5.59,0
2019-02-02 10:10:00+00:00,12.81,0.0,52.22,0.75,28.88,12.44,5.31,0
2019-02-02 11:10:00+00:00,20.54,0.0,75.54,1.09,31.19,12.19,5.17,0
2019-02-02 12:10:00+00:00,15.29,0.0,59.69,0.86,30.29,11.66,4.69,0
2019-02-02 13:10:00+00:00,41.16,0.0,134.64,2.02,26.32,11.16,3.72,0
2019-02-02 14:10:00+00:00,9.06,0.0,40.12,0.6,19.81,10.75,3.1,0
2019-02-02 15:10:00+00:00,5.06,0.0,26.75,0.4,11.43,10.45,2.34,0
2019-02-02 16:10:00+00:00,0.0,0.0,0.0,0.0,0.0,10.04,1.66,0
2019-02-02 17:10:00+00:00,0.0,0.0,0.0,0.0,0.0,9.74,1.38,0
2019-02-02 18:10:00+00:00,0.0,0.0,0.0,0.0,0.0,9.55,1.52,0
2019-02-02 19:10:00+00:00,0.0,0.0,0.0,0.0,0.0,10.26,3.86,0
2019-02-02 20:10:00+00:00,0.0,0.0,0.0,0.0,0.0,9.88,3.66,0
2019-02-02 21:10:00+00:00,0.0,0.0,0.0,0.0,0.0,9.76,3.52,0
2019-02-02 22:10:00+00:00,0.0,0.0,0.0,0.0,0.0,9.39,3.45,0
2019-02-02 23:10:00+00:00,0.0,0.0,0.0,0.0,0.0,8.88,2.69,0
2019-02-03 00:10:00+00:00,0.0,0.0,0.0,0.0,0.0,8.6,1.86,0
2019-02-03 01:10:00+00:00,0.0,0.0,0.0,0.0,0.0,8.79,1.79,0
2019-02-03 02:10:00+00:00,0.0,0.0,0.0,0.0,0.0,8.59,1.86,0
2019-02-03 03:10:00+00:00,0.0,0.0,0.0,0.0,0.0,8.25,2.21,0
2019-02-03 04:10:00+00:00,0.0,0.0,0.0,0.0,0.0,7.88,2.14,0
2019-02-03 05:10:00+00:00,0.0,0.0,0.0,0.0,0.0,7.75,2.14,0
2019-02-03 06:10:00+00:00,0.0,0.0,0.0,0.0,0.0,7.43,2.41,0
2019-02-03 07:10:00+00:00,10.63,0.0,44.58,0.67,7.46,7.69,3.1,0
2019-02-03 08:10:00+00:00,35.25,0.0,116.81,1.76,16.5,8.84,3.03,0
2019-02-03 09:10:00+00:00,52.16,0.0,164.96,2.48,23.94,10.0,3.59,0
2019-02-03 10:10:00+00:00,68.46,1.28,210.48,3.75,29.15,10.56,3.93,0
2019-02-03 11:10:00+00:00,15.84,22.12,52.31,7.14,31.48,11.3,4.07,0
2019-02-03 12:10:00+00:00,71.22,2.7,218.38,4.35,30.59,11.5,4.28,0
2019-02-03 13:10:00+00:00,7.39,0.0,34.77,0.52,26.6,11.73,4.14,0
2019-02-03 14:10:00+00:00,43.94,0.0,142.67,2.14,20.08,11.43,3.86,0
2019-02-03 15:10:00+00:00,14.48,0.0,57.07,0.86,11.68,11.02,3.24,0
2019-02-03 16:10:00+00:00,0.0,0.0,0.0,0.0,0.0,9.97,3.03,0
2019-02-03 17:10:00+00:00,0.0,0.0,0.0,0.0,0.0,9.23,2.21,0
2019-02-03 18:10:00+00:00,0.0,0.0,0.0,0.0,0.0,8.19,2.07,0
2019-02-03 19:10:00+00:00,0.0,0.0,0.0,0.0,0.0,8.26,2.14,0
2019-02-03 20:10:00+00:00,0.0,0.0,0.0,0.0,0.0,7.73,2.28,0
2019-02-03 21:10:00+00:00,0.0,0.0,0.0,0.0,0.0,7.45,2.34,0
2019-02-03 22:10:00+00:00,0.0,0.0,0.0,0.0,0.0,7.14,2.48,0
2019-02-03 23:10:00+00:00,0.0,0.0,0.0,0.0,0.0,6.83,2.62,0
2019-02-04 00:10:00+00:00,0.0,0.0,0.0,0.0,0.0,6.71,2.48,0
2019-02-04 01:10:00+00:00,0.0,0.0,0.0,0.0,0.0,5.98,2.34,0
2019-02-04 02:10:00+00:00,0.0,0.0,0.0,0.0,0.0,5.28,2.28,0
2019-02-04 03:10:00+00:00,0.0,0.0,0.0,0.0,0.0,4.65,2.28,0
2019-02-04 04:10:00+00:00,0.0,0.0,0.0,0.0,0.0,3.96,2.41,0
2019-02-04 05:10:00+00:00,0.0,0.0,0.0,0.0,0.0,3.48,2.41,0
2019-02-04 06:10:00+00:00,0.0,0.0,0.0,0.0,0.0,3.14,2.41,0
2019-02-04 07:10:00+00:00,7.42,0.0,33.88,0.51,7.66,3.63,2.41,0
2019-02-04 08:10:00+00:00,16.05,0.0,60.63,0.91,16.72,5.83,2.55,0
2019-02-04 09:10:00+00:00,21.27,0.0,76.68,1.15,24.2,8.69,3.03,0
2019-02-04 10:10:00+00:00,9.66,17.44,34.65,6.85,29.43,11.0,3.31,0
2019-02-04 11:10:00+00:00,9.25,30.17,29.32,7.52,31.78,13.01,3.31,0
2019-02-04 12:10:00+00:00,10.88,21.6,37.74,7.17,30.88,14.23,3.24,0
2019-02-04 13:10:00+00:00,42.85,0.0,141.77,2.13,26.89,14.94,3.24,0
2019-02-04 14:10:00+00:00,13.32,0.0,54.39,0.82,20.35,15.06,3.45,0
2019-02-04 15:10:00+00:00,10.27,0.0,44.58,0.67,11.93,14.35,3.66,0
2019-02-04 16:10:00+00:00,0.0,0.0,0.0,0.0,0.0,12.62,4.07,0
2019-02-04 17:10:00+00:00,0.0,0.0,0.0,0.0,0.0,10.68,4.21,0
2019-02-04 18:10:00+00:00,0.0,0.0,0.0,0.0,0.0,9.45,4.55,0
2019-02-04 19:10:00+00:00,0.0,0.0,0.0,0.0,0.0,9.05,4.07,0
2019-02-04 20:10:00+00:00,0.0,0.0,0.0,0.0,0.0,8.46,3.93,0
2019-02-04 21:10:00+00:00,0.0,0.0,0.0,0.0,0.0,8.05,3.72,0
2019-02-04 22:10:00+00:00,0.0,0.0,0.0,0.0,0.0,7.65,3.38,0
2019-02-04 23:10:00+00:00,0.0,0.0,0.0,0.0,0.0,7.23,3.38,0
2019-02-05 00:10:00+00:00,0.0,0.0,0.0,0.0,0.0,6.73,3.59,0
2019-02-05 01:10:00+00:00,0.0,0.0,0.0,0.0,0.0,6.55,3.79,0
2019-02-05 02:10:00+00:00,0.0,0.0,0.0,0.0,0.0,6.01,3.86,0
2019-02-05 03:10:00+00:00,0.0,0.0,0.0,0.0,0.0,5.75,3.66,0
2019-02-05 04:10:00+00:00,0.0,0.0,0.0,0.0,0.0,5.64,3.59,0
2019-02-05 05:10:00+00:00,0.0,0.0,0.0,0.0,0.0,5.59,3.45,0
2019-02-05 06:10:00+00:00,0.0,0.0,0.0,0.0,0.0,5.38,3.31,0
2019-02-05 07:10:00+00:00,8.75,0.0,38.34,0.58,7.86,5.37,2.62,0
2019-02-05 08:10:00+00:00,17.18,0.0,64.2,0.96,16.95,6.77,2.76,0
2019-02-05 09:10:00+00:00,23.64,0.0,83.82,1.26,24.45,9.3,2.76,0
2019-02-05 10:10:00+00:00,12.46,20.97,42.69,6.79,29.71,11.65,2.41,0
2019-02-05 11:10:00+00:00,12.03,33.46,36.89,7.44,32.08,13.49,2.0,0
2019-02-05 12:10:00+00:00,13.81,24.99,46.02,7.1,31.19,14.62,1.72,0
2019-02-05 13:10:00+00:00,9.43,2.09,37.32,6.19,27.18,15.17,1.86,0
2019-02-05 14:10:00+00:00,14.44,0.0,57.96,0.87,20.62,15.27,2.07,0
2019-02-05 15:10:00+00:00,10.24,0.0,44.58,0.67,12.18,14.76,2.07,0
2019-02-05 16:10:00+00:00,0.0,0.0,0.0,0.0,0.0,13.3,2.28,0
2019-02-05 17:10:00+00:00,0.0,0.0,0.0,0.0,0.0,11.56,2.62,0
2019-02-05 18:10:00+00:00,0.0,0.0,0.0,0.0,0.0,10.19,2.9,0
2019-02-05 19:10:00+00:00,0.0,0.0,0.0,0.0,0.0,9.2,2.97,0
2019-02-05 20:10:00+00:00,0.0,0.0,0.0,0.0,0.0,8.42,2.97,0
2019-02-05 21:10:00+00:00,0.0,0.0,0.0,0.0,0.0,7.71,3.17,0
2019-02-05 22:10:00+00:00,0.0,0.0,0.0,0.0,0.0,7.07,3.38,0
2019-02-05 23:10:00+00:00,0.0,0.0,0.0,0.0,0.0,6.46,3.45,0
2019-02-06 00:10:00+00:00,0.0,0.0,0.0,0.0,0.0,5.96,3.59,0
2019-02-06 01:10:00+00:00,0.0,0.0,0.0,0.0,0.0,5.44,3.79,0
2019-02-06 02:10:00+00:00,0.0,0.0,0.0,0.0,0.0,5.15,3.93,0
2019-02-06 03:10:00+00:00,0.0,0.0,0.0,0.0,0.0,4.91,4.07,0
2019-02-06 04:10:00+00:00,0.0,0.0,0.0,0.0,0.0,4.7,4.28,0
2019-02-06 05:10:00+00:00,0.0,0.0,0.0,0.0,0.0,4.52,4.34,0
2019-02-06 06:10:00+00:00,0.0,0.0,0.0,0.0,0.0,4.3,4.28,0
2019-02-06 07:10:00+00:00,8.5,0.0,37.45,0.56,8.07,4.84,4.28,0
2019-02-06 08:10:00+00:00,17.24,0.0,64.2,0.96,17.19,6.29,3.66,0
2019-02-06 09:10:00+00:00,23.76,0.0,83.82,1.26,24.72,8.55,3.66,0
2019-02-06 10:10:00+00:00,13.74,25.46,44.91,6.91,30.0,10.71,3.38,0
2019-02-06 11:10:00+00:00,12.43,39.07,35.43,7.61,32.38,12.47,3.03,0
2019-02-06 12:10:00+00:00,15.34,29.52,48.76,7.23,31.49,13.69,2.55,0
2019-02-06 13:10:00+00:00,10.25,6.52,39.49,6.31,27.47,14.43,2.34,0
2019-02-06 14:10:00+00:00,15.63,0.0,61.52,0.92,20.89,14.81,2.41,0
2019-02-06 15:10:00+00:00,12.79,0.0,52.61,0.79,12.43,14.32,2.14,0
2019-02-06 16:10:00+00:00,0.74,0.0,9.81,0.15,2.7,12.72,2.14,0
2019-02-06 17:10:00+00:00,0.0,0.0,0.0,0.0,0.0,11.0,2.48,0
2019-02-06 18:10:00+00:00,0.0,0.0,0.0,0.0,0.0,9.7,2.9,0
2019-02-06 19:10:00+00:00,0.0,0.0,0.0,0.0,0.0,8.75,1.93,0
2019-02-06 20:10:00+00:00,0.0,0.0,0.0,0.0,0.0,7.76,2.28,0
2019-02-06 21:10:00+00:00,0.0,0.0,0.0,0.0,0.0,6.9,2.28,0
2019-02-06 22:10:00+00:00,0.0,0.0,0.0,0.0,0.0,6.08,2.14,0
2019-02-06 23:10:00+00:00,0.0,0.0,0.0,0.0,0.0,5.19,2.07,0
2019-02-07 00:10:00+00:00,0.0,0.0,0.0,0.0,0.0,4.54,2.07,0
2019-02-07 01:10:00+00:00,0.0,0.0,0.0,0.0,0.0,4.13,2.07,0
2019-02-07 02:10:00+00:00,0.0,0.0,0.0,0.0,0.0,3.73,2.07,0
2019-02-07 03:10:00+00:00,0.0,0.0,0.0,0.0,0.0,3.39,2.07,0
2019-02-07 04:10:00+00:00,0.0,0.0,0.0,0.0,0.0,3.14,2.07,0
2019-02-07 05:10:00+00:00,0.0,0.0,0.0,0.0,0.0,2.93,2.07,0
2019-02-07 06:10:00+00:00,0.0,0.0,0.0,0.0,0.0,2.7,2.0,0
2019-02-07 07:10:00+00:00,8.56,0.0,37.45,0.56,8.29,3.18,1.72,0
2019-02-07 08:10:00+00:00,18.45,0.0,67.77,1.02,17.43,5.83,1.24,0
2019-02-07 09:10:00+00:00,12.82,2.66,47.64,5.59,24.98,9.37,0.76,0
2019-02-07 10:10:00+00:00,15.39,29.4,48.77,6.93,30.29,11.69,0.41,0
2019-02-07 11:10:00+00:00,14.52,43.06,39.98,7.62,32.69,12.94,0.9,0
2019-02-07 12:10:00+00:00,15.15,34.68,46.05,7.33,31.8,13.58,1.03,0
2019-02-07 13:10:00+00:00,9.86,11.2,37.44,6.4,27.77,13.92,1.03,0
2019-02-07 14:10:00+00:00,15.1,0.0,59.74,0.9,21.16,13.93,1.31,0
2019-02-07 15:10:00+00:00,13.7,0.0,55.28,0.83,12.68,13.42,1.66,0
2019-02-07 16:10:00+00:00,0.92,0.0,10.7,0.16,2.93,12.23,1.72,0
2019-02-07 17:10:00+00:00,0.0,0.0,0.0,0.0,0.0,10.68,1.66,0
2019-02-07 18:10:00+00:00,0.0,0.0,0.0,0.0,0.0,9.1,1.24,0
2019-02-07 19:10:00+00:00,0.0,0.0,0.0,0.0,0.0,8.32,1.45,0
2019-02-07 20:10:00+00:00,0.0,0.0,0.0,0.0,0.0,8.43,1.17,0
2019-02-07 21:10:00+00:00,0.0,0.0,0.0,0.0,0.0,9.25,0.41,0
2019-02-07 22:10:00+00:00,0.0,0.0,0.0,0.0,0.0,8.94,0.41,0
2019-02-07 23:10:00+00:00,0.0,0.0,0.0,0.0,0.0,7.74,1.03,0
2019-02-08 00:10:00+00:00,0.0,0.0,0.0,0.0,0.0,6.92,1.1,0
2019-02-08 01:10:00+00:00,0.0,0.0,0.0,0.0,0.0,7.33,0.9,0
2019-02-08 02:10:00+00:00,0.0,0.0,0.0,0.0,0.0,7.24,0.9,0
2019-02-08 03:10:00+00:00,0.0,0.0,0.0,0.0,0.0,6.34,1.31,0
2019-02-08 04:10:00+00:00,0.0,0.0,0.0,0.0,0.0,5.91,1.59,0
2019-02-08 05:10:00+00:00,0.0,0.0,0.0,0.0,0.0,5.49,1.59,0
2019-02-08 06:10:00+00:00,0.0,0.0,0.0,0.0,0.0,5.16,1.79,0
2019-02-08 07:10:00+00:00,7.67,0.0,34.77,0.52,8.51,4.3,1.59,0
2019-02-08 08:10:00+00:00,15.91,0.0,60.63,0.91,17.67,7.27,1.03,0
2019-02-08 09:10:00+00:00,33.25,4.17,109.32,4.89,25.26,10.44,0.9,0
2019-02-08 10:10:00+00:00,14.52,34.7,43.88,6.99,30.59,11.74,0.62,0
2019-02-08 11:10:00+00:00,13.73,49.21,34.4,7.7,33.01,12.69,0.28,0
2019-02-08 12:10:00+00:00,37.45,26.78,114.89,6.58,32.11,13.3,0.21,0
2019-02-08 13:10:00+00:00,40.22,8.35,130.48,5.36,28.07,13.67,0.34,0
2019-02-08 14:10:00+00:00,14.52,0.0,57.96,0.87,21.44,13.82,0.62,0
2019-02-08 15:10:00+00:00,11.41,0.0,48.15,0.72,12.94,13.66,1.1,0
2019-02-08 16:10:00+00:00,1.31,0.0,12.48,0.19,3.17,12.71,1.66,0
2019-02-08 17:10:00+00:00,0.0,0.0,0.0,0.0,0.0,11.22,1.38,0
2019-02-08 18:10:00+00:00,0.0,0.0,0.0,0.0,0.0,10.84,0.48,0
2019-02-08 19:10:00+00:00,0.0,0.0,0.0,0.0,0.0,10.96,0.07,0
2019-02-08 20:10:00+00:00,0.0,0.0,0.0,0.0,0.0,10.27,0.34,0
2019-02-08 21:10:00+00:00,0.0,0.0,0.0,0.0,0.0,8.82,1.1,0
2019-02-08 22:10:00+00:00,0.0,0.0,0.0,0.0,0.0,7.11,1.31,0
2019-02-08 23:10:00+00:00,0.0,0.0,0.0,0.0,0.0,6.17,1.38,0
2019-02-09 00:10:00+00:00,0.0,0.0,0.0,0.0,0.0,5.75,1.38,0
2019-02-09 01:10:00+00:00,0.0,0.0,0.0,0.0,0.0,4.99,1.52,0
2019-02-09 02:10:00+00:00,0.0,0.0,0.0,0.0,0.0,4.31,1.72,0
2019-02-09 03:10:00+00:00,0.0,0.0,0.0,0.0,0.0,3.94,1.79,0
2019-02-09 04:10:00+00:00,0.0,0.0,0.0,0.0,0.0,3.62,1.66,0
2019-02-09 05:10:00+00:00,0.0,0.0,0.0,0.0,0.0,3.42,1.66,0
2019-02-09 06:10:00+00:00,0.0,0.0,0.0,0.0,0.0,3.25,1.72,0
2019-02-09 07:10:00+00:00,13.22,0.0,51.72,0.78,8.73,3.34,1.45,0
2019-02-09 08:10:00+00:00,39.23,0.0,127.51,1.92,17.92,6.83,0.83,0
2019-02-09 09:10:00+00:00,37.2,6.16,120.7,4.82,25.53,10.52,0.48,0
2019-02-09 10:10:00+00:00,17.54,37.99,51.46,6.99,30.89,12.24,0.83,0
2019-02-09 11:10:00+00:00,16.88,52.4,41.88,7.69,33.32,13.08,1.38,0
2019-02-09 12:10:00+00:00,26.46,37.39,77.77,7.07,32.43,13.45,1.93,0
2019-02-09 13:10:00+00:00,63.06,4.1,197.54,4.22,28.37,13.52,2.28,0
2019-02-09 14:10:00+00:00,30.47,0.0,105.22,1.58,21.72,13.27,2.28,0
2019-02-09 15:10:00+00:00,20.52,0.0,75.79,1.14,13.19,12.77,2.07,0
2019-02-09 16:10:00+00:00,1.32,0.0,12.48,0.19,3.4,11.9,1.59,0
2019-02-09 17:10:00+00:00,0.0,0.0,0.0,0.0,0.0,10.77,1.38,0
2019-02-09 18:10:00+00:00,0.0,0.0,0.0,0.0,0.0,9.82,0.97,0
2019-02-09 19:10:00+00:00,0.0,0.0,0.0,0.0,0.0,9.82,0.97,0
2019-02-09 20:10:00+00:00,0.0,0.0,0.0,0.0,0.0,8.57,1.31,0
2019-02-09 21:10:00+00:00,0.0,0.0,0.0,0.0,0.0,7.53,1.66,0
2019-02-09 22:10:00+00:00,0.0,0.0,0.0,0.0,0.0,7.36,1.66,0
2019-02-09 23:10:00+00:00,0.0,0.0,0.0,0.0,0.0,7.28,1.59,0
2019-02-10 00:10:00+00:00,0.0,0.0,0.0,0.0,0.0,7.3,1.45,0
2019-02-10 01:10:00+00:00,0.0,0.0,0.0,0.0,0.0,7.9,1.31,0
2019-02-10 02:10:00+00:00,0.0,0.0,0.0,0.0,0.0,8.38,1.38,0
2019-02-10 03:10:00+00:00,0.0,0.0,0.0,0.0,0.0,8.53,1.66,0
2019-02-10 04:10:00+00:00,0.0,0.0,0.0,0.0,0.0,8.79,2.0,0
2019-02-10 05:10:00+00:00,0.0,0.0,0.0,0.0,0.0,8.74,2.28,0
2019-02-10 06:10:00+00:00,0.0,0.0,0.0,0.0,0.0,8.72,2.41,0
2019-02-10 07:10:00+00:00,12.51,0.0,50.82,0.76,8.96,9.88,2.69,0
2019-02-10 08:10:00+00:00,34.27,0.0,115.02,1.73,18.18,10.89,2.83,0
2019-02-10 09:10:00+00:00,48.39,5.89,152.98,4.39,25.82,11.96,4.55,0
2019-02-10 10:10:00+00:00,73.34,4.95,224.62,4.06,31.2,13.05,5.38,0
2019-02-10 11:10:00+00:00,55.16,29.08,161.85,6.38,33.65,13.42,5.72,0
2019-02-10 12:10:00+00:00,65.1,17.99,195.62,5.65,32.75,13.53,5.79,0
2019-02-10 13:10:00+00:00,63.87,1.56,199.91,3.3,28.67,13.92,5.93,0
2019-02-10 14:10:00+00:00,48.55,0.0,156.93,2.36,22.0,13.72,5.31,0
2019-02-10 15:10:00+00:00,19.32,0.0,72.22,1.09,13.45,13.33,5.03,0
2019-02-10 16:10:00+00:00,1.93,0.0,15.16,0.23,3.64,12.77,4.62,0
2019-02-10 17:10:00+00:00,0.0,0.0,0.0,0.0,0.0,11.97,4.48,0
2019-02-10 18:10:00+00:00,0.0,0.0,0.0,0.0,0.0,11.46,4.55,0
2019-02-10 19:10:00+00:00,0.0,0.0,0.0,0.0,0.0,11.67,5.17,0
2019-02-10 20:10:00+00:00,0.0,0.0,0.0,0.0,0.0,11.57,4.83,0
2019-02-10 21:10:00+00:00,0.0,0.0,0.0,0.0,0.0,11.44,4.69,0
2019-02-10 22:10:00+00:00,0.0,0.0,0.0,0.0,0.0,11.23,4.48,0
2019-02-10 23:10:00+00:00,0.0,0.0,0.0,0.0,0.0,11.19,3.45,0
2019-02-11 00:10:00+00:00,0.0,0.0,0.0,0.0,0.0,11.19,2.55,0
2019-02-11 01:10:00+00:00,0.0,0.0,0.0,0.0,0.0,11.05,2.69,0
2019-02-11 02:10:00+00:00,0.0,0.0,0.0,0.0,0.0,11.19,3.1,0
2019-02-11 03:10:00+00:00,0.0,0.0,0.0,0.0,0.0,11.36,2.69,0
2019-02-11 04:10:00+00:00,0.0,0.0,0.0,0.0,0.0,11.47,2.14,0
2019-02-11 05:10:00+00:00,0.0,0.0,0.0,0.0,0.0,11.44,1.93,0
2019-02-11 06:10:00+00:00,0.0,0.0,0.0,0.0,0.0,11.39,2.9,0
2019-02-11 07:10:00+00:00,14.78,0.0,57.96,0.87,9.2,10.9,4.14,0
2019-02-11 08:10:00+00:00,26.22,0.0,91.84,1.38,18.43,11.14,4.21,0
2019-02-11 09:10:00+00:00,39.0,11.3,124.05,5.02,26.1,11.52,5.72,0
2019-02-11 10:10:00+00:00,54.97,24.32,162.43,5.96,31.51,11.12,5.72,0
2019-02-11 11:10:00+00:00,21.5,61.69,48.66,7.88,33.97,10.93,5.93,0
2019-02-11 12:10:00+00:00,70.53,1.28,216.79,3.3,33.08,11.67,5.72,0
2019-02-11 13:10:00+00:00,11.34,31.18,35.68,6.77,28.98,11.48,5.45,0
2019-02-11 14:10:00+00:00,5.56,0.0,28.53,0.43,22.28,11.04,5.1,0
2019-02-11 15:10:00+00:00,13.36,0.0,53.5,0.8,13.71,10.43,4.07,0
2019-02-11 16:10:00+00:00,0.0,0.0,2.67,0.04,3.88,9.17,3.93,0
2019-02-11 17:10:00+00:00,0.0,0.0,0.0,0.0,0.0,7.9,3.66,0
2019-02-11 18:10:00+00:00,0.0,0.0,0.0,0.0,0.0,7.31,3.1,0
2019-02-11 19:10:00+00:00,0.0,0.0,0.0,0.0,0.0,7.67,2.48,0
2019-02-11 20:10:00+00:00,0.0,0.0,0.0,0.0,0.0,7.33,2.69,0
2019-02-11 21:10:00+00:00,0.0,0.0,0.0,0.0,0.0,6.79,2.97,0
2019-02-11 22:10:00+00:00,0.0,0.0,0.0,0.0,0.0,6.3,3.31,0
2019-02-11 23:10:00+00:00,0.0,0.0,0.0,0.0,0.0,6.13,3.72,0
2019-02-12 00:10:00+00:00,0.0,0.0,0.0,0.0,0.0,6.06,3.72,0
2019-02-12 01:10:00+00:00,0.0,0.0,0.0,0.0,0.0,5.83,3.45,0
2019-02-12 02:10:00+00:00,0.0,0.0,0.0,0.0,0.0,5.55,3.31,0
2019-02-12 03:10:00+00:00,0.0,0.0,0.0,0.0,0.0,5.22,3.24,0
2019-02-12 04:10:00+00:00,0.0,0.0,0.0,0.0,0.0,4.86,3.24,0
2019-02-12 05:10:00+00:00,0.0,0.0,0.0,0.0,0.0,4.56,3.24,0
2019-02-12 06:10:00+00:00,0.0,0.0,0.0,0.0,0.0,4.28,3.03,0
2019-02-12 07:10:00+00:00,8.79,0.0,38.34,0.58,9.44,4.48,2.83,0
2019-02-12 08:10:00+00:00,16.02,0.0,60.63,0.91,18.7,6.25,2.9,0
2019-02-12 09:10:00+00:00,11.28,26.58,37.09,6.18,26.39,8.53,3.45,0
2019-02-12 10:10:00+00:00,17.2,57.68,39.36,7.56,31.83,10.57,3.86,0
2019-02-12 11:10:00+00:00,22.43,68.32,47.5,8.08,34.3,11.98,4.21,0
2019-02-12 12:10:00+00:00,22.68,58.82,54.47,7.78,33.4,12.74,4.69,0
2019-02-12 13:10:00+00:00,8.56,39.65,23.68,7.09,29.29,13.0,4.97,0
2019-02-12 14:10:00+00:00,19.37,0.0,72.22,1.09,22.57,12.89,5.1,0
2019-02-12 15:10:00+00:00,12.94,0.0,52.61,0.79,13.97,12.37,4.55,0
2019-02-12 16:10:00+00:00,3.08,0.0,19.62,0.29,4.11,11.13,3.86,0
2019-02-12 17:10:00+00:00,0.0,0.0,0.0,0.0,0.0,9.51,3.1,0
2019-02-12 18:10:00+00:00,0.0,0.0,0.0,0.0,0.0,8.23,2.69,0
2019-02-12 19:10:00+00:00,0.0,0.0,0.0,0.0,0.0,7.65,2.28,0
2019-02-12 20:10:00+00:00,0.0,0.0,0.0,0.0,0.0,6.11,2.0,0
2019-02-12 21:10:00+00:00,0.0,0.0,0.0,0.0,0.0,4.91,1.72,0
2019-02-12 22:10:00+00:00,0.0,0.0,0.0,0.0,0.0,3.94,1.79,0
2019-02-12 23:10:00+00:00,0.0,0.0,0.0,0.0,0.0,3.27,1.93,0
2019-02-13 00:10:00+00:00,0.0,0.0,0.0,0.0,0.0,2.75,2.07,0
2019-02-13 01:10:00+00:00,0.0,0.0,0.0,0.0,0.0,2.52,2.21,0
2019-02-13 02:10:00+00:00,0.0,0.0,0.0,0.0,0.0,2.46,2.34,0
2019-02-13 03:10:00+00:00,0.0,0.0,0.0,0.0,0.0,2.32,2.48,0
2019-02-13 04:10:00+00:00,0.0,0.0,0.0,0.0,0.0,2.29,2.48,0
2019-02-13 05:10:00+00:00,0.0,0.0,0.0,0.0,0.0,2.27,2.48,0
2019-02-13 06:10:00+00:00,0.0,0.0,0.0,0.0,0.0,2.12,2.41,0
2019-02-13 07:10:00+00:00,10.9,0.0,44.58,0.67,9.69,2.58,2.14,0
2019-02-13 08:10:00+00:00,17.31,0.0,64.2,0.96,18.97,5.08,1.66,0
2019-02-13 09:10:00+00:00,14.49,29.68,45.51,6.08,26.69,7.96,2.14,0
2019-02-13 10:10:00+00:00,20.9,59.5,48.28,7.42,32.15,9.92,3.1,0
2019-02-13 11:10:00+00:00,25.58,70.71,54.0,7.98,34.64,11.0,3.38,0
2019-02-13 12:10:00+00:00,25.5,61.34,60.25,7.68,33.73,11.84,3.45,0
2019-02-13 13:10:00+00:00,17.09,38.46,49.94,6.77,29.6,12.42,3.66,0
2019-02-13 14:10:00+00:00,10.98,0.91,42.85,5.08,22.85,12.65,3.79,0
2019-02-13 15:10:00+00:00,15.26,0.0,59.74,0.9,14.23,12.31,3.52,0
2019-02-13 16:10:00+00:00,3.32,0.0,20.51,0.31,4.35,10.99,3.45,0
2019-02-13 17:10:00+00:00,0.0,0.0,0.0,0.0,0.0,9.25,3.72,0
2019-02-13 18:10:00+00:00,0.0,0.0,0.0,0.0,0.0,8.05,3.93,0
2019-02-13 19:10:00+00:00,0.0,0.0,0.0,0.0,0.0,7.59,4.21,0
2019-02-13 20:10:00+00:00,0.0,0.0,0.0,0.0,0.0,6.89,4.0,0
2019-02-13 21:10:00+00:00,0.0,0.0,0.0,0.0,0.0,6.26,3.86,0
2019-02-13 22:10:00+00:00,0.0,0.0,0.0,0.0,0.0,5.64,3.59,0
2019-02-13 23:10:00+00:00,0.0,0.0,0.0,0.0,0.0,5.07,3.45,0
2019-02-14 00:10:00+00:00,0.0,0.0,0.0,0.0,0.0,4.53,3.17,0
2019-02-14 01:10:00+00:00,0.0,0.0,0.0,0.0,0.0,3.8,2.9,0
2019-02-14 02:10:00+00:00,0.0,0.0,0.0,0.0,0.0,3.11,2.76,0
2019-02-14 03:10:00+00:00,0.0,0.0,0.0,0.0,0.0,2.57,2.69,0
2019-02-14 04:10:00+00:00,0.0,0.0,0.0,0.0,0.0,2.17,2.62,0
2019-02-14 05:10:00+00:00,0.0,0.0,0.0,0.0,0.0,1.84,2.41,0
2019-02-14 06:10:00+00:00,0.0,0.0,0.0,0.0,0.0,1.55,2.21,0
2019-02-14 07:10:00+00:00,10.9,0.0,44.58,0.67,9.94,2.62,2.48,0
2019-02-14 08:10:00+00:00,18.86,0.0,68.66,1.03,19.24,4.91,2.0,0
2019-02-14 09:10:00+00:00,14.67,35.61,43.55,6.28,26.99,8.04,1.59,0
2019-02-14 10:10:00+00:00,21.97,66.47,47.37,7.66,32.48,10.48,0.76,0
2019-02-14 11:10:00+00:00,27.63,76.66,56.42,8.19,34.97,12.16,0.28,0
2019-02-14 12:10:00+00:00,26.38,68.18,59.2,7.92,34.07,13.24,0.41,0
2019-02-14 13:10:00+00:00,13.58,48.12,35.21,7.14,29.91,13.91,0.76,0
2019-02-14 14:10:00+00:00,8.47,5.73,34.47,5.36,23.14,14.13,1.24,0
2019-02-14 15:10:00+00:00,14.83,0.0,58.85,0.88,14.49,13.76,1.72,0
2019-02-14 16:10:00+00:00,4.01,0.0,23.18,0.35,4.59,12.32,1.93,0
2019-02-14 17:10:00+00:00,0.0,0.0,0.0,0.0,0.0,10.77,1.86,0
2019-02-14 18:10:00+00:00,0.0,0.0,0.0,0.0,0.0,9.17,1.17,0
2019-02-14 19:10:00+00:00,0.0,0.0,0.0,0.0,0.0,10.47,0.41,0
2019-02-14 20:10:00+00:00,0.0,0.0,0.0,0.0,0.0,9.84,0.62,0
2019-02-14 21:10:00+00:00,0.0,0.0,0.0,0.0,0.0,8.02,1.17,0
2019-02-14 22:10:00+00:00,0.0,0.0,0.0,0.0,0.0,5.52,1.86,0
2019-02-14 23:10:00+00:00,0.0,0.0,0.0,0.0,0.0,5.32,2.28,0
2019-02-15 00:10:00+00:00,0.0,0.0,0.0,0.0,0.0,5.08,2.34,0
2019-02-15 01:10:00+00:00,0.0,0.0,0.0,0.0,0.0,4.95,2.34,0
2019-02-15 02:10:00+00:00,0.0,0.0,0.0,0.0,0.0,4.71,2.55,0
2019-02-15 03:10:00+00:00,0.0,0.0,0.0,0.0,0.0,4.5,2.69,0
2019-02-15 04:10:00+00:00,0.0,0.0,0.0,0.0,0.0,4.13,2.62,0
2019-02-15 05:10:00+00:00,0.0,0.0,0.0,0.0,0.0,3.86,2.69,0
2019-02-15 06:10:00+00:00,0.0,0.0,0.0,0.0,0.0,3.71,2.76,0
2019-02-15 07:10:00+00:00,10.51,0.0,43.69,0.66,10.19,4.48,2.55,0
2019-02-15 08:10:00+00:00,19.28,0.0,70.44,1.06,19.52,7.07,2.28,0
2019-02-15 09:10:00+00:00,15.28,40.1,43.66,6.26,27.3,10.57,2.55,0
2019-02-15 10:10:00+00:00,24.82,68.5,54.22,7.54,32.81,13.12,2.62,0
2019-02-15 11:10:00+00:00,28.16,81.29,54.88,8.13,35.32,14.78,2.34,0
2019-02-15 12:10:00+00:00,26.98,72.72,58.16,7.88,34.4,15.9,2.69,0
2019-02-15 13:10:00+00:00,27.89,40.81,81.22,6.58,30.23,16.61,3.24,0
2019-02-15 14:10:00+00:00,11.64,9.64,44.88,5.23,23.42,16.91,3.66,0
2019-02-15 15:10:00+00:00,14.1,0.0,57.07,0.86,14.75,16.24,3.93,0
2019-02-15 16:10:00+00:00,4.46,0.0,24.97,0.38,4.83,14.54,4.21,0
2019-02-15 17:10:00+00:00,0.0,0.0,0.0,0.0,0.0,12.36,3.72,0
2019-02-15 18:10:00+00:00,0.0,0.0,0.0,0.0,0.0,10.7,3.1,0
2019-02-15 19:10:00+00:00,0.0,0.0,0.0,0.0,0.0,10.07,2.97,0
2019-02-15 20:10:00+00:00,0.0,0.0,0.0,0.0,0.0,9.05,2.9,0
2019-02-15 21:10:00+00:00,0.0,0.0,0.0,0.0,0.0,8.1,2.97,0
2019-02-15 22:10:00+00:00,0.0,0.0,0.0,0.0,0.0,7.26,2.97,0
2019-02-15 23:10:00+00:00,0.0,0.0,0.0,0.0,0.0,6.56,2.9,0
2019-02-16 00:10:00+00:00,0.0,0.0,0.0,0.0,0.0,5.98,2.76,0
2019-02-16 01:10:00+00:00,0.0,0.0,0.0,0.0,0.0,5.45,2.48,0
2019-02-16 02:10:00+00:00,0.0,0.0,0.0,0.0,0.0,4.78,2.21,0
2019-02-16 03:10:00+00:00,0.0,0.0,0.0,0.0,0.0,4.2,2.07,0
2019-02-16 04:10:00+00:00,0.0,0.0,0.0,0.0,0.0,3.72,1.93,0
2019-02-16 05:10:00+00:00,0.0,0.0,0.0,0.0,0.0,3.26,1.93,0
2019-02-16 06:10:00+00:00,0.0,0.0,0.0,0.0,0.0,2.84,2.0,0
2019-02-16 07:10:00+00:00,10.86,0.0,44.58,0.67,10.45,3.36,1.79,0
2019-02-16 08:10:00+00:00,9.76,3.16,38.35,4.39,19.8,5.79,1.59,0
2019-02-16 09:10:00+00:00,16.92,45.38,45.4,6.39,27.61,8.73,1.24,0
2019-02-16 10:10:00+00:00,24.08,78.17,45.35,7.81,33.14,11.03,0.55,0
2019-02-16 11:10:00+00:00,30.94,86.76,57.81,8.28,35.66,12.32,0.41,0
2019-02-16 12:10:00+00:00,28.59,79.51,57.04,8.07,34.74,13.09,1.1,0
2019-02-16 13:10:00+00:00,18.01,56.62,43.14,7.17,30.54,13.38,1.52,0
2019-02-16 14:10:00+00:00,11.85,14.45,43.86,5.37,23.71,13.3,1.72,0
2019-02-16 15:10:00+00:00,16.07,0.0,62.42,0.94,15.01,12.86,1.72,0
2019-02-16 16:10:00+00:00,5.02,0.0,26.75,0.4,5.07,11.93,1.31,0
2019-02-16 17:10:00+00:00,0.0,0.0,0.0,0.0,0.0,10.61,0.97,0
2019-02-16 18:10:00+00:00,0.0,0.0,0.0,0.0,0.0,10.12,0.28,0
2019-02-16 19:10:00+00:00,0.0,0.0,0.0,0.0,0.0,9.16,0.76,0
2019-02-16 20:10:00+00:00,0.0,0.0,0.0,0.0,0.0,9.2,0.34,0
2019-02-16 21:10:00+00:00,0.0,0.0,0.0,0.0,0.0,8.83,0.21,0
2019-02-16 22:10:00+00:00,0.0,0.0,0.0,0.0,0.0,8.1,0.9,0
2019-02-16 23:10:00+00:00,0.0,0.0,0.0,0.0,0.0,6.06,1.31,0
2019-02-17 00:10:00+00:00,0.0,0.0,0.0,0.0,0.0,4.65,1.59,0
2019-02-17 01:10:00+00:00,0.0,0.0,0.0,0.0,0.0,3.65,1.72,0
2019-02-17 02:10:00+00:00,0.0,0.0,0.0,0.0,0.0,3.01,1.66,0
2019-02-17 03:10:00+00:00,0.0,0.0,0.0,0.0,0.0,2.53,1.59,0
2019-02-17 04:10:00+00:00,0.0,0.0,0.0,0.0,0.0,2.15,1.59,0
2019-02-17 05:10:00+00:00,0.0,0.0,0.0,0.0,0.0,1.82,1.59,0
2019-02-17 06:10:00+00:00,0.0,0.0,0.0,0.0,0.0,1.62,1.59,0
2019-02-17 07:10:00+00:00,11.5,0.0,46.37,0.7,10.71,2.23,1.24,0
2019-02-17 08:10:00+00:00,11.31,7.28,42.98,4.38,20.09,6.57,0.62,0
2019-02-17 09:10:00+00:00,18.48,49.47,47.83,6.38,27.92,9.99,0.76,0
2019-02-17 10:10:00+00:00,27.11,80.63,51.62,7.74,33.48,11.79,1.24,0
2019-02-17 11:10:00+00:00,30.75,93.94,51.74,8.33,36.01,13.03,1.66,0
2019-02-17 12:10:00+00:00,28.42,86.37,51.57,8.12,35.08,13.84,1.86,0
2019-02-17 13:10:00+00:00,17.75,63.07,38.57,7.22,30.86,14.23,2.07,0
2019-02-17 14:10:00+00:00,12.77,18.69,45.8,5.36,24.0,14.19,2.21,0
2019-02-17 15:10:00+00:00,16.01,0.0,62.42,0.94,15.27,13.69,2.28,0
2019-02-17 16:10:00+00:00,4.5,0.0,24.97,0.38,5.31,12.57,2.07,0
2019-02-17 17:10:00+00:00,0.0,0.0,0.0,0.0,0.0,10.98,1.86,0
2019-02-17 18:10:00+00:00,0.0,0.0,0.0,0.0,0.0,9.65,1.38,0
2019-02-17 19:10:00+00:00,0.0,0.0,0.0,0.0,0.0,8.68,1.31,0
2019-02-17 20:10:00+00:00,0.0,0.0,0.0,0.0,0.0,9.34,0.62,0
2019-02-17 21:10:00+00:00,0.0,0.0,0.0,0.0,0.0,8.86,0.34,0
2019-02-17 22:10:00+00:00,0.0,0.0,0.0,0.0,0.0,8.38,0.62,0
2019-02-17 23:10:00+00:00,0.0,0.0,0.0,0.0,0.0,7.57,0.83,0
2019-02-18 00:10:00+00:00,0.0,0.0,0.0,0.0,0.0,5.64,1.17,0
2019-02-18 01:10:00+00:00,0.0,0.0,0.0,0.0,0.0,3.91,1.45,0
2019-02-18 02:10:00+00:00,0.0,0.0,0.0,0.0,0.0,3.48,1.24,0
2019-02-18 03:10:00+00:00,0.0,0.0,0.0,0.0,0.0,3.44,1.31,0
2019-02-18 04:10:00+00:00,0.0,0.0,0.0,0.0,0.0,3.71,1.45,0
2019-02-18 05:10:00+00:00,0.0,0.0,0.0,0.0,0.0,3.71,1.45,0
2019-02-18 06:10:00+00:00,0.0,0.0,0.0,0.0,0.0,3.68,1.31,0
2019-02-18 07:10:00+00:00,19.26,0.0,70.44,1.06,10.98,6.76,0.48,0
2019-02-18 08:10:00+00:00,44.44,1.73,142.48,2.68,20.38,7.9,0.14,0
2019-02-18 09:10:00+00:00,61.63,2.12,191.71,3.0,28.24,8.87,0.21,0
2019-02-18 10:10:00+00:00,58.84,0.36,185.26,2.69,33.82,10.32,0.76,0
2019-02-18 11:10:00+00:00,81.01,3.61,247.92,3.87,36.36,11.61,1.1,0
2019-02-18 12:10:00+00:00,83.54,6.87,254.59,4.29,35.43,12.76,1.24,0
2019-02-18 13:10:00+00:00,68.87,2.97,214.82,3.42,31.18,13.21,1.45,0
2019-02-18 14:10:00+00:00,37.08,12.7,119.81,4.56,24.29,13.15,1.72,0
2019-02-18 15:10:00+00:00,26.57,0.0,93.62,1.41,15.53,12.65,2.0,0
2019-02-18 16:10:00+00:00,5.8,0.0,29.42,0.44,5.55,11.65,1.79,0
2019-02-18 17:10:00+00:00,0.0,0.0,0.0,0.0,0.0,10.22,1.79,0
2019-02-18 18:10:00+00:00,0.0,0.0,0.0,0.0,0.0,9.19,1.45,0
2019-02-18 19:10:00+00:00,0.0,0.0,0.0,0.0,0.0,8.56,0.9,0
2019-02-18 20:10:00+00:00,0.0,0.0,0.0,0.0,0.0,8.46,0.83,0
2019-02-18 21:10:00+00:00,0.0,0.0,0.0,0.0,0.0,8.78,0.69,0
2019-02-18 22:10:00+00:00,0.0,0.0,0.0,0.0,0.0,8.4,0.55,0
2019-02-18 23:10:00+00:00,0.0,0.0,0.0,0.0,0.0,7.94,0.76,0
2019-02-19 00:10:00+00:00,0.0,0.0,0.0,0.0,0.0,7.05,0.9,0
2019-02-19 01:10:00+00:00,0.0,0.0,0.0,0.0,0.0,6.9,0.83,0
2019-02-19 02:10:00+00:00,0.0,0.0,0.0,0.0,0.0,6.77,0.76,0
2019-02-19 03:10:00+00:00,0.0,0.0,0.0,0.0,0.0,6.34,0.83,0
2019-02-19 04:10:00+00:00,0.0,0.0,0.0,0.0,0.0,5.62,1.03,0
2019-02-19 05:10:00+00:00,0.0,0.0,0.0,0.0,0.0,5.2,1.1,0
2019-02-19 06:10:00+00:00,0.0,0.0,0.0,0.0,0.0,4.71,1.1,0
2019-02-19 07:10:00+00:00,18.01,0.0,66.87,1.0,11.25,7.21,0.62,0
2019-02-19 08:10:00+00:00,38.88,0.38,127.43,1.93,20.67,8.41,0.41,0
2019-02-19 09:10:00+00:00,45.59,0.15,147.19,2.13,28.56,9.95,1.1,0
2019-02-19 10:10:00+00:00,31.74,0.0,108.18,1.55,34.16,11.0,1.03,0
2019-02-19 11:10:00+00:00,75.18,1.79,232.41,3.48,36.72,11.71,0.97,0
2019-02-19 12:10:00+00:00,80.1,3.98,245.62,3.87,35.77,12.29,1.31,0
2019-02-19 13:10:00+00:00,56.12,0.32,178.71,2.6,31.5,12.47,1.59,0
2019-02-19 14:10:00+00:00,47.64,0.62,154.28,2.33,24.58,12.45,1.66,0
2019-02-19 15:10:00+00:00,30.3,0.0,104.32,1.57,15.79,12.14,1.72,0
2019-02-19 16:10:00+00:00,6.86,0.0,32.99,0.5,5.79,11.35,1.52,0
2019-02-19 17:10:00+00:00,0.0,0.0,0.0,0.0,0.0,10.1,1.52,0
2019-02-19 18:10:00+00:00,0.0,0.0,0.0,0.0,0.0,8.51,1.1,0
2019-02-19 19:10:00+00:00,0.0,0.0,0.0,0.0,0.0,7.47,1.1,0
2019-02-19 20:10:00+00:00,0.0,0.0,0.0,0.0,0.0,6.93,1.17,0
2019-02-19 21:10:00+00:00,0.0,0.0,0.0,0.0,0.0,6.63,1.1,0
2019-02-19 22:10:00+00:00,0.0,0.0,0.0,0.0,0.0,6.36,1.1,0
2019-02-19 23:10:00+00:00,0.0,0.0,0.0,0.0,0.0,5.9,1.17,0
2019-02-20 00:10:00+00:00,0.0,0.0,0.0,0.0,0.0,5.36,1.17,0
2019-02-20 01:10:00+00:00,0.0,0.0,0.0,0.0,0.0,4.75,1.38,0
2019-02-20 02:10:00+00:00,0.0,0.0,0.0,0.0,0.0,3.92,1.59,0
2019-02-20 03:10:00+00:00,0.0,0.0,0.0,0.0,0.0,3.45,1.66,0
2019-02-20 04:10:00+00:00,0.0,0.0,0.0,0.0,0.0,3.25,1.72,0
2019-02-20 05:10:00+00:00,0.0,0.0,0.0,0.0,0.0,3.0,1.72,0
2019-02-20 06:10:00+00:00,0.0,0.0,0.0,0.0,0.0,2.91,1.66,0
2019-02-20 07:10:00+00:00,14.05,0.0,54.39,0.82,11.53,4.3,1.45,0
2019-02-20 08:10:00+00:00,14.65,19.78,50.33,4.54,20.97,7.46,1.17,0
2019-02-20 09:10:00+00:00,22.86,64.99,50.39,6.6,28.88,10.15,1.24,0
2019-02-20 10:10:00+00:00,33.53,95.62,56.97,7.93,34.51,11.61,1.52,0
2019-02-20 11:10:00+00:00,34.76,115.18,45.22,8.67,37.08,12.64,1.93,0
2019-02-20 12:10:00+00:00,31.04,109.03,40.85,8.48,36.12,13.23,2.28,0
2019-02-20 13:10:00+00:00,22.5,79.83,40.33,7.45,31.82,13.6,2.48,0
2019-02-20 14:10:00+00:00,13.71,33.92,42.77,5.63,24.87,13.59,2.69,0
2019-02-20 15:10:00+00:00,15.76,0.0,61.52,0.92,16.05,13.22,2.76,0
2019-02-20 16:10:00+00:00,4.51,0.0,24.97,0.38,6.03,12.26,2.41,0
2019-02-20 17:10:00+00:00,0.0,0.0,0.0,0.0,0.0,10.89,2.21,0
2019-02-20 18:10:00+00:00,0.0,0.0,0.0,0.0,0.0,9.74,1.79,0
2019-02-20 19:10:00+00:00,0.0,0.0,0.0,0.0,0.0,8.74,1.66,0
2019-02-20 20:10:00+00:00,0.0,0.0,0.0,0.0,0.0,7.82,1.52,0
2019-02-20 21:10:00+00:00,0.0,0.0,0.0,0.0,0.0,7.0,1.45,0
2019-02-20 22:10:00+00:00,0.0,0.0,0.0,0.0,0.0,6.61,1.31,0
2019-02-20 23:10:00+00:00,0.0,0.0,0.0,0.0,0.0,5.77,1.45,0
2019-02-21 00:10:00+00:00,0.0,0.0,0.0,0.0,0.0,4.59,1.72,0
2019-02-21 01:10:00+00:00,0.0,0.0,0.0,0.0,0.0,3.97,1.79,0
2019-02-21 02:10:00+00:00,0.0,0.0,0.0,0.0,0.0,3.43,1.79,0
2019-02-21 03:10:00+00:00,0.0,0.0,0.0,0.0,0.0,2.95,1.79,0
2019-02-21 04:10:00+00:00,0.0,0.0,0.0,0.0,0.0,2.48,1.72,0
2019-02-21 05:10:00+00:00,0.0,0.0,0.0,0.0,0.0,2.07,1.66,0
2019-02-21 06:10:00+00:00,0.0,0.0,0.0,0.0,0.0,1.76,1.66,0
2019-02-21 07:10:00+00:00,12.34,0.0,49.04,0.74,11.81,3.03,1.17,0
2019-02-21 08:10:00+00:00,13.52,25.29,44.88,4.65,21.28,7.07,0.9,0
2019-02-21 09:10:00+00:00,24.61,69.58,51.87,6.63,29.21,9.88,0.83,0
2019-02-21 10:10:00+00:00,34.46,101.94,54.45,7.98,34.86,11.77,0.83,0
2019-02-21 11:10:00+00:00,36.78,119.95,46.59,8.68,37.44,13.11,1.17,0
2019-02-21 12:10:00+00:00,35.15,109.71,50.92,8.41,36.47,13.89,1.72,0
2019-02-21 13:10:00+00:00,26.12,81.54,48.86,7.38,32.15,14.21,2.07,0
2019-02-21 14:10:00+00:00,14.86,38.45,44.22,5.65,25.16,14.23,2.14,0
2019-02-21 15:10:00+00:00,15.71,0.0,61.52,0.92,16.31,13.84,2.34,0
2019-02-21 16:10:00+00:00,4.74,0.0,25.86,0.39,6.27,12.93,2.07,0
2019-02-21 17:10:00+00:00,0.0,0.0,0.0,0.0,0.0,11.52,1.72,0
2019-02-21 18:10:00+00:00,0.0,0.0,0.0,0.0,0.0,10.17,1.17,0
2019-02-21 19:10:00+00:00,0.0,0.0,0.0,0.0,0.0,9.23,1.03,0
2019-02-21 20:10:00+00:00,0.0,0.0,0.0,0.0,0.0,9.03,0.9,0
2019-02-21 21:10:00+00:00,0.0,0.0,0.0,0.0,0.0,8.32,0.97,0
2019-02-21 22:10:00+00:00,0.0,0.0,0.0,0.0,0.0,7.61,1.03,0
2019-02-21 23:10:00+00:00,0.0,0.0,0.0,0.0,0.0,6.9,1.1,0
2019-02-22 00:10:00+00:00,0.0,0.0,0.0,0.0,0.0,6.2,1.1,0
2019-02-22 01:10:00+00:00,0.0,0.0,0.0,0.0,0.0,5.49,1.24,0
2019-02-22 02:10:00+00:00,0.0,0.0,0.0,0.0,0.0,4.68,1.38,0
2019-02-22 03:10:00+00:00,0.0,0.0,0.0,0.0,0.0,4.05,1.45,0
2019-02-22 04:10:00+00:00,0.0,0.0,0.0,0.0,0.0,3.55,1.45,0
2019-02-22 05:10:00+00:00,0.0,0.0,0.0,0.0,0.0,3.14,1.45,0
2019-02-22 06:10:00+00:00,0.0,0.0,0.0,0.0,0.0,2.73,1.52,0
2019-02-22 07:10:00+00:00,13.77,0.0,53.5,0.8,12.09,3.96,1.17,0
2019-02-22 08:10:00+00:00,15.24,29.23,48.5,4.68,21.58,7.98,1.31,0
2019-02-22 09:10:00+00:00,26.36,74.52,53.13,6.69,29.54,10.54,1.66,0
2019-02-22 10:10:00+00:00,36.58,107.09,55.67,8.04,35.22,12.34,2.0,0
2019-02-22 11:10:00+00:00,38.86,125.34,47.21,8.72,37.8,13.76,2.55,0
2019-02-22 12:10:00+00:00,36.18,117.14,47.62,8.51,36.82,14.77,3.17,0
2019-02-22 13:10:00+00:00,27.87,86.63,50.05,7.44,32.47,15.46,3.52,0
2019-02-22 14:10:00+00:00,15.19,43.96,42.67,5.73,25.45,15.8,3.86,0
2019-02-22 15:10:00+00:00,14.71,0.0,58.85,0.88,16.57,15.69,3.72,0
2019-02-22 16:10:00+00:00,5.96,0.0,30.32,0.46,6.5,14.74,3.66,0
2019-02-22 17:10:00+00:00,0.0,0.0,0.0,0.0,0.0,13.24,3.86,0
2019-02-22 18:10:00+00:00,0.0,0.0,0.0,0.0,0.0,12.24,4.14,0
2019-02-22 19:10:00+00:00,0.0,0.0,0.0,0.0,0.0,11.87,3.93,0
2019-02-22 20:10:00+00:00,0.0,0.0,0.0,0.0,0.0,11.15,3.79,0
2019-02-22 21:10:00+00:00,0.0,0.0,0.0,0.0,0.0,10.38,3.38,0
2019-02-22 22:10:00+00:00,0.0,0.0,0.0,0.0,0.0,9.67,3.45,0
2019-02-22 23:10:00+00:00,0.0,0.0,0.0,0.0,0.0,9.15,3.72,0
2019-02-23 00:10:00+00:00,0.0,0.0,0.0,0.0,0.0,8.82,4.07,0
2019-02-23 01:10:00+00:00,0.0,0.0,0.0,0.0,0.0,8.61,4.21,0
2019-02-23 02:10:00+00:00,0.0,0.0,0.0,0.0,0.0,8.15,4.55,0
2019-02-23 03:10:00+00:00,0.0,0.0,0.0,0.0,0.0,7.5,4.69,0
2019-02-23 04:10:00+00:00,0.0,0.0,0.0,0.0,0.0,6.93,4.83,0
2019-02-23 05:10:00+00:00,0.0,0.0,0.0,0.0,0.0,6.32,4.97,0
2019-02-23 06:10:00+00:00,0.0,0.0,0.0,0.0,0.0,5.41,4.76,0
2019-02-23 07:10:00+00:00,11.62,0.0,47.26,0.71,12.38,5.69,4.55,0
2019-02-23 08:10:00+00:00,14.5,37.47,42.15,5.04,21.89,5.64,3.66,0
2019-02-23 09:10:00+00:00,28.93,84.18,51.86,7.06,29.88,6.15,4.07,0
2019-02-23 10:10:00+00:00,40.58,118.32,54.87,8.47,35.58,7.03,4.21,0
2019-02-23 11:10:00+00:00,45.67,132.37,56.02,9.08,38.17,7.9,4.76,0
2019-02-23 12:10:00+00:00,46.95,115.07,73.33,8.65,37.18,8.03,5.66,0
2019-02-23 13:10:00+00:00,32.24,95.11,52.67,7.8,32.8,7.73,6.69,0
2019-02-23 14:10:00+00:00,18.52,50.05,46.96,6.02,25.74,7.25,7.03,0
2019-02-23 15:10:00+00:00,17.52,0.0,65.09,0.98,16.84,6.81,6.28,0
2019-02-23 16:10:00+00:00,4.92,0.0,25.86,0.39,6.74,6.14,4.41,0
2019-02-23 17:10:00+00:00,0.0,0.0,0.0,0.0,0.0,5.14,3.1,0
2019-02-23 18:10:00+00:00,0.0,0.0,0.0,0.0,0.0,4.28,2.76,0
2019-02-23 19:10:00+00:00,0.0,0.0,0.0,0.0,0.0,4.22,3.17,0
2019-02-23 20:10:00+00:00,0.0,0.0,0.0,0.0,0.0,3.68,3.1,0
2019-02-23 21:10:00+00:00,0.0,0.0,0.0,0.0,0.0,3.34,3.52,0
2019-02-23 22:10:00+00:00,0.0,0.0,0.0,0.0,0.0,3.03,4.0,0
2019-02-23 23:10:00+00:00,0.0,0.0,0.0,0.0,0.0,2.84,4.34,0
2019-02-24 00:10:00+00:00,0.0,0.0,0.0,0.0,0.0,2.69,4.41,0
2019-02-24 01:10:00+00:00,0.0,0.0,0.0,0.0,0.0,2.44,4.41,0
2019-02-24 02:10:00+00:00,0.0,0.0,0.0,0.0,0.0,2.28,4.34,0
2019-02-24 03:10:00+00:00,0.0,0.0,0.0,0.0,0.0,2.18,4.34,0
2019-02-24 04:10:00+00:00,0.0,0.0,0.0,0.0,0.0,2.03,4.48,0
2019-02-24 05:10:00+00:00,0.0,0.0,0.0,0.0,0.0,1.93,4.48,0
2019-02-24 06:10:00+00:00,0.0,0.0,0.0,0.0,0.0,1.87,4.48,0
2019-02-24 07:10:00+00:00,13.25,0.0,51.72,0.78,12.67,3.17,3.59,0
2019-02-24 08:10:00+00:00,16.17,41.81,44.51,5.05,22.2,5.02,3.52,0
2019-02-24 09:10:00+00:00,30.86,88.35,53.69,7.05,30.22,6.76,3.38,0
2019-02-24 10:10:00+00:00,43.62,119.74,61.53,8.39,35.94,8.38,2.97,0
2019-02-24 11:10:00+00:00,48.44,133.5,62.66,8.99,38.54,9.78,2.76,0
2019-02-24 12:10:00+00:00,48.29,118.52,75.47,8.61,37.54,10.9,2.76,0
2019-02-24 13:10:00+00:00,36.63,93.5,66.6,7.64,33.12,11.67,2.83,0
2019-02-24 14:10:00+00:00,19.8,54.08,49.47,6.0,26.03,12.02,2.76,0
2019-02-24 15:10:00+00:00,8.74,3.58,36.5,3.72,17.1,11.92,2.62,0
2019-02-24 16:10:00+00:00,5.04,0.0,26.75,0.4,6.98,11.07,2.21,0
2019-02-24 17:10:00+00:00,0.0,0.0,0.0,0.0,0.0,9.41,2.34,0
2019-02-24 18:10:00+00:00,0.0,0.0,0.0,0.0,0.0,7.72,2.48,0
2019-02-24 19:10:00+00:00,0.0,0.0,0.0,0.0,0.0,6.3,2.41,0
2019-02-24 20:10:00+00:00,0.0,0.0,0.0,0.0,0.0,5.28,2.34,0
2019-02-24 21:10:00+00:00,0.0,0.0,0.0,0.0,0.0,4.6,2.48,0
2019-02-24 22:10:00+00:00,0.0,0.0,0.0,0.0,0.0,3.8,2.48,0
2019-02-24 23:10:00+00:00,0.0,0.0,0.0,0.0,0.0,3.29,2.76,0
2019-02-25 00:10:00+00:00,0.0,0.0,0.0,0.0,0.0,2.94,3.1,0
2019-02-25 01:10:00+00:00,0.0,0.0,0.0,0.0,0.0,2.89,3.52,0
2019-02-25 02:10:00+00:00,0.0,0.0,0.0,0.0,0.0,2.84,3.66,0
2019-02-25 03:10:00+00:00,0.0,0.0,0.0,0.0,0.0,2.76,3.66,0
2019-02-25 04:10:00+00:00,0.0,0.0,0.0,0.0,0.0,2.61,3.66,0
2019-02-25 05:10:00+00:00,0.0,0.0,0.0,0.0,0.0,2.43,3.66,0
2019-02-25 06:10:00+00:00,0.0,0.0,0.0,0.0,0.0,2.28,3.66,0
2019-02-25 07:10:00+00:00,10.55,0.0,43.69,0.66,12.96,4.02,4.55,0
2019-02-25 08:10:00+00:00,35.76,27.49,105.44,4.33,22.52,6.25,4.55,0
2019-02-25 09:10:00+00:00,69.16,33.79,191.33,5.28,30.56,8.78,4.76,0
2019-02-25 10:10:00+00:00,62.68,87.38,135.88,7.53,36.3,10.84,4.83,0
2019-02-25 11:10:00+00:00,62.59,107.67,120.08,8.31,38.91,12.45,4.62,0
2019-02-25 12:10:00+00:00,39.36,147.96,29.72,9.03,37.89,13.56,4.55,0
2019-02-25 13:10:00+00:00,36.64,99.55,62.38,7.64,33.45,14.13,4.69,0
2019-02-25 14:10:00+00:00,20.49,58.46,48.94,5.96,26.33,14.01,4.76,0
2019-02-25 15:10:00+00:00,10.18,7.45,41.03,3.67,17.36,13.27,4.14,0
2019-02-25 16:10:00+00:00,7.37,0.0,34.77,0.52,7.22,12.17,3.24,0
2019-02-25 17:10:00+00:00,0.0,0.0,0.0,0.0,0.0,10.47,3.1,0
2019-02-25 18:10:00+00:00,0.0,0.0,0.0,0.0,0.0,8.91,1.86,0
2019-02-25 19:10:00+00:00,0.0,0.0,0.0,0.0,0.0,9.45,0.34,0
2019-02-25 20:10:00+00:00,0.0,0.0,0.0,0.0,0.0,7.4,0.83,0
2019-02-25 21:10:00+00:00,0.0,0.0,0.0,0.0,0.0,6.62,0.76,0
2019-02-25 22:10:00+00:00,0.0,0.0,0.0,0.0,0.0,5.35,1.31,0
2019-02-25 23:10:00+00:00,0.0,0.0,0.0,0.0,0.0,3.77,1.66,0
2019-02-26 00:10:00+00:00,0.0,0.0,0.0,0.0,0.0,4.28,1.24,0
2019-02-26 01:10:00+00:00,0.0,0.0,0.0,0.0,0.0,2.91,1.45,0
2019-02-26 02:10:00+00:00,0.0,0.0,0.0,0.0,0.0,1.64,1.59,0
2019-02-26 03:10:00+00:00,0.0,0.0,0.0,0.0,0.0,1.14,1.66,0
2019-02-26 04:10:00+00:00,0.0,0.0,0.0,0.0,0.0,0.84,1.66,0
2019-02-26 05:10:00+00:00,0.0,0.0,0.0,0.0,0.0,0.61,1.59,0
2019-02-26 06:10:00+00:00,0.28,0.0,7.13,0.11,2.75,0.43,1.66,0
2019-02-26 07:10:00+00:00,18.54,0.54,66.24,2.24,13.26,2.97,0.97,0
2019-02-26 08:10:00+00:00,28.84,38.8,81.18,4.69,22.84,6.59,0.69,0
2019-02-26 09:10:00+00:00,41.94,82.0,87.21,6.69,30.91,9.15,0.76,0
2019-02-26 10:10:00+00:00,75.24,67.9,185.58,6.95,36.67,11.0,1.38,0
2019-02-26 11:10:00+00:00,83.29,70.01,206.62,7.3,39.29,12.53,1.66,0
2019-02-26 12:10:00+00:00,80.92,3.25,248.57,3.78,38.25,13.3,1.93,0
2019-02-26 13:10:00+00:00,77.15,5.91,236.42,3.82,33.78,13.84,2.34,0
2019-02-26 14:10:00+00:00,53.64,1.6,171.75,2.61,26.62,14.15,2.76,0
2019-02-26 15:10:00+00:00,8.66,0.0,39.17,0.56,17.62,12.99,2.69,0
2019-02-26 16:10:00+00:00,0.24,0.0,7.13,0.11,7.45,11.76,2.41,0
2019-02-26 17:10:00+00:00,0.0,0.0,0.0,0.0,0.0,11.12,1.79,0
2019-02-26 18:10:00+00:00,0.0,0.0,0.0,0.0,0.0,10.47,1.24,0
2019-02-26 19:10:00+00:00,0.0,0.0,0.0,0.0,0.0,10.07,1.1,0
2019-02-26 20:10:00+00:00,0.0,0.0,0.0,0.0,0.0,9.48,1.24,0
2019-02-26 21:10:00+00:00,0.0,0.0,0.0,0.0,0.0,8.39,1.93,0
2019-02-26 22:10:00+00:00,0.0,0.0,0.0,0.0,0.0,8.12,2.21,0
2019-02-26 23:10:00+00:00,0.0,0.0,0.0,0.0,0.0,7.82,2.28,0
2019-02-27 00:10:00+00:00,0.0,0.0,0.0,0.0,0.0,7.5,2.34,0
2019-02-27 01:10:00+00:00,0.0,0.0,0.0,0.0,0.0,6.84,2.41,0
2019-02-27 02:10:00+00:00,0.0,0.0,0.0,0.0,0.0,6.67,2.62,0
2019-02-27 03:10:00+00:00,0.0,0.0,0.0,0.0,0.0,6.77,2.83,0
2019-02-27 04:10:00+00:00,0.0,0.0,0.0,0.0,0.0,6.72,2.97,0
2019-02-27 05:10:00+00:00,0.0,0.0,0.0,0.0,0.0,6.46,3.03,0
2019-02-27 06:10:00+00:00,0.78,0.0,9.81,0.15,3.03,6.17,3.03,0
2019-02-27 07:10:00+00:00,13.02,3.97,50.21,2.57,13.56,7.52,2.76,0
2019-02-27 08:10:00+00:00,47.46,22.13,142.22,3.99,23.16,10.55,2.69,0
2019-02-27 09:10:00+00:00,44.99,85.45,94.19,6.79,31.26,13.53,3.24,0
2019-02-27 10:10:00+00:00,66.84,92.6,146.46,7.62,37.04,16.09,3.86,0
2019-02-27 11:10:00+00:00,57.67,137.52,85.92,8.9,39.66,17.81,4.41,0
2019-02-27 12:10:00+00:00,52.2,135.16,74.86,8.76,38.61,18.81,4.62,0
2019-02-27 13:10:00+00:00,41.3,107.45,70.43,7.73,34.11,19.24,4.55,0
2019-02-27 14:10:00+00:00,24.67,66.84,56.65,6.08,26.91,19.09,4.28,0
2019-02-27 15:10:00+00:00,10.85,16.04,42.2,3.83,17.88,18.37,3.66,0
2019-02-27 16:10:00+00:00,5.9,0.0,30.32,0.46,7.69,16.71,3.24,0
2019-02-27 17:10:00+00:00,0.0,0.0,0.0,0.0,0.0,14.37,3.1,0
2019-02-27 18:10:00+00:00,0.0,0.0,0.0,0.0,0.0,12.54,3.1,0
2019-02-27 19:10:00+00:00,0.0,0.0,0.0,0.0,0.0,12.13,2.9,0
2019-02-27 20:10:00+00:00,0.0,0.0,0.0,0.0,0.0,11.04,2.97,0
2019-02-27 21:10:00+00:00,0.0,0.0,0.0,0.0,0.0,9.92,2.76,0
2019-02-27 22:10:00+00:00,0.0,0.0,0.0,0.0,0.0,8.54,2.41,0
2019-02-27 23:10:00+00:00,0.0,0.0,0.0,0.0,0.0,7.02,2.0,0
2019-02-28 00:10:00+00:00,0.0,0.0,0.0,0.0,0.0,5.77,1.86,0
2019-02-28 01:10:00+00:00,0.0,0.0,0.0,0.0,0.0,4.77,1.72,0
2019-02-28 02:10:00+00:00,0.0,0.0,0.0,0.0,0.0,4.15,1.72,0
2019-02-28 03:10:00+00:00,0.0,0.0,0.0,0.0,0.0,3.71,1.66,0
2019-02-28 04:10:00+00:00,0.0,0.0,0.0,0.0,0.0,3.42,1.72,0
2019-02-28 05:10:00+00:00,0.0,0.0,0.0,0.0,0.0,3.16,1.79,0
2019-02-28 06:10:00+00:00,1.61,0.0,13.37,0.2,3.32,2.94,1.79,0
2019-02-28 07:10:00+00:00,9.03,9.04,36.41,2.81,13.86,4.49,1.17,0
2019-02-28 08:10:00+00:00,21.08,61.61,47.35,5.24,23.49,9.69,0.9,0
2019-02-28 09:10:00+00:00,36.6,111.48,52.36,7.26,31.61,12.36,0.34,0
2019-02-28 10:10:00+00:00,48.72,146.96,53.59,8.64,37.42,13.55,0.9,0
2019-02-28 11:10:00+00:00,53.7,161.36,53.62,9.23,40.04,14.5,1.66,0
2019-02-28 12:10:00+00:00,54.22,141.58,72.22,8.8,38.98,15.07,2.28,0
2019-02-28 13:10:00+00:00,41.45,117.79,60.39,7.86,34.43,15.17,2.69,0
2019-02-28 14:10:00+00:00,25.12,73.63,51.76,6.15,27.2,14.93,2.62,0
2019-02-28 15:10:00+00:00,11.03,20.64,40.64,3.89,18.13,14.38,2.21,0
2019-02-28 16:10:00+00:00,7.04,0.0,33.88,0.51,7.93,13.53,1.52,0
2019-02-28 17:10:00+00:00,0.0,0.0,0.0,0.0,0.0,12.28,1.59,0
2019-02-28 18:10:00+00:00,0.0,0.0,0.0,0.0,0.0,11.08,1.86,0
2019-02-28 19:10:00+00:00,0.0,0.0,0.0,0.0,0.0,10.08,1.72,0
2019-02-28 20:10:00+00:00,0.0,0.0,0.0,0.0,0.0,8.87,1.79,0
2019-02-28 21:10:00+00:00,0.0,0.0,0.0,0.0,0.0,7.89,1.86,0
2019-02-28 22:10:00+00:00,0.0,0.0,0.0,0.0,0.0,7.13,1.86,0
2019-02-28 23:10:00+00:00,0.0,0.0,0.0,0.0,0.0,6.62,1.79,0
2019-03-01 00:10:00+00:00,0.0,0.0,0.0,0.0,0.0,6.29,1.79,0
2019-03-01 01:10:00+00:00,0.0,0.0,0.0,0.0,0.0,6.28,1.86,0
2019-03-01 02:10:00+00:00,0.0,0.0,0.0,0.0,0.0,6.36,2.07,0
2019-03-01 03:10:00+00:00,0.0,0.0,0.0,0.0,0.0,6.84,2.0,0
2019-03-01 04:10:00+00:00,0.0,0.0,0.0,0.0,0.0,7.17,2.0,0
2019-03-01 05:10:00+00:00,0.0,0.0,0.0,0.0,0.0,7.48,1.93,0
2019-03-01 06:10:00+00:00,0.11,0.0,6.24,0.09,3.61,7.92,1.86,0
2019-03-01 07:10:00+00:00,22.79,0.35,81.31,1.23,14.17,9.18,1.79,0
2019-03-01 08:10:00+00:00,45.0,1.28,145.41,2.18,23.82,11.15,1.86,0
2019-03-01 09:10:00+00:00,78.36,16.82,230.55,4.37,31.96,12.12,2.62,0
2019-03-01 10:10:00+00:00,93.02,40.46,254.43,6.02,37.79,13.07,3.45,0
2019-03-01 11:10:00+00:00,101.33,33.49,283.54,6.0,40.43,13.71,3.52,0
2019-03-01 12:10:00+00:00,15.38,0.0,60.62,0.87,39.34,14.22,3.38,0
2019-03-01 13:10:00+00:00,18.49,0.0,69.94,1.0,34.76,13.68,3.03,0
2019-03-01 14:10:00+00:00,49.2,0.85,158.83,2.34,27.49,13.45,2.69,0
2019-03-01 15:10:00+00:00,38.09,3.63,126.03,2.34,18.39,13.03,2.21,0
2019-03-01 16:10:00+00:00,9.51,0.0,41.91,0.63,8.16,12.84,1.66,0
2019-03-01 17:10:00+00:00,0.0,0.0,0.0,0.0,0.0,12.12,0.48,0
2019-03-01 18:10:00+00:00,0.0,0.0,0.0,0.0,0.0,11.15,0.69,0
2019-03-01 19:10:00+00:00,0.0,0.0,0.0,0.0,0.0,11.89,0.55,0
2019-03-01 20:10:00+00:00,0.0,0.0,0.0,0.0,0.0,10.35,1.1,0
2019-03-01 21:10:00+00:00,0.0,0.0,0.0,0.0,0.0,9.44,1.52,0
2019-03-01 22:10:00+00:00,0.0,0.0,0.0,0.0,0.0,9.09,1.72,0
2019-03-01 23:10:00+00:00,0.0,0.0,0.0,0.0,0.0,8.58,2.14,0
2019-03-02 00:10:00+00:00,0.0,0.0,0.0,0.0,0.0,8.44,2.48,0
2019-03-02 01:10:00+00:00,0.0,0.0,0.0,0.0,0.0,8.67,2.69,0
2019-03-02 02:10:00+00:00,0.0,0.0,0.0,0.0,0.0,8.28,2.97,0
2019-03-02 03:10:00+00:00,0.0,0.0,0.0,0.0,0.0,8.07,3.38,0
2019-03-02 04:10:00+00:00,0.0,0.0,0.0,0.0,0.0,7.8,3.72,0
2019-03-02 05:10:00+00:00,0.0,0.0,0.0,0.0,0.0,7.39,3.59,0
2019-03-02 06:10:00+00:00,2.22,0.0,16.05,0.24,3.91,6.93,3.31,0
2019-03-02 07:10:00+00:00,14.19,14.69,51.36,2.81,14.48,8.0,3.03,0
2019-03-02 08:10:00+00:00,29.48,63.86,67.77,5.21,24.15,10.11,3.38,0
2019-03-02 09:10:00+00:00,44.96,114.46,69.83,7.27,32.32,12.29,3.38,0
2019-03-02 10:10:00+00:00,56.4,151.29,68.18,8.68,38.17,14.29,2.97,0
2019-03-02 11:10:00+00:00,60.19,168.63,63.7,9.32,40.81,15.83,2.14,0
2019-03-02 12:10:00+00:00,58.11,154.11,72.87,8.99,39.71,16.8,0.69,0
2019-03-02 13:10:00+00:00,46.15,126.76,66.21,7.97,35.09,17.29,1.17,0
2019-03-02 14:10:00+00:00,28.61,83.43,54.79,6.27,27.78,17.26,2.48,0
2019-03-02 15:10:00+00:00,12.07,30.2,40.48,4.05,18.65,16.41,3.31,0
2019-03-02 16:10:00+00:00,12.18,0.0,50.82,0.76,8.39,15.05,2.62,0
2019-03-02 17:10:00+00:00,0.0,0.0,0.0,0.0,0.0,13.48,1.59,0
2019-03-02 18:10:00+00:00,0.0,0.0,0.0,0.0,0.0,12.08,1.1,0
2019-03-02 19:10:00+00:00,0.0,0.0,0.0,0.0,0.0,11.25,0.9,0
2019-03-02 20:10:00+00:00,0.0,0.0,0.0,0.0,0.0,10.11,1.1,0
2019-03-02 21:10:00+00:00,0.0,0.0,0.0,0.0,0.0,9.44,1.31,0
2019-03-02 22:10:00+00:00,0.0,0.0,0.0,0.0,0.0,8.93,1.38,0
2019-03-02 23:10:00+00:00,0.0,0.0,0.0,0.0,0.0,8.8,1.31,0
2019-03-03 00:10:00+00:00,0.0,0.0,0.0,0.0,0.0,9.18,1.17,0
2019-03-03 01:10:00+00:00,0.0,0.0,0.0,0.0,0.0,8.96,1.24,0
2019-03-03 02:10:00+00:00,0.0,0.0,0.0,0.0,0.0,7.65,1.79,0
2019-03-03 03:10:00+00:00,0.0,0.0,0.0,0.0,0.0,7.77,1.79,0
2019-03-03 04:10:00+00:00,0.0,0.0,0.0,0.0,0.0,7.73,1.79,0
2019-03-03 05:10:00+00:00,0.0,0.0,0.0,0.0,0.0,7.3,1.72,0
2019-03-03 06:10:00+00:00,3.16,0.0,19.62,0.29,4.2,6.51,1.66,0
2019-03-03 07:10:00+00:00,15.3,18.1,53.52,2.87,14.79,7.84,1.1,0
2019-03-03 08:10:00+00:00,31.14,67.8,70.06,5.25,24.48,11.63,1.17,0
2019-03-03 09:10:00+00:00,46.69,118.87,71.39,7.3,32.68,13.45,1.24,0
2019-03-03 10:10:00+00:00,58.09,155.66,69.74,8.69,38.55,14.98,0.55,0
2019-03-03 11:10:00+00:00,61.15,176.41,59.76,9.38,41.19,16.21,0.76,0
2019-03-03 12:10:00+00:00,60.57,158.14,74.52,8.99,40.07,16.96,1.86,0
2019-03-03 13:10:00+00:00,48.58,131.04,67.76,7.98,35.42,17.03,2.83,0
2019-03-03 14:10:00+00:00,34.08,81.27,70.05,6.16,28.07,16.33,3.45,0
2019-03-03 15:10:00+00:00,15.83,31.54,50.92,3.97,18.91,15.43,3.66,0
2019-03-03 16:10:00+00:00,8.89,0.0,40.12,0.6,8.63,14.38,2.69,0
2019-03-03 17:10:00+00:00,0.0,0.0,0.0,0.0,0.0,12.92,1.59,0
2019-03-03 18:10:00+00:00,0.0,0.0,0.0,0.0,0.0,11.58,0.9,0
2019-03-03 19:10:00+00:00,0.0,0.0,0.0,0.0,0.0,11.36,0.34,0
2019-03-03 20:10:00+00:00,0.0,0.0,0.0,0.0,0.0,10.95,0.34,0
2019-03-03 21:10:00+00:00,0.0,0.0,0.0,0.0,0.0,10.44,0.48,0
2019-03-03 22:10:00+00:00,0.0,0.0,0.0,0.0,0.0,9.78,0.76,0
2019-03-03 23:10:00+00:00,0.0,0.0,0.0,0.0,0.0,8.26,1.24,0
2019-03-04 00:10:00+00:00,0.0,0.0,0.0,0.0,0.0,7.5,1.31,0
2019-03-04 01:10:00+00:00,0.0,0.0,0.0,0.0,0.0,7.43,1.17,0
2019-03-04 02:10:00+00:00,0.0,0.0,0.0,0.0,0.0,6.86,1.24,0
2019-03-04 03:10:00+00:00,0.0,0.0,0.0,0.0,0.0,5.92,1.31,0
2019-03-04 04:10:00+00:00,0.0,0.0,0.0,0.0,0.0,5.16,1.59,0
2019-03-04 05:10:00+00:00,0.0,0.0,0.0,0.0,0.0,4.9,1.86,0
2019-03-04 06:10:00+00:00,3.69,0.0,21.4,0.32,4.5,4.7,1.86,0
2019-03-04 07:10:00+00:00,13.0,24.97,43.85,3.04,15.1,7.07,1.17,0
2019-03-04 08:10:00+00:00,44.29,51.18,115.04,4.81,24.82,10.7,1.72,0
2019-03-04 09:10:00+00:00,58.98,99.06,117.24,6.91,33.04,12.54,2.76,0
2019-03-04 10:10:00+00:00,65.82,147.3,93.69,8.55,38.93,13.76,3.59,0
2019-03-04 11:10:00+00:00,71.17,160.24,95.94,9.12,41.58,14.61,4.14,0
2019-03-04 12:10:00+00:00,74.52,130.76,130.82,8.49,40.44,14.98,4.62,0
2019-03-04 13:10:00+00:00,65.26,100.6,133.38,7.38,35.75,14.95,4.97,0
2019-03-04 14:10:00+00:00,67.54,12.33,204.57,3.75,28.36,14.77,5.24,0
2019-03-04 15:10:00+00:00,26.65,25.37,84.49,3.64,19.16,14.29,5.38,0
2019-03-04 16:10:00+00:00,11.73,0.0,49.04,0.74,8.86,13.51,5.1,0
2019-03-04 17:10:00+00:00,0.0,0.0,0.0,0.0,0.0,12.35,4.48,0
2019-03-04 18:10:00+00:00,0.0,0.0,0.0,0.0,0.0,11.63,4.69,0
2019-03-04 19:10:00+00:00,0.0,0.0,0.0,0.0,0.0,11.66,5.17,0
2019-03-04 20:10:00+00:00,0.0,0.0,0.0,0.0,0.0,11.36,4.9,0
2019-03-04 21:10:00+00:00,0.0,0.0,0.0,0.0,0.0,11.22,4.55,0
2019-03-04 22:10:00+00:00,0.0,0.0,0.0,0.0,0.0,10.92,4.21,0
2019-03-04 23:10:00+00:00,0.0,0.0,0.0,0.0,0.0,10.7,3.52,0
2019-03-05 00:10:00+00:00,0.0,0.0,0.0,0.0,0.0,10.64,2.83,0
2019-03-05 01:10:00+00:00,0.0,0.0,0.0,0.0,0.0,10.64,2.69,0
2019-03-05 02:10:00+00:00,0.0,0.0,0.0,0.0,0.0,10.54,2.62,0
2019-03-05 03:10:00+00:00,0.0,0.0,0.0,0.0,0.0,10.35,2.48,0
2019-03-05 04:10:00+00:00,0.0,0.0,0.0,0.0,0.0,10.21,2.34,0
2019-03-05 05:10:00+00:00,0.0,0.0,0.0,0.0,0.0,10.0,2.34,0
2019-03-05 06:10:00+00:00,0.94,0.0,10.7,0.16,4.81,9.78,2.34,0
2019-03-05 07:10:00+00:00,28.97,2.16,99.4,1.62,15.42,11.61,2.76,0
2019-03-05 08:10:00+00:00,59.22,18.09,176.42,3.63,25.15,12.76,3.93,0
2019-03-05 09:10:00+00:00,42.41,0.0,139.89,2.01,33.4,13.94,3.66,0
2019-03-05 10:10:00+00:00,71.71,1.24,224.2,3.28,39.32,15.13,3.24,0
2019-03-05 11:10:00+00:00,60.04,0.0,192.11,2.76,41.97,15.8,3.17,0
2019-03-05 12:10:00+00:00,28.54,0.0,100.72,1.45,40.81,16.09,3.17,0
2019-03-05 13:10:00+00:00,33.6,0.0,115.64,1.66,36.08,16.13,2.97,0
2019-03-05 14:10:00+00:00,45.8,0.26,150.94,2.18,28.65,15.86,2.62,0
2019-03-05 15:10:00+00:00,16.19,0.0,63.42,0.91,19.42,15.33,2.21,0
2019-03-05 16:10:00+00:00,12.49,0.0,51.72,0.78,9.09,14.5,1.86,0
2019-03-05 17:10:00+00:00,0.0,0.0,0.0,0.0,0.0,13.24,1.59,0
2019-03-05 18:10:00+00:00,0.0,0.0,0.0,0.0,0.0,12.03,1.45,0
2019-03-05 19:10:00+00:00,0.0,0.0,0.0,0.0,0.0,10.65,1.38,0
2019-03-05 20:10:00+00:00,0.0,0.0,0.0,0.0,0.0,9.7,1.38,0
2019-03-05 21:10:00+00:00,0.0,0.0,0.0,0.0,0.0,8.75,1.59,0
2019-03-05 22:10:00+00:00,0.0,0.0,0.0,0.0,0.0,7.91,1.79,0
2019-03-05 23:10:00+00:00,0.0,0.0,0.0,0.0,0.0,7.36,1.93,0
2019-03-06 00:10:00+00:00,0.0,0.0,0.0,0.0,0.0,6.82,1.93,0
2019-03-06 01:10:00+00:00,0.0,0.0,0.0,0.0,0.0,6.68,1.93,0
2019-03-06 02:10:00+00:00,0.0,0.0,0.0,0.0,0.0,6.73,2.0,0
2019-03-06 03:10:00+00:00,0.0,0.0,0.0,0.0,0.0,6.68,2.0,0
2019-03-06 04:10:00+00:00,0.0,0.0,0.0,0.0,0.0,6.73,2.07,0
2019-03-06 05:10:00+00:00,0.0,0.0,0.0,0.0,0.0,6.58,2.14,0
2019-03-06 06:10:00+00:00,4.66,0.0,24.97,0.38,5.11,6.32,2.21,0
2019-03-06 07:10:00+00:00,15.97,32.45,48.88,3.15,15.74,7.43,1.79,0
2019-03-06 08:10:00+00:00,34.26,87.97,62.44,5.56,25.49,10.59,1.86,0
2019-03-06 09:10:00+00:00,52.15,139.52,66.27,7.56,33.77,13.17,2.55,0
2019-03-06 10:10:00+00:00,67.54,165.91,81.83,8.78,39.7,14.82,3.1,0
2019-03-06 11:10:00+00:00,75.06,169.44,98.25,9.19,42.36,15.98,3.24,0
2019-03-06 12:10:00+00:00,72.82,155.42,105.9,8.84,41.17,16.71,3.45,0
2019-03-06 13:10:00+00:00,55.27,146.55,70.24,8.13,36.41,17.07,3.86,0
2019-03-06 14:10:00+00:00,44.68,82.93,95.67,6.06,28.93,16.75,4.41,0
2019-03-06 15:10:00+00:00,22.64,39.17,66.35,3.98,19.67,15.88,4.76,0
2019-03-06 16:10:00+00:00,9.43,0.0,41.91,0.63,9.32,14.75,4.21,0
2019-03-06 17:10:00+00:00,0.0,0.0,0.0,0.0,0.0,13.42,4.07,0
2019-03-06 18:10:00+00:00,0.0,0.0,0.0,0.0,0.0,12.42,3.79,0
2019-03-06 19:10:00+00:00,0.0,0.0,0.0,0.0,0.0,12.19,3.79,0
2019-03-06 20:10:00+00:00,0.0,0.0,0.0,0.0,0.0,11.72,3.72,0
2019-03-06 21:10:00+00:00,0.0,0.0,0.0,0.0,0.0,11.38,3.52,0
2019-03-06 22:10:00+00:00,0.0,0.0,0.0,0.0,0.0,11.1,3.45,0
2019-03-06 23:10:00+00:00,0.0,0.0,0.0,0.0,0.0,10.84,3.31,0
2019-03-07 00:10:00+00:00,0.0,0.0,0.0,0.0,0.0,10.64,3.31,0
2019-03-07 01:10:00+00:00,0.0,0.0,0.0,0.0,0.0,10.54,3.45,0
2019-03-07 02:10:00+00:00,0.0,0.0,0.0,0.0,0.0,10.69,3.66,0
2019-03-07 03:10:00+00:00,0.0,0.0,0.0,0.0,0.0,11.05,3.93,0
2019-03-07 04:10:00+00:00,0.0,0.0,0.0,0.0,0.0,11.42,4.21,0
2019-03-07 05:10:00+00:00,0.0,0.0,0.0,0.0,0.0,11.78,4.55,0
2019-03-07 06:10:00+00:00,4.77,0.0,25.86,0.39,5.42,11.97,4.83,0
2019-03-07 07:10:00+00:00,28.8,1.78,99.38,1.55,16.06,13.09,4.76,0
2019-03-07 08:10:00+00:00,35.63,92.09,64.0,5.59,25.84,15.08,4.69,0
2019-03-07 09:10:00+00:00,76.37,71.68,185.74,6.22,34.13,16.76,6.07,0
2019-03-07 10:10:00+00:00,72.54,157.63,102.41,8.6,40.09,17.82,6.97,0
2019-03-07 11:10:00+00:00,88.66,129.2,169.62,8.45,42.75,18.38,7.17,0
2019-03-07 12:10:00+00:00,73.24,165.28,97.91,8.95,41.54,18.52,7.17,0
2019-03-07 13:10:00+00:00,59.79,142.4,84.83,8.01,36.74,18.28,6.83,0
2019-03-07 14:10:00+00:00,69.23,25.67,202.81,4.39,29.22,17.93,6.21,0
2019-03-07 15:10:00+00:00,41.08,4.73,135.69,2.3,19.92,17.36,5.24,0
2019-03-07 16:10:00+00:00,14.67,0.0,58.85,0.88,9.55,16.38,4.41,0
2019-03-07 17:10:00+00:00,0.0,0.0,0.0,0.0,0.0,15.13,3.79,0
2019-03-07 18:10:00+00:00,0.0,0.0,0.0,0.0,0.0,14.03,3.52,0
2019-03-07 19:10:00+00:00,0.0,0.0,0.0,0.0,0.0,13.62,3.03,0
2019-03-07 20:10:00+00:00,0.0,0.0,0.0,0.0,0.0,12.98,2.76,0
2019-03-07 21:10:00+00:00,0.0,0.0,0.0,0.0,0.0,12.43,2.55,0
2019-03-07 22:10:00+00:00,0.0,0.0,0.0,0.0,0.0,11.94,2.21,0
2019-03-07 23:10:00+00:00,0.0,0.0,0.0,0.0,0.0,11.21,1.86,0
2019-03-08 00:10:00+00:00,0.0,0.0,0.0,0.0,0.0,10.52,1.79,0
2019-03-08 01:10:00+00:00,0.0,0.0,0.0,0.0,0.0,9.98,1.72,0
2019-03-08 02:10:00+00:00,0.0,0.0,0.0,0.0,0.0,9.5,1.66,0
2019-03-08 03:10:00+00:00,0.0,0.0,0.0,0.0,0.0,9.05,1.59,0
2019-03-08 04:10:00+00:00,0.0,0.0,0.0,0.0,0.0,8.78,1.24,0
2019-03-08 05:10:00+00:00,0.0,0.0,0.0,0.0,0.0,8.95,1.24,0
2019-03-08 06:10:00+00:00,2.42,0.0,16.94,0.25,5.73,8.77,1.45,0
2019-03-08 07:10:00+00:00,31.62,15.49,101.42,2.48,16.38,11.11,0.83,0
2019-03-08 08:10:00+00:00,46.97,70.46,108.83,5.12,26.18,13.6,0.9,0
2019-03-08 09:10:00+00:00,84.36,23.38,245.83,4.68,34.5,14.67,1.03,0
2019-03-08 10:10:00+00:00,87.5,7.67,266.87,4.19,40.48,15.53,1.59,0
2019-03-08 11:10:00+00:00,85.19,4.01,263.12,3.97,43.14,16.12,2.07,0
2019-03-08 12:10:00+00:00,92.42,102.66,203.98,7.76,41.91,16.56,2.28,0
2019-03-08 13:10:00+00:00,87.43,59.08,227.78,6.23,37.07,16.81,2.69,0
2019-03-08 14:10:00+00:00,69.88,23.44,205.31,4.25,29.51,16.23,3.31,0
2019-03-08 15:10:00+00:00,30.5,0.46,106.04,1.55,20.18,15.49,2.83,0
2019-03-08 16:10:00+00:00,15.07,0.54,59.57,1.14,9.78,14.75,2.07,0
2019-03-08 17:10:00+00:00,0.0,0.0,0.0,0.0,0.0,13.96,1.17,0
2019-03-08 18:10:00+00:00,0.0,0.0,0.0,0.0,0.0,13.27,0.55,0
2019-03-08 19:10:00+00:00,0.0,0.0,0.0,0.0,0.0,12.31,1.03,0
2019-03-08 20:10:00+00:00,0.0,0.0,0.0,0.0,0.0,11.14,1.24,0
2019-03-08 21:10:00+00:00,0.0,0.0,0.0,0.0,0.0,11.71,0.76,0
2019-03-08 22:10:00+00:00,0.0,0.0,0.0,0.0,0.0,11.95,0.14,0
2019-03-08 23:10:00+00:00,0.0,0.0,0.0,0.0,0.0,11.75,0.48,0
2019-03-09 00:10:00+00:00,0.0,0.0,0.0,0.0,0.0,11.6,0.34,0
2019-03-09 01:10:00+00:00,0.0,0.0,0.0,0.0,0.0,11.41,0.14,0
2019-03-09 02:10:00+00:00,0.0,0.0,0.0,0.0,0.0,11.19,0.21,0
2019-03-09 03:10:00+00:00,0.0,0.0,0.0,0.0,0.0,9.96,0.69,0
2019-03-09 04:10:00+00:00,0.0,0.0,0.0,0.0,0.0,8.47,0.97,0
2019-03-09 05:10:00+00:00,0.0,0.0,0.0,0.0,0.0,8.31,1.03,0
2019-03-09 06:10:00+00:00,6.68,0.0,32.1,0.48,6.04,8.86,1.17,0
2019-03-09 07:10:00+00:00,30.35,25.86,91.98,2.88,16.71,9.49,1.17,0
2019-03-09 08:10:00+00:00,54.46,66.25,129.4,5.12,26.53,10.33,1.17,0
2019-03-09 09:10:00+00:00,60.42,156.79,71.51,7.84,34.87,12.0,0.62,0
2019-03-09 10:10:00+00:00,73.0,196.78,67.81,9.24,40.87,13.81,0.97,0
2019-03-09 11:10:00+00:00,77.54,215.22,62.68,9.87,43.54,15.08,1.66,0
2019-03-09 12:10:00+00:00,93.66,120.45,190.61,8.24,42.28,15.72,2.48,0
2019-03-09 13:10:00+00:00,62.01,168.91,66.63,8.47,37.39,15.82,2.83,0
2019-03-09 14:10:00+00:00,43.98,115.99,67.12,6.63,29.79,15.55,2.83,0
2019-03-09 15:10:00+00:00,32.32,41.27,91.18,3.93,20.43,15.05,2.76,0
2019-03-09 16:10:00+00:00,8.34,5.29,36.87,1.78,10.01,14.19,2.55,0
2019-03-09 17:10:00+00:00,0.0,0.0,0.0,0.0,0.0,12.97,1.86,0
2019-03-09 18:10:00+00:00,0.0,0.0,0.0,0.0,0.0,11.94,1.72,0
2019-03-09 19:10:00+00:00,0.0,0.0,0.0,0.0,0.0,11.59,1.79,0
2019-03-09 20:10:00+00:00,0.0,0.0,0.0,0.0,0.0,10.97,1.93,0
2019-03-09 21:10:00+00:00,0.0,0.0,0.0,0.0,0.0,10.32,1.66,0
2019-03-09 22:10:00+00:00,0.0,0.0,0.0,0.0,0.0,9.73,1.59,0
2019-03-09 23:10:00+00:00,0.0,0.0,0.0,0.0,0.0,9.53,1.72,0
2019-03-10 00:10:00+00:00,0.0,0.0,0.0,0.0,0.0,9.72,1.86,0
2019-03-10 01:10:00+00:00,0.0,0.0,0.0,0.0,0.0,9.62,1.86,0
2019-03-10 02:10:00+00:00,0.0,0.0,0.0,0.0,0.0,9.46,1.72,0
2019-03-10 03:10:00+00:00,0.0,0.0,0.0,0.0,0.0,9.55,1.79,0
2019-03-10 04:10:00+00:00,0.0,0.0,0.0,0.0,0.0,9.51,2.07,0
2019-03-10 05:10:00+00:00,0.0,0.0,0.0,0.0,0.0,9.96,2.34,0
2019-03-10 06:10:00+00:00,0.01,0.0,5.6,0.08,6.35,10.01,2.48,0
2019-03-10 07:10:00+00:00,12.86,0.0,52.22,0.75,17.03,11.43,2.9,0
2019-03-10 08:10:00+00:00,28.8,0.0,99.79,1.43,26.87,12.09,3.66,0
2019-03-10 09:10:00+00:00,18.29,0.0,69.01,0.99,35.25,12.63,4.21,0
2019-03-10 10:10:00+00:00,13.95,0.0,55.95,0.8,41.26,13.29,4.69,0
2019-03-10 11:10:00+00:00,35.65,0.0,120.3,1.73,43.93,13.98,4.83,0
2019-03-10 12:10:00+00:00,34.31,0.0,116.57,1.67,42.65,14.26,4.83,0
2019-03-10 13:10:00+00:00,46.98,0.0,152.94,2.2,37.72,14.23,4.83,0
2019-03-10 14:10:00+00:00,22.82,0.0,83.0,1.19,30.08,14.31,4.83,0
2019-03-10 15:10:00+00:00,17.53,0.0,67.15,0.96,20.68,14.28,4.55,0
2019-03-10 16:10:00+00:00,9.77,0.0,42.9,0.62,10.24,13.92,4.0,0
2019-03-10 17:10:00+00:00,0.0,0.0,0.0,0.0,0.0,13.51,3.79,0
2019-03-10 18:10:00+00:00,0.0,0.0,0.0,0.0,0.0,13.11,3.59,0
2019-03-10 19:10:00+00:00,0.0,0.0,0.0,0.0,0.0,12.63,3.86,0
2019-03-10 20:10:00+00:00,0.0,0.0,0.0,0.0,0.0,12.28,3.79,0
2019-03-10 21:10:00+00:00,0.0,0.0,0.0,0.0,0.0,12.29,3.59,0
2019-03-10 22:10:00+00:00,0.0,0.0,0.0,0.0,0.0,12.4,3.31,0
2019-03-10 23:10:00+00:00,0.0,0.0,0.0,0.0,0.0,12.25,3.17,0
2019-03-11 00:10:00+00:00,0.0,0.0,0.0,0.0,0.0,11.94,2.9,0
2019-03-11 01:10:00+00:00,0.0,0.0,0.0,0.0,0.0,12.02,2.62,0
2019-03-11 02:10:00+00:00,0.0,0.0,0.0,0.0,0.0,12.01,2.48,0
2019-03-11 03:10:00+00:00,0.0,0.0,0.0,0.0,0.0,11.76,2.41,0
2019-03-11 04:10:00+00:00,0.0,0.0,0.0,0.0,0.0,11.41,2.41,0
2019-03-11 05:10:00+00:00,0.0,0.0,0.0,0.0,0.0,11.08,2.34,0
2019-03-11 06:10:00+00:00,1.67,0.0,13.99,0.2,6.67,11.07,2.21,0
2019-03-11 07:10:00+00:00,10.4,0.0,44.76,0.64,17.36,12.53,1.52,0
2019-03-11 08:10:00+00:00,20.03,0.0,74.61,1.07,27.22,13.54,2.0,0
2019-03-11 09:10:00+00:00,29.98,0.0,104.45,1.5,35.62,14.4,1.52,0
2019-03-11 10:10:00+00:00,33.29,0.0,114.71,1.65,41.66,15.19,0.76,0
2019-03-11 11:10:00+00:00,44.63,0.0,148.28,2.13,44.33,15.95,1.1,0
2019-03-11 12:10:00+00:00,49.13,0.0,161.34,2.32,43.02,16.72,2.76,0
2019-03-11 13:10:00+00:00,94.48,25.19,272.73,5.09,38.05,16.52,3.38,0
2019-03-11 14:10:00+00:00,69.32,56.93,178.57,5.36,30.36,16.27,4.28,0
2019-03-11 15:10:00+00:00,24.15,70.45,50.26,4.49,20.92,15.77,4.48,0
2019-03-11 16:10:00+00:00,8.59,11.78,36.32,1.9,10.46,14.89,4.41,0
2019-03-11 17:10:00+00:00,0.0,0.0,0.0,0.0,0.0,13.69,4.69,0
2019-03-11 18:10:00+00:00,0.0,0.0,0.0,0.0,0.0,12.71,4.55,0
2019-03-11 19:10:00+00:00,0.0,0.0,0.0,0.0,0.0,10.15,3.31,0
2019-03-11 20:10:00+00:00,0.0,0.0,0.0,0.0,0.0,9.09,4.0,0
2019-03-11 21:10:00+00:00,0.0,0.0,0.0,0.0,0.0,8.19,6.14,0
2019-03-11 22:10:00+00:00,0.0,0.0,0.0,0.0,0.0,7.38,7.52,0
2019-03-11 23:10:00+00:00,0.0,0.0,0.0,0.0,0.0,6.71,7.93,0
2019-03-12 00:10:00+00:00,0.0,0.0,0.0,0.0,0.0,6.91,8.07,0
2019-03-12 01:10:00+00:00,0.0,0.0,0.0,0.0,0.0,7.59,7.93,0
2019-03-12 02:10:00+00:00,0.0,0.0,0.0,0.0,0.0,7.83,7.72,0
2019-03-12 03:10:00+00:00,0.0,0.0,0.0,0.0,0.0,7.75,7.52,0
2019-03-12 04:10:00+00:00,0.0,0.0,0.0,0.0,0.0,7.55,7.45,0
2019-03-12 05:10:00+00:00,0.0,0.0,0.0,0.0,0.0,7.16,7.1,0
2019-03-12 06:10:00+00:00,6.11,8.06,28.3,1.15,6.98,6.89,6.34,0
2019-03-12 07:10:00+00:00,22.44,70.88,43.31,3.91,17.69,7.72,5.59,0
2019-03-12 08:10:00+00:00,47.04,135.83,54.54,6.42,27.57,8.98,6.41,0
2019-03-12 09:10:00+00:00,69.32,191.51,59.42,8.47,35.99,10.38,6.9,0
2019-03-12 10:10:00+00:00,83.56,235.09,54.21,9.93,42.05,11.64,6.83,0
2019-03-12 11:10:00+00:00,89.47,246.32,58.83,10.46,44.72,12.71,6.48,0
2019-03-12 12:10:00+00:00,88.4,214.53,86.66,9.91,43.39,13.47,6.21,0
2019-03-12 13:10:00+00:00,28.3,0.0,98.85,1.42,38.37,13.86,5.93,0
2019-03-12 14:10:00+00:00,51.65,139.45,65.85,7.1,30.64,14.02,5.59,0
2019-03-12 15:10:00+00:00,25.91,81.36,47.4,4.8,21.17,13.88,5.17,0
2019-03-12 16:10:00+00:00,8.03,17.45,32.59,2.1,10.69,13.18,4.28,0
2019-03-12 17:10:00+00:00,0.0,0.0,0.0,0.0,0.0,11.67,3.66,0
2019-03-12 18:10:00+00:00,0.0,0.0,0.0,0.0,0.0,10.19,3.31,0
2019-03-12 19:10:00+00:00,0.0,0.0,0.0,0.0,0.0,9.47,2.76,0
2019-03-12 20:10:00+00:00,0.0,0.0,0.0,0.0,0.0,8.41,2.48,0
2019-03-12 21:10:00+00:00,0.0,0.0,0.0,0.0,0.0,7.3,2.21,0
2019-03-12 22:10:00+00:00,0.0,0.0,0.0,0.0,0.0,6.13,1.93,0
2019-03-12 23:10:00+00:00,0.0,0.0,0.0,0.0,0.0,5.12,1.79,0
2019-03-13 00:10:00+00:00,0.0,0.0,0.0,0.0,0.0,4.06,1.59,0
2019-03-13 01:10:00+00:00,0.0,0.0,0.0,0.0,0.0,3.3,1.45,0
2019-03-13 02:10:00+00:00,0.0,0.0,0.0,0.0,0.0,2.76,1.52,0
2019-03-13 03:10:00+00:00,0.0,0.0,0.0,0.0,0.0,2.34,1.59,0
2019-03-13 04:10:00+00:00,0.0,0.0,0.0,0.0,0.0,2.07,1.66,0
2019-03-13 05:10:00+00:00,0.0,0.0,0.0,0.0,0.0,1.87,1.66,0
2019-03-13 06:10:00+00:00,8.25,8.17,34.46,1.09,7.3,1.94,1.66,0
2019-03-13 07:10:00+00:00,35.69,39.15,95.58,3.19,18.02,4.95,1.03,0
2019-03-13 08:10:00+00:00,64.2,70.89,149.15,5.18,27.92,9.65,1.1,0
2019-03-13 09:10:00+00:00,82.51,121.3,155.57,7.22,36.37,11.67,1.52,0
2019-03-13 10:10:00+00:00,91.79,175.29,131.38,8.88,42.45,12.82,2.0,0
2019-03-13 11:10:00+00:00,96.74,189.63,130.93,9.45,45.12,13.56,2.55,0
2019-03-13 12:10:00+00:00,111.76,82.53,268.78,7.4,43.76,14.07,3.45,0
2019-03-13 13:10:00+00:00,89.51,10.69,265.82,4.29,38.7,13.92,4.07,0
2019-03-13 14:10:00+00:00,38.36,0.0,127.76,1.84,30.92,13.17,4.14,0
2019-03-13 15:10:00+00:00,41.48,2.73,134.82,2.08,21.42,12.55,4.0,0
2019-03-13 16:10:00+00:00,14.58,0.39,57.52,0.86,10.91,12.18,4.21,0
2019-03-13 17:10:00+00:00,0.0,0.0,0.0,0.0,0.0,11.7,4.97,0
2019-03-13 18:10:00+00:00,0.0,0.0,0.0,0.0,0.0,11.29,5.24,0
2019-03-13 19:10:00+00:00,0.0,0.0,0.0,0.0,0.0,10.94,4.55,0
2019-03-13 20:10:00+00:00,0.0,0.0,0.0,0.0,0.0,10.87,4.28,0
2019-03-13 21:10:00+00:00,0.0,0.0,0.0,0.0,0.0,10.76,2.97,0
2019-03-13 22:10:00+00:00,0.0,0.0,0.0,0.0,0.0,9.98,1.38,0
2019-03-13 23:10:00+00:00,0.0,0.0,0.0,0.0,0.0,9.8,0.28,0
2019-03-14 00:10:00+00:00,0.0,0.0,0.0,0.0,0.0,8.89,0.76,0
2019-03-14 01:10:00+00:00,0.0,0.0,0.0,0.0,0.0,7.23,1.1,0
2019-03-14 02:10:00+00:00,0.0,0.0,0.0,0.0,0.0,5.68,1.52,0
2019-03-14 03:10:00+00:00,0.0,0.0,0.0,0.0,0.0,5.77,1.93,0
2019-03-14 04:10:00+00:00,0.0,0.0,0.0,0.0,0.0,5.94,2.97,0
2019-03-14 05:10:00+00:00,0.0,0.0,0.0,0.0,0.0,6.31,3.72,0
2019-03-14 06:10:00+00:00,7.62,14.21,31.24,1.29,7.62,6.12,4.28,0
2019-03-14 07:10:00+00:00,26.17,81.07,45.14,4.03,18.35,7.3,5.03,0
2019-03-14 08:10:00+00:00,52.19,146.65,57.07,6.54,28.28,8.87,5.79,0
2019-03-14 09:10:00+00:00,74.24,206.28,57.57,8.63,36.75,10.53,5.72,0
2019-03-14 10:10:00+00:00,88.11,251.18,50.55,10.07,42.85,12.31,5.66,0
2019-03-14 11:10:00+00:00,94.18,257.48,60.62,10.54,45.52,13.84,5.52,0
2019-03-14 12:10:00+00:00,90.44,237.81,71.22,10.14,44.13,14.94,5.38,0
2019-03-14 13:10:00+00:00,0.0,0.0,0.0,0.0,0.0,15.39,5.17,0
2019-03-14 14:10:00+00:00,52.04,165.37,45.38,7.38,31.2,15.36,4.9,0
2019-03-14 15:10:00+00:00,40.84,58.38,101.61,4.29,21.66,14.87,4.21,0
2019-03-14 16:10:00+00:00,9.92,24.31,35.99,2.18,11.13,13.84,3.66,0
2019-03-14 17:10:00+00:00,0.0,0.0,0.0,0.0,0.0,12.3,3.24,0
2019-03-14 18:10:00+00:00,0.0,0.0,0.0,0.0,0.0,10.94,2.83,0
2019-03-14 19:10:00+00:00,0.0,0.0,0.0,0.0,0.0,10.73,2.62,0
2019-03-14 20:10:00+00:00,0.0,0.0,0.0,0.0,0.0,9.93,2.0,0
2019-03-14 21:10:00+00:00,0.0,0.0,0.0,0.0,0.0,10.1,0.62,0
2019-03-14 22:10:00+00:00,0.0,0.0,0.0,0.0,0.0,8.78,1.03,0
2019-03-14 23:10:00+00:00,0.0,0.0,0.0,0.0,0.0,7.14,1.52,0
2019-03-15 00:10:00+00:00,0.0,0.0,0.0,0.0,0.0,6.36,1.52,0
2019-03-15 01:10:00+00:00,0.0,0.0,0.0,0.0,0.0,5.71,1.59,0
2019-03-15 02:10:00+00:00,0.0,0.0,0.0,0.0,0.0,5.29,1.66,0
2019-03-15 03:10:00+00:00,0.0,0.0,0.0,0.0,0.0,4.95,1.59,0
2019-03-15 04:10:00+00:00,0.0,0.0,0.0,0.0,0.0,5.4,1.45,0
2019-03-15 05:10:00+00:00,0.0,0.0,0.0,0.0,0.0,5.9,1.38,0
2019-03-15 06:10:00+00:00,8.95,15.5,34.72,1.29,7.94,5.91,1.31,0
2019-03-15 07:10:00+00:00,29.36,77.08,55.53,3.9,18.69,7.88,0.9,0
2019-03-15 08:10:00+00:00,53.54,142.0,65.67,6.35,28.63,11.28,0.76,0
2019-03-15 09:10:00+00:00,74.36,199.17,67.33,8.37,37.12,13.38,1.24,0
2019-03-15 10:10:00+00:00,88.25,237.78,66.78,9.73,43.24,14.67,1.59,0
2019-03-15 11:10:00+00:00,93.31,248.28,70.98,10.22,45.91,15.83,1.38,0
2019-03-15 12:10:00+00:00,88.68,241.84,65.99,9.99,44.5,16.64,1.79,0
2019-03-15 13:10:00+00:00,77.11,199.2,76.04,8.79,39.34,16.71,2.9,0
2019-03-15 14:10:00+00:00,56.19,149.4,68.39,7.01,31.48,16.18,3.31,0
2019-03-15 15:10:00+00:00,34.37,80.36,69.13,4.6,21.9,15.45,3.03,0
2019-03-15 16:10:00+00:00,13.78,21.35,48.7,2.02,11.35,14.48,2.48,0
2019-03-15 17:10:00+00:00,0.0,0.0,0.0,0.0,0.0,13.15,1.93,0
2019-03-15 18:10:00+00:00,0.0,0.0,0.0,0.0,0.0,11.95,2.0,0
2019-03-15 19:10:00+00:00,0.0,0.0,0.0,0.0,0.0,11.03,1.24,0
2019-03-15 20:10:00+00:00,0.0,0.0,0.0,0.0,0.0,9.89,1.59,0
2019-03-15 21:10:00+00:00,0.0,0.0,0.0,0.0,0.0,9.37,1.31,0
2019-03-15 22:10:00+00:00,0.0,0.0,0.0,0.0,0.0,8.91,1.31,0
2019-03-15 23:10:00+00:00,0.0,0.0,0.0,0.0,0.0,7.82,1.86,0
2019-03-16 00:10:00+00:00,0.0,0.0,0.0,0.0,0.0,8.15,2.28,0
2019-03-16 01:10:00+00:00,0.0,0.0,0.0,0.0,0.0,8.29,2.69,0
2019-03-16 02:10:00+00:00,0.0,0.0,0.0,0.0,0.0,8.68,2.97,0
2019-03-16 03:10:00+00:00,0.0,0.0,0.0,0.0,0.0,8.78,3.17,0
2019-03-16 04:10:00+00:00,0.0,0.0,0.0,0.0,0.0,9.05,3.38,0
2019-03-16 05:10:00+00:00,0.0,0.0,0.0,0.0,0.0,9.43,3.52,0
2019-03-16 06:10:00+00:00,7.1,0.0,33.57,0.48,8.26,9.63,3.52,0
2019-03-16 07:10:00+00:00,9.86,0.0,42.9,0.62,19.02,11.96,2.97,0
2019-03-16 08:10:00+00:00,43.3,0.39,141.66,2.05,28.98,13.15,3.86,0
2019-03-16 09:10:00+00:00,54.26,0.0,173.46,2.49,37.5,13.72,4.41,0
2019-03-16 10:10:00+00:00,45.68,0.0,149.21,2.14,43.64,14.08,4.41,0
2019-03-16 11:10:00+00:00,71.45,0.39,222.79,3.22,46.31,14.51,4.62,0
2019-03-16 12:10:00+00:00,79.4,1.54,244.8,3.58,44.86,14.77,4.62,0
2019-03-16 13:10:00+00:00,46.55,0.0,152.01,2.18,39.66,14.49,4.21,0
2019-03-16 14:10:00+00:00,68.92,108.05,133.03,6.34,31.75,14.28,3.79,0
2019-03-16 15:10:00+00:00,50.38,35.08,140.98,3.62,22.15,13.86,3.31,0
2019-03-16 16:10:00+00:00,12.94,27.45,43.16,2.13,11.57,13.3,2.48,0
2019-03-16 17:10:00+00:00,0.0,0.0,0.0,0.0,0.0,12.82,1.93,0
2019-03-16 18:10:00+00:00,0.0,0.0,0.0,0.0,0.0,12.0,1.66,0
2019-03-16 19:10:00+00:00,0.0,0.0,0.0,0.0,0.0,11.23,0.97,0
2019-03-16 20:10:00+00:00,0.0,0.0,0.0,0.0,0.0,10.63,1.03,0
2019-03-16 21:10:00+00:00,0.0,0.0,0.0,0.0,0.0,10.26,1.03,0
2019-03-16 22:10:00+00:00,0.0,0.0,0.0,0.0,0.0,9.6,1.17,0
2019-03-16 23:10:00+00:00,0.0,0.0,0.0,0.0,0.0,8.71,1.45,0
2019-03-17 00:10:00+00:00,0.0,0.0,0.0,0.0,0.0,8.23,1.45,0
2019-03-17 01:10:00+00:00,0.0,0.0,0.0,0.0,0.0,7.93,1.52,0
2019-03-17 02:10:00+00:00,0.0,0.0,0.0,0.0,0.0,7.4,1.59,0
2019-03-17 03:10:00+00:00,0.0,0.0,0.0,0.0,0.0,7.22,1.72,0
2019-03-17 04:10:00+00:00,0.0,0.0,0.0,0.0,0.0,6.76,1.72,0
2019-03-17 05:10:00+00:00,0.0,0.0,0.0,0.0,0.0,6.52,1.79,0
2019-03-17 06:10:00+00:00,11.6,19.93,40.66,1.39,8.58,6.67,1.52,0
2019-03-17 07:10:00+00:00,45.11,16.13,135.98,2.59,19.36,10.08,1.17,0
2019-03-17 08:10:00+00:00,54.35,1.99,171.96,2.55,29.34,12.32,2.0,0
2019-03-17 09:10:00+00:00,74.77,3.2,230.31,3.43,37.88,13.16,1.79,0
2019-03-17 10:10:00+00:00,94.55,7.17,284.82,4.37,44.04,13.67,1.79,0
2019-03-17 11:10:00+00:00,122.67,61.03,320.22,7.01,46.71,14.22,1.93,0
2019-03-17 12:10:00+00:00,104.89,185.29,157.37,9.27,45.23,14.5,2.07,0
2019-03-17 13:10:00+00:00,86.96,185.97,110.97,8.63,39.98,14.71,2.21,0
2019-03-17 14:10:00+00:00,73.19,103.19,149.31,6.3,32.03,14.86,2.34,0
2019-03-17 15:10:00+00:00,53.17,24.26,156.25,3.31,22.39,14.8,2.55,0
2019-03-17 16:10:00+00:00,21.38,9.29,75.31,1.57,11.79,14.34,2.55,0
2019-03-17 17:10:00+00:00,0.0,0.0,0.0,0.0,0.0,13.64,2.07,0
2019-03-17 18:10:00+00:00,0.0,0.0,0.0,0.0,0.0,12.82,1.86,0
2019-03-17 19:10:00+00:00,0.0,0.0,0.0,0.0,0.0,11.91,1.72,0
2019-03-17 20:10:00+00:00,0.0,0.0,0.0,0.0,0.0,11.49,1.59,0
2019-03-17 21:10:00+00:00,0.0,0.0,0.0,0.0,0.0,11.21,1.72,0
2019-03-17 22:10:00+00:00,0.0,0.0,0.0,0.0,0.0,11.21,2.34,0
2019-03-17 23:10:00+00:00,0.0,0.0,0.0,0.0,0.0,11.09,2.62,0
2019-03-18 00:10:00+00:00,0.0,0.0,0.0,0.0,0.0,10.71,2.48,0
2019-03-18 01:10:00+00:00,0.0,0.0,0.0,0.0,0.0,10.19,2.21,0
2019-03-18 02:10:00+00:00,0.0,0.0,0.0,0.0,0.0,9.7,2.07,0
2019-03-18 03:10:00+00:00,0.0,0.0,0.0,0.0,0.0,9.34,2.07,0
2019-03-18 04:10:00+00:00,0.0,0.0,0.0,0.0,0.0,8.93,2.34,0
2019-03-18 05:10:00+00:00,0.0,0.0,0.0,0.0,0.0,8.74,2.55,0
2019-03-18 06:10:00+00:00,12.39,23.25,41.69,1.46,8.91,9.0,2.48,0
2019-03-18 07:10:00+00:00,44.22,49.71,111.95,3.46,19.69,11.38,3.52,0
2019-03-18 08:10:00+00:00,60.24,4.08,186.25,2.83,29.69,12.54,4.76,0
2019-03-18 09:10:00+00:00,34.19,0.0,115.64,1.66,38.26,13.08,4.97,0
2019-03-18 10:10:00+00:00,76.21,0.81,234.8,3.4,44.44,13.59,5.24,0
2019-03-18 11:10:00+00:00,119.9,32.22,332.93,6.03,47.11,14.36,5.31,0
2019-03-18 12:10:00+00:00,84.64,2.4,258.55,3.8,45.6,14.6,5.24,0
2019-03-18 13:10:00+00:00,86.6,6.3,260.86,3.99,40.3,14.5,5.1,0
2019-03-18 14:10:00+00:00,67.0,147.68,93.46,6.94,32.3,14.16,4.97,0
2019-03-18 15:10:00+00:00,40.32,91.62,74.02,4.72,22.63,13.89,4.76,0
2019-03-18 16:10:00+00:00,17.74,27.23,56.56,2.09,12.01,13.25,4.14,0
2019-03-18 17:10:00+00:00,0.0,0.0,0.0,0.0,0.0,12.22,3.17,0
2019-03-18 18:10:00+00:00,0.0,0.0,0.0,0.0,0.0,11.15,2.34,0
2019-03-18 19:10:00+00:00,0.0,0.0,0.0,0.0,0.0,10.65,1.86,0
2019-03-18 20:10:00+00:00,0.0,0.0,0.0,0.0,0.0,9.75,1.72,0
2019-03-18 21:10:00+00:00,0.0,0.0,0.0,0.0,0.0,8.77,1.66,0
2019-03-18 22:10:00+00:00,0.0,0.0,0.0,0.0,0.0,8.02,1.79,0
2019-03-18 23:10:00+00:00,0.0,0.0,0.0,0.0,0.0,7.47,1.93,0
2019-03-19 00:10:00+00:00,0.0,0.0,0.0,0.0,0.0,7.48,1.79,0
2019-03-19 01:10:00+00:00,0.0,0.0,0.0,0.0,0.0,7.65,1.86,0
2019-03-19 02:10:00+00:00,0.0,0.0,0.0,0.0,0.0,7.77,2.0,0
2019-03-19 03:10:00+00:00,0.0,0.0,0.0,0.0,0.0,8.06,2.07,0
2019-03-19 04:10:00+00:00,0.0,0.0,0.0,0.0,0.0,8.01,2.28,0
2019-03-19 05:10:00+00:00,0.0,0.0,0.0,0.0,0.0,7.74,2.41,0
2019-03-19 06:10:00+00:00,15.2,5.16,56.52,0.99,9.23,7.72,2.28,0
2019-03-19 07:10:00+00:00,48.44,24.01,138.9,2.87,20.03,9.1,1.66,0
2019-03-19 08:10:00+00:00,67.71,139.81,100.12,6.34,30.05,11.0,1.59,0
2019-03-19 09:10:00+00:00,86.64,211.83,83.7,8.52,38.64,12.12,1.24,0
2019-03-19 10:10:00+00:00,119.16,72.09,298.98,7.01,44.84,12.86,1.24,0
2019-03-19 11:10:00+00:00,121.96,129.28,255.18,8.49,47.51,13.66,1.45,0
2019-03-19 12:10:00+00:00,77.84,0.81,242.26,3.51,45.97,13.98,1.59,0
2019-03-19 13:10:00+00:00,80.2,3.61,246.96,3.68,40.62,14.19,1.59,0
2019-03-19 14:10:00+00:00,74.34,120.7,136.57,6.54,32.57,14.13,1.45,0
2019-03-19 15:10:00+00:00,53.24,46.58,140.65,3.9,22.86,13.88,1.38,0
2019-03-19 16:10:00+00:00,1.64,0.0,13.99,0.2,12.23,13.5,1.24,0
2019-03-19 17:10:00+00:00,0.0,0.0,0.0,0.0,0.0,12.55,1.03,0
2019-03-19 18:10:00+00:00,0.0,0.0,0.0,0.0,0.0,11.59,1.72,0
2019-03-19 19:10:00+00:00,0.0,0.0,0.0,0.0,0.0,11.26,2.9,0
2019-03-19 20:10:00+00:00,0.0,0.0,0.0,0.0,0.0,10.41,3.1,0
2019-03-19 21:10:00+00:00,0.0,0.0,0.0,0.0,0.0,9.77,3.03,0
2019-03-19 22:10:00+00:00,0.0,0.0,0.0,0.0,0.0,9.23,2.9,0
2019-03-19 23:10:00+00:00,0.0,0.0,0.0,0.0,0.0,8.85,2.69,0
2019-03-20 00:10:00+00:00,0.0,0.0,0.0,0.0,0.0,8.34,2.69,0
2019-03-20 01:10:00+00:00,0.0,0.0,0.0,0.0,0.0,8.11,2.62,0
2019-03-20 02:10:00+00:00,0.0,0.0,0.0,0.0,0.0,7.63,2.76,0
2019-03-20 03:10:00+00:00,0.0,0.0,0.0,0.0,0.0,7.3,2.83,0
2019-03-20 04:10:00+00:00,0.0,0.0,0.0,0.0,0.0,7.36,2.9,0
2019-03-20 05:10:00+00:00,0.0,0.0,0.0,0.0,0.0,7.37,2.97,0
2019-03-20 06:10:00+00:00,17.13,13.74,58.43,1.29,9.56,7.65,2.9,0
2019-03-20 07:10:00+00:00,47.97,56.47,114.91,3.6,20.36,8.92,2.9,0
2019-03-20 08:10:00+00:00,72.21,133.92,114.93,6.27,30.4,10.8,3.1,0
2019-03-20 09:10:00+00:00,105.73,68.77,260.75,6.26,39.02,12.82,3.17,0
2019-03-20 10:10:00+00:00,116.3,144.38,223.54,8.43,45.24,14.44,2.97,0
2019-03-20 11:10:00+00:00,100.84,8.31,304.24,4.68,47.91,15.84,2.41,0
2019-03-20 12:10:00+00:00,106.56,16.49,317.07,5.17,46.33,16.9,1.52,0
2019-03-20 13:10:00+00:00,47.12,0.0,156.67,2.25,40.94,17.41,0.83,0
2019-03-20 14:10:00+00:00,80.8,85.47,187.73,5.94,32.84,17.09,0.28,0
2019-03-20 15:10:00+00:00,50.45,9.46,159.92,2.67,23.1,16.77,0.28,0
2019-03-20 16:10:00+00:00,22.69,6.3,80.73,1.42,12.44,15.93,0.28,0
2019-03-20 17:10:00+00:00,0.0,0.0,0.0,0.0,0.0,14.92,0.0,0
2019-03-20 18:10:00+00:00,0.0,0.0,0.0,0.0,0.0,13.44,0.55,0
2019-03-20 19:10:00+00:00,0.0,0.0,0.0,0.0,0.0,11.85,2.9,0
2019-03-20 20:10:00+00:00,0.0,0.0,0.0,0.0,0.0,10.77,3.24,0
2019-03-20 21:10:00+00:00,0.0,0.0,0.0,0.0,0.0,9.86,3.24,0
2019-03-20 22:10:00+00:00,0.0,0.0,0.0,0.0,0.0,9.03,3.03,0
2019-03-20 23:10:00+00:00,0.0,0.0,0.0,0.0,0.0,8.31,2.9,0
2019-03-21 00:10:00+00:00,0.0,0.0,0.0,0.0,0.0,7.72,2.83,0
2019-03-21 01:10:00+00:00,0.0,0.0,0.0,0.0,0.0,7.19,2.76,0
2019-03-21 02:10:00+00:00,0.0,0.0,0.0,0.0,0.0,6.86,2.69,0
2019-03-21 03:10:00+00:00,0.0,0.0,0.0,0.0,0.0,6.69,2.83,0
2019-03-21 04:10:00+00:00,0.0,0.0,0.0,0.0,0.0,6.5,3.03,0
2019-03-21 05:10:00+00:00,0.0,0.0,0.0,0.0,0.0,6.34,3.03,0
2019-03-21 06:10:00+00:00,15.59,37.23,42.64,1.73,9.88,6.64,2.9,0
2019-03-21 07:10:00+00:00,42.23,106.89,63.42,4.35,20.7,8.9,2.62,0
2019-03-21 08:10:00+00:00,68.9,178.1,69.53,6.83,30.76,11.87,2.83,0
2019-03-21 09:10:00+00:00,90.62,233.47,74.3,8.79,39.4,14.71,2.97,0
2019-03-21 10:10:00+00:00,103.52,277.07,68.42,10.17,45.64,17.17,2.83,0
2019-03-21 11:10:00+00:00,106.58,307.78,50.07,10.88,48.3,19.15,2.48,0
2019-03-21 12:10:00+00:00,101.1,295.12,50.81,10.56,46.7,20.5,1.86,0
2019-03-21 13:10:00+00:00,87.12,255.95,53.68,9.41,41.25,21.21,1.38,0
2019-03-21 14:10:00+00:00,65.91,195.57,55.7,7.52,33.11,21.44,1.45,0
2019-03-21 15:10:00+00:00,40.88,121.77,55.67,5.1,23.33,21.16,1.72,0
2019-03-21 16:10:00+00:00,19.52,38.84,56.83,2.29,12.66,20.11,1.38,0
2019-03-21 17:10:00+00:00,0.0,0.0,0.0,0.0,0.0,18.18,0.41,0
2019-03-21 18:10:00+00:00,0.0,0.0,0.0,0.0,0.0,16.16,1.03,0
2019-03-21 19:10:00+00:00,0.0,0.0,0.0,0.0,0.0,13.77,1.38,0
2019-03-21 20:10:00+00:00,0.0,0.0,0.0,0.0,0.0,12.33,1.52,0
2019-03-21 21:10:00+00:00,0.0,0.0,0.0,0.0,0.0,11.15,1.79,0
2019-03-21 22:10:00+00:00,0.0,0.0,0.0,0.0,0.0,10.47,2.0,0
2019-03-21 23:10:00+00:00,0.0,0.0,0.0,0.0,0.0,9.69,2.0,0
2019-03-22 00:10:00+00:00,0.0,0.0,0.0,0.0,0.0,9.16,2.14,0
2019-03-22 01:10:00+00:00,0.0,0.0,0.0,0.0,0.0,8.71,2.28,0
2019-03-22 02:10:00+00:00,0.0,0.0,0.0,0.0,0.0,8.24,2.34,0
2019-03-22 03:10:00+00:00,0.0,0.0,0.0,0.0,0.0,7.88,2.41,0
2019-03-22 04:10:00+00:00,0.0,0.0,0.0,0.0,0.0,7.46,2.34,0
2019-03-22 05:10:00+00:00,0.0,0.0,0.0,0.0,0.0,7.12,2.21,0
2019-03-22 06:10:00+00:00,16.89,41.62,43.69,1.81,10.2,7.3,1.93,0
2019-03-22 07:10:00+00:00,44.25,114.0,63.52,4.47,21.03,10.2,1.72,0
2019-03-22 08:10:00+00:00,70.72,186.57,68.87,6.97,31.11,13.98,1.59,0
2019-03-22 09:10:00+00:00,92.27,242.15,74.34,8.94,39.78,16.88,1.52,0
2019-03-22 10:10:00+00:00,104.31,296.75,56.35,10.42,46.04,18.9,1.31,0
2019-03-22 11:10:00+00:00,107.97,321.24,44.82,11.05,48.7,20.21,1.03,0
2019-03-22 12:10:00+00:00,103.39,308.07,46.17,10.73,47.06,21.0,1.31,0
2019-03-22 13:10:00+00:00,90.09,268.28,48.94,9.57,41.56,21.17,2.21,0
2019-03-22 14:10:00+00:00,69.2,203.78,55.09,7.64,33.38,20.71,3.17,0
2019-03-22 15:10:00+00:00,43.35,128.62,55.11,5.2,23.57,19.65,3.59,0
2019-03-22 16:10:00+00:00,20.62,44.66,55.77,2.4,12.87,18.13,3.24,0
2019-03-22 17:10:00+00:00,0.0,0.0,0.0,0.0,0.0,16.38,2.14,0
2019-03-22 18:10:00+00:00,0.0,0.0,0.0,0.0,0.0,14.76,1.38,0
2019-03-22 19:10:00+00:00,0.0,0.0,0.0,0.0,0.0,13.38,1.03,0
2019-03-22 20:10:00+00:00,0.0,0.0,0.0,0.0,0.0,13.3,0.69,0
2019-03-22 21:10:00+00:00,0.0,0.0,0.0,0.0,0.0,13.04,0.69,0
2019-03-22 22:10:00+00:00,0.0,0.0,0.0,0.0,0.0,11.63,1.1,0
2019-03-22 23:10:00+00:00,0.0,0.0,0.0,0.0,0.0,9.84,1.52,0
2019-03-23 00:10:00+00:00,0.0,0.0,0.0,0.0,0.0,8.82,1.66,0
2019-03-23 01:10:00+00:00,0.0,0.0,0.0,0.0,0.0,8.17,1.72,0
2019-03-23 02:10:00+00:00,0.0,0.0,0.0,0.0,0.0,7.71,1.72,0
2019-03-23 03:10:00+00:00,0.0,0.0,0.0,0.0,0.0,7.43,1.72,0
2019-03-23 04:10:00+00:00,0.0,0.0,0.0,0.0,0.0,7.24,1.66,0
2019-03-23 05:10:00+00:00,0.0,0.0,0.0,0.0,0.0,6.96,1.66,0
2019-03-23 06:10:00+00:00,20.41,11.66,68.06,1.3,10.53,7.24,1.45,0
2019-03-23 07:10:00+00:00,54.25,52.36,135.09,3.6,21.37,11.02,1.24,0
2019-03-23 08:10:00+00:00,74.37,179.76,84.7,6.91,31.47,14.71,0.97,0
2019-03-23 09:10:00+00:00,95.04,240.28,84.75,8.94,40.16,17.15,0.55,0
2019-03-23 10:10:00+00:00,107.71,288.38,73.92,10.36,46.44,18.55,0.62,0
2019-03-23 11:10:00+00:00,112.62,302.35,73.71,10.88,49.1,19.48,1.1,0
2019-03-23 12:10:00+00:00,107.0,312.15,49.79,10.78,47.42,20.04,1.59,0
2019-03-23 13:10:00+00:00,93.64,267.5,57.65,9.57,41.87,20.22,2.0,0
2019-03-23 14:10:00+00:00,72.7,202.67,64.39,7.64,33.64,20.06,2.48,0
2019-03-23 15:10:00+00:00,46.21,129.57,61.16,5.21,23.8,19.34,2.83,0
2019-03-23 16:10:00+00:00,21.49,49.48,55.08,2.47,13.08,18.04,2.48,0
2019-03-23 17:10:00+00:00,0.0,0.0,0.0,0.0,0.0,16.35,1.66,0
2019-03-23 18:10:00+00:00,0.0,0.0,0.0,0.0,0.0,14.72,1.1,0
2019-03-23 19:10:00+00:00,0.0,0.0,0.0,0.0,0.0,13.89,0.48,0
2019-03-23 20:10:00+00:00,0.0,0.0,0.0,0.0,0.0,13.65,0.07,0
2019-03-23 21:10:00+00:00,0.0,0.0,0.0,0.0,0.0,13.22,0.41,0
2019-03-23 22:10:00+00:00,0.0,0.0,0.0,0.0,0.0,12.61,0.9,0
2019-03-23 23:10:00+00:00,0.0,0.0,0.0,0.0,0.0,11.0,1.17,0
2019-03-24 00:10:00+00:00,0.0,0.0,0.0,0.0,0.0,9.86,1.38,0
2019-03-24 01:10:00+00:00,0.0,0.0,0.0,0.0,0.0,8.84,1.52,0
2019-03-24 02:10:00+00:00,0.0,0.0,0.0,0.0,0.0,7.83,1.66,0
2019-03-24 03:10:00+00:00,0.0,0.0,0.0,0.0,0.0,7.18,1.59,0
2019-03-24 04:10:00+00:00,0.0,0.0,0.0,0.0,0.0,6.7,1.52,0
2019-03-24 05:10:00+00:00,0.0,0.0,0.0,0.0,0.0,6.33,1.52,0
2019-03-24 06:10:00+00:00,20.14,50.17,46.72,1.97,10.85,6.83,1.24,0
2019-03-24 07:10:00+00:00,48.86,123.76,67.49,4.64,21.7,11.54,0.76,0
2019-03-24 08:10:00+00:00,75.58,192.78,77.58,7.07,31.82,15.65,0.28,0
2019-03-24 09:10:00+00:00,96.95,251.22,80.38,9.07,40.54,17.89,0.48,0
2019-03-24 10:10:00+00:00,110.51,295.12,74.27,10.44,46.84,19.27,1.31,0
2019-03-24 11:10:00+00:00,115.45,309.59,73.34,10.96,49.5,20.17,2.0,0
2019-03-24 12:10:00+00:00,109.69,323.16,45.35,10.89,47.78,20.56,2.55,0
2019-03-24 13:10:00+00:00,96.7,269.12,63.08,9.58,42.18,20.52,2.9,0
2019-03-24 14:10:00+00:00,76.01,201.31,73.32,7.62,33.9,20.08,3.03,0
2019-03-24 15:10:00+00:00,48.28,135.16,61.51,5.28,24.03,19.27,2.83,0
2019-03-24 16:10:00+00:00,23.21,51.74,58.13,2.51,13.3,18.08,2.28,0
2019-03-24 17:10:00+00:00,0.0,0.0,0.0,0.0,0.0,16.49,1.59,0
2019-03-24 18:10:00+00:00,0.0,0.0,0.0,0.0,0.0,14.77,1.24,0
2019-03-24 19:10:00+00:00,0.0,0.0,0.0,0.0,0.0,13.52,0.76,0
2019-03-24 20:10:00+00:00,0.0,0.0,0.0,0.0,0.0,13.42,0.62,0
2019-03-24 21:10:00+00:00,0.0,0.0,0.0,0.0,0.0,12.88,0.69,0
2019-03-24 22:10:00+00:00,0.0,0.0,0.0,0.0,0.0,12.36,0.55,0
2019-03-24 23:10:00+00:00,0.0,0.0,0.0,0.0,0.0,11.94,0.21,0
2019-03-25 00:10:00+00:00,0.0,0.0,0.0,0.0,0.0,11.57,0.34,0
2019-03-25 01:10:00+00:00,0.0,0.0,0.0,0.0,0.0,10.92,0.83,0
2019-03-25 02:10:00+00:00,0.0,0.0,0.0,0.0,0.0,9.69,1.17,0
2019-03-25 03:10:00+00:00,0.0,0.0,0.0,0.0,0.0,8.53,1.31,0
2019-03-25 04:10:00+00:00,0.0,0.0,0.0,0.0,0.0,7.76,1.45,0
2019-03-25 05:10:00+00:00,0.0,0.0,0.0,0.0,0.0,7.28,1.45,0
2019-03-25 06:10:00+00:00,23.79,22.28,71.71,1.59,11.18,7.7,1.24,0
2019-03-25 07:10:00+00:00,54.08,102.91,96.21,4.41,22.04,11.45,0.76,0
2019-03-25 08:10:00+00:00,79.1,198.56,78.74,7.15,32.18,14.58,1.45,0
2019-03-25 09:10:00+00:00,101.22,257.74,80.07,9.14,40.92,16.11,2.21,0
2019-03-25 10:10:00+00:00,115.48,301.42,75.32,10.52,47.24,17.08,2.9,0
2019-03-25 11:10:00+00:00,120.26,321.31,68.54,11.09,49.89,17.57,3.38,0
2019-03-25 12:10:00+00:00,114.48,329.86,45.63,10.96,48.14,17.67,3.66,0
2019-03-25 13:10:00+00:00,100.22,288.76,49.12,9.78,42.49,17.47,3.66,0
2019-03-25 14:10:00+00:00,78.79,214.37,65.18,7.76,34.16,17.05,3.52,0
2019-03-25 15:10:00+00:00,50.76,142.61,59.44,5.36,24.26,16.37,3.24,0
2019-03-25 16:10:00+00:00,24.35,57.24,56.57,2.57,13.51,15.42,2.69,0
2019-03-25 17:10:00+00:00,0.0,0.0,0.0,0.0,0.0,14.28,1.72,0
2019-03-25 18:10:00+00:00,0.0,0.0,0.0,0.0,0.0,13.06,1.31,0
2019-03-25 19:10:00+00:00,0.0,0.0,0.0,0.0,0.0,12.07,1.66,0
2019-03-25 20:10:00+00:00,0.0,0.0,0.0,0.0,0.0,11.17,1.86,0
2019-03-25 21:10:00+00:00,0.0,0.0,0.0,0.0,0.0,10.73,2.07,0
2019-03-25 22:10:00+00:00,0.0,0.0,0.0,0.0,0.0,10.3,1.93,0
2019-03-25 23:10:00+00:00,0.0,0.0,0.0,0.0,0.0,9.71,1.72,0
2019-03-26 00:10:00+00:00,0.0,0.0,0.0,0.0,0.0,8.98,1.66,0
2019-03-26 01:10:00+00:00,0.0,0.0,0.0,0.0,0.0,8.4,1.79,0
2019-03-26 02:10:00+00:00,0.0,0.0,0.0,0.0,0.0,7.8,1.79,0
2019-03-26 03:10:00+00:00,0.0,0.0,0.0,0.0,0.0,7.23,1.79,0
2019-03-26 04:10:00+00:00,0.0,0.0,0.0,0.0,0.0,7.16,1.72,0
2019-03-26 05:10:00+00:00,0.0,0.0,0.0,0.0,0.0,6.94,1.66,0
2019-03-26 06:10:00+00:00,21.89,8.26,73.68,1.26,11.5,7.69,1.31,0
2019-03-26 07:10:00+00:00,30.56,0.0,104.45,1.5,22.37,10.47,1.45,0
2019-03-26 08:10:00+00:00,87.21,41.06,233.06,4.65,32.53,12.61,1.86,0
2019-03-26 09:10:00+00:00,112.95,64.45,286.26,6.23,41.29,13.9,2.21,0
2019-03-26 10:10:00+00:00,21.41,0.0,79.27,1.14,47.64,15.37,2.55,0
2019-03-26 11:10:00+00:00,17.04,0.0,66.21,0.95,50.29,16.18,3.17,0
2019-03-26 12:10:00+00:00,56.62,0.0,182.79,2.63,48.5,16.69,3.59,0
2019-03-26 13:10:00+00:00,14.26,0.0,57.82,0.83,42.8,17.09,3.1,0
2019-03-26 14:10:00+00:00,36.54,0.0,124.97,1.8,34.42,17.34,2.55,0
2019-03-26 15:10:00+00:00,16.98,0.0,66.21,0.95,24.48,16.67,1.86,0
2019-03-26 16:10:00+00:00,29.04,26.55,86.94,2.05,13.71,15.11,1.1,0
2019-03-26 17:10:00+00:00,0.56,0.0,8.92,0.13,2.6,14.29,1.72,0
2019-03-26 18:10:00+00:00,0.0,0.0,0.0,0.0,0.0,13.03,2.69,0
2019-03-26 19:10:00+00:00,0.0,0.0,0.0,0.0,0.0,11.74,3.38,0
2019-03-26 20:10:00+00:00,0.0,0.0,0.0,0.0,0.0,11.1,3.17,0
2019-03-26 21:10:00+00:00,0.0,0.0,0.0,0.0,0.0,10.42,2.83,0
2019-03-26 22:10:00+00:00,0.0,0.0,0.0,0.0,0.0,9.77,2.55,0
2019-03-26 23:10:00+00:00,0.0,0.0,0.0,0.0,0.0,9.16,2.34,0
2019-03-27 00:10:00+00:00,0.0,0.0,0.0,0.0,0.0,8.54,2.28,0
2019-03-27 01:10:00+00:00,0.0,0.0,0.0,0.0,0.0,7.96,2.41,0
2019-03-27 02:10:00+00:00,0.0,0.0,0.0,0.0,0.0,7.64,2.69,0
2019-03-27 03:10:00+00:00,0.0,0.0,0.0,0.0,0.0,7.4,2.9,0
2019-03-27 04:10:00+00:00,0.0,0.0,0.0,0.0,0.0,7.09,2.9,0
2019-03-27 05:10:00+00:00,0.0,0.0,0.0,0.0,0.0,7.24,2.83,0
2019-03-27 06:10:00+00:00,24.88,67.47,47.21,2.24,11.82,7.78,2.9,0
2019-03-27 07:10:00+00:00,61.9,56.8,148.64,3.76,22.71,9.65,3.03,0
2019-03-27 08:10:00+00:00,40.49,0.0,133.36,1.92,32.88,12.0,3.31,0
2019-03-27 09:10:00+00:00,117.44,93.1,271.44,6.9,41.67,14.15,3.31,0
2019-03-27 10:10:00+00:00,125.32,239.68,157.68,9.82,48.03,15.75,2.97,0
2019-03-27 11:10:00+00:00,135.71,83.21,338.61,7.65,50.68,16.43,2.41,0
2019-03-27 12:10:00+00:00,120.27,302.3,88.39,10.66,48.86,17.02,1.72,0
2019-03-27 13:10:00+00:00,104.13,290.94,59.21,9.77,43.1,17.19,1.03,0
2019-03-27 14:10:00+00:00,87.52,162.57,136.2,7.13,34.68,16.98,0.28,0
2019-03-27 15:10:00+00:00,42.7,1.89,141.39,2.09,24.71,16.14,0.83,0
2019-03-27 16:10:00+00:00,25.13,4.59,87.8,1.39,13.92,15.29,1.38,0
2019-03-27 17:10:00+00:00,0.73,0.0,9.81,0.15,2.8,14.41,1.52,0
2019-03-27 18:10:00+00:00,0.0,0.0,0.0,0.0,0.0,13.22,0.62,0
2019-03-27 19:10:00+00:00,0.0,0.0,0.0,0.0,0.0,12.19,0.83,0
2019-03-27 20:10:00+00:00,0.0,0.0,0.0,0.0,0.0,12.11,0.21,0
2019-03-27 21:10:00+00:00,0.0,0.0,0.0,0.0,0.0,10.73,0.83,0
2019-03-27 22:10:00+00:00,0.0,0.0,0.0,0.0,0.0,9.59,1.72,0
2019-03-27 23:10:00+00:00,0.0,0.0,0.0,0.0,0.0,9.19,2.34,0
2019-03-28 00:10:00+00:00,0.0,0.0,0.0,0.0,0.0,8.41,2.69,0
2019-03-28 01:10:00+00:00,0.0,0.0,0.0,0.0,0.0,7.77,2.9,0
2019-03-28 02:10:00+00:00,0.0,0.0,0.0,0.0,0.0,7.13,2.97,0
2019-03-28 03:10:00+00:00,0.0,0.0,0.0,0.0,0.0,6.61,3.03,0
2019-03-28 04:10:00+00:00,0.0,0.0,0.0,0.0,0.0,6.15,3.1,0
2019-03-28 05:10:00+00:00,0.0,0.0,0.0,0.0,0.0,5.83,3.24,0
2019-03-28 06:10:00+00:00,27.34,71.21,50.12,2.32,12.15,6.28,3.1,0
2019-03-28 07:10:00+00:00,59.63,144.85,72.23,4.94,23.04,8.84,3.38,0
2019-03-28 08:10:00+00:00,88.76,222.36,75.61,7.46,33.23,11.27,3.24,0
2019-03-28 09:10:00+00:00,110.84,283.6,75.57,9.46,42.04,13.48,2.76,0
2019-03-28 10:10:00+00:00,123.96,323.15,74.82,10.77,48.43,15.17,1.93,0
2019-03-28 11:10:00+00:00,127.53,342.96,68.04,11.33,51.08,16.48,1.52,0
2019-03-28 12:10:00+00:00,121.49,352.28,44.99,11.2,49.22,17.42,1.52,0
2019-03-28 13:10:00+00:00,107.08,310.31,48.53,10.01,43.41,17.96,1.79,0
2019-03-28 14:10:00+00:00,85.28,233.19,65.48,7.96,34.94,18.11,2.28,0
2019-03-28 15:10:00+00:00,57.48,153.62,67.14,5.49,24.93,17.75,2.41,0
2019-03-28 16:10:00+00:00,28.43,69.05,59.3,2.73,14.13,17.16,2.07,0
2019-03-28 17:10:00+00:00,0.9,0.0,10.7,0.16,3.0,15.97,1.66,0
2019-03-28 18:10:00+00:00,0.0,0.0,0.0,0.0,0.0,14.04,1.93,0
2019-03-28 19:10:00+00:00,0.0,0.0,0.0,0.0,0.0,12.86,3.31,0
2019-03-28 20:10:00+00:00,0.0,0.0,0.0,0.0,0.0,11.65,3.03,0
2019-03-28 21:10:00+00:00,0.0,0.0,0.0,0.0,0.0,10.6,2.97,0
2019-03-28 22:10:00+00:00,0.0,0.0,0.0,0.0,0.0,9.68,2.9,0
2019-03-28 23:10:00+00:00,0.0,0.0,0.0,0.0,0.0,8.82,2.76,0
2019-03-29 00:10:00+00:00,0.0,0.0,0.0,0.0,0.0,8.02,2.62,0
2019-03-29 01:10:00+00:00,0.0,0.0,0.0,0.0,0.0,7.3,2.55,0
2019-03-29 02:10:00+00:00,0.0,0.0,0.0,0.0,0.0,6.69,2.55,0
2019-03-29 03:10:00+00:00,0.0,0.0,0.0,0.0,0.0,6.2,2.55,0
2019-03-29 04:10:00+00:00,0.0,0.0,0.0,0.0,0.0,5.81,2.48,0
2019-03-29 05:10:00+00:00,0.0,0.0,0.0,0.0,0.0,5.47,2.48,0
2019-03-29 06:10:00+00:00,29.82,78.78,51.06,2.45,12.47,6.01,2.21,0
2019-03-29 07:10:00+00:00,63.04,156.2,71.9,5.16,23.37,9.15,2.28,0
2019-03-29 08:10:00+00:00,92.38,231.77,78.44,7.68,33.58,12.5,2.41,0
2019-03-29 09:10:00+00:00,114.73,287.37,85.18,9.63,42.42,14.98,2.34,0
2019-03-29 10:10:00+00:00,127.8,332.33,79.5,11.01,48.83,16.62,1.79,0
2019-03-29 11:10:00+00:00,131.95,339.6,85.97,11.45,51.47,17.7,1.52,0
2019-03-29 12:10:00+00:00,125.7,357.61,52.91,11.39,49.57,18.4,1.66,0
2019-03-29 13:10:00+00:00,111.71,304.73,66.95,10.07,43.71,18.82,2.14,0
2019-03-29 14:10:00+00:00,89.39,237.93,72.18,8.11,35.19,18.84,2.97,0
2019-03-29 15:10:00+00:00,60.52,161.8,67.87,5.64,25.16,18.23,3.79,0
2019-03-29 16:10:00+00:00,30.21,78.33,57.37,2.88,14.33,16.98,4.28,0
2019-03-29 17:10:00+00:00,1.28,0.0,12.48,0.19,3.2,15.4,3.79,0
2019-03-29 18:10:00+00:00,0.0,0.0,0.0,0.0,0.0,13.85,2.9,0
2019-03-29 19:10:00+00:00,0.0,0.0,0.0,0.0,0.0,12.98,2.07,0
2019-03-29 20:10:00+00:00,0.0,0.0,0.0,0.0,0.0,12.19,1.03,0
2019-03-29 21:10:00+00:00,0.0,0.0,0.0,0.0,0.0,11.9,0.9,0
2019-03-29 22:10:00+00:00,0.0,0.0,0.0,0.0,0.0,9.63,1.38,0
2019-03-29 23:10:00+00:00,0.0,0.0,0.0,0.0,0.0,8.05,1.52,0
2019-03-30 00:10:00+00:00,0.0,0.0,0.0,0.0,0.0,7.02,1.59,0
2019-03-30 01:10:00+00:00,0.0,0.0,0.0,0.0,0.0,6.33,1.72,0
2019-03-30 02:10:00+00:00,0.0,0.0,0.0,0.0,0.0,5.82,1.72,0
2019-03-30 03:10:00+00:00,0.0,0.0,0.0,0.0,0.0,5.39,1.79,0
2019-03-30 04:10:00+00:00,0.0,0.0,0.0,0.0,0.0,5.04,1.79,0
2019-03-30 05:10:00+00:00,0.0,0.0,0.0,0.0,0.0,4.69,1.79,0
2019-03-30 06:10:00+00:00,31.58,80.63,53.29,2.48,12.79,5.32,1.31,0
2019-03-30 07:10:00+00:00,64.09,157.94,73.53,5.14,23.7,10.17,0.97,0
2019-03-30 08:10:00+00:00,92.4,233.15,80.16,7.64,33.93,13.67,0.41,0
2019-03-30 09:10:00+00:00,114.72,293.52,82.15,9.63,42.79,15.54,0.9,0
2019-03-30 10:10:00+00:00,128.46,332.95,81.25,10.93,49.22,16.86,1.38,0
2019-03-30 11:10:00+00:00,133.15,346.43,80.99,11.43,51.86,17.84,1.93,0
2019-03-30 12:10:00+00:00,127.69,351.57,61.46,11.24,49.92,18.44,2.48,0
2019-03-30 13:10:00+00:00,113.56,305.0,69.32,9.99,44.0,18.65,2.9,0
2019-03-30 14:10:00+00:00,90.96,238.77,73.92,8.04,35.44,18.47,3.17,0
2019-03-30 15:10:00+00:00,62.29,163.07,70.31,5.61,25.38,17.88,3.38,0
2019-03-30 16:10:00+00:00,31.43,79.58,58.94,2.87,14.54,16.77,3.38,0
2019-03-30 17:10:00+00:00,1.48,0.0,13.37,0.2,3.4,15.2,2.62,0
2019-03-30 18:10:00+00:00,0.0,0.0,0.0,0.0,0.0,13.54,1.79,0
2019-03-30 19:10:00+00:00,0.0,0.0,0.0,0.0,0.0,12.13,1.03,0
2019-03-30 20:10:00+00:00,0.0,0.0,0.0,0.0,0.0,11.81,0.69,0
2019-03-30 21:10:00+00:00,0.0,0.0,0.0,0.0,0.0,11.37,0.62,0
2019-03-30 22:10:00+00:00,0.0,0.0,0.0,0.0,0.0,11.31,0.28,0
2019-03-30 23:10:00+00:00,0.0,0.0,0.0,0.0,0.0,10.98,0.34,0
2019-03-31 00:10:00+00:00,0.0,0.0,0.0,0.0,0.0,10.6,0.55,0
2019-03-31 01:10:00+00:00,0.0,0.0,0.0,0.0,0.0,10.01,0.83,0
2019-03-31 02:10:00+00:00,0.0,0.0,0.0,0.0,0.0,8.31,1.17,0
2019-03-31 03:10:00+00:00,0.0,0.0,0.0,0.0,0.0,7.21,1.31,0
2019-03-31 04:10:00+00:00,0.0,0.0,0.0,0.0,0.0,6.35,1.45,0
2019-03-31 05:10:00+00:00,0.0,0.0,0.0,0.0,0.0,5.49,1.59,0
2019-03-31 06:10:00+00:00,33.06,83.73,54.55,2.52,13.11,6.43,1.17,0
2019-03-31 07:10:00+00:00,65.98,157.89,78.44,5.14,24.03,11.32,0.9,0
2019-03-31 08:10:00+00:00,93.94,235.96,81.67,7.64,34.28,14.7,0.62,0
2019-03-31 09:10:00+00:00,114.95,296.2,83.66,9.62,43.16,16.86,0.14,0
2019-03-31 10:10:00+00:00,128.97,334.89,83.5,10.91,49.61,18.45,1.17,0
2019-03-31 11:10:00+00:00,133.97,348.48,82.52,11.39,52.25,19.38,2.28,0
2019-03-31 12:10:00+00:00,128.89,371.04,45.85,11.36,50.27,19.57,3.24,0
2019-03-31 13:10:00+00:00,114.72,324.37,53.1,10.12,44.3,19.2,3.72,0
2019-03-31 14:10:00+00:00,92.3,249.77,66.71,8.11,35.69,18.7,3.45,0
2019-03-31 15:10:00+00:00,64.36,159.06,78.7,5.55,25.6,18.23,2.76,0
2019-03-31 16:10:00+00:00,32.54,82.99,59.4,2.89,14.74,17.64,2.0,0
2019-03-31 17:10:00+00:00,1.88,0.0,15.16,0.23,3.6,16.53,1.38,0
2019-03-31 18:10:00+00:00,0.0,0.0,0.0,0.0,0.0,14.91,1.31,0
2019-03-31 19:10:00+00:00,0.0,0.0,0.0,0.0,0.0,12.89,0.97,0
2019-03-31 20:10:00+00:00,0.0,0.0,0.0,0.0,0.0,12.96,0.62,0
2019-03-31 21:10:00+00:00,0.0,0.0,0.0,0.0,0.0,12.69,0.34,0
2019-03-31 22:10:00+00:00,0.0,0.0,0.0,0.0,0.0,11.82,0.97,0
2019-03-31 23:10:00+00:00,0.0,0.0,0.0,0.0,0.0,9.83,1.31,0
2019-04-01 00:10:00+00:00,0.0,0.0,0.0,0.0,0.0,8.52,1.66,0
2019-04-01 01:10:00+00:00,0.0,0.0,0.0,0.0,0.0,7.73,1.72,0
2019-04-01 02:10:00+00:00,0.0,0.0,0.0,0.0,0.0,7.34,1.38,0
2019-04-01 03:10:00+00:00,0.0,0.0,0.0,0.0,0.0,7.85,0.97,0
2019-04-01 04:10:00+00:00,0.0,0.0,0.0,0.0,0.0,8.27,0.69,0
2019-04-01 05:10:00+00:00,0.0,0.0,0.0,0.0,0.0,7.84,0.97,0
2019-04-01 06:10:00+00:00,35.15,71.76,68.09,2.44,13.42,8.18,0.97,0
2019-04-01 07:10:00+00:00,68.24,148.07,92.48,5.05,24.35,12.26,0.76,0
2019-04-01 08:10:00+00:00,96.72,218.84,104.29,7.46,34.62,15.09,0.69,0
2019-04-01 09:10:00+00:00,118.22,265.71,120.48,9.3,43.53,17.01,0.41,0
2019-04-01 10:10:00+00:00,131.83,306.83,118.34,10.61,50.0,18.52,1.17,0
2019-04-01 11:10:00+00:00,136.77,319.41,118.54,11.08,52.64,19.48,2.21,0
2019-04-01 12:10:00+00:00,131.02,336.64,85.73,11.01,50.62,19.67,2.55,0
2019-04-01 13:10:00+00:00,117.26,286.08,97.98,9.73,44.59,19.74,2.62,0
2019-04-01 14:10:00+00:00,96.68,199.18,125.32,7.57,35.94,19.38,2.69,0
2019-04-01 15:10:00+00:00,68.14,130.16,112.18,5.21,25.81,18.66,3.03,0
2019-04-01 16:10:00+00:00,35.9,53.85,87.26,2.56,14.94,17.51,2.97,0
2019-04-01 17:10:00+00:00,1.48,0.0,13.37,0.2,3.8,16.08,1.86,0
2019-04-01 18:10:00+00:00,0.0,0.0,0.0,0.0,0.0,14.92,1.03,0
2019-04-01 19:10:00+00:00,0.0,0.0,0.0,0.0,0.0,14.23,0.34,0
2019-04-01 20:10:00+00:00,0.0,0.0,0.0,0.0,0.0,13.95,0.28,0
2019-04-01 21:10:00+00:00,0.0,0.0,0.0,0.0,0.0,13.63,0.21,0
2019-04-01 22:10:00+00:00,0.0,0.0,0.0,0.0,0.0,13.3,0.34,0
2019-04-01 23:10:00+00:00,0.0,0.0,0.0,0.0,0.0,12.77,0.69,0
2019-04-02 00:10:00+00:00,0.0,0.0,0.0,0.0,0.0,11.97,0.9,0
2019-04-02 01:10:00+00:00,0.0,0.0,0.0,0.0,0.0,11.5,0.9,0
2019-04-02 02:10:00+00:00,0.0,0.0,0.0,0.0,0.0,10.92,0.9,0
2019-04-02 03:10:00+00:00,0.0,0.0,0.0,0.0,0.0,11.01,0.69,0
2019-04-02 04:10:00+00:00,0.0,0.0,0.0,0.0,0.0,10.89,0.41,0
2019-04-02 05:10:00+00:00,0.0,0.0,5.6,0.08,2.59,10.71,0.41,0
2019-04-02 06:10:00+00:00,29.16,13.23,91.63,1.58,13.74,10.86,0.41,0
2019-04-02 07:10:00+00:00,70.5,78.65,156.24,4.23,24.68,12.58,0.21,0
2019-04-02 08:10:00+00:00,100.88,104.26,219.79,6.07,34.96,14.63,0.21,0
2019-04-02 09:10:00+00:00,123.41,162.32,233.12,8.08,43.9,16.47,0.21,0
2019-04-02 10:10:00+00:00,135.45,277.52,155.6,10.3,50.4,17.73,1.1,0
2019-04-02 11:10:00+00:00,140.7,278.3,168.69,10.64,53.03,18.81,2.07,0
2019-04-02 12:10:00+00:00,137.41,242.12,193.59,10.01,50.97,19.18,2.9,0
2019-04-02 13:10:00+00:00,125.75,140.61,256.93,7.94,44.89,18.92,3.52,0
2019-04-02 14:10:00+00:00,102.14,146.99,184.17,6.93,36.19,17.86,3.79,0
2019-04-02 15:10:00+00:00,64.84,23.95,186.81,3.35,26.03,16.67,3.66,0
2019-04-02 16:10:00+00:00,25.24,3.64,88.26,1.35,15.14,15.59,3.1,0
2019-04-02 17:10:00+00:00,1.49,0.0,13.37,0.2,4.0,14.55,2.62,0
2019-04-02 18:10:00+00:00,0.0,0.0,0.0,0.0,0.0,13.58,1.93,0
2019-04-02 19:10:00+00:00,0.0,0.0,0.0,0.0,0.0,12.82,1.86,0
2019-04-02 20:10:00+00:00,0.0,0.0,0.0,0.0,0.0,12.36,1.66,0
2019-04-02 21:10:00+00:00,0.0,0.0,0.0,0.0,0.0,11.88,1.66,0
2019-04-02 22:10:00+00:00,0.0,0.0,0.0,0.0,0.0,11.56,1.72,0
2019-04-02 23:10:00+00:00,0.0,0.0,0.0,0.0,0.0,11.18,1.86,0
2019-04-03 00:10:00+00:00,0.0,0.0,0.0,0.0,0.0,10.92,2.0,0
2019-04-03 01:10:00+00:00,0.0,0.0,0.0,0.0,0.0,10.55,1.86,0
2019-04-03 02:10:00+00:00,0.0,0.0,0.0,0.0,0.0,10.34,2.07,0
2019-04-03 03:10:00+00:00,0.0,0.0,0.0,0.0,0.0,10.37,1.86,0
2019-04-03 04:10:00+00:00,0.0,0.0,0.0,0.0,0.0,9.94,2.14,0
2019-04-03 05:10:00+00:00,0.0,0.0,1.87,0.03,2.9,9.78,2.41,0
2019-04-03 06:10:00+00:00,26.92,7.8,88.26,1.42,14.05,10.5,2.9,0
2019-04-03 07:10:00+00:00,60.13,18.07,173.89,2.95,25.0,11.83,3.17,0
2019-04-03 08:10:00+00:00,85.89,18.76,245.69,4.05,35.31,12.63,3.86,0
2019-04-03 09:10:00+00:00,89.68,6.16,268.42,4.03,44.27,13.46,4.41,0
2019-04-03 10:10:00+00:00,113.67,15.53,328.72,5.18,50.78,14.15,5.24,0
2019-04-03 11:10:00+00:00,28.84,0.0,100.72,1.45,53.41,14.43,5.38,0
2019-04-03 12:10:00+00:00,109.56,11.37,320.28,4.94,51.32,13.85,5.38,0
2019-04-03 13:10:00+00:00,63.17,0.0,198.64,2.85,45.18,13.78,5.24,0
2019-04-03 14:10:00+00:00,16.63,0.0,64.35,0.92,36.43,14.02,4.48,0
2019-04-03 15:10:00+00:00,46.6,2.17,149.85,2.21,26.24,13.84,4.69,0
2019-04-03 16:10:00+00:00,32.09,12.43,101.4,1.74,15.34,13.96,4.9,0
2019-04-03 17:10:00+00:00,0.0,0.0,3.57,0.05,4.2,13.26,4.83,0
2019-04-03 18:10:00+00:00,0.0,0.0,0.0,0.0,0.0,12.78,4.62,0
2019-04-03 19:10:00+00:00,0.0,0.0,0.0,0.0,0.0,12.57,4.55,0
2019-04-03 20:10:00+00:00,0.0,0.0,0.0,0.0,0.0,12.54,4.55,0
2019-04-03 21:10:00+00:00,0.0,0.0,0.0,0.0,0.0,12.53,4.62,0
2019-04-03 22:10:00+00:00,0.0,0.0,0.0,0.0,0.0,12.55,4.9,0
2019-04-03 23:10:00+00:00,0.0,0.0,0.0,0.0,0.0,12.59,5.03,0
2019-04-04 00:10:00+00:00,0.0,0.0,0.0,0.0,0.0,12.42,5.03,0
2019-04-04 01:10:00+00:00,0.0,0.0,0.0,0.0,0.0,12.3,5.03,0
2019-04-04 02:10:00+00:00,0.0,0.0,0.0,0.0,0.0,12.06,5.03,0
2019-04-04 03:10:00+00:00,0.0,0.0,0.0,0.0,0.0,11.92,5.17,0
2019-04-04 04:10:00+00:00,0.0,0.0,0.0,0.0,0.0,12.21,5.31,0
2019-04-04 05:10:00+00:00,1.01,1.76,10.21,0.16,3.22,12.19,5.38,0
2019-04-04 06:10:00+00:00,34.61,27.38,96.78,1.92,14.37,12.59,6.0,0
2019-04-04 07:10:00+00:00,61.51,20.1,176.54,3.03,25.33,13.5,5.52,0
2019-04-04 08:10:00+00:00,88.31,22.25,249.83,4.19,35.64,14.35,6.55,0
2019-04-04 09:10:00+00:00,27.19,0.0,96.06,1.38,44.63,15.17,7.45,0
2019-04-04 10:10:00+00:00,30.36,0.0,105.38,1.51,51.17,15.34,7.66,0
2019-04-04 11:10:00+00:00,32.62,0.0,111.91,1.61,53.79,15.22,7.45,0
2019-04-04 12:10:00+00:00,32.72,0.0,111.91,1.61,51.66,14.48,6.9,0
2019-04-04 13:10:00+00:00,31.8,0.0,109.11,1.57,45.47,14.05,6.07,0
2019-04-04 14:10:00+00:00,32.2,0.0,110.04,1.58,36.67,13.54,5.86,0
2019-04-04 15:10:00+00:00,36.86,0.0,123.1,1.77,26.46,13.05,7.03,0
2019-04-04 16:10:00+00:00,15.2,0.0,59.69,0.86,15.54,13.07,6.55,0
2019-04-04 17:10:00+00:00,5.41,14.1,21.66,0.5,4.4,13.07,7.03,0
2019-04-04 18:10:00+00:00,0.0,0.0,0.0,0.0,0.0,12.71,7.38,0
2019-04-04 19:10:00+00:00,0.0,0.0,0.0,0.0,0.0,12.79,7.17,0
2019-04-04 20:10:00+00:00,0.0,0.0,0.0,0.0,0.0,12.52,5.1,0
2019-04-04 21:10:00+00:00,0.0,0.0,0.0,0.0,0.0,11.23,3.93,0
2019-04-04 22:10:00+00:00,0.0,0.0,0.0,0.0,0.0,10.07,2.41,0
2019-04-04 23:10:00+00:00,0.0,0.0,0.0,0.0,0.0,9.5,0.83,0
2019-04-05 00:10:00+00:00,0.0,0.0,0.0,0.0,0.0,8.1,1.17,0
2019-04-05 01:10:00+00:00,0.0,0.0,0.0,0.0,0.0,7.38,1.31,0
2019-04-05 02:10:00+00:00,0.0,0.0,0.0,0.0,0.0,7.13,1.38,0
2019-04-05 03:10:00+00:00,0.0,0.0,0.0,0.0,0.0,8.04,1.1,0
2019-04-05 04:10:00+00:00,0.0,0.0,0.0,0.0,0.0,7.96,1.1,0
2019-04-05 05:10:00+00:00,2.13,3.43,13.89,0.23,3.53,6.17,1.31,0
2019-04-05 06:10:00+00:00,43.37,81.94,79.3,2.68,14.68,7.36,1.03,0
2019-04-05 07:10:00+00:00,79.6,182.83,86.88,5.53,25.64,9.57,1.45,0
2019-04-05 08:10:00+00:00,109.72,255.92,96.56,7.96,35.98,11.66,1.86,0
2019-04-05 09:10:00+00:00,133.65,261.15,154.7,9.38,45.0,12.79,2.21,0
2019-04-05 10:10:00+00:00,144.8,92.04,350.52,7.74,51.56,13.78,2.34,0
2019-04-05 11:10:00+00:00,147.51,78.84,371.38,7.69,54.18,14.28,2.69,0
2019-04-05 12:10:00+00:00,147.96,126.27,327.2,8.45,52.0,14.75,2.97,0
2019-04-05 13:10:00+00:00,132.94,221.73,193.54,9.11,45.75,14.9,2.76,0
2019-04-05 14:10:00+00:00,108.86,201.41,148.35,7.66,36.91,14.59,2.69,0
2019-04-05 15:10:00+00:00,77.74,146.57,117.96,5.45,26.67,14.18,2.41,0
2019-04-05 16:10:00+00:00,42.24,98.01,69.37,3.11,15.74,13.78,2.14,0
2019-04-05 17:10:00+00:00,6.21,17.98,22.29,0.55,4.59,13.11,1.66,0
2019-04-05 18:10:00+00:00,0.0,0.0,0.0,0.0,0.0,11.9,1.38,0
2019-04-05 19:10:00+00:00,0.0,0.0,0.0,0.0,0.0,10.42,1.24,0
2019-04-05 20:10:00+00:00,0.0,0.0,0.0,0.0,0.0,9.84,1.1,0
2019-04-05 21:10:00+00:00,0.0,0.0,0.0,0.0,0.0,8.94,1.24,0
2019-04-05 22:10:00+00:00,0.0,0.0,0.0,0.0,0.0,7.92,1.45,0
2019-04-05 23:10:00+00:00,0.0,0.0,0.0,0.0,0.0,7.29,1.52,0
2019-04-06 00:10:00+00:00,0.0,0.0,0.0,0.0,0.0,6.78,1.52,0
2019-04-06 01:10:00+00:00,0.0,0.0,0.0,0.0,0.0,6.06,1.59,0
2019-04-06 02:10:00+00:00,0.0,0.0,0.0,0.0,0.0,5.46,1.59,0
2019-04-06 03:10:00+00:00,0.0,0.0,0.0,0.0,0.0,5.04,1.45,0
2019-04-06 04:10:00+00:00,0.0,0.0,0.0,0.0,0.0,4.73,1.38,0
2019-04-06 05:10:00+00:00,2.9,3.35,16.68,0.27,3.84,4.32,1.45,0
2019-04-06 06:10:00+00:00,46.28,112.83,62.38,2.97,14.99,5.77,1.1,0
2019-04-06 07:10:00+00:00,81.52,185.26,89.93,5.57,25.96,10.75,1.66,0
2019-04-06 08:10:00+00:00,111.44,238.34,120.37,7.82,36.32,13.51,1.45,0
2019-04-06 09:10:00+00:00,132.32,322.19,99.97,9.99,45.35,15.28,0.9,0
2019-04-06 10:10:00+00:00,145.69,335.17,125.53,11.01,51.94,16.45,1.1,0
2019-04-06 11:10:00+00:00,150.42,366.95,106.16,11.66,54.56,17.2,1.93,0
2019-04-06 12:10:00+00:00,145.58,386.75,71.81,11.58,52.34,17.46,2.76,0
2019-04-06 13:10:00+00:00,132.27,279.98,139.02,9.75,46.03,17.23,2.97,0
2019-04-06 14:10:00+00:00,110.17,174.69,179.5,7.36,37.15,16.73,2.55,0
2019-04-06 15:10:00+00:00,79.15,118.18,147.76,5.13,26.88,16.23,2.14,0
2019-04-06 16:10:00+00:00,24.0,1.99,85.68,1.27,15.94,15.46,1.93,0
2019-04-06 17:10:00+00:00,3.14,1.22,19.49,0.29,4.79,14.38,1.66,0
2019-04-06 18:10:00+00:00,0.0,0.0,0.0,0.0,0.0,12.91,1.79,0
2019-04-06 19:10:00+00:00,0.0,0.0,0.0,0.0,0.0,11.82,1.38,0
2019-04-06 20:10:00+00:00,0.0,0.0,0.0,0.0,0.0,10.97,1.59,0
2019-04-06 21:10:00+00:00,0.0,0.0,0.0,0.0,0.0,10.5,1.72,0
2019-04-06 22:10:00+00:00,0.0,0.0,0.0,0.0,0.0,10.22,2.0,0
2019-04-06 23:10:00+00:00,0.0,0.0,0.0,0.0,0.0,9.85,2.0,0
2019-04-07 00:10:00+00:00,0.0,0.0,0.0,0.0,0.0,9.63,1.79,0
2019-04-07 01:10:00+00:00,0.0,0.0,0.0,0.0,0.0,9.82,1.66,0
2019-04-07 02:10:00+00:00,0.0,0.0,0.0,0.0,0.0,10.03,1.72,0
2019-04-07 03:10:00+00:00,0.0,0.0,0.0,0.0,0.0,10.2,1.86,0
2019-04-07 04:10:00+00:00,0.0,0.0,0.0,0.0,0.0,10.39,2.0,0
2019-04-07 05:10:00+00:00,0.0,0.0,3.73,0.05,4.14,10.31,2.14,0
2019-04-07 06:10:00+00:00,5.68,0.0,28.91,0.42,15.29,10.53,2.14,0
2019-04-07 07:10:00+00:00,52.88,5.54,163.61,2.48,26.28,11.34,2.34,0
2019-04-07 08:10:00+00:00,89.9,19.66,256.22,4.19,36.65,11.81,2.41,0
2019-04-07 09:10:00+00:00,44.85,0.0,146.42,2.1,45.71,12.57,2.21,0
2019-04-07 10:10:00+00:00,152.14,197.11,268.7,9.43,52.32,13.95,2.69,0
2019-04-07 11:10:00+00:00,156.3,259.18,220.12,10.49,54.93,14.33,2.76,0
2019-04-07 12:10:00+00:00,151.44,209.74,255.4,9.66,52.67,14.67,2.9,0
2019-04-07 13:10:00+00:00,134.63,114.36,299.63,7.57,46.31,14.81,3.1,0
2019-04-07 14:10:00+00:00,112.0,198.42,158.22,7.58,37.39,14.68,3.03,0
2019-04-07 15:10:00+00:00,79.91,190.33,84.27,5.85,27.09,14.29,2.97,0
2019-04-07 16:10:00+00:00,45.08,107.38,68.31,3.19,16.13,13.78,2.34,0
2019-04-07 17:10:00+00:00,8.09,26.02,23.67,0.66,4.98,13.17,1.59,0
2019-04-07 18:10:00+00:00,0.0,0.0,0.0,0.0,0.0,12.25,1.1,0
2019-04-07 19:10:00+00:00,0.0,0.0,0.0,0.0,0.0,11.35,1.79,0
2019-04-07 20:10:00+00:00,0.0,0.0,0.0,0.0,0.0,10.25,1.52,0
2019-04-07 21:10:00+00:00,0.0,0.0,0.0,0.0,0.0,9.58,1.24,0
2019-04-07 22:10:00+00:00,0.0,0.0,0.0,0.0,0.0,8.91,1.24,0
2019-04-07 23:10:00+00:00,0.0,0.0,0.0,0.0,0.0,8.5,1.17,0
2019-04-08 00:10:00+00:00,0.0,0.0,0.0,0.0,0.0,8.23,1.1,0
2019-04-08 01:10:00+00:00,0.0,0.0,0.0,0.0,0.0,7.25,1.31,0
2019-04-08 02:10:00+00:00,0.0,0.0,0.0,0.0,0.0,6.38,1.72,0
2019-04-08 03:10:00+00:00,0.0,0.0,0.0,0.0,0.0,6.3,1.86,0
2019-04-08 04:10:00+00:00,0.0,0.0,0.0,0.0,0.0,6.07,1.93,0
2019-04-08 05:10:00+00:00,5.47,8.08,23.04,0.4,4.45,5.74,1.79,0
2019-04-08 06:10:00+00:00,50.06,119.7,65.71,3.08,15.6,7.13,1.45,0
2019-04-08 07:10:00+00:00,85.65,188.7,96.17,5.63,26.59,10.95,1.86,0
2019-04-08 08:10:00+00:00,115.95,264.1,104.76,8.05,36.98,12.9,2.34,0
2019-04-08 09:10:00+00:00,138.48,317.38,113.63,9.91,46.07,14.3,2.9,0
2019-04-08 10:10:00+00:00,153.29,293.2,177.33,10.56,52.7,15.27,3.79,0
2019-04-08 11:10:00+00:00,158.29,285.55,198.05,10.78,55.31,15.86,4.76,0
2019-04-08 12:10:00+00:00,153.84,247.68,222.12,10.13,53.01,15.98,5.52,0
2019-04-08 13:10:00+00:00,137.32,319.78,107.17,10.09,46.59,16.03,5.79,0
2019-04-08 14:10:00+00:00,113.26,264.11,98.52,8.24,37.62,15.6,5.66,0
2019-04-08 15:10:00+00:00,82.61,177.3,101.69,5.75,27.29,15.31,5.59,0
2019-04-08 16:10:00+00:00,46.5,83.92,88.78,2.97,16.33,14.69,5.17,0
2019-04-08 17:10:00+00:00,6.9,10.05,27.98,0.52,5.18,13.86,4.41,0
2019-04-08 18:10:00+00:00,0.0,0.0,0.0,0.0,0.0,12.8,3.86,0
2019-04-08 19:10:00+00:00,0.0,0.0,0.0,0.0,0.0,12.45,3.24,0
2019-04-08 20:10:00+00:00,0.0,0.0,0.0,0.0,0.0,11.88,2.9,0
2019-04-08 21:10:00+00:00,0.0,0.0,0.0,0.0,0.0,11.21,2.55,0
2019-04-08 22:10:00+00:00,0.0,0.0,0.0,0.0,0.0,10.49,2.21,0
2019-04-08 23:10:00+00:00,0.0,0.0,0.0,0.0,0.0,9.87,2.14,0
2019-04-09 00:10:00+00:00,0.0,0.0,0.0,0.0,0.0,9.44,2.0,0
2019-04-09 01:10:00+00:00,0.0,0.0,0.0,0.0,0.0,9.0,1.93,0
2019-04-09 02:10:00+00:00,0.0,0.0,0.0,0.0,0.0,8.75,2.0,0
2019-04-09 03:10:00+00:00,0.0,0.0,0.0,0.0,0.0,8.41,1.93,0
2019-04-09 04:10:00+00:00,0.0,0.0,0.0,0.0,0.0,8.19,1.86,0
2019-04-09 05:10:00+00:00,5.44,6.37,24.06,0.4,4.75,8.15,1.72,0
2019-04-09 06:10:00+00:00,51.46,119.63,69.73,3.11,15.9,9.07,1.38,0
2019-04-09 07:10:00+00:00,87.54,195.97,93.87,5.69,26.9,11.44,2.48,0
2019-04-09 08:10:00+00:00,118.42,267.47,106.13,8.08,37.3,12.94,3.38,0
2019-04-09 09:10:00+00:00,140.74,302.99,132.17,9.77,46.42,14.76,3.93,0
2019-04-09 10:10:00+00:00,154.18,312.39,161.91,10.73,53.07,15.98,3.86,0
2019-04-09 11:10:00+00:00,157.58,355.89,130.17,11.47,55.68,16.57,3.59,0
2019-04-09 12:10:00+00:00,153.03,282.61,189.93,10.49,53.34,16.54,3.59,0
2019-04-09 13:10:00+00:00,136.96,347.06,83.57,10.29,46.87,16.88,3.79,0
2019-04-09 14:10:00+00:00,114.0,271.63,95.65,8.29,37.86,16.64,4.28,0
2019-04-09 15:10:00+00:00,83.5,190.48,93.16,5.85,27.5,15.99,4.21,0
2019-04-09 16:10:00+00:00,48.06,109.21,73.75,3.22,16.52,15.21,3.86,0
2019-04-09 17:10:00+00:00,9.57,28.0,26.59,0.71,5.37,14.23,2.83,0
2019-04-09 18:10:00+00:00,0.0,0.0,0.0,0.0,0.0,13.13,1.72,0
2019-04-09 19:10:00+00:00,0.0,0.0,0.0,0.0,0.0,12.19,1.52,0
2019-04-09 20:10:00+00:00,0.0,0.0,0.0,0.0,0.0,11.5,0.76,0
2019-04-09 21:10:00+00:00,0.0,0.0,0.0,0.0,0.0,11.38,0.62,0
2019-04-09 22:10:00+00:00,0.0,0.0,0.0,0.0,0.0,10.1,0.97,0
2019-04-09 23:10:00+00:00,0.0,0.0,0.0,0.0,0.0,10.25,0.83,0
2019-04-10 00:10:00+00:00,0.0,0.0,0.0,0.0,0.0,10.13,0.83,0
2019-04-10 01:10:00+00:00,0.0,0.0,0.0,0.0,0.0,9.2,1.17,0
2019-04-10 02:10:00+00:00,0.0,0.0,0.0,0.0,0.0,8.4,1.59,0
2019-04-10 03:10:00+00:00,0.0,0.0,0.0,0.0,0.0,7.65,1.86,0
2019-04-10 04:10:00+00:00,0.0,0.0,0.0,0.0,0.0,7.65,2.0,0
2019-04-10 05:10:00+00:00,1.7,0.0,13.99,0.2,5.05,7.73,1.86,0
2019-04-10 06:10:00+00:00,2.86,0.0,18.65,0.27,16.2,9.21,1.31,0
2019-04-10 07:10:00+00:00,14.34,0.0,56.89,0.82,27.2,11.7,1.52,0
2019-04-10 08:10:00+00:00,17.58,0.0,67.15,0.96,37.63,13.26,1.86,0
2019-04-10 09:10:00+00:00,34.19,0.0,116.57,1.67,46.77,14.47,2.83,0
2019-04-10 10:10:00+00:00,105.18,7.5,314.93,4.73,53.45,14.8,3.03,0
2019-04-10 11:10:00+00:00,149.68,79.44,377.38,7.66,56.06,15.11,3.03,0
2019-04-10 12:10:00+00:00,111.78,11.66,331.81,5.09,53.67,15.88,3.17,0
2019-04-10 13:10:00+00:00,139.37,171.24,258.79,8.39,47.14,15.86,3.59,0
2019-04-10 14:10:00+00:00,103.43,43.55,274.38,5.09,38.09,14.23,4.0,0
2019-04-10 15:10:00+00:00,83.94,95.03,174.54,4.78,27.7,13.12,3.31,0
2019-04-10 16:10:00+00:00,33.68,8.54,107.81,1.71,16.71,12.88,2.34,0
2019-04-10 17:10:00+00:00,8.07,12.88,29.77,0.58,5.56,12.92,2.21,0
2019-04-10 18:10:00+00:00,0.0,0.0,0.0,0.0,0.0,12.13,1.66,0
2019-04-10 19:10:00+00:00,0.0,0.0,0.0,0.0,0.0,11.54,1.66,0
2019-04-10 20:10:00+00:00,0.0,0.0,0.0,0.0,0.0,10.91,1.52,0
2019-04-10 21:10:00+00:00,0.0,0.0,0.0,0.0,0.0,10.28,1.45,0
2019-04-10 22:10:00+00:00,0.0,0.0,0.0,0.0,0.0,9.03,1.52,0
2019-04-10 23:10:00+00:00,0.0,0.0,0.0,0.0,0.0,8.6,1.59,0
2019-04-11 00:10:00+00:00,0.0,0.0,0.0,0.0,0.0,8.32,1.72,0
2019-04-11 01:10:00+00:00,0.0,0.0,0.0,0.0,0.0,7.82,1.86,0
2019-04-11 02:10:00+00:00,0.0,0.0,0.0,0.0,0.0,7.59,1.72,0
2019-04-11 03:10:00+00:00,0.0,0.0,0.0,0.0,0.0,6.78,1.72,0
2019-04-11 04:10:00+00:00,0.0,0.0,0.0,0.0,0.0,6.14,1.72,0
2019-04-11 05:10:00+00:00,10.52,23.31,29.2,0.63,5.35,5.68,1.72,0
2019-04-11 06:10:00+00:00,55.82,127.11,73.02,3.23,16.49,8.07,1.1,0
2019-04-11 07:10:00+00:00,91.23,203.6,97.24,5.8,27.51,11.47,0.97,0
2019-04-11 08:10:00+00:00,120.64,275.82,107.88,8.16,37.95,13.06,0.97,0
2019-04-11 09:10:00+00:00,141.98,341.48,104.3,10.1,47.12,14.12,0.83,0
2019-04-11 10:10:00+00:00,149.28,114.11,348.89,8.15,53.82,15.24,1.1,0
2019-04-11 11:10:00+00:00,114.69,11.75,343.03,5.25,56.42,15.98,1.72,0
2019-04-11 12:10:00+00:00,155.49,260.54,220.22,10.22,54.0,16.17,2.55,0
2019-04-11 13:10:00+00:00,140.3,187.05,248.59,8.6,47.41,16.08,2.55,0
2019-04-11 14:10:00+00:00,74.76,5.08,229.69,3.43,38.31,14.96,2.28,0
2019-04-11 15:10:00+00:00,46.83,1.83,151.85,2.22,27.91,14.4,1.66,0
2019-04-11 16:10:00+00:00,13.3,0.0,54.09,0.78,16.9,13.5,0.9,0
2019-04-11 17:10:00+00:00,2.32,0.0,16.79,0.24,5.76,12.8,0.21,0
2019-04-11 18:10:00+00:00,0.0,0.0,0.0,0.0,0.0,12.43,0.69,0
2019-04-11 19:10:00+00:00,0.0,0.0,0.0,0.0,0.0,11.67,1.24,0
2019-04-11 20:10:00+00:00,0.0,0.0,0.0,0.0,0.0,10.39,1.1,0
2019-04-11 21:10:00+00:00,0.0,0.0,0.0,0.0,0.0,9.89,1.03,0
2019-04-11 22:10:00+00:00,0.0,0.0,0.0,0.0,0.0,8.92,1.31,0
2019-04-11 23:10:00+00:00,0.0,0.0,0.0,0.0,0.0,8.15,1.38,0
2019-04-12 00:10:00+00:00,0.0,0.0,0.0,0.0,0.0,7.77,1.31,0
2019-04-12 01:10:00+00:00,0.0,0.0,0.0,0.0,0.0,6.9,1.45,0
2019-04-12 02:10:00+00:00,0.0,0.0,0.0,0.0,0.0,6.27,1.52,0
2019-04-12 03:10:00+00:00,0.0,0.0,0.0,0.0,0.0,6.05,1.45,0
2019-04-12 04:10:00+00:00,0.0,0.0,0.0,0.0,0.0,5.85,1.52,0
2019-04-12 05:10:00+00:00,6.99,6.15,28.77,0.47,5.64,5.66,1.59,0
2019-04-12 06:10:00+00:00,34.35,8.78,107.19,1.69,16.79,8.12,1.17,0
2019-04-12 07:10:00+00:00,92.68,182.31,119.78,5.64,27.81,11.42,0.76,0
2019-04-12 08:10:00+00:00,122.4,296.22,94.43,8.35,38.27,13.25,0.55,0
2019-04-12 09:10:00+00:00,143.72,346.22,105.48,10.16,47.46,14.26,0.62,0
2019-04-12 10:10:00+00:00,156.62,300.53,187.03,10.58,54.19,15.26,1.1,0
2019-04-12 11:10:00+00:00,156.65,126.62,356.69,8.61,56.79,16.1,2.14,0
2019-04-12 12:10:00+00:00,0.0,0.0,0.0,0.0,0.0,16.27,2.97,0
2019-04-12 13:10:00+00:00,141.29,160.84,275.11,8.25,47.68,15.95,3.1,0
2019-04-12 14:10:00+00:00,110.57,67.91,273.82,5.68,38.54,14.75,3.03,0
2019-04-12 15:10:00+00:00,81.57,60.48,199.28,4.27,28.11,13.59,1.79,0
2019-04-12 16:10:00+00:00,4.53,0.0,25.18,0.36,17.09,13.43,0.9,0
2019-04-12 17:10:00+00:00,8.34,7.89,33.38,0.55,5.95,13.16,0.83,0
2019-04-12 18:10:00+00:00,0.0,0.0,0.0,0.0,0.0,12.4,0.55,0
2019-04-12 19:10:00+00:00,0.0,0.0,0.0,0.0,0.0,11.7,0.69,0
2019-04-12 20:10:00+00:00,0.0,0.0,0.0,0.0,0.0,11.74,0.69,0
2019-04-12 21:10:00+00:00,0.0,0.0,0.0,0.0,0.0,10.08,1.17,0
2019-04-12 22:10:00+00:00,0.0,0.0,0.0,0.0,0.0,9.03,1.38,0
2019-04-12 23:10:00+00:00,0.0,0.0,0.0,0.0,0.0,8.55,1.31,0
2019-04-13 00:10:00+00:00,0.0,0.0,0.0,0.0,0.0,8.27,1.24,0
2019-04-13 01:10:00+00:00,0.0,0.0,0.0,0.0,0.0,7.28,1.52,0
2019-04-13 02:10:00+00:00,0.0,0.0,0.0,0.0,0.0,7.07,1.45,0
2019-04-13 03:10:00+00:00,0.0,0.0,0.0,0.0,0.0,6.6,1.59,0
2019-04-13 04:10:00+00:00,0.0,0.0,0.0,0.0,0.0,6.37,1.52,0
2019-04-13 05:10:00+00:00,6.86,4.57,29.38,0.46,5.93,6.19,1.52,0
2019-04-13 06:10:00+00:00,59.1,126.53,81.07,3.28,17.08,8.94,1.17,0
2019-04-13 07:10:00+00:00,95.95,209.17,102.4,5.89,28.11,10.67,1.1,0
2019-04-13 08:10:00+00:00,124.76,259.61,133.46,8.05,38.58,12.83,0.97,0
2019-04-13 09:10:00+00:00,144.04,199.81,248.55,8.69,47.8,14.11,0.69,0
2019-04-13 10:10:00+00:00,151.87,124.3,347.38,8.33,54.55,15.35,0.97,0
2019-04-13 11:10:00+00:00,148.44,72.26,385.47,7.52,57.16,15.94,1.93,0
2019-04-13 12:10:00+00:00,86.42,1.09,266.58,3.86,54.64,14.74,2.83,0
2019-04-13 13:10:00+00:00,97.48,8.31,291.61,4.41,47.95,14.49,2.69,0
2019-04-13 14:10:00+00:00,59.62,0.58,189.26,2.73,38.76,14.0,2.28,0
2019-04-13 15:10:00+00:00,59.01,8.12,181.1,2.79,28.31,14.06,1.72,0
2019-04-13 16:10:00+00:00,3.26,0.0,20.52,0.29,17.28,13.63,0.76,0
2019-04-13 17:10:00+00:00,0.0,0.0,4.66,0.07,6.14,12.77,0.69,0
2019-04-13 18:10:00+00:00,0.0,0.0,0.0,0.0,0.0,12.16,0.69,0
2019-04-13 19:10:00+00:00,0.0,0.0,0.0,0.0,0.0,11.42,0.83,0
2019-04-13 20:10:00+00:00,0.0,0.0,0.0,0.0,0.0,11.41,0.69,0
2019-04-13 21:10:00+00:00,0.0,0.0,0.0,0.0,0.0,10.55,0.9,0
2019-04-13 22:10:00+00:00,0.0,0.0,0.0,0.0,0.0,9.32,1.24,0
2019-04-13 23:10:00+00:00,0.0,0.0,0.0,0.0,0.0,8.93,1.31,0
2019-04-14 00:10:00+00:00,0.0,0.0,0.0,0.0,0.0,8.29,1.45,0
2019-04-14 01:10:00+00:00,0.0,0.0,0.0,0.0,0.0,7.87,1.45,0
2019-04-14 02:10:00+00:00,0.0,0.0,0.0,0.0,0.0,7.71,1.45,0
2019-04-14 03:10:00+00:00,0.0,0.0,0.0,0.0,0.0,6.98,1.66,0
2019-04-14 04:10:00+00:00,0.0,0.0,0.0,0.0,0.0,6.8,1.52,0
2019-04-14 05:10:00+00:00,6.78,3.02,30.14,0.46,6.22,6.62,1.45,0
2019-04-14 06:10:00+00:00,61.07,130.18,83.18,3.35,17.37,9.52,0.9,0
2019-04-14 07:10:00+00:00,71.31,22.58,201.56,3.38,28.4,11.72,1.1,0
2019-04-14 08:10:00+00:00,126.57,206.57,186.21,7.57,38.89,13.4,2.41,0
2019-04-14 09:10:00+00:00,147.59,182.1,269.06,8.51,48.14,14.26,2.9,0
2019-04-14 10:10:00+00:00,163.39,257.85,240.25,10.18,54.91,14.95,3.31,0
2019-04-14 11:10:00+00:00,159.55,112.84,372.01,8.4,57.52,15.59,4.07,0
2019-04-14 12:10:00+00:00,138.44,44.47,375.28,6.59,54.96,15.25,4.48,0
2019-04-14 13:10:00+00:00,147.38,209.67,241.09,8.91,48.21,15.25,4.21,0
2019-04-14 14:10:00+00:00,118.4,106.02,259.21,6.38,38.99,14.99,4.0,0
2019-04-14 15:10:00+00:00,89.75,109.37,178.0,5.02,28.5,14.77,3.72,0
2019-04-14 16:10:00+00:00,8.88,0.0,40.1,0.58,17.47,14.3,3.1,0
2019-04-14 17:10:00+00:00,0.0,0.0,5.6,0.08,6.33,13.21,2.34,0
2019-04-14 18:10:00+00:00,0.0,0.0,0.0,0.0,0.0,12.12,2.62,0
2019-04-14 19:10:00+00:00,0.0,0.0,0.0,0.0,0.0,11.37,2.62,0
2019-04-14 20:10:00+00:00,0.0,0.0,0.0,0.0,0.0,10.8,2.62,0
2019-04-14 21:10:00+00:00,0.0,0.0,0.0,0.0,0.0,9.74,2.41,0
2019-04-14 22:10:00+00:00,0.0,0.0,0.0,0.0,0.0,8.84,2.14,0
2019-04-14 23:10:00+00:00,0.0,0.0,0.0,0.0,0.0,8.18,2.14,0
2019-04-15 00:10:00+00:00,0.0,0.0,0.0,0.0,0.0,7.82,2.28,0
2019-04-15 01:10:00+00:00,0.0,0.0,0.0,0.0,0.0,7.75,2.48,0
2019-04-15 02:10:00+00:00,0.0,0.0,0.0,0.0,0.0,7.55,2.62,0
2019-04-15 03:10:00+00:00,0.0,0.0,0.0,0.0,0.0,7.23,2.55,0
2019-04-15 04:10:00+00:00,0.0,0.0,0.0,0.0,0.0,6.75,2.34,0
2019-04-15 05:10:00+00:00,20.18,47.99,39.72,0.92,6.51,6.45,2.28,0
2019-04-15 06:10:00+00:00,65.12,151.08,73.93,3.54,17.65,8.04,2.28,0
2019-04-15 07:10:00+00:00,101.93,234.7,91.97,6.16,28.69,10.92,2.97,0
2019-04-15 08:10:00+00:00,132.06,310.46,99.5,8.55,39.2,13.02,3.31,0
2019-04-15 09:10:00+00:00,153.6,372.39,99.63,10.45,48.47,15.06,3.52,0
2019-04-15 10:10:00+00:00,165.27,426.47,84.14,11.79,55.27,17.05,2.9,0
2019-04-15 11:10:00+00:00,167.34,438.95,83.22,12.22,57.88,18.32,2.14,0
2019-04-15 12:10:00+00:00,160.65,443.37,64.47,11.96,55.28,18.84,1.31,0
2019-04-15 13:10:00+00:00,145.94,385.82,79.26,10.62,48.48,19.15,1.52,0
2019-04-15 14:10:00+00:00,123.56,290.02,108.32,8.47,39.21,18.99,2.34,0
2019-04-15 15:10:00+00:00,93.12,208.47,103.67,6.04,28.7,18.34,2.28,0
2019-04-15 16:10:00+00:00,57.03,129.48,80.43,3.46,17.66,17.91,1.45,0
2019-04-15 17:10:00+00:00,16.11,35.01,40.86,0.88,6.52,17.16,0.76,0
2019-04-15 18:10:00+00:00,0.0,0.0,0.0,0.0,0.0,15.53,0.34,0
2019-04-15 19:10:00+00:00,0.0,0.0,0.0,0.0,0.0,14.06,1.66,0
2019-04-15 20:10:00+00:00,0.0,0.0,0.0,0.0,0.0,12.7,1.79,0
2019-04-15 21:10:00+00:00,0.0,0.0,0.0,0.0,0.0,11.46,1.86,0
2019-04-15 22:10:00+00:00,0.0,0.0,0.0,0.0,0.0,10.48,1.86,0
2019-04-15 23:10:00+00:00,0.0,0.0,0.0,0.0,0.0,9.69,1.86,0
2019-04-16 00:10:00+00:00,0.0,0.0,0.0,0.0,0.0,9.19,1.86,0
2019-04-16 01:10:00+00:00,0.0,0.0,0.0,0.0,0.0,8.89,1.86,0
2019-04-16 02:10:00+00:00,0.0,0.0,0.0,0.0,0.0,8.78,1.93,0
2019-04-16 03:10:00+00:00,0.0,0.0,0.0,0.0,0.0,8.42,1.93,0
2019-04-16 04:10:00+00:00,0.0,0.0,0.0,0.0,0.0,8.11,2.0,0
2019-04-16 05:10:00+00:00,14.76,20.85,42.62,0.76,6.79,7.95,2.0,0
2019-04-16 06:10:00+00:00,64.51,125.9,94.05,3.39,17.93,9.65,1.72,0
2019-04-16 07:10:00+00:00,102.07,224.0,106.75,6.12,28.98,13.18,1.31,0
2019-04-16 08:10:00+00:00,130.98,283.1,129.69,8.35,39.5,15.22,1.66,0
2019-04-16 09:10:00+00:00,147.44,163.04,293.27,8.31,48.8,16.18,2.07,0
2019-04-16 10:10:00+00:00,163.5,223.07,282.36,9.82,55.63,17.15,2.55,0
2019-04-16 11:10:00+00:00,170.13,323.29,200.59,11.2,58.23,17.3,3.1,0
2019-04-16 12:10:00+00:00,165.0,335.35,172.97,11.04,55.59,17.32,3.38,0
2019-04-16 13:10:00+00:00,148.7,221.89,238.6,9.07,48.73,17.3,3.31,0
2019-04-16 14:10:00+00:00,126.78,258.38,142.51,8.2,39.43,17.07,3.1,0
2019-04-16 15:10:00+00:00,96.24,217.27,101.23,6.14,28.9,16.63,2.62,0
2019-04-16 16:10:00+00:00,58.86,119.51,91.16,3.4,17.84,16.18,2.21,0
2019-04-16 17:10:00+00:00,14.4,23.05,42.58,0.8,6.71,15.48,1.66,0
2019-04-16 18:10:00+00:00,0.0,0.0,0.0,0.0,0.0,14.34,1.38,0
2019-04-16 19:10:00+00:00,0.0,0.0,0.0,0.0,0.0,13.75,0.48,0
2019-04-16 20:10:00+00:00,0.0,0.0,0.0,0.0,0.0,13.36,0.34,0
2019-04-16 21:10:00+00:00,0.0,0.0,0.0,0.0,0.0,12.77,0.41,0
2019-04-16 22:10:00+00:00,0.0,0.0,0.0,0.0,0.0,12.2,0.76,0
2019-04-16 23:10:00+00:00,0.0,0.0,0.0,0.0,0.0,10.65,1.03,0
2019-04-17 00:10:00+00:00,0.0,0.0,0.0,0.0,0.0,9.54,1.31,0
2019-04-17 01:10:00+00:00,0.0,0.0,0.0,0.0,0.0,8.91,1.31,0
2019-04-17 02:10:00+00:00,0.0,0.0,0.0,0.0,0.0,8.2,1.38,0
2019-04-17 03:10:00+00:00,0.0,0.0,0.0,0.0,0.0,7.52,1.38,0
2019-04-17 04:10:00+00:00,0.0,0.0,0.0,0.0,0.0,6.9,1.45,0
2019-04-17 05:10:00+00:00,21.15,42.93,45.03,0.96,7.07,6.6,1.38,0
2019-04-17 06:10:00+00:00,67.74,154.52,78.2,3.6,18.21,9.23,0.83,0
2019-04-17 07:10:00+00:00,102.87,232.13,101.77,6.16,29.26,13.43,0.9,0
2019-04-17 08:10:00+00:00,131.16,299.06,117.03,8.44,39.8,15.51,0.9,0
2019-04-17 09:10:00+00:00,151.78,325.14,151.35,10.02,49.12,16.91,1.17,0
2019-04-17 10:10:00+00:00,165.58,416.62,101.04,11.67,55.98,17.96,1.66,0
2019-04-17 11:10:00+00:00,169.85,444.62,84.93,12.21,58.59,18.46,2.07,0
2019-04-17 12:10:00+00:00,164.94,412.78,99.81,11.66,55.9,18.41,2.76,0
2019-04-17 13:10:00+00:00,150.95,383.84,88.21,10.56,48.99,18.3,3.1,0
2019-04-17 14:10:00+00:00,127.51,311.16,95.59,8.6,39.64,18.23,3.03,0
2019-04-17 15:10:00+00:00,96.89,224.85,96.39,6.16,29.09,17.78,3.03,0
2019-04-17 16:10:00+00:00,60.57,138.28,80.16,3.54,18.03,17.16,2.9,0
2019-04-17 17:10:00+00:00,19.72,49.12,41.04,1.0,6.89,16.11,2.34,0
2019-04-17 18:10:00+00:00,0.0,0.0,0.0,0.0,0.0,14.81,1.72,0
2019-04-17 19:10:00+00:00,0.0,0.0,0.0,0.0,0.0,13.72,0.9,0
2019-04-17 20:10:00+00:00,0.0,0.0,0.0,0.0,0.0,13.57,0.48,0
2019-04-17 21:10:00+00:00,0.0,0.0,0.0,0.0,0.0,12.86,0.69,0
2019-04-17 22:10:00+00:00,0.0,0.0,0.0,0.0,0.0,12.62,0.76,0
2019-04-17 23:10:00+00:00,0.0,0.0,0.0,0.0,0.0,11.93,0.97,0
2019-04-18 00:10:00+00:00,0.0,0.0,0.0,0.0,0.0,10.89,1.17,0
2019-04-18 01:10:00+00:00,0.0,0.0,0.0,0.0,0.0,9.65,1.45,0
2019-04-18 02:10:00+00:00,0.0,0.0,0.0,0.0,0.0,8.71,1.59,0
2019-04-18 03:10:00+00:00,0.0,0.0,0.0,0.0,0.0,8.09,1.66,0
2019-04-18 04:10:00+00:00,0.0,0.0,0.0,0.0,0.0,7.64,1.66,0
2019-04-18 05:10:00+00:00,21.32,39.75,47.57,0.98,7.35,7.5,1.66,0
2019-04-18 06:10:00+00:00,69.1,141.45,92.61,3.58,18.48,9.97,1.17,0
2019-04-18 07:10:00+00:00,105.38,233.44,108.25,6.24,29.54,14.51,1.1,0
2019-04-18 08:10:00+00:00,134.1,321.42,106.39,8.71,40.1,17.11,1.03,0
2019-04-18 09:10:00+00:00,154.14,383.03,107.13,10.6,49.45,18.74,0.83,0
2019-04-18 10:10:00+00:00,165.72,413.43,113.24,11.72,56.33,19.81,0.9,0
2019-04-18 11:10:00+00:00,169.64,393.7,142.92,11.87,58.94,20.46,1.52,0
2019-04-18 12:10:00+00:00,166.56,461.86,63.7,12.12,56.21,20.65,2.14,0
2019-04-18 13:10:00+00:00,153.02,388.74,92.26,10.66,49.24,19.76,3.17,0
2019-04-18 14:10:00+00:00,130.48,315.83,99.85,8.71,39.86,19.01,3.52,0
2019-04-18 15:10:00+00:00,99.14,217.29,110.14,6.16,29.28,18.49,2.97,0
2019-04-18 16:10:00+00:00,59.58,104.15,106.08,3.3,18.21,18.03,1.93,0
2019-04-18 17:10:00+00:00,11.4,10.98,41.25,0.68,7.08,17.23,0.97,0
2019-04-18 18:10:00+00:00,0.0,0.0,0.0,0.0,0.0,16.01,0.55,0
2019-04-18 19:10:00+00:00,0.0,0.0,0.0,0.0,0.0,14.87,0.76,0
2019-04-18 20:10:00+00:00,0.0,0.0,0.0,0.0,0.0,13.08,1.45,0
2019-04-18 21:10:00+00:00,0.0,0.0,0.0,0.0,0.0,12.34,1.52,0
2019-04-18 22:10:00+00:00,0.0,0.0,0.0,0.0,0.0,12.1,1.66,0
2019-04-18 23:10:00+00:00,0.0,0.0,0.0,0.0,0.0,11.97,1.79,0
2019-04-19 00:10:00+00:00,0.0,0.0,0.0,0.0,0.0,11.62,1.72,0
2019-04-19 01:10:00+00:00,0.0,0.0,0.0,0.0,0.0,11.04,1.72,0
2019-04-19 02:10:00+00:00,0.0,0.0,0.0,0.0,0.0,10.44,1.66,0
2019-04-19 03:10:00+00:00,0.0,0.0,0.0,0.0,0.0,9.9,1.66,0
2019-04-19 04:10:00+00:00,0.0,0.0,0.0,0.0,0.0,9.25,1.66,0
2019-04-19 05:10:00+00:00,4.65,0.0,25.18,0.36,7.62,8.87,1.66,0
2019-04-19 06:10:00+00:00,46.53,22.91,130.84,2.24,18.75,11.17,1.24,0
2019-04-19 07:10:00+00:00,102.21,157.61,169.4,5.6,29.82,15.15,1.24,0
2019-04-19 08:10:00+00:00,135.18,315.16,116.4,8.67,40.39,17.78,1.03,0
2019-04-19 09:10:00+00:00,154.75,374.02,120.18,10.53,49.76,19.23,0.55,0
2019-04-19 10:10:00+00:00,166.0,418.73,113.57,11.78,56.68,20.1,0.28,0
2019-04-19 11:10:00+00:00,171.33,454.02,91.4,12.38,59.28,20.65,0.97,0
2019-04-19 12:10:00+00:00,167.21,467.62,63.92,12.18,56.51,21.18,1.52,0
2019-04-19 13:10:00+00:00,154.57,386.61,99.16,10.65,49.5,20.45,3.52,0
2019-04-19 14:10:00+00:00,132.31,326.57,94.27,8.79,40.07,19.65,4.21,0
2019-04-19 15:10:00+00:00,101.4,238.85,95.93,6.34,29.47,19.0,3.79,0
2019-04-19 16:10:00+00:00,64.94,158.4,75.05,3.74,18.4,18.2,2.76,0
2019-04-19 17:10:00+00:00,22.9,56.57,44.76,1.11,7.27,17.28,1.38,0
2019-04-19 18:10:00+00:00,0.0,0.0,0.0,0.0,0.0,16.17,0.34,0
2019-04-19 19:10:00+00:00,0.0,0.0,0.0,0.0,0.0,14.6,0.76,0
2019-04-19 20:10:00+00:00,0.0,0.0,0.0,0.0,0.0,12.79,1.31,0
2019-04-19 21:10:00+00:00,0.0,0.0,0.0,0.0,0.0,11.71,1.59,0
2019-04-19 22:10:00+00:00,0.0,0.0,0.0,0.0,0.0,10.97,1.79,0
2019-04-19 23:10:00+00:00,0.0,0.0,0.0,0.0,0.0,10.45,1.93,0
2019-04-20 00:10:00+00:00,0.0,0.0,0.0,0.0,0.0,9.85,1.93,0
2019-04-20 01:10:00+00:00,0.0,0.0,0.0,0.0,0.0,9.36,1.86,0
2019-04-20 02:10:00+00:00,0.0,0.0,0.0,0.0,0.0,9.0,1.86,0
2019-04-20 03:10:00+00:00,0.0,0.0,0.0,0.0,0.0,8.72,1.86,0
2019-04-20 04:10:00+00:00,0.0,0.0,0.0,0.0,0.0,8.59,1.86,0
2019-04-20 05:10:00+00:00,26.76,55.4,51.01,1.15,7.89,8.62,1.86,0
2019-04-20 06:10:00+00:00,74.12,162.4,87.38,3.79,19.02,10.86,1.52,0
2019-04-20 07:10:00+00:00,109.24,239.38,113.36,6.35,30.09,15.31,1.24,0
2019-04-20 08:10:00+00:00,136.92,320.74,117.49,8.75,40.68,17.96,0.69,0
2019-04-20 09:10:00+00:00,156.84,394.09,107.73,10.72,50.08,19.36,0.41,0
2019-04-20 10:10:00+00:00,169.07,432.15,107.21,11.91,57.02,20.29,0.69,0
2019-04-20 11:10:00+00:00,172.22,452.09,98.11,12.37,59.63,20.95,0.76,0
2019-04-20 12:10:00+00:00,167.54,451.49,84.29,12.07,56.82,21.51,1.03,0
2019-04-20 13:10:00+00:00,153.86,406.69,86.34,10.83,49.74,21.79,1.59,0
2019-04-20 14:10:00+00:00,130.94,280.76,140.37,8.43,40.28,21.56,2.69,0
2019-04-20 15:10:00+00:00,98.29,155.63,165.16,5.61,29.66,20.52,3.66,0
2019-04-20 16:10:00+00:00,55.48,60.97,129.46,2.87,18.58,18.88,3.31,0
2019-04-20 17:10:00+00:00,16.21,22.18,48.24,0.87,7.45,17.48,1.52,0
2019-04-20 18:10:00+00:00,0.0,0.0,0.0,0.0,0.0,16.38,0.76,0
2019-04-20 19:10:00+00:00,0.0,0.0,0.0,0.0,0.0,15.62,1.66,0
2019-04-20 20:10:00+00:00,0.0,0.0,0.0,0.0,0.0,14.86,1.93,0
2019-04-20 21:10:00+00:00,0.0,0.0,0.0,0.0,0.0,14.27,2.14,0
2019-04-20 22:10:00+00:00,0.0,0.0,0.0,0.0,0.0,13.8,1.72,0
2019-04-20 23:10:00+00:00,0.0,0.0,0.0,0.0,0.0,13.2,1.52,0
2019-04-21 00:10:00+00:00,0.0,0.0,0.0,0.0,0.0,12.86,1.45,0
2019-04-21 01:10:00+00:00,0.0,0.0,0.0,0.0,0.0,12.54,1.31,0
2019-04-21 02:10:00+00:00,0.0,0.0,0.0,0.0,0.0,12.61,1.45,0
2019-04-21 03:10:00+00:00,0.0,0.0,0.0,0.0,0.0,12.52,1.66,0
2019-04-21 04:10:00+00:00,0.0,0.0,0.0,0.0,0.0,12.48,2.07,0
2019-04-21 05:10:00+00:00,6.98,0.0,33.57,0.48,8.15,12.52,2.41,0
2019-04-21 06:10:00+00:00,42.75,14.63,128.0,2.06,19.28,13.35,2.21,0
2019-04-21 07:10:00+00:00,74.1,22.57,212.37,3.5,30.36,15.89,2.07,0
2019-04-21 08:10:00+00:00,71.64,3.19,226.37,3.32,40.96,18.78,2.0,0
2019-04-21 09:10:00+00:00,100.84,10.84,308.39,4.69,50.39,20.49,2.07,0
2019-04-21 10:10:00+00:00,80.68,0.58,258.27,3.72,57.36,21.43,2.62,0
2019-04-21 11:10:00+00:00,60.15,0.0,197.71,2.84,59.97,21.82,2.9,0
2019-04-21 12:10:00+00:00,41.95,0.0,143.62,2.06,57.12,22.02,2.83,0
2019-04-21 13:10:00+00:00,40.06,0.0,138.02,1.98,49.99,22.19,3.1,0
2019-04-21 14:10:00+00:00,66.94,1.86,216.2,3.15,40.49,22.12,3.31,0
2019-04-21 15:10:00+00:00,58.12,6.8,185.18,2.8,29.85,21.66,2.9,0
2019-04-21 16:10:00+00:00,22.0,0.0,83.0,1.19,18.76,20.92,1.72,0
2019-04-21 17:10:00+00:00,5.66,0.0,29.84,0.43,7.64,19.72,1.1,0
2019-04-21 18:10:00+00:00,0.0,0.0,0.0,0.0,0.0,18.06,0.83,0
2019-04-21 19:10:00+00:00,0.0,0.0,0.0,0.0,0.0,16.9,1.45,0
2019-04-21 20:10:00+00:00,0.0,0.0,0.0,0.0,0.0,15.66,1.38,0
2019-04-21 21:10:00+00:00,0.0,0.0,0.0,0.0,0.0,15.05,1.52,0
2019-04-21 22:10:00+00:00,0.0,0.0,0.0,0.0,0.0,15.09,1.86,0
2019-04-21 23:10:00+00:00,0.0,0.0,0.0,0.0,0.0,14.58,2.21,0
2019-04-22 00:10:00+00:00,0.0,0.0,0.0,0.0,0.0,13.98,2.34,0
2019-04-22 01:10:00+00:00,0.0,0.0,0.0,0.0,0.0,13.65,2.41,0
2019-04-22 02:10:00+00:00,0.0,0.0,0.0,0.0,0.0,13.22,2.41,0
2019-04-22 03:10:00+00:00,0.0,0.0,0.0,0.0,0.0,12.81,2.34,0
2019-04-22 04:10:00+00:00,0.0,0.0,0.0,0.0,0.0,12.53,2.41,0
2019-04-22 05:10:00+00:00,27.83,54.96,54.73,1.21,8.42,12.51,2.48,0
2019-04-22 06:10:00+00:00,54.53,43.34,136.95,2.63,19.54,14.12,2.28,0
2019-04-22 07:10:00+00:00,74.57,25.59,212.3,3.55,30.62,17.43,2.28,0
2019-04-22 08:10:00+00:00,106.84,46.86,290.17,5.21,41.24,20.21,2.62,0
2019-04-22 09:10:00+00:00,98.84,9.7,302.05,4.57,50.69,21.31,4.21,0
2019-04-22 10:10:00+00:00,41.9,0.0,142.68,2.05,57.69,21.53,5.38,0
2019-04-22 11:10:00+00:00,29.86,0.0,106.31,1.53,60.3,20.52,5.86,0
2019-04-22 12:10:00+00:00,25.93,0.0,94.19,1.35,57.41,19.84,6.48,0
2019-04-22 13:10:00+00:00,51.38,0.0,168.8,2.42,50.23,19.19,6.28,0
2019-04-22 14:10:00+00:00,24.47,0.0,89.53,1.29,40.69,19.11,6.55,0
2019-04-22 15:10:00+00:00,14.22,0.0,57.82,0.83,30.03,18.03,6.07,0
2019-04-22 16:10:00+00:00,9.62,0.0,42.9,0.62,18.94,16.98,6.41,0
2019-04-22 17:10:00+00:00,4.73,0.0,26.11,0.38,7.82,16.15,6.21,0
2019-04-22 18:10:00+00:00,0.0,0.0,0.0,0.0,0.0,15.17,5.93,0
2019-04-22 19:10:00+00:00,0.0,0.0,0.0,0.0,0.0,14.9,4.34,0
2019-04-22 20:10:00+00:00,0.0,0.0,0.0,0.0,0.0,14.66,3.93,0
2019-04-22 21:10:00+00:00,0.0,0.0,0.0,0.0,0.0,14.53,3.79,0
2019-04-22 22:10:00+00:00,0.0,0.0,0.0,0.0,0.0,14.86,4.9,0
2019-04-22 23:10:00+00:00,0.0,0.0,0.0,0.0,0.0,14.86,5.52,0
2019-04-23 00:10:00+00:00,0.0,0.0,0.0,0.0,0.0,14.72,5.79,0
2019-04-23 01:10:00+00:00,0.0,0.0,0.0,0.0,0.0,14.61,6.0,0
2019-04-23 02:10:00+00:00,0.0,0.0,0.0,0.0,0.0,14.49,6.0,0
2019-04-23 03:10:00+00:00,0.0,0.0,0.0,0.0,0.0,14.4,6.0,0
2019-04-23 04:10:00+00:00,0.0,0.0,0.0,0.0,0.0,14.4,5.72,0
2019-04-23 05:10:00+00:00,18.94,20.18,55.6,0.95,8.67,14.41,5.52,0
2019-04-23 06:10:00+00:00,23.68,0.0,85.8,1.23,19.79,15.19,5.52,0
2019-04-23 07:10:00+00:00,20.82,0.0,77.4,1.11,30.88,15.57,5.24,0
2019-04-23 08:10:00+00:00,59.64,0.0,190.25,2.73,41.52,16.42,7.52,0
2019-04-23 09:10:00+00:00,119.41,26.25,337.32,5.47,50.99,17.02,7.1,0
2019-04-23 10:10:00+00:00,168.38,171.66,339.95,9.1,58.02,18.07,6.21,0
2019-04-23 11:10:00+00:00,177.32,259.03,281.12,10.42,60.64,18.67,5.79,0
2019-04-23 12:10:00+00:00,149.48,71.65,385.9,7.33,57.7,18.99,6.0,0
2019-04-23 13:10:00+00:00,158.72,283.65,203.55,9.63,50.47,18.51,5.24,0
2019-04-23 14:10:00+00:00,136.54,281.41,145.03,8.33,40.9,18.52,4.76,0
2019-04-23 15:10:00+00:00,105.21,211.23,127.36,6.06,30.22,18.03,4.69,0
2019-04-23 16:10:00+00:00,44.95,21.78,130.74,2.22,19.12,17.98,4.14,0
2019-04-23 17:10:00+00:00,17.83,23.86,51.25,0.92,8.01,17.65,3.79,0
2019-04-23 18:10:00+00:00,0.0,0.0,0.0,0.0,0.0,16.65,3.72,0
2019-04-23 19:10:00+00:00,0.0,0.0,0.0,0.0,0.0,15.6,4.28,0
2019-04-23 20:10:00+00:00,0.0,0.0,0.0,0.0,0.0,15.16,4.07,0
2019-04-23 21:10:00+00:00,0.0,0.0,0.0,0.0,0.0,14.9,3.86,0
2019-04-23 22:10:00+00:00,0.0,0.0,0.0,0.0,0.0,14.58,3.45,0
2019-04-23 23:10:00+00:00,0.0,0.0,0.0,0.0,0.0,14.46,3.1,0
2019-04-24 00:10:00+00:00,0.0,0.0,0.0,0.0,0.0,14.33,2.9,0
2019-04-24 01:10:00+00:00,0.0,0.0,0.0,0.0,0.0,14.1,2.69,0
2019-04-24 02:10:00+00:00,0.0,0.0,0.0,0.0,0.0,13.85,2.48,0
2019-04-24 03:10:00+00:00,0.0,0.0,0.0,0.0,0.0,13.58,2.28,0
2019-04-24 04:10:00+00:00,0.0,0.0,0.0,0.0,0.0,13.08,2.07,0
2019-04-24 05:10:00+00:00,29.66,54.59,59.52,1.27,8.93,12.73,1.86,0
2019-04-24 06:10:00+00:00,75.6,138.72,112.91,3.71,20.04,14.44,1.52,0
2019-04-24 07:10:00+00:00,112.77,227.84,135.29,6.3,31.14,17.63,1.38,0
2019-04-24 08:10:00+00:00,142.19,302.05,147.12,8.59,41.79,19.55,2.34,0
2019-04-24 09:10:00+00:00,163.89,377.36,136.99,10.54,51.29,20.81,2.76,0
2019-04-24 10:10:00+00:00,176.21,427.74,124.91,11.8,58.35,21.75,2.9,0
2019-04-24 11:10:00+00:00,179.87,446.68,117.04,12.25,60.97,22.44,3.31,0
2019-04-24 12:10:00+00:00,175.27,446.38,102.09,11.94,57.99,22.68,4.0,0
2019-04-24 13:10:00+00:00,160.52,381.29,123.19,10.56,50.71,22.33,4.07,0
2019-04-24 14:10:00+00:00,137.44,318.57,119.82,8.69,41.1,22.02,3.72,0
2019-04-24 15:10:00+00:00,98.9,132.72,188.43,5.36,30.4,21.37,2.97,0
2019-04-24 16:10:00+00:00,67.89,131.04,105.02,3.58,19.3,20.42,2.83,0
2019-04-24 17:10:00+00:00,7.64,1.41,35.56,0.52,8.19,18.8,2.97,0
2019-04-24 18:10:00+00:00,0.0,0.0,0.0,0.0,0.0,17.35,1.59,0
2019-04-24 19:10:00+00:00,0.0,0.0,0.0,0.0,0.0,17.17,0.76,0
2019-04-24 20:10:00+00:00,0.0,0.0,0.0,0.0,0.0,15.94,1.31,0
2019-04-24 21:10:00+00:00,0.0,0.0,0.0,0.0,0.0,15.6,1.1,0
2019-04-24 22:10:00+00:00,0.0,0.0,0.0,0.0,0.0,14.53,1.52,0
2019-04-24 23:10:00+00:00,0.0,0.0,0.0,0.0,0.0,14.97,2.28,0
2019-04-25 00:10:00+00:00,0.0,0.0,0.0,0.0,0.0,14.34,2.07,0
2019-04-25 01:10:00+00:00,0.0,0.0,0.0,0.0,0.0,13.48,2.0,0
2019-04-25 02:10:00+00:00,0.0,0.0,0.0,0.0,0.0,12.81,2.0,0
2019-04-25 03:10:00+00:00,0.0,0.0,0.0,0.0,0.0,12.46,2.0,0
2019-04-25 04:10:00+00:00,0.0,0.0,0.0,0.0,0.0,12.08,2.0,0
2019-04-25 05:10:00+00:00,34.46,71.63,59.07,1.41,9.18,12.22,2.0,0
2019-04-25 06:10:00+00:00,79.34,161.66,102.78,3.9,20.29,14.82,1.66,0
2019-04-25 07:10:00+00:00,114.68,249.74,122.43,6.48,31.39,18.69,0.97,0
2019-04-25 08:10:00+00:00,141.63,336.19,122.14,8.87,42.05,21.64,0.69,0
2019-04-25 09:10:00+00:00,159.49,395.25,124.38,10.68,51.58,23.67,0.34,0
2019-04-25 10:10:00+00:00,172.11,447.82,110.24,11.95,58.67,25.03,1.03,0
2019-04-25 11:10:00+00:00,178.17,467.27,101.81,12.39,61.3,25.5,2.69,0
2019-04-25 12:10:00+00:00,174.24,458.22,95.12,12.02,58.28,25.05,3.38,0
2019-04-25 13:10:00+00:00,159.31,399.16,110.01,10.68,50.95,24.51,2.9,0
2019-04-25 14:10:00+00:00,135.87,322.26,119.4,8.71,41.3,24.49,2.28,0
2019-04-25 15:10:00+00:00,97.07,128.2,192.75,5.31,30.58,24.36,1.79,0
2019-04-25 16:10:00+00:00,54.8,52.88,137.79,2.8,19.47,23.88,1.31,0
2019-04-25 17:10:00+00:00,29.65,73.47,51.14,1.33,8.37,22.69,1.1,0
2019-04-25 18:10:00+00:00,0.0,0.0,0.0,0.0,0.0,20.7,0.76,0
2019-04-25 19:10:00+00:00,0.0,0.0,0.0,0.0,0.0,20.45,0.76,0
2019-04-25 20:10:00+00:00,0.0,0.0,0.0,0.0,0.0,18.15,1.38,0
2019-04-25 21:10:00+00:00,0.0,0.0,0.0,0.0,0.0,16.86,2.0,0
2019-04-25 22:10:00+00:00,0.0,0.0,0.0,0.0,0.0,16.28,2.14,0
2019-04-25 23:10:00+00:00,0.0,0.0,0.0,0.0,0.0,16.01,2.28,0
2019-04-26 00:10:00+00:00,0.0,0.0,0.0,0.0,0.0,15.77,2.55,0
2019-04-26 01:10:00+00:00,0.0,0.0,0.0,0.0,0.0,15.64,2.41,0
2019-04-26 02:10:00+00:00,0.0,0.0,0.0,0.0,0.0,14.91,2.0,0
2019-04-26 03:10:00+00:00,0.0,0.0,0.0,0.0,0.0,14.18,1.72,0
2019-04-26 04:10:00+00:00,0.0,0.0,0.0,0.0,0.0,13.78,1.38,0
2019-04-26 05:10:00+00:00,10.14,1.43,43.03,0.63,9.42,13.96,1.24,0
2019-04-26 06:10:00+00:00,59.98,53.32,144.99,2.87,20.53,15.88,0.97,0
2019-04-26 07:10:00+00:00,109.94,182.71,168.66,5.87,31.63,18.55,2.07,0
2019-04-26 08:10:00+00:00,140.21,257.25,184.87,8.12,42.31,20.03,2.41,0
2019-04-26 09:10:00+00:00,152.23,155.61,317.84,8.16,51.87,20.42,3.72,0
2019-04-26 10:10:00+00:00,139.66,47.65,385.56,6.69,58.99,19.79,3.72,0
2019-04-26 11:10:00+00:00,70.07,0.0,224.75,3.23,61.62,19.67,3.52,0
2019-04-26 12:10:00+00:00,49.87,0.0,165.07,2.37,58.56,19.28,3.52,0
2019-04-26 13:10:00+00:00,69.19,0.0,221.02,3.18,51.18,18.11,2.83,0
2019-04-26 14:10:00+00:00,47.56,0.0,157.61,2.26,41.49,17.32,1.52,0
2019-04-26 15:10:00+00:00,16.63,0.0,65.28,0.94,30.76,17.07,1.24,0
2019-04-26 16:10:00+00:00,45.92,21.51,133.7,2.25,19.65,17.19,1.52,0
2019-04-26 17:10:00+00:00,29.0,63.76,53.29,1.27,8.55,16.62,1.52,0
2019-04-26 18:10:00+00:00,0.0,0.0,0.0,0.0,0.0,15.82,1.52,0
2019-04-26 19:10:00+00:00,0.0,0.0,0.0,0.0,0.0,14.65,1.1,0
2019-04-26 20:10:00+00:00,0.0,0.0,0.0,0.0,0.0,13.84,1.1,0
2019-04-26 21:10:00+00:00,0.0,0.0,0.0,0.0,0.0,13.22,1.24,0
2019-04-26 22:10:00+00:00,0.0,0.0,0.0,0.0,0.0,11.84,1.52,0
2019-04-26 23:10:00+00:00,0.0,0.0,0.0,0.0,0.0,11.4,1.45,0
2019-04-27 00:10:00+00:00,0.0,0.0,0.0,0.0,0.0,12.01,1.1,0
2019-04-27 01:10:00+00:00,0.0,0.0,0.0,0.0,0.0,12.45,0.62,0
2019-04-27 02:10:00+00:00,0.0,0.0,0.0,0.0,0.0,12.09,0.21,0
2019-04-27 03:10:00+00:00,0.0,0.0,0.0,0.0,0.0,11.46,0.48,0
2019-04-27 04:10:00+00:00,0.0,0.0,0.0,0.0,0.0,10.9,0.9,0
2019-04-27 05:10:00+00:00,43.86,104.06,57.37,1.66,9.66,10.02,1.17,0
2019-04-27 06:10:00+00:00,87.72,201.09,88.96,4.26,20.77,12.88,0.69,0
2019-04-27 07:10:00+00:00,123.5,286.89,106.89,6.87,31.88,14.75,0.55,0
2019-04-27 08:10:00+00:00,151.58,367.75,109.84,9.23,42.57,16.09,0.55,0
2019-04-27 09:10:00+00:00,173.3,413.95,123.49,10.96,52.15,17.35,1.93,0
2019-04-27 10:10:00+00:00,177.78,248.79,301.2,10.22,59.3,17.99,2.48,0
2019-04-27 11:10:00+00:00,187.2,389.06,189.26,11.88,61.94,18.7,2.83,0
2019-04-27 12:10:00+00:00,184.51,461.59,108.18,12.18,58.84,18.92,3.03,0
2019-04-27 13:10:00+00:00,169.8,418.09,108.34,10.95,51.41,19.09,3.31,0
2019-04-27 14:10:00+00:00,147.28,365.3,96.74,9.15,41.69,18.91,3.38,0
2019-04-27 15:10:00+00:00,116.33,284.13,91.25,6.75,30.94,18.39,3.1,0
2019-04-27 16:10:00+00:00,78.86,189.06,81.18,4.07,19.82,17.78,2.76,0
2019-04-27 17:10:00+00:00,32.04,71.03,56.07,1.37,8.73,16.84,2.34,0
2019-04-27 18:10:00+00:00,0.0,0.0,0.0,0.0,0.0,15.55,1.86,0
2019-04-27 19:10:00+00:00,0.0,0.0,0.0,0.0,0.0,14.57,1.38,0
2019-04-27 20:10:00+00:00,0.0,0.0,0.0,0.0,0.0,13.3,1.24,0
2019-04-27 21:10:00+00:00,0.0,0.0,0.0,0.0,0.0,12.71,1.03,0
2019-04-27 22:10:00+00:00,0.0,0.0,0.0,0.0,0.0,12.77,0.9,0
2019-04-27 23:10:00+00:00,0.0,0.0,0.0,0.0,0.0,11.93,1.03,0
2019-04-28 00:10:00+00:00,0.0,0.0,0.0,0.0,0.0,10.83,1.24,0
2019-04-28 01:10:00+00:00,0.0,0.0,0.0,0.0,0.0,10.1,1.38,0
2019-04-28 02:10:00+00:00,0.0,0.0,0.0,0.0,0.0,9.36,1.59,0
2019-04-28 03:10:00+00:00,0.0,0.0,0.0,0.0,0.0,8.98,1.72,0
2019-04-28 04:10:00+00:00,0.0,0.0,0.0,0.0,0.0,8.82,1.66,0
2019-04-28 05:10:00+00:00,12.32,2.84,47.83,0.71,9.9,9.32,1.72,0
2019-04-28 06:10:00+00:00,84.71,164.46,111.04,4.01,21.0,12.9,2.07,0
2019-04-28 07:10:00+00:00,96.89,65.14,233.53,4.57,32.11,14.16,3.93,0
2019-04-28 08:10:00+00:00,119.21,56.77,306.86,5.61,42.82,15.22,3.93,0
2019-04-28 09:10:00+00:00,131.27,42.21,357.3,6.1,52.43,16.01,4.34,0
2019-04-28 10:10:00+00:00,157.11,77.52,398.56,7.57,59.61,16.05,4.62,0
2019-04-28 11:10:00+00:00,161.14,79.6,408.98,7.8,62.25,16.41,4.83,0
2019-04-28 12:10:00+00:00,162.65,104.27,389.22,8.09,59.12,16.58,4.83,0
2019-04-28 13:10:00+00:00,154.2,131.76,337.38,7.9,51.63,16.47,4.41,0
2019-04-28 14:10:00+00:00,135.83,156.43,260.89,7.14,41.88,16.54,3.93,0
2019-04-28 15:10:00+00:00,99.67,97.35,215.53,4.97,31.12,16.41,3.17,0
2019-04-28 16:10:00+00:00,53.51,34.96,142.5,2.57,19.99,16.11,2.48,0
2019-04-28 17:10:00+00:00,27.63,48.41,59.8,1.23,8.91,15.62,2.0,0
2019-04-28 18:10:00+00:00,0.0,0.0,0.0,0.0,0.0,14.96,1.66,0
2019-04-28 19:10:00+00:00,0.0,0.0,0.0,0.0,0.0,14.27,0.97,0
2019-04-28 20:10:00+00:00,0.0,0.0,0.0,0.0,0.0,13.9,0.62,0
2019-04-28 21:10:00+00:00,0.0,0.0,0.0,0.0,0.0,13.94,0.34,0
2019-04-28 22:10:00+00:00,0.0,0.0,0.0,0.0,0.0,13.55,0.21,0
2019-04-28 23:10:00+00:00,0.0,0.0,0.0,0.0,0.0,12.92,0.55,0
2019-04-29 00:10:00+00:00,0.0,0.0,0.0,0.0,0.0,12.22,0.76,0
2019-04-29 01:10:00+00:00,0.0,0.0,0.0,0.0,0.0,11.48,0.9,0
2019-04-29 02:10:00+00:00,0.0,0.0,0.0,0.0,0.0,10.56,1.1,0
2019-04-29 03:10:00+00:00,0.0,0.0,0.0,0.0,0.0,10.14,1.17,0
2019-04-29 04:10:00+00:00,0.0,0.0,0.0,0.0,0.0,9.38,1.31,0
2019-04-29 05:10:00+00:00,42.23,85.18,66.08,1.62,10.13,8.65,1.38,0
2019-04-29 06:10:00+00:00,70.54,74.09,151.46,3.24,21.23,11.38,1.38,0
2019-04-29 07:10:00+00:00,121.87,213.76,164.97,6.31,32.35,13.0,1.59,0
2019-04-29 08:10:00+00:00,97.1,16.8,282.31,4.41,43.07,13.77,1.66,0
2019-04-29 09:10:00+00:00,18.98,0.0,71.81,1.03,52.7,14.61,1.38,0
2019-04-29 10:10:00+00:00,27.47,0.0,96.99,1.39,59.92,14.02,1.1,0
2019-04-29 11:10:00+00:00,26.21,0.0,93.26,1.34,62.56,14.55,2.76,0
2019-04-29 12:10:00+00:00,28.68,0.0,99.79,1.43,59.39,13.15,4.41,0
2019-04-29 13:10:00+00:00,94.42,4.38,284.05,4.18,51.86,13.86,4.34,0
2019-04-29 14:10:00+00:00,152.58,354.51,110.69,9.03,42.08,13.67,3.45,0
2019-04-29 15:10:00+00:00,68.97,12.35,204.69,3.18,31.29,14.26,3.1,0
2019-04-29 16:10:00+00:00,8.6,0.0,39.17,0.56,20.17,14.22,2.76,0
2019-04-29 17:10:00+00:00,0.46,0.0,8.39,0.12,9.09,12.95,3.24,0
2019-04-29 18:10:00+00:00,0.0,0.0,0.0,0.0,0.0,11.78,2.9,0
2019-04-29 19:10:00+00:00,0.0,0.0,0.0,0.0,0.0,11.15,2.14,0
2019-04-29 20:10:00+00:00,0.0,0.0,0.0,0.0,0.0,10.61,1.72,0
2019-04-29 21:10:00+00:00,0.0,0.0,0.0,0.0,0.0,9.92,2.07,0
2019-04-29 22:10:00+00:00,0.0,0.0,0.0,0.0,0.0,9.19,2.14,0
2019-04-29 23:10:00+00:00,0.0,0.0,0.0,0.0,0.0,8.32,2.21,0
2019-04-30 00:10:00+00:00,0.0,0.0,0.0,0.0,0.0,7.82,2.34,0
2019-04-30 01:10:00+00:00,0.0,0.0,0.0,0.0,0.0,7.58,2.48,0
2019-04-30 02:10:00+00:00,0.0,0.0,0.0,0.0,0.0,7.55,2.41,0
2019-04-30 03:10:00+00:00,0.0,0.0,0.0,0.0,0.0,7.58,2.62,0
2019-04-30 04:10:00+00:00,0.0,0.0,0.0,0.0,0.0,7.73,2.69,0
2019-04-30 05:10:00+00:00,48.08,106.3,63.56,1.77,10.36,8.11,2.62,0
2019-04-30 06:10:00+00:00,95.0,212.52,90.57,4.39,21.45,9.72,2.62,0
2019-04-30 07:10:00+00:00,131.75,300.44,104.18,6.97,32.57,11.26,2.76,0
2019-04-30 08:10:00+00:00,160.66,375.79,111.84,9.27,43.31,12.98,2.76,0
2019-04-30 09:10:00+00:00,180.63,437.17,111.87,11.09,52.97,14.67,2.55,0
2019-04-30 10:10:00+00:00,190.61,432.1,148.95,11.91,60.22,15.86,2.62,0
2019-04-30 11:10:00+00:00,189.68,335.43,244.61,11.33,62.87,16.46,2.76,0
2019-04-30 12:10:00+00:00,175.84,200.57,338.65,9.58,59.66,17.04,3.03,0
2019-04-30 13:10:00+00:00,157.05,151.01,331.57,8.21,52.08,17.67,3.45,0
2019-04-30 14:10:00+00:00,131.61,117.4,288.57,6.66,42.27,17.84,4.07,0
2019-04-30 15:10:00+00:00,113.86,190.22,168.3,6.0,31.47,17.46,4.34,0
2019-04-30 16:10:00+00:00,82.96,185.39,90.59,4.07,20.34,15.55,3.93,0
2019-04-30 17:10:00+00:00,37.78,88.64,56.36,1.51,9.26,15.24,2.07,0
2019-04-30 18:10:00+00:00,0.0,0.0,0.0,0.0,0.0,14.36,0.97,0
2019-04-30 19:10:00+00:00,0.0,0.0,0.0,0.0,0.0,13.82,0.69,0
2019-04-30 20:10:00+00:00,0.0,0.0,0.0,0.0,0.0,13.17,0.83,0
2019-04-30 21:10:00+00:00,0.0,0.0,0.0,0.0,0.0,12.85,0.69,0
2019-04-30 22:10:00+00:00,0.0,0.0,0.0,0.0,0.0,12.64,0.48,0
2019-04-30 23:10:00+00:00,0.0,0.0,0.0,0.0,0.0,12.5,0.28,0
2019-05-01 00:10:00+00:00,0.0,0.0,0.0,0.0,0.0,12.05,0.34,0
2019-05-01 01:10:00+00:00,0.0,0.0,0.0,0.0,0.0,11.35,0.69,0
2019-05-01 02:10:00+00:00,0.0,0.0,0.0,0.0,0.0,10.45,0.9,0
2019-05-01 03:10:00+00:00,0.0,0.0,0.0,0.0,0.0,9.04,1.03,0
2019-05-01 04:10:00+00:00,0.0,0.0,0.0,0.0,0.0,8.04,1.31,0
2019-05-01 05:10:00+00:00,16.68,5.66,58.42,0.88,10.58,8.25,1.17,0
2019-05-01 06:10:00+00:00,71.8,74.85,154.52,3.28,21.67,11.43,0.69,0
2019-05-01 07:10:00+00:00,128.79,297.66,108.21,6.94,32.79,13.78,0.55,0
2019-05-01 08:10:00+00:00,153.48,312.0,165.02,8.75,43.54,15.27,0.97,0
2019-05-01 09:10:00+00:00,170.84,297.34,232.24,9.89,53.23,16.55,1.38,0
2019-05-01 10:10:00+00:00,115.2,11.17,347.66,5.25,60.51,17.61,1.72,0
2019-05-01 11:10:00+00:00,157.79,76.04,412.0,7.72,63.18,18.29,2.76,0
2019-05-01 12:10:00+00:00,157.33,87.59,396.82,7.76,59.92,18.32,3.52,0
2019-05-01 13:10:00+00:00,126.46,36.71,352.43,5.89,52.3,17.78,3.86,0
2019-05-01 14:10:00+00:00,31.69,0.0,110.04,1.58,42.45,16.39,3.79,0
2019-05-01 15:10:00+00:00,35.16,0.0,120.3,1.73,31.64,16.07,2.28,0
2019-05-01 16:10:00+00:00,57.72,43.77,146.71,2.75,20.51,15.61,1.03,0
2019-05-01 17:10:00+00:00,2.52,0.0,17.72,0.25,9.44,15.28,0.48,0
2019-05-01 18:10:00+00:00,0.0,0.0,0.0,0.0,0.0,14.13,0.83,0
2019-05-01 19:10:00+00:00,0.0,0.0,0.0,0.0,0.0,13.82,0.55,0
2019-05-01 20:10:00+00:00,0.0,0.0,0.0,0.0,0.0,13.82,0.21,0
2019-05-01 21:10:00+00:00,0.0,0.0,0.0,0.0,0.0,13.31,0.48,0
2019-05-01 22:10:00+00:00,0.0,0.0,0.0,0.0,0.0,12.83,0.69,0
2019-05-01 23:10:00+00:00,0.0,0.0,0.0,0.0,0.0,12.34,0.55,0
2019-05-02 00:10:00+00:00,0.0,0.0,0.0,0.0,0.0,11.09,0.9,0
2019-05-02 01:10:00+00:00,0.0,0.0,0.0,0.0,0.0,9.27,1.1,0
2019-05-02 02:10:00+00:00,0.0,0.0,0.0,0.0,0.0,8.22,1.17,0
2019-05-02 03:10:00+00:00,0.0,0.0,0.0,0.0,0.0,7.67,1.24,0
2019-05-02 04:10:00+00:00,0.0,0.0,0.0,0.0,0.0,7.03,1.31,0
2019-05-02 05:10:00+00:00,37.91,56.53,75.98,1.53,10.8,7.38,1.17,0
2019-05-02 06:10:00+00:00,89.52,160.52,126.11,4.1,21.89,11.44,0.76,0
2019-05-02 07:10:00+00:00,129.94,291.76,119.43,6.97,33.01,14.35,0.21,0
2019-05-02 08:10:00+00:00,159.07,389.61,109.62,9.42,43.77,15.96,0.48,0
2019-05-02 09:10:00+00:00,179.17,451.64,108.89,11.24,53.49,17.19,0.83,0
2019-05-02 10:10:00+00:00,191.68,497.92,100.23,12.45,60.8,18.36,1.38,0
2019-05-02 11:10:00+00:00,196.08,518.46,90.36,12.87,63.48,19.11,2.14,0
2019-05-02 12:10:00+00:00,187.91,414.29,167.63,11.76,60.19,19.42,2.83,0
2019-05-02 13:10:00+00:00,178.06,462.81,87.37,11.25,52.51,19.21,3.38,0
2019-05-02 14:10:00+00:00,155.38,392.91,90.56,9.34,42.64,18.75,3.66,0
2019-05-02 15:10:00+00:00,123.96,298.86,95.53,6.87,31.81,18.13,3.45,0
2019-05-02 16:10:00+00:00,85.31,189.72,94.93,4.15,20.67,17.36,2.97,0
2019-05-02 17:10:00+00:00,42.06,103.27,56.33,1.63,9.61,16.45,2.21,0
2019-05-02 18:10:00+00:00,0.0,0.0,0.0,0.0,0.0,15.39,1.66,0
2019-05-02 19:10:00+00:00,0.0,0.0,0.0,0.0,0.0,14.36,1.38,0
2019-05-02 20:10:00+00:00,0.0,0.0,0.0,0.0,0.0,13.4,1.45,0
2019-05-02 21:10:00+00:00,0.0,0.0,0.0,0.0,0.0,12.47,1.52,0
2019-05-02 22:10:00+00:00,0.0,0.0,0.0,0.0,0.0,12.02,1.66,0
2019-05-02 23:10:00+00:00,0.0,0.0,0.0,0.0,0.0,11.86,1.86,0
2019-05-03 00:10:00+00:00,0.0,0.0,0.0,0.0,0.0,12.01,2.0,0
2019-05-03 01:10:00+00:00,0.0,0.0,0.0,0.0,0.0,12.03,2.21,0
2019-05-03 02:10:00+00:00,0.0,0.0,0.0,0.0,0.0,11.87,2.55,0
2019-05-03 03:10:00+00:00,0.0,0.0,0.0,0.0,0.0,11.49,2.76,0
2019-05-03 04:10:00+00:00,0.0,0.0,0.0,0.0,0.0,11.57,2.76,0
2019-05-03 05:10:00+00:00,47.03,91.75,73.52,1.78,11.02,11.84,2.69,0
2019-05-03 06:10:00+00:00,89.45,154.83,130.02,4.06,22.1,13.27,3.24,0
2019-05-03 07:10:00+00:00,120.31,160.01,208.46,5.87,33.22,14.12,4.0,0
2019-05-03 08:10:00+00:00,145.73,162.88,280.13,7.36,44.0,15.55,4.0,0
2019-05-03 09:10:00+00:00,175.12,268.79,263.57,9.66,53.74,16.97,4.28,0
2019-05-03 10:10:00+00:00,188.83,310.46,264.23,10.83,61.09,17.93,4.55,0
2019-05-03 11:10:00+00:00,191.78,310.47,273.78,11.07,63.77,18.47,4.83,0
2019-05-03 12:10:00+00:00,184.98,280.58,283.59,10.49,60.45,18.77,5.1,0
2019-05-03 13:10:00+00:00,146.76,87.7,362.1,7.17,52.73,18.73,5.17,0
2019-05-03 14:10:00+00:00,122.93,71.62,306.89,5.91,42.82,18.34,5.17,0
2019-05-03 15:10:00+00:00,100.77,86.58,228.33,4.88,31.98,17.92,5.1,0
2019-05-03 16:10:00+00:00,52.57,27.15,146.35,2.49,20.84,17.21,4.69,0
2019-05-03 17:10:00+00:00,17.06,10.05,58.05,0.91,9.79,16.44,3.59,0
2019-05-03 18:10:00+00:00,0.0,0.0,0.0,0.0,0.0,15.52,2.62,0
2019-05-03 19:10:00+00:00,0.0,0.0,0.0,0.0,0.0,14.71,2.83,0
2019-05-03 20:10:00+00:00,0.0,0.0,0.0,0.0,0.0,14.21,2.41,0
2019-05-03 21:10:00+00:00,0.0,0.0,0.0,0.0,0.0,13.86,2.21,0
2019-05-03 22:10:00+00:00,0.0,0.0,0.0,0.0,0.0,13.62,2.07,0
2019-05-03 23:10:00+00:00,0.0,0.0,0.0,0.0,0.0,13.42,2.07,0
2019-05-04 00:10:00+00:00,0.0,0.0,0.0,0.0,0.0,13.13,2.14,0
2019-05-04 01:10:00+00:00,0.0,0.0,0.0,0.0,0.0,12.75,2.0,0
2019-05-04 02:10:00+00:00,0.0,0.0,0.0,0.0,0.0,12.62,1.93,0
2019-05-04 03:10:00+00:00,0.0,0.0,0.0,0.0,0.0,12.46,2.21,0
2019-05-04 04:10:00+00:00,0.0,0.0,0.0,0.0,0.0,12.3,2.07,0
2019-05-04 05:10:00+00:00,1.23,0.0,12.12,0.17,11.23,12.28,1.86,0
2019-05-04 06:10:00+00:00,6.42,0.0,31.71,0.46,22.3,12.64,1.59,0
2019-05-04 07:10:00+00:00,14.55,0.0,57.82,0.83,33.43,12.92,1.79,0
2019-05-04 08:10:00+00:00,36.28,0.0,122.17,1.76,44.22,13.11,1.72,0
2019-05-04 09:10:00+00:00,74.09,0.0,231.28,3.32,53.98,13.44,1.86,0
2019-05-04 10:10:00+00:00,95.4,1.89,291.75,4.23,61.37,13.72,1.86,0
2019-05-04 11:10:00+00:00,119.32,10.59,354.28,5.33,64.06,14.39,2.14,0
2019-05-04 12:10:00+00:00,95.49,1.88,293.61,4.26,60.7,15.5,2.48,0
2019-05-04 13:10:00+00:00,147.61,95.27,357.02,7.25,52.94,16.43,2.83,0
2019-05-04 14:10:00+00:00,136.83,144.76,276.09,6.97,43.0,16.61,3.03,0
2019-05-04 15:10:00+00:00,34.49,0.0,118.44,1.7,32.15,16.55,3.1,0
2019-05-04 16:10:00+00:00,9.37,0.0,41.97,0.6,21.01,15.94,2.97,0
2019-05-04 17:10:00+00:00,10.38,1.44,43.96,0.64,9.96,15.38,2.69,0
2019-05-04 18:10:00+00:00,0.0,0.0,0.0,0.0,0.0,14.67,1.79,0
2019-05-04 19:10:00+00:00,0.0,0.0,0.0,0.0,0.0,13.99,0.9,0
2019-05-04 20:10:00+00:00,0.0,0.0,0.0,0.0,0.0,13.79,0.41,0
2019-05-04 21:10:00+00:00,0.0,0.0,0.0,0.0,0.0,13.4,0.14,0
2019-05-04 22:10:00+00:00,0.0,0.0,0.0,0.0,0.0,13.03,0.14,0
2019-05-04 23:10:00+00:00,0.0,0.0,0.0,0.0,0.0,12.66,0.62,0
2019-05-05 00:10:00+00:00,0.0,0.0,0.0,0.0,0.0,11.65,0.97,0
2019-05-05 01:10:00+00:00,0.0,0.0,0.0,0.0,0.0,11.09,1.24,0
2019-05-05 02:10:00+00:00,0.0,0.0,0.0,0.0,0.0,10.77,1.52,0
2019-05-05 03:10:00+00:00,0.0,0.0,0.0,0.0,0.0,11.33,1.72,0
2019-05-05 04:10:00+00:00,0.0,0.0,0.0,0.0,0.0,11.97,2.07,0
2019-05-05 05:10:00+00:00,39.71,56.35,82.72,1.62,11.43,12.27,2.07,0
2019-05-05 06:10:00+00:00,95.76,179.49,125.96,4.33,22.5,13.76,2.21,0
2019-05-05 07:10:00+00:00,115.45,116.27,237.0,5.47,33.63,14.47,4.0,0
2019-05-05 08:10:00+00:00,125.24,56.25,320.86,5.75,44.43,14.29,5.72,0
2019-05-05 09:10:00+00:00,44.25,0.0,144.55,2.08,54.22,13.7,6.69,0
2019-05-05 10:10:00+00:00,198.85,308.51,278.45,10.92,61.64,13.79,7.03,0
2019-05-05 11:10:00+00:00,208.36,420.63,192.01,12.19,64.35,13.66,7.1,0
2019-05-05 12:10:00+00:00,100.88,2.52,301.95,4.39,60.95,13.45,7.45,0
2019-05-05 13:10:00+00:00,33.26,0.0,112.84,1.62,53.14,13.27,7.45,0
2019-05-05 14:10:00+00:00,88.98,7.52,262.54,3.93,43.18,12.69,6.9,0
2019-05-05 15:10:00+00:00,110.26,105.03,229.07,5.2,32.32,12.34,5.66,0
2019-05-05 16:10:00+00:00,7.0,0.0,33.57,0.48,21.17,12.27,5.66,0
2019-05-05 17:10:00+00:00,9.59,0.0,41.97,0.6,10.13,11.73,4.28,0
2019-05-05 18:10:00+00:00,0.0,0.0,0.0,0.0,0.0,10.89,3.45,0
2019-05-05 19:10:00+00:00,0.0,0.0,0.0,0.0,0.0,10.35,1.93,0
2019-05-05 20:10:00+00:00,0.0,0.0,0.0,0.0,0.0,9.77,1.59,0
2019-05-05 21:10:00+00:00,0.0,0.0,0.0,0.0,0.0,8.91,1.31,0
2019-05-05 22:10:00+00:00,0.0,0.0,0.0,0.0,0.0,8.98,0.83,0
2019-05-05 23:10:00+00:00,0.0,0.0,0.0,0.0,0.0,8.83,0.76,0
2019-05-06 00:10:00+00:00,0.0,0.0,0.0,0.0,0.0,8.82,1.45,0
2019-05-06 01:10:00+00:00,0.0,0.0,0.0,0.0,0.0,8.49,2.21,0
2019-05-06 02:10:00+00:00,0.0,0.0,0.0,0.0,0.0,8.3,2.83,0
2019-05-06 03:10:00+00:00,0.0,0.0,0.0,0.0,0.0,8.06,3.31,0
2019-05-06 04:10:00+00:00,0.0,0.0,0.0,0.0,0.0,8.04,3.66,0
2019-05-06 05:10:00+00:00,55.03,108.4,76.86,1.97,11.63,7.65,3.86,0
2019-05-06 06:10:00+00:00,65.22,37.36,164.78,2.88,22.69,8.51,5.03,0
2019-05-06 07:10:00+00:00,81.65,18.57,229.08,3.62,33.83,9.94,4.69,0
2019-05-06 08:10:00+00:00,125.66,54.44,319.27,5.68,44.64,11.33,5.24,0
2019-05-06 09:10:00+00:00,182.26,255.11,285.63,9.59,54.46,12.94,5.24,0
2019-05-06 10:10:00+00:00,182.96,171.23,377.51,9.28,61.91,14.65,4.83,0
2019-05-06 11:10:00+00:00,203.81,404.42,206.37,12.0,64.63,15.82,5.1,0
2019-05-06 12:10:00+00:00,194.49,331.1,253.89,11.05,61.2,16.57,5.52,0
2019-05-06 13:10:00+00:00,157.64,114.48,361.99,7.72,53.35,16.61,5.79,0
2019-05-06 14:10:00+00:00,159.99,315.45,169.03,8.8,43.36,16.4,6.28,0
2019-05-06 15:10:00+00:00,134.0,320.72,93.73,7.09,32.48,15.78,6.21,0
2019-05-06 16:10:00+00:00,93.9,211.8,92.09,4.35,21.33,15.15,5.86,0
2019-05-06 17:10:00+00:00,45.04,96.51,66.24,1.7,10.3,14.33,5.24,0
2019-05-06 18:10:00+00:00,0.0,0.0,0.0,0.0,0.0,13.03,4.9,0
2019-05-06 19:10:00+00:00,0.0,0.0,0.0,0.0,0.0,12.17,3.86,0
2019-05-06 20:10:00+00:00,0.0,0.0,0.0,0.0,0.0,11.22,3.66,0
2019-05-06 21:10:00+00:00,0.0,0.0,0.0,0.0,0.0,10.43,3.38,0
2019-05-06 22:10:00+00:00,0.0,0.0,0.0,0.0,0.0,9.75,3.17,0
2019-05-06 23:10:00+00:00,0.0,0.0,0.0,0.0,0.0,9.17,3.03,0
2019-05-07 00:10:00+00:00,0.0,0.0,0.0,0.0,0.0,8.66,2.97,0
2019-05-07 01:10:00+00:00,0.0,0.0,0.0,0.0,0.0,8.23,2.83,0
2019-05-07 02:10:00+00:00,0.0,0.0,0.0,0.0,0.0,7.81,2.69,0
2019-05-07 03:10:00+00:00,0.0,0.0,0.0,0.0,0.0,7.4,2.55,0
2019-05-07 04:10:00+00:00,0.0,0.0,0.0,0.0,0.0,6.97,2.41,0
2019-05-07 05:10:00+00:00,61.56,135.07,71.42,2.13,11.82,7.21,2.14,0
2019-05-07 06:10:00+00:00,107.91,243.87,93.93,4.77,22.88,9.42,1.86,0
2019-05-07 07:10:00+00:00,143.07,331.28,108.47,7.34,34.02,11.21,1.1,0
2019-05-07 08:10:00+00:00,169.34,405.36,116.97,9.62,44.84,13.27,0.62,0
2019-05-07 09:10:00+00:00,188.03,474.99,110.0,11.48,54.69,14.76,0.34,0
2019-05-07 10:10:00+00:00,199.57,503.31,116.39,12.54,62.17,15.85,0.83,0
2019-05-07 11:10:00+00:00,203.31,513.12,116.16,12.89,64.91,16.69,1.38,0
2019-05-07 12:10:00+00:00,186.48,262.09,313.81,10.38,61.44,17.23,2.14,0
2019-05-07 13:10:00+00:00,179.71,345.83,206.39,10.38,53.55,17.38,2.76,0
2019-05-07 14:10:00+00:00,163.06,386.23,115.47,9.35,43.53,17.12,3.38,0
2019-05-07 15:10:00+00:00,134.2,326.34,93.03,7.14,32.64,16.68,4.0,0
2019-05-07 16:10:00+00:00,95.49,220.34,90.4,4.43,21.5,15.9,4.0,0
2019-05-07 17:10:00+00:00,46.1,98.02,68.46,1.74,10.47,15.11,2.97,0
2019-05-07 18:10:00+00:00,0.0,0.0,0.0,0.0,0.0,14.08,1.79,0
2019-05-07 19:10:00+00:00,0.0,0.0,0.0,0.0,0.0,13.33,1.66,0
2019-05-07 20:10:00+00:00,0.0,0.0,0.0,0.0,0.0,12.18,1.1,0
2019-05-07 21:10:00+00:00,0.0,0.0,0.0,0.0,0.0,12.23,0.83,0
2019-05-07 22:10:00+00:00,0.0,0.0,0.0,0.0,0.0,12.39,0.34,0
2019-05-07 23:10:00+00:00,0.0,0.0,0.0,0.0,0.0,12.0,0.07,0
2019-05-08 00:10:00+00:00,0.0,0.0,0.0,0.0,0.0,11.64,0.14,0
2019-05-08 01:10:00+00:00,0.0,0.0,0.0,0.0,0.0,11.08,0.62,0
2019-05-08 02:10:00+00:00,0.0,0.0,0.0,0.0,0.0,10.38,0.9,0
2019-05-08 03:10:00+00:00,0.0,0.0,0.0,0.0,0.0,8.88,1.24,0
2019-05-08 04:10:00+00:00,0.0,0.0,0.0,0.0,0.0,7.81,1.45,0
2019-05-08 05:10:00+00:00,5.21,0.0,27.04,0.39,12.01,8.02,1.38,0
2019-05-08 06:10:00+00:00,107.27,254.3,86.32,4.8,23.07,11.45,0.97,0
2019-05-08 07:10:00+00:00,139.44,307.08,123.87,7.11,34.21,13.82,1.72,0
2019-05-08 08:10:00+00:00,167.8,376.29,136.65,9.31,45.04,15.04,2.28,0
2019-05-08 09:10:00+00:00,183.76,350.43,209.8,10.4,54.91,15.94,2.69,0
2019-05-08 10:10:00+00:00,199.46,433.02,173.07,11.88,62.43,16.63,3.31,0
2019-05-08 11:10:00+00:00,184.69,188.54,375.9,9.66,65.18,17.15,3.52,0
2019-05-08 12:10:00+00:00,187.21,263.96,307.25,10.29,61.68,17.38,3.72,0
2019-05-08 13:10:00+00:00,186.4,469.72,97.58,11.23,53.75,17.55,4.0,0
2019-05-08 14:10:00+00:00,154.13,261.83,210.0,8.27,43.71,17.35,4.28,0
2019-05-08 15:10:00+00:00,127.39,245.9,149.62,6.51,32.8,16.7,4.55,0
2019-05-08 16:10:00+00:00,65.13,53.97,156.05,2.99,21.66,15.69,4.41,0
2019-05-08 17:10:00+00:00,8.01,0.0,37.3,0.54,10.63,14.9,3.86,0
2019-05-08 18:10:00+00:00,0.0,0.0,0.0,0.0,0.0,14.22,3.86,0
2019-05-08 19:10:00+00:00,0.0,0.0,0.0,0.0,0.0,13.5,3.72,0
2019-05-08 20:10:00+00:00,0.0,0.0,0.0,0.0,0.0,13.09,3.86,0
2019-05-08 21:10:00+00:00,0.0,0.0,0.0,0.0,0.0,13.0,3.86,0
2019-05-08 22:10:00+00:00,0.0,0.0,0.0,0.0,0.0,12.62,4.07,0
2019-05-08 23:10:00+00:00,0.0,0.0,0.0,0.0,0.0,12.55,4.34,0
2019-05-09 00:10:00+00:00,0.0,0.0,0.0,0.0,0.0,12.63,4.62,0
2019-05-09 01:10:00+00:00,0.0,0.0,0.0,0.0,0.0,12.67,4.76,0
2019-05-09 02:10:00+00:00,0.0,0.0,0.0,0.0,0.0,12.83,4.97,0
2019-05-09 03:10:00+00:00,0.0,0.0,0.0,0.0,0.0,12.96,5.17,0
2019-05-09 04:10:00+00:00,0.0,0.0,0.0,0.0,0.0,13.1,5.24,0
2019-05-09 05:10:00+00:00,4.03,0.0,23.31,0.33,12.2,13.2,5.38,0
2019-05-09 06:10:00+00:00,32.56,0.95,110.07,1.59,23.25,13.24,5.38,0
2019-05-09 07:10:00+00:00,33.77,0.0,114.71,1.65,34.39,13.79,5.59,0
2019-05-09 08:10:00+00:00,31.08,0.0,107.25,1.54,45.24,14.43,5.03,0
2019-05-09 09:10:00+00:00,27.76,0.0,97.92,1.41,55.12,15.17,4.41,0
2019-05-09 10:10:00+00:00,52.14,0.0,168.8,2.42,62.68,15.47,3.93,0
2019-05-09 11:10:00+00:00,29.42,0.0,103.52,1.49,65.45,16.69,3.72,0
2019-05-09 12:10:00+00:00,117.24,11.56,351.52,5.31,61.92,17.84,2.9,0
2019-05-09 13:10:00+00:00,180.2,405.29,153.83,10.73,53.94,18.68,2.14,0
2019-05-09 14:10:00+00:00,148.95,235.93,230.67,8.03,43.88,18.86,1.66,0
2019-05-09 15:10:00+00:00,129.88,308.99,105.8,6.95,32.96,19.51,1.86,0
2019-05-09 16:10:00+00:00,84.74,149.62,129.54,3.94,21.81,19.38,2.14,0
2019-05-09 17:10:00+00:00,44.72,92.34,70.86,1.73,10.8,18.55,1.86,0
2019-05-09 18:10:00+00:00,0.0,0.0,0.0,0.0,0.0,17.24,1.66,0
2019-05-09 19:10:00+00:00,0.0,0.0,0.0,0.0,0.0,16.09,1.38,0
2019-05-09 20:10:00+00:00,0.0,0.0,0.0,0.0,0.0,15.16,0.97,0
2019-05-09 21:10:00+00:00,0.0,0.0,0.0,0.0,0.0,15.17,0.41,0
2019-05-09 22:10:00+00:00,0.0,0.0,0.0,0.0,0.0,14.78,0.55,0
2019-05-09 23:10:00+00:00,0.0,0.0,0.0,0.0,0.0,13.83,0.76,0
2019-05-10 00:10:00+00:00,0.0,0.0,0.0,0.0,0.0,12.52,0.97,0
2019-05-10 01:10:00+00:00,0.0,0.0,0.0,0.0,0.0,11.59,1.1,0
2019-05-10 02:10:00+00:00,0.0,0.0,0.0,0.0,0.0,10.83,1.03,0
2019-05-10 03:10:00+00:00,0.0,0.0,0.0,0.0,0.0,10.28,1.1,0
2019-05-10 04:10:00+00:00,0.0,0.0,0.0,0.0,0.0,10.02,1.17,0
2019-05-10 05:10:00+00:00,57.83,115.23,80.14,2.08,12.38,10.7,1.17,0
2019-05-10 06:10:00+00:00,91.82,137.65,152.68,4.06,23.42,13.2,1.1,0
2019-05-10 07:10:00+00:00,77.53,16.56,228.3,3.56,34.56,15.85,1.1,0
2019-05-10 08:10:00+00:00,148.56,181.33,282.38,7.61,45.42,17.96,1.31,0
2019-05-10 09:10:00+00:00,187.1,456.69,127.79,11.24,55.34,19.15,1.59,0
2019-05-10 10:10:00+00:00,200.68,510.72,112.64,12.47,62.93,20.18,2.55,0
2019-05-10 11:10:00+00:00,198.19,407.32,209.37,11.92,65.71,20.41,2.69,0
2019-05-10 12:10:00+00:00,138.54,37.4,394.63,6.5,62.15,20.16,2.97,0
2019-05-10 13:10:00+00:00,185.06,459.55,112.6,11.16,54.14,19.9,3.24,0
2019-05-10 14:10:00+00:00,164.25,415.24,94.55,9.46,44.04,19.03,3.1,0
2019-05-10 15:10:00+00:00,132.53,309.0,109.7,6.98,33.12,18.57,2.62,0
2019-05-10 16:10:00+00:00,95.04,217.03,95.81,4.41,21.97,18.3,1.93,0
2019-05-10 17:10:00+00:00,47.84,102.47,70.69,1.81,10.96,17.84,1.17,0
2019-05-10 18:10:00+00:00,0.0,0.0,0.0,0.0,0.0,17.09,0.76,0
2019-05-10 19:10:00+00:00,0.0,0.0,0.0,0.0,0.0,15.53,1.03,0
2019-05-10 20:10:00+00:00,0.0,0.0,0.0,0.0,0.0,14.53,0.9,0
2019-05-10 21:10:00+00:00,0.0,0.0,0.0,0.0,0.0,14.84,0.48,0
2019-05-10 22:10:00+00:00,0.0,0.0,0.0,0.0,0.0,14.36,0.28,0
2019-05-10 23:10:00+00:00,0.0,0.0,0.0,0.0,0.0,12.87,1.1,0
2019-05-11 00:10:00+00:00,0.0,0.0,0.0,0.0,0.0,11.46,1.38,0
2019-05-11 01:10:00+00:00,0.0,0.0,0.0,0.0,0.0,10.64,1.45,0
2019-05-11 02:10:00+00:00,0.0,0.0,0.0,0.0,0.0,10.21,1.31,0
2019-05-11 03:10:00+00:00,0.0,0.0,0.0,0.0,0.0,9.97,1.24,0
2019-05-11 04:10:00+00:00,0.0,0.0,0.0,0.0,0.0,9.69,1.24,0
2019-05-11 05:10:00+00:00,50.92,84.3,87.39,1.92,12.55,10.27,1.1,0
2019-05-11 06:10:00+00:00,105.36,226.79,109.09,4.68,23.59,14.1,0.97,0
2019-05-11 07:10:00+00:00,120.98,152.06,226.51,5.85,34.73,16.51,0.97,0
2019-05-11 08:10:00+00:00,155.85,244.98,241.32,8.23,45.6,17.91,1.31,0
2019-05-11 09:10:00+00:00,187.75,464.03,121.29,11.24,55.54,19.0,1.66,0
2019-05-11 10:10:00+00:00,158.27,85.26,409.61,7.76,63.17,19.77,2.14,0
2019-05-11 11:10:00+00:00,191.96,302.28,296.45,10.92,65.97,20.29,2.55,0
2019-05-11 12:10:00+00:00,143.8,49.87,399.99,6.85,62.38,20.5,2.62,0
2019-05-11 13:10:00+00:00,45.47,0.0,152.94,2.2,54.33,20.18,2.76,0
2019-05-11 14:10:00+00:00,34.38,0.0,119.37,1.71,44.21,19.03,2.9,0
2019-05-11 15:10:00+00:00,26.35,0.0,95.12,1.37,33.28,18.16,2.34,0
2019-05-11 16:10:00+00:00,30.18,0.94,105.41,1.53,22.13,17.34,1.86,0
2019-05-11 17:10:00+00:00,15.6,4.33,58.27,0.87,11.13,16.86,1.52,0
2019-05-11 18:10:00+00:00,0.0,0.0,0.0,0.0,0.0,16.25,1.38,0
2019-05-11 19:10:00+00:00,0.0,0.0,0.0,0.0,0.0,15.6,2.21,0
2019-05-11 20:10:00+00:00,0.0,0.0,0.0,0.0,0.0,15.11,2.14,0
2019-05-11 21:10:00+00:00,0.0,0.0,0.0,0.0,0.0,14.77,2.34,0
2019-05-11 22:10:00+00:00,0.0,0.0,0.0,0.0,0.0,14.36,2.76,0
2019-05-11 23:10:00+00:00,0.0,0.0,0.0,0.0,0.0,14.09,3.1,0
2019-05-12 00:10:00+00:00,0.0,0.0,0.0,0.0,0.0,14.27,3.66,0
2019-05-12 01:10:00+00:00,0.0,0.0,0.0,0.0,0.0,14.23,4.48,0
2019-05-12 02:10:00+00:00,0.0,0.0,0.0,0.0,0.0,14.15,4.41,0
2019-05-12 03:10:00+00:00,0.0,0.0,0.0,0.0,0.0,13.99,3.93,0
2019-05-12 04:10:00+00:00,0.0,0.0,0.0,0.0,0.0,13.82,3.52,0
2019-05-12 05:10:00+00:00,2.78,0.0,18.65,0.27,12.72,13.97,2.97,0
2019-05-12 06:10:00+00:00,5.82,0.0,29.84,0.43,23.75,14.67,2.48,0
2019-05-12 07:10:00+00:00,15.6,0.0,61.55,0.88,34.9,15.23,2.55,0
2019-05-12 08:10:00+00:00,38.66,0.0,130.56,1.88,45.78,16.11,2.34,0
2019-05-12 09:10:00+00:00,196.29,532.83,70.27,11.76,55.74,17.22,2.21,0
2019-05-12 10:10:00+00:00,203.93,517.61,112.31,12.51,63.4,18.09,2.07,0
2019-05-12 11:10:00+00:00,140.53,33.58,404.38,6.55,66.22,18.66,1.93,0
2019-05-12 12:10:00+00:00,20.17,0.0,76.47,1.1,62.61,18.22,1.79,0
2019-05-12 13:10:00+00:00,17.93,0.0,69.01,0.99,54.51,16.27,2.21,0
2019-05-12 14:10:00+00:00,54.58,0.0,176.26,2.53,44.37,15.0,1.86,0
2019-05-12 15:10:00+00:00,34.9,0.0,119.37,1.71,33.43,15.64,2.07,0
2019-05-12 16:10:00+00:00,53.14,21.8,152.04,2.48,22.28,15.99,2.55,0
2019-05-12 17:10:00+00:00,29.28,30.32,76.66,1.33,11.29,15.96,1.79,0
2019-05-12 18:10:00+00:00,0.0,0.0,0.0,0.0,0.0,15.61,1.03,0
2019-05-12 19:10:00+00:00,0.0,0.0,0.0,0.0,0.0,13.68,1.31,0
2019-05-12 20:10:00+00:00,0.0,0.0,0.0,0.0,0.0,13.21,1.1,0
2019-05-12 21:10:00+00:00,0.0,0.0,0.0,0.0,0.0,12.48,0.83,0
2019-05-12 22:10:00+00:00,0.0,0.0,0.0,0.0,0.0,11.96,1.1,0
2019-05-12 23:10:00+00:00,0.0,0.0,0.0,0.0,0.0,11.7,1.24,0
2019-05-13 00:10:00+00:00,0.0,0.0,0.0,0.0,0.0,10.95,1.31,0
2019-05-13 01:10:00+00:00,0.0,0.0,0.0,0.0,0.0,10.86,1.31,0
2019-05-13 02:10:00+00:00,0.0,0.0,0.0,0.0,0.0,10.1,1.52,0
2019-05-13 03:10:00+00:00,0.0,0.0,0.0,0.0,0.0,9.84,1.45,0
2019-05-13 04:10:00+00:00,0.0,0.0,0.0,0.0,0.0,9.59,1.72,0
2019-05-13 05:10:00+00:00,18.94,4.21,66.63,0.99,12.88,10.24,1.45,0
2019-05-13 06:10:00+00:00,81.91,82.55,173.78,3.59,23.91,12.68,2.14,0
2019-05-13 07:10:00+00:00,104.74,66.29,254.97,4.78,35.06,13.72,2.21,0
2019-05-13 08:10:00+00:00,106.67,23.77,303.88,4.82,45.95,14.75,2.21,0
2019-05-13 09:10:00+00:00,86.98,1.36,270.38,3.91,55.93,15.88,1.79,0
2019-05-13 10:10:00+00:00,104.32,3.94,320.53,4.69,63.63,16.06,1.24,0
2019-05-13 11:10:00+00:00,139.47,31.77,402.76,6.48,66.47,17.08,1.03,0
2019-05-13 12:10:00+00:00,152.92,68.57,408.56,7.37,62.83,18.02,1.38,0
2019-05-13 13:10:00+00:00,173.9,243.88,293.09,9.32,54.7,18.4,2.69,0
2019-05-13 14:10:00+00:00,156.97,255.98,225.79,8.24,44.54,17.44,3.38,0
2019-05-13 15:10:00+00:00,119.91,161.42,212.06,5.83,33.58,17.92,3.45,0
2019-05-13 16:10:00+00:00,22.7,0.0,83.93,1.21,22.43,17.8,2.9,0
2019-05-13 17:10:00+00:00,1.19,0.0,12.12,0.17,11.45,17.04,3.1,0
2019-05-13 18:10:00+00:00,0.0,0.0,0.0,0.0,0.0,15.82,3.66,0
2019-05-13 19:10:00+00:00,0.0,0.0,0.0,0.0,0.0,14.27,3.93,0
2019-05-13 20:10:00+00:00,0.0,0.0,0.0,0.0,0.0,13.69,4.0,0
2019-05-13 21:10:00+00:00,0.0,0.0,0.0,0.0,0.0,13.18,4.0,0
2019-05-13 22:10:00+00:00,0.0,0.0,0.0,0.0,0.0,12.7,4.07,0
2019-05-13 23:10:00+00:00,0.0,0.0,0.0,0.0,0.0,12.22,4.07,0
2019-05-14 00:10:00+00:00,0.0,0.0,0.0,0.0,0.0,11.88,4.07,0
2019-05-14 01:10:00+00:00,0.0,0.0,0.0,0.0,0.0,11.38,4.21,0
2019-05-14 02:10:00+00:00,0.0,0.0,0.0,0.0,0.0,11.08,4.34,0
2019-05-14 03:10:00+00:00,0.0,0.0,0.0,0.0,0.0,11.02,4.55,0
2019-05-14 04:10:00+00:00,0.0,0.0,3.73,0.05,2.45,11.07,4.76,0
2019-05-14 05:10:00+00:00,4.08,0.0,23.31,0.33,13.04,11.19,4.76,0
2019-05-14 06:10:00+00:00,19.93,0.0,73.67,1.06,24.06,11.88,4.34,0
2019-05-14 07:10:00+00:00,150.59,327.18,127.04,7.34,35.21,13.11,4.41,0
2019-05-14 08:10:00+00:00,179.69,412.21,127.12,9.63,46.11,14.88,4.62,0
2019-05-14 09:10:00+00:00,197.08,437.04,157.14,11.13,56.12,16.39,4.34,0
2019-05-14 10:10:00+00:00,156.98,67.19,414.53,7.41,63.86,17.9,3.66,0
2019-05-14 11:10:00+00:00,175.22,126.93,415.79,8.76,66.71,18.4,2.55,0
2019-05-14 12:10:00+00:00,163.19,97.03,409.68,8.0,63.04,18.21,2.07,0
2019-05-14 13:10:00+00:00,168.12,188.21,332.73,8.72,54.88,18.24,2.21,0
2019-05-14 14:10:00+00:00,141.12,133.54,302.56,6.95,44.7,17.83,2.62,0
2019-05-14 15:10:00+00:00,75.58,16.61,222.72,3.48,33.73,17.84,3.52,0
2019-05-14 16:10:00+00:00,91.53,156.68,137.2,4.09,22.58,17.54,3.86,0
2019-05-14 17:10:00+00:00,40.38,60.62,82.4,1.63,11.6,16.79,4.07,0
2019-05-14 18:10:00+00:00,0.0,0.0,0.0,0.0,0.0,15.32,4.41,0
2019-05-14 19:10:00+00:00,0.0,0.0,0.0,0.0,0.0,14.46,3.24,0
2019-05-14 20:10:00+00:00,0.0,0.0,0.0,0.0,0.0,13.89,2.97,0
2019-05-14 21:10:00+00:00,0.0,0.0,0.0,0.0,0.0,13.13,2.62,0
2019-05-14 22:10:00+00:00,0.0,0.0,0.0,0.0,0.0,12.43,2.41,0
2019-05-14 23:10:00+00:00,0.0,0.0,0.0,0.0,0.0,11.93,2.28,0
2019-05-15 00:10:00+00:00,0.0,0.0,0.0,0.0,0.0,11.3,2.14,0
2019-05-15 01:10:00+00:00,0.0,0.0,0.0,0.0,0.0,10.57,2.28,0
2019-05-15 02:10:00+00:00,0.0,0.0,0.0,0.0,0.0,10.3,2.28,0
2019-05-15 03:10:00+00:00,0.0,0.0,0.0,0.0,0.0,10.04,2.48,0
2019-05-15 04:10:00+00:00,0.0,0.0,1.87,0.03,2.61,9.86,2.62,0
2019-05-15 05:10:00+00:00,4.62,0.0,25.18,0.36,13.19,10.1,2.21,0
2019-05-15 06:10:00+00:00,25.75,0.0,90.46,1.3,24.21,10.55,2.21,0
2019-05-15 07:10:00+00:00,10.76,0.0,45.7,0.66,35.36,11.44,2.34,0
2019-05-15 08:10:00+00:00,21.11,0.0,77.4,1.11,46.27,12.17,2.07,0
2019-05-15 09:10:00+00:00,46.18,0.0,150.15,2.16,56.3,12.25,1.79,0
2019-05-15 10:10:00+00:00,44.91,0.0,146.42,2.1,64.07,12.24,2.07,0
2019-05-15 11:10:00+00:00,42.0,0.0,138.02,1.98,66.95,12.12,2.07,0
2019-05-15 12:10:00+00:00,31.58,0.0,108.18,1.55,63.26,12.48,2.21,0
2019-05-15 13:10:00+00:00,26.78,0.0,94.19,1.35,55.06,12.44,2.14,0
2019-05-15 14:10:00+00:00,27.79,0.0,96.99,1.39,44.85,12.1,2.21,0
2019-05-15 15:10:00+00:00,23.32,0.0,83.93,1.21,33.88,12.13,2.0,0
2019-05-15 16:10:00+00:00,23.36,0.0,83.93,1.21,22.73,11.84,2.34,0
2019-05-15 17:10:00+00:00,6.73,0.0,32.64,0.47,11.76,11.77,2.21,0
2019-05-15 18:10:00+00:00,0.0,0.0,0.0,0.0,0.0,11.52,1.79,0
2019-05-15 19:10:00+00:00,0.0,0.0,0.0,0.0,0.0,10.89,1.72,0
2019-05-15 20:10:00+00:00,0.0,0.0,0.0,0.0,0.0,10.63,1.66,0
2019-05-15 21:10:00+00:00,0.0,0.0,0.0,0.0,0.0,10.52,2.0,0
2019-05-15 22:10:00+00:00,0.0,0.0,0.0,0.0,0.0,10.05,2.55,0
2019-05-15 23:10:00+00:00,0.0,0.0,0.0,0.0,0.0,9.43,2.69,0
2019-05-16 00:10:00+00:00,0.0,0.0,0.0,0.0,0.0,8.86,2.76,0
2019-05-16 01:10:00+00:00,0.0,0.0,0.0,0.0,0.0,8.3,2.97,0
2019-05-16 02:10:00+00:00,0.0,0.0,0.0,0.0,0.0,7.87,2.97,0
2019-05-16 03:10:00+00:00,0.0,0.0,0.0,0.0,0.0,7.53,2.76,0
2019-05-16 04:10:00+00:00,0.16,0.0,6.53,0.09,2.77,7.25,2.62,0
2019-05-16 05:10:00+00:00,15.72,1.41,58.87,0.86,13.34,7.81,2.34,0
2019-05-16 06:10:00+00:00,83.85,79.52,178.59,3.6,24.35,10.0,2.34,0
2019-05-16 07:10:00+00:00,154.67,366.9,103.98,7.62,35.5,12.82,2.28,0
2019-05-16 08:10:00+00:00,181.59,451.12,102.35,9.91,46.42,14.7,2.07,0
2019-05-16 09:10:00+00:00,197.16,496.61,114.18,11.58,56.48,16.5,1.17,0
2019-05-16 10:10:00+00:00,208.37,564.1,86.97,12.87,64.28,17.84,1.03,0
2019-05-16 11:10:00+00:00,212.22,543.63,112.0,13.01,67.19,18.51,2.28,0
2019-05-16 12:10:00+00:00,178.59,158.55,391.65,9.04,63.46,18.46,3.24,0
2019-05-16 13:10:00+00:00,178.74,250.19,296.46,9.43,55.23,17.92,3.72,0
2019-05-16 14:10:00+00:00,173.96,438.42,94.81,9.67,45.01,18.02,3.79,0
2019-05-16 15:10:00+00:00,143.02,342.87,101.61,7.27,34.03,17.74,3.79,0
2019-05-16 16:10:00+00:00,104.3,232.87,101.82,4.62,22.88,17.15,3.38,0
2019-05-16 17:10:00+00:00,57.85,125.51,75.46,2.06,11.91,16.36,2.28,0
2019-05-16 18:10:00+00:00,0.0,0.0,0.0,0.0,0.0,15.27,1.59,0
2019-05-16 19:10:00+00:00,0.0,0.0,0.0,0.0,0.0,14.23,0.9,0
2019-05-16 20:10:00+00:00,0.0,0.0,0.0,0.0,0.0,13.73,0.76,0
2019-05-16 21:10:00+00:00,0.0,0.0,0.0,0.0,0.0,13.79,0.34,0
2019-05-16 22:10:00+00:00,0.0,0.0,0.0,0.0,0.0,13.4,0.28,0
2019-05-16 23:10:00+00:00,0.0,0.0,0.0,0.0,0.0,12.87,0.62,0
2019-05-17 00:10:00+00:00,0.0,0.0,0.0,0.0,0.0,11.33,1.17,0
2019-05-17 01:10:00+00:00,0.0,0.0,0.0,0.0,0.0,10.19,1.31,0
2019-05-17 02:10:00+00:00,0.0,0.0,0.0,0.0,0.0,9.57,1.38,0
2019-05-17 03:10:00+00:00,0.0,0.0,0.0,0.0,0.0,9.03,1.45,0
2019-05-17 04:10:00+00:00,1.83,4.93,10.46,0.16,2.93,8.58,1.45,0
2019-05-17 05:10:00+00:00,72.87,157.5,80.87,2.45,13.49,9.57,1.03,0
2019-05-17 06:10:00+00:00,54.88,15.57,161.18,2.52,24.49,13.02,0.76,0
2019-05-17 07:10:00+00:00,150.56,355.28,113.58,7.54,35.64,15.71,1.1,0
2019-05-17 08:10:00+00:00,178.32,428.66,121.46,9.75,46.57,17.15,2.0,0
2019-05-17 09:10:00+00:00,191.2,366.24,221.55,10.58,56.64,18.12,2.83,0
2019-05-17 10:10:00+00:00,169.32,107.23,414.15,8.24,64.49,18.88,3.72,0
2019-05-17 11:10:00+00:00,211.1,468.57,176.81,12.43,67.41,19.19,4.07,0
2019-05-17 12:10:00+00:00,210.04,537.69,103.78,12.62,63.67,19.55,4.28,0
2019-05-17 13:10:00+00:00,193.74,457.21,136.02,11.19,55.4,19.66,4.34,0
2019-05-17 14:10:00+00:00,171.44,401.8,126.35,9.43,45.16,19.69,4.28,0
2019-05-17 15:10:00+00:00,122.31,160.89,220.39,5.88,34.17,19.3,4.14,0
2019-05-17 16:10:00+00:00,58.38,28.96,161.87,2.71,23.03,18.77,4.07,0
2019-05-17 17:10:00+00:00,18.16,5.77,64.97,0.98,12.06,17.94,3.59,0
2019-05-17 18:10:00+00:00,0.0,0.0,0.0,0.0,0.0,16.85,3.66,0
2019-05-17 19:10:00+00:00,0.0,0.0,0.0,0.0,0.0,15.77,3.1,0
2019-05-17 20:10:00+00:00,0.0,0.0,0.0,0.0,0.0,15.45,2.97,0
2019-05-17 21:10:00+00:00,0.0,0.0,0.0,0.0,0.0,15.11,3.31,0
2019-05-17 22:10:00+00:00,0.0,0.0,0.0,0.0,0.0,14.75,3.24,0
2019-05-17 23:10:00+00:00,0.0,0.0,0.0,0.0,0.0,14.5,3.66,0
2019-05-18 00:10:00+00:00,0.0,0.0,0.0,0.0,0.0,14.95,4.48,0
2019-05-18 01:10:00+00:00,0.0,0.0,0.0,0.0,0.0,15.12,5.17,0
2019-05-18 02:10:00+00:00,0.0,0.0,0.0,0.0,0.0,14.96,5.52,0
2019-05-18 03:10:00+00:00,0.0,0.0,0.0,0.0,0.0,14.43,5.93,0
2019-05-18 04:10:00+00:00,0.64,0.0,9.33,0.13,3.07,13.85,5.66,0
2019-05-18 05:10:00+00:00,26.67,12.66,82.6,1.29,13.62,14.02,5.38,0
2019-05-18 06:10:00+00:00,36.85,0.98,123.14,1.78,24.62,14.55,4.55,0
2019-05-18 07:10:00+00:00,39.54,0.0,132.43,1.9,35.77,15.47,4.14,0
2019-05-18 08:10:00+00:00,43.67,0.0,144.55,2.08,46.71,15.97,4.76,0
2019-05-18 09:10:00+00:00,92.38,2.76,282.44,4.11,56.81,16.39,5.17,0
2019-05-18 10:10:00+00:00,163.02,79.53,414.89,7.65,64.69,16.78,4.83,0
2019-05-18 11:10:00+00:00,146.2,36.32,408.21,6.65,67.64,16.72,4.69,0
2019-05-18 12:10:00+00:00,153.36,59.21,408.15,7.13,63.87,17.28,4.48,0
2019-05-18 13:10:00+00:00,171.09,180.11,340.03,8.59,55.57,17.46,4.55,0
2019-05-18 14:10:00+00:00,38.3,0.0,129.63,1.86,45.31,16.78,3.66,0
2019-05-18 15:10:00+00:00,48.7,0.8,159.47,2.3,34.32,17.49,4.0,0
2019-05-18 16:10:00+00:00,38.32,3.87,126.06,1.86,23.17,17.02,4.07,0
2019-05-18 17:10:00+00:00,28.56,23.06,80.34,1.33,12.21,16.56,3.59,0
2019-05-18 18:10:00+00:00,0.0,0.0,0.0,0.0,0.0,15.96,2.83,0
2019-05-18 19:10:00+00:00,0.0,0.0,0.0,0.0,0.0,15.11,2.41,0
2019-05-18 20:10:00+00:00,0.0,0.0,0.0,0.0,0.0,14.64,2.41,0
2019-05-18 21:10:00+00:00,0.0,0.0,0.0,0.0,0.0,14.05,2.48,0
2019-05-18 22:10:00+00:00,0.0,0.0,0.0,0.0,0.0,13.6,2.34,0
2019-05-18 23:10:00+00:00,0.0,0.0,0.0,0.0,0.0,13.48,2.41,0
2019-05-19 00:10:00+00:00,0.0,0.0,0.0,0.0,0.0,13.38,2.48,0
2019-05-19 01:10:00+00:00,0.0,0.0,0.0,0.0,0.0,13.48,2.48,0
2019-05-19 02:10:00+00:00,0.0,0.0,0.0,0.0,0.0,13.25,2.41,0
2019-05-19 03:10:00+00:00,0.0,0.0,0.0,0.0,0.0,13.13,2.21,0
2019-05-19 04:10:00+00:00,1.95,4.61,11.4,0.17,3.22,13.01,2.28,0
2019-05-19 05:10:00+00:00,19.78,2.82,71.16,1.05,13.75,13.15,2.14,0
2019-05-19 06:10:00+00:00,6.12,0.0,30.78,0.44,24.75,13.71,2.41,0
2019-05-19 07:10:00+00:00,10.83,0.0,46.63,0.67,35.9,15.48,2.55,0
2019-05-19 08:10:00+00:00,147.56,131.87,317.35,7.03,46.84,15.6,2.97,0
2019-05-19 09:10:00+00:00,91.18,2.08,280.61,4.07,56.96,15.86,3.03,0
2019-05-19 10:10:00+00:00,67.66,0.0,214.49,3.08,64.88,16.27,3.38,0
2019-05-19 11:10:00+00:00,142.56,31.14,403.13,6.46,67.85,15.47,3.1,0
2019-05-19 12:10:00+00:00,106.84,4.67,323.31,4.74,64.06,15.77,3.52,0
2019-05-19 13:10:00+00:00,143.79,61.85,375.25,6.66,55.74,15.9,3.72,0
2019-05-19 14:10:00+00:00,172.57,379.98,145.24,9.24,45.46,15.81,3.03,0
2019-05-19 15:10:00+00:00,130.38,202.38,199.76,6.26,34.46,15.61,2.41,0
2019-05-19 16:10:00+00:00,95.51,160.29,142.69,4.17,23.31,15.36,2.21,0
2019-05-19 17:10:00+00:00,45.56,69.14,88.13,1.78,12.36,15.25,2.55,0
2019-05-19 18:10:00+00:00,0.0,0.0,0.0,0.0,0.0,13.57,2.21,0
2019-05-19 19:10:00+00:00,0.0,0.0,0.0,0.0,0.0,13.62,1.72,0
2019-05-19 20:10:00+00:00,0.0,0.0,0.0,0.0,0.0,12.86,1.66,0
2019-05-19 21:10:00+00:00,0.0,0.0,0.0,0.0,0.0,12.7,1.72,0
2019-05-19 22:10:00+00:00,0.0,0.0,0.0,0.0,0.0,12.53,1.86,0
2019-05-19 23:10:00+00:00,0.0,0.0,0.0,0.0,0.0,12.3,1.93,0
2019-05-20 00:10:00+00:00,0.0,0.0,0.0,0.0,0.0,11.84,1.93,0
2019-05-20 01:10:00+00:00,0.0,0.0,0.0,0.0,0.0,11.73,1.86,0
2019-05-20 02:10:00+00:00,0.0,0.0,0.0,0.0,0.0,11.84,1.86,0
2019-05-20 03:10:00+00:00,0.0,0.0,0.0,0.0,0.0,12.18,1.86,0
2019-05-20 04:10:00+00:00,0.0,0.0,1.87,0.03,3.35,12.04,1.79,0
2019-05-20 05:10:00+00:00,64.72,116.89,95.39,2.29,13.88,12.04,1.93,0
2019-05-20 06:10:00+00:00,73.04,48.12,180.87,3.22,24.87,12.8,2.0,0
2019-05-20 07:10:00+00:00,26.66,0.0,94.19,1.35,36.02,13.51,2.83,0
2019-05-20 08:10:00+00:00,174.62,306.77,219.97,8.87,46.97,14.29,3.1,0
2019-05-20 09:10:00+00:00,21.13,0.0,78.34,1.13,57.11,15.24,3.24,0
2019-05-20 10:10:00+00:00,33.62,0.0,115.64,1.66,65.07,16.24,3.66,0
2019-05-20 11:10:00+00:00,161.44,65.14,427.13,7.53,68.06,16.67,3.72,0
2019-05-20 12:10:00+00:00,183.01,165.43,391.21,9.12,64.26,16.85,4.0,0
2019-05-20 13:10:00+00:00,197.9,455.77,143.84,11.17,55.9,16.94,3.86,0
2019-05-20 14:10:00+00:00,158.71,220.59,263.25,7.96,45.6,16.76,3.66,0
2019-05-20 15:10:00+00:00,97.39,50.97,249.75,4.43,34.6,15.94,3.86,0
2019-05-20 16:10:00+00:00,104.09,203.61,125.4,4.5,23.45,15.94,3.59,0
2019-05-20 17:10:00+00:00,50.97,86.37,88.05,1.92,12.51,15.56,3.38,0
2019-05-20 18:10:00+00:00,0.0,0.0,0.0,0.0,0.0,14.35,2.9,0
2019-05-20 19:10:00+00:00,0.0,0.0,0.0,0.0,0.0,14.57,2.41,0
2019-05-20 20:10:00+00:00,0.0,0.0,0.0,0.0,0.0,13.85,2.28,0
2019-05-20 21:10:00+00:00,0.0,0.0,0.0,0.0,0.0,13.24,2.41,0
2019-05-20 22:10:00+00:00,0.0,0.0,0.0,0.0,0.0,13.43,2.41,0
2019-05-20 23:10:00+00:00,0.0,0.0,0.0,0.0,0.0,13.32,2.41,0
2019-05-21 00:10:00+00:00,0.0,0.0,0.0,0.0,0.0,13.21,2.28,0
2019-05-21 01:10:00+00:00,0.0,0.0,0.0,0.0,0.0,13.27,1.79,0
2019-05-21 02:10:00+00:00,0.0,0.0,0.0,0.0,0.0,13.48,1.45,0
2019-05-21 03:10:00+00:00,0.0,0.0,0.0,0.0,0.0,13.42,1.24,0
2019-05-21 04:10:00+00:00,0.0,0.0,2.8,0.04,3.49,13.36,1.17,0
2019-05-21 05:10:00+00:00,26.4,11.27,83.36,1.29,14.0,13.87,1.24,0
2019-05-21 06:10:00+00:00,66.14,34.47,176.35,2.97,24.98,14.81,1.59,0
2019-05-21 07:10:00+00:00,59.27,2.47,187.45,2.73,36.13,15.1,1.86,0
2019-05-21 08:10:00+00:00,88.93,7.42,269.3,4.01,47.1,16.23,2.83,0
2019-05-21 09:10:00+00:00,93.24,2.79,287.11,4.18,57.26,17.1,3.52,0
2019-05-21 10:10:00+00:00,108.28,5.4,328.87,4.84,65.25,17.72,4.34,0
2019-05-21 11:10:00+00:00,57.69,0.0,186.52,2.68,68.27,17.95,4.83,0
2019-05-21 12:10:00+00:00,40.94,0.0,138.02,1.98,64.44,18.32,4.83,0
2019-05-21 13:10:00+00:00,116.97,19.37,341.1,5.29,56.06,18.3,4.62,0
2019-05-21 14:10:00+00:00,91.19,10.99,273.8,4.14,45.74,18.33,4.28,0
2019-05-21 15:10:00+00:00,75.82,16.23,223.79,3.48,34.73,18.25,4.0,0
2019-05-21 16:10:00+00:00,77.3,78.15,169.25,3.44,23.59,17.93,3.59,0
2019-05-21 17:10:00+00:00,59.2,120.84,82.04,2.12,12.65,17.37,3.17,0
2019-05-21 18:10:00+00:00,0.0,0.0,0.0,0.0,0.0,16.52,2.48,0
2019-05-21 19:10:00+00:00,0.0,0.0,0.0,0.0,0.0,15.99,2.41,0
2019-05-21 20:10:00+00:00,0.0,0.0,0.0,0.0,0.0,15.56,2.34,0
2019-05-21 21:10:00+00:00,0.0,0.0,0.0,0.0,0.0,15.04,2.34,0
2019-05-21 22:10:00+00:00,0.0,0.0,0.0,0.0,0.0,14.53,2.28,0
2019-05-21 23:10:00+00:00,0.0,0.0,0.0,0.0,0.0,14.08,2.21,0
2019-05-22 00:10:00+00:00,0.0,0.0,0.0,0.0,0.0,13.54,2.21,0
2019-05-22 01:10:00+00:00,0.0,0.0,0.0,0.0,0.0,13.1,2.21,0
2019-05-22 02:10:00+00:00,0.0,0.0,0.0,0.0,0.0,12.86,2.28,0
2019-05-22 03:10:00+00:00,0.0,0.0,0.0,0.0,0.0,12.37,2.21,0
2019-05-22 04:10:00+00:00,10.88,29.8,20.88,0.36,3.61,12.04,2.28,0
2019-05-22 05:10:00+00:00,75.08,157.94,87.17,2.53,14.12,12.72,2.07,0
2019-05-22 06:10:00+00:00,116.26,232.11,130.37,4.9,25.09,14.69,2.41,0
2019-05-22 07:10:00+00:00,151.03,302.8,160.89,7.25,36.24,16.83,3.31,0
2019-05-22 08:10:00+00:00,141.29,102.67,331.02,6.66,47.21,17.9,3.59,0
2019-05-22 09:10:00+00:00,194.26,352.75,241.74,10.48,57.4,18.55,3.72,0
2019-05-22 10:10:00+00:00,197.6,277.54,329.42,10.5,65.42,18.9,3.72,0
2019-05-22 11:10:00+00:00,217.23,517.67,146.95,12.79,68.47,19.12,3.79,0
2019-05-22 12:10:00+00:00,208.38,454.89,184.7,12.02,64.63,19.28,3.59,0
2019-05-22 13:10:00+00:00,199.63,505.85,107.23,11.52,56.21,19.44,3.52,0
2019-05-22 14:10:00+00:00,177.92,445.5,103.01,9.74,45.88,19.27,3.45,0
2019-05-22 15:10:00+00:00,145.56,332.2,122.38,7.26,34.87,18.87,2.9,0
2019-05-22 16:10:00+00:00,109.28,242.87,107.58,4.77,23.72,18.5,2.69,0
2019-05-22 17:10:00+00:00,60.94,126.49,82.48,2.17,12.79,17.81,2.28,0
2019-05-22 18:10:00+00:00,0.0,0.0,0.0,0.0,0.0,16.93,1.52,0
2019-05-22 19:10:00+00:00,0.0,0.0,0.0,0.0,0.0,16.21,1.24,0
2019-05-22 20:10:00+00:00,0.0,0.0,0.0,0.0,0.0,15.11,1.24,0
2019-05-22 21:10:00+00:00,0.0,0.0,0.0,0.0,0.0,14.36,1.24,0
2019-05-22 22:10:00+00:00,0.0,0.0,0.0,0.0,0.0,13.94,1.17,0
2019-05-22 23:10:00+00:00,0.0,0.0,0.0,0.0,0.0,13.5,1.31,0
2019-05-23 00:10:00+00:00,0.0,0.0,0.0,0.0,0.0,13.46,1.1,0
2019-05-23 01:10:00+00:00,0.0,0.0,0.0,0.0,0.0,13.86,0.9,0
2019-05-23 02:10:00+00:00,0.0,0.0,0.0,0.0,0.0,12.72,1.03,0
2019-05-23 03:10:00+00:00,0.0,0.0,0.0,0.0,0.0,11.77,1.24,0
2019-05-23 04:10:00+00:00,15.78,45.82,22.06,0.42,3.73,11.05,1.45,0
2019-05-23 05:10:00+00:00,75.82,160.88,86.22,2.55,14.23,11.86,1.1,0
2019-05-23 06:10:00+00:00,117.07,248.61,120.91,4.98,25.2,15.05,0.76,0
2019-05-23 07:10:00+00:00,150.69,337.68,135.55,7.44,36.35,16.95,0.55,0
2019-05-23 08:10:00+00:00,177.13,421.66,136.52,9.67,47.32,18.23,0.48,0
2019-05-23 09:10:00+00:00,198.02,497.72,123.81,11.5,57.53,19.3,1.17,0
2019-05-23 10:10:00+00:00,210.41,533.62,124.18,12.58,65.59,20.05,1.86,0
2019-05-23 11:10:00+00:00,209.69,457.47,195.76,12.29,68.66,20.49,2.55,0
2019-05-23 12:10:00+00:00,210.81,536.66,115.34,12.55,64.81,20.55,3.17,0
2019-05-23 13:10:00+00:00,198.31,511.54,100.7,11.5,56.37,19.88,3.03,0
2019-05-23 14:10:00+00:00,173.72,403.35,135.04,9.42,46.02,19.1,2.55,0
2019-05-23 15:10:00+00:00,23.45,0.0,86.73,1.25,35.0,18.9,1.66,0
2019-05-23 16:10:00+00:00,12.94,0.0,54.09,0.78,23.86,18.83,1.38,0
2019-05-23 17:10:00+00:00,25.9,14.36,81.04,1.27,12.93,18.48,1.03,0
2019-05-23 18:10:00+00:00,0.0,0.0,3.57,0.05,2.51,17.83,0.9,0
2019-05-23 19:10:00+00:00,0.0,0.0,0.0,0.0,0.0,16.85,0.83,0
2019-05-23 20:10:00+00:00,0.0,0.0,0.0,0.0,0.0,15.79,0.9,0
2019-05-23 21:10:00+00:00,0.0,0.0,0.0,0.0,0.0,15.59,0.76,0
2019-05-23 22:10:00+00:00,0.0,0.0,0.0,0.0,0.0,15.51,0.62,0
2019-05-23 23:10:00+00:00,0.0,0.0,0.0,0.0,0.0,15.3,0.48,0
2019-05-24 00:10:00+00:00,0.0,0.0,0.0,0.0,0.0,14.81,0.48,0
2019-05-24 01:10:00+00:00,0.0,0.0,0.0,0.0,0.0,13.53,0.9,0
2019-05-24 02:10:00+00:00,0.0,0.0,0.0,0.0,0.0,12.59,1.1,0
2019-05-24 03:10:00+00:00,0.0,0.0,0.0,0.0,0.0,12.01,1.24,0
2019-05-24 04:10:00+00:00,12.14,32.67,22.14,0.39,3.85,11.77,1.1,0
2019-05-24 05:10:00+00:00,73.46,149.71,90.73,2.51,14.33,12.63,0.69,0
2019-05-24 06:10:00+00:00,116.76,250.28,120.06,4.98,25.3,15.02,0.14,0
2019-05-24 07:10:00+00:00,153.63,358.62,122.47,7.57,36.45,17.16,0.9,0
2019-05-24 08:10:00+00:00,180.04,438.65,124.84,9.78,47.43,18.17,0.97,0
2019-05-24 09:10:00+00:00,198.19,480.16,140.0,11.37,57.65,19.17,1.38,0
2019-05-24 10:10:00+00:00,208.59,486.12,164.96,12.23,65.75,20.07,2.07,0
2019-05-24 11:10:00+00:00,215.63,565.04,106.29,13.04,68.85,20.63,2.48,0
2019-05-24 12:10:00+00:00,205.36,452.77,186.4,11.94,64.98,20.82,2.76,0
2019-05-24 13:10:00+00:00,197.72,513.01,100.89,11.5,56.52,20.96,2.97,0
2019-05-24 14:10:00+00:00,0.0,0.0,0.0,0.0,0.0,20.68,2.83,0
2019-05-24 15:10:00+00:00,144.83,330.86,124.66,7.23,35.13,20.25,2.62,0
2019-05-24 16:10:00+00:00,109.07,242.03,108.73,4.76,23.99,19.62,2.76,0
2019-05-24 17:10:00+00:00,62.62,130.58,83.71,2.22,13.06,18.73,2.55,0
2019-05-24 18:10:00+00:00,0.22,0.0,7.13,0.11,2.66,17.71,1.72,0
2019-05-24 19:10:00+00:00,0.0,0.0,0.0,0.0,0.0,16.72,1.38,0
2019-05-24 20:10:00+00:00,0.0,0.0,0.0,0.0,0.0,15.95,0.62,0
2019-05-24 21:10:00+00:00,0.0,0.0,0.0,0.0,0.0,15.28,0.83,0
2019-05-24 22:10:00+00:00,0.0,0.0,0.0,0.0,0.0,14.8,0.9,0
2019-05-24 23:10:00+00:00,0.0,0.0,0.0,0.0,0.0,15.0,0.76,0
2019-05-25 00:10:00+00:00,0.0,0.0,0.0,0.0,0.0,14.67,0.83,0
2019-05-25 01:10:00+00:00,0.0,0.0,0.0,0.0,0.0,13.2,1.24,0
2019-05-25 02:10:00+00:00,0.0,0.0,0.0,0.0,0.0,12.29,1.59,0
2019-05-25 03:10:00+00:00,0.0,0.0,0.0,0.0,0.0,11.89,1.66,0
2019-05-25 04:10:00+00:00,0.0,0.0,3.73,0.05,3.96,11.5,1.52,0
2019-05-25 05:10:00+00:00,28.23,11.31,88.07,1.35,14.43,12.47,1.1,0
2019-05-25 06:10:00+00:00,92.38,110.53,180.75,3.99,25.39,15.36,0.83,0
2019-05-25 07:10:00+00:00,102.18,57.45,262.43,4.69,36.54,17.29,1.24,0
2019-05-25 08:10:00+00:00,159.52,212.45,285.08,7.98,47.53,18.43,1.38,0
2019-05-25 09:10:00+00:00,170.62,177.21,358.13,8.65,57.77,19.36,1.38,0
2019-05-25 10:10:00+00:00,175.08,146.78,405.1,8.86,65.9,20.23,1.52,0
2019-05-25 11:10:00+00:00,141.41,35.07,410.51,6.63,69.03,20.98,1.93,0
2019-05-25 12:10:00+00:00,123.6,17.67,370.93,5.69,65.15,21.25,2.76,0
2019-05-25 13:10:00+00:00,98.94,6.3,305.58,4.51,56.66,20.75,3.45,0
2019-05-25 14:10:00+00:00,145.95,145.35,307.89,7.13,46.29,20.17,3.31,0
2019-05-25 15:10:00+00:00,78.43,18.89,231.32,3.63,35.26,19.68,2.62,0
2019-05-25 16:10:00+00:00,51.97,15.77,156.57,2.45,24.11,19.24,1.93,0
2019-05-25 17:10:00+00:00,1.8,0.0,14.92,0.21,13.2,18.73,1.79,0
2019-05-25 18:10:00+00:00,0.0,0.0,3.57,0.05,2.8,17.98,1.38,0
2019-05-25 19:10:00+00:00,0.0,0.0,0.0,0.0,0.0,17.16,1.1,0
2019-05-25 20:10:00+00:00,0.0,0.0,0.0,0.0,0.0,16.64,1.17,0
2019-05-25 21:10:00+00:00,0.0,0.0,0.0,0.0,0.0,16.21,0.9,0
2019-05-25 22:10:00+00:00,0.0,0.0,0.0,0.0,0.0,15.86,0.62,0
2019-05-25 23:10:00+00:00,0.0,0.0,0.0,0.0,0.0,15.95,0.41,0
2019-05-26 00:10:00+00:00,0.0,0.0,0.0,0.0,0.0,16.0,0.0,0
2019-05-26 01:10:00+00:00,0.0,0.0,0.0,0.0,0.0,15.79,0.34,0
2019-05-26 02:10:00+00:00,0.0,0.0,0.0,0.0,0.0,15.19,0.69,0
2019-05-26 03:10:00+00:00,0.0,0.0,0.0,0.0,0.0,15.11,0.97,0
2019-05-26 04:10:00+00:00,0.0,0.0,4.66,0.07,4.06,15.13,1.1,0
2019-05-26 05:10:00+00:00,14.37,0.0,57.82,0.83,14.53,15.26,1.1,0
2019-05-26 06:10:00+00:00,41.89,3.99,136.34,2.01,25.48,15.76,0.83,0
2019-05-26 07:10:00+00:00,20.38,0.0,76.47,1.1,36.63,15.9,1.1,0
2019-05-26 08:10:00+00:00,94.09,12.04,283.19,4.29,47.63,17.04,1.1,0
2019-05-26 09:10:00+00:00,39.16,0.0,133.36,1.92,57.88,18.03,1.31,0
2019-05-26 10:10:00+00:00,20.46,0.0,77.4,1.11,66.05,18.34,1.59,0
2019-05-26 11:10:00+00:00,28.8,0.0,102.58,1.47,69.21,18.33,2.0,0
2019-05-26 12:10:00+00:00,20.2,0.0,76.47,1.1,65.31,18.17,2.83,0
2019-05-26 13:10:00+00:00,38.13,0.0,129.63,1.86,56.81,17.35,2.55,0
2019-05-26 14:10:00+00:00,14.5,0.0,58.75,0.84,46.42,17.85,2.48,0
2019-05-26 15:10:00+00:00,10.13,0.0,44.76,0.64,35.38,17.73,1.72,0
2019-05-26 16:10:00+00:00,10.7,0.0,46.63,0.67,24.24,17.81,1.66,0
2019-05-26 17:10:00+00:00,2.95,0.0,19.58,0.28,13.33,17.62,2.0,0
2019-05-26 18:10:00+00:00,0.09,0.0,6.24,0.09,2.94,17.28,2.0,0
2019-05-26 19:10:00+00:00,0.0,0.0,0.0,0.0,0.0,16.17,2.48,0
2019-05-26 20:10:00+00:00,0.0,0.0,0.0,0.0,0.0,15.88,2.69,0
2019-05-26 21:10:00+00:00,0.0,0.0,0.0,0.0,0.0,15.87,3.1,0
2019-05-26 22:10:00+00:00,0.0,0.0,0.0,0.0,0.0,15.87,2.9,0
2019-05-26 23:10:00+00:00,0.0,0.0,0.0,0.0,0.0,15.48,2.55,0
2019-05-27 00:10:00+00:00,0.0,0.0,0.0,0.0,0.0,15.41,2.28,0
2019-05-27 01:10:00+00:00,0.0,0.0,0.0,0.0,0.0,15.5,2.07,0
2019-05-27 02:10:00+00:00,0.0,0.0,0.0,0.0,0.0,15.54,1.86,0
2019-05-27 03:10:00+00:00,0.0,0.0,0.0,0.0,0.0,15.57,1.79,0
2019-05-27 04:10:00+00:00,0.0,0.0,2.8,0.04,4.16,15.5,1.72,0
2019-05-27 05:10:00+00:00,55.95,80.73,105.45,2.13,14.62,15.59,1.59,0
2019-05-27 06:10:00+00:00,6.3,0.0,31.71,0.46,25.56,16.33,1.17,0
2019-05-27 07:10:00+00:00,10.7,0.0,46.63,0.67,36.71,17.82,1.72,0
2019-05-27 08:10:00+00:00,34.66,0.0,120.3,1.73,47.71,19.0,2.28,0
2019-05-27 09:10:00+00:00,164.29,139.12,370.86,8.07,57.99,20.4,3.31,0
2019-05-27 10:10:00+00:00,45.9,0.0,154.81,2.22,66.19,21.33,3.38,0
2019-05-27 11:10:00+00:00,52.83,0.0,175.33,2.52,69.38,21.32,3.45,0
2019-05-27 12:10:00+00:00,46.78,0.0,155.74,2.24,65.48,19.1,4.14,0
2019-05-27 13:10:00+00:00,65.28,0.0,209.83,3.01,56.94,18.28,2.62,0
2019-05-27 14:10:00+00:00,75.95,2.98,237.73,3.47,46.55,17.85,2.62,0
2019-05-27 15:10:00+00:00,58.54,2.48,187.46,2.73,35.5,17.67,1.86,0
2019-05-27 16:10:00+00:00,11.27,0.0,48.49,0.7,24.36,17.73,1.52,0
2019-05-27 17:10:00+00:00,26.37,14.31,81.91,1.29,13.46,17.46,1.52,0
2019-05-27 18:10:00+00:00,0.71,0.0,9.81,0.15,3.07,17.06,1.66,0
2019-05-27 19:10:00+00:00,0.0,0.0,0.0,0.0,0.0,16.64,1.31,0
2019-05-27 20:10:00+00:00,0.0,0.0,0.0,0.0,0.0,16.29,1.31,0
2019-05-27 21:10:00+00:00,0.0,0.0,0.0,0.0,0.0,16.17,1.45,0
2019-05-27 22:10:00+00:00,0.0,0.0,0.0,0.0,0.0,15.97,1.59,0
2019-05-27 23:10:00+00:00,0.0,0.0,0.0,0.0,0.0,15.63,1.72,0
2019-05-28 00:10:00+00:00,0.0,0.0,0.0,0.0,0.0,14.88,1.66,0
2019-05-28 01:10:00+00:00,0.0,0.0,0.0,0.0,0.0,14.41,1.72,0
2019-05-28 02:10:00+00:00,0.0,0.0,0.0,0.0,0.0,14.15,1.52,0
2019-05-28 03:10:00+00:00,0.0,0.0,0.0,0.0,0.0,14.01,1.24,0
2019-05-28 04:10:00+00:00,0.0,0.0,2.8,0.04,4.26,13.93,0.97,0
2019-05-28 05:10:00+00:00,44.69,46.78,104.08,1.85,14.7,14.63,0.62,0
2019-05-28 06:10:00+00:00,41.36,3.01,136.3,2.0,25.64,16.62,0.69,0
2019-05-28 07:10:00+00:00,154.25,352.56,128.91,7.49,36.79,18.21,1.59,0
2019-05-28 08:10:00+00:00,168.42,277.75,244.14,8.53,47.8,19.22,2.48,0
2019-05-28 09:10:00+00:00,142.65,62.62,380.84,6.7,58.09,19.86,2.97,0
2019-05-28 10:10:00+00:00,185.19,194.0,380.37,9.43,66.32,20.18,3.31,0
2019-05-28 11:10:00+00:00,181.67,152.91,410.96,9.08,69.55,20.69,3.72,0
2019-05-28 12:10:00+00:00,171.87,123.26,407.04,8.39,65.63,19.97,4.14,0
2019-05-28 13:10:00+00:00,139.34,55.71,375.43,6.5,57.08,19.86,4.0,0
2019-05-28 14:10:00+00:00,154.84,193.54,283.56,7.64,46.67,19.68,4.07,0
2019-05-28 15:10:00+00:00,109.64,86.85,253.05,5.04,35.62,18.87,4.9,0
2019-05-28 16:10:00+00:00,58.61,24.78,165.53,2.69,24.49,18.3,4.62,0
2019-05-28 17:10:00+00:00,1.6,0.0,13.99,0.2,13.59,17.72,4.48,0
2019-05-28 18:10:00+00:00,0.54,0.0,8.92,0.13,3.21,17.29,3.86,0
2019-05-28 19:10:00+00:00,0.0,0.0,0.0,0.0,0.0,16.44,3.66,0
2019-05-28 20:10:00+00:00,0.0,0.0,0.0,0.0,0.0,16.11,3.45,0
2019-05-28 21:10:00+00:00,0.0,0.0,0.0,0.0,0.0,15.97,3.38,0
2019-05-28 22:10:00+00:00,0.0,0.0,0.0,0.0,0.0,15.83,3.1,0
2019-05-28 23:10:00+00:00,0.0,0.0,0.0,0.0,0.0,15.64,2.9,0
2019-05-29 00:10:00+00:00,0.0,0.0,0.0,0.0,0.0,15.45,2.83,0
2019-05-29 01:10:00+00:00,0.0,0.0,0.0,0.0,0.0,15.29,3.03,0
2019-05-29 02:10:00+00:00,0.0,0.0,0.0,0.0,0.0,15.28,3.31,0
2019-05-29 03:10:00+00:00,0.0,0.0,0.0,0.0,0.0,15.22,3.59,0
2019-05-29 04:10:00+00:00,0.0,0.0,4.66,0.07,4.34,15.17,3.86,0
2019-05-29 05:10:00+00:00,24.35,5.68,82.69,1.23,14.78,15.63,4.41,0
2019-05-29 06:10:00+00:00,95.82,112.65,184.98,4.06,25.71,16.3,5.03,0
2019-05-29 07:10:00+00:00,112.3,76.58,267.49,5.05,36.86,16.57,4.48,0
2019-05-29 08:10:00+00:00,170.58,240.51,275.75,8.31,47.88,17.08,4.83,0
2019-05-29 09:10:00+00:00,144.25,54.21,385.06,6.59,58.19,17.59,5.17,0
2019-05-29 10:10:00+00:00,197.55,228.24,369.94,9.97,66.45,17.78,5.45,0
2019-05-29 11:10:00+00:00,201.37,239.08,372.79,10.3,69.71,17.91,4.9,0
2019-05-29 12:10:00+00:00,163.56,80.3,420.42,7.69,65.78,18.51,4.55,0
2019-05-29 13:10:00+00:00,188.94,284.86,291.1,9.79,57.21,17.92,4.0,0
2019-05-29 14:10:00+00:00,128.53,66.66,329.77,5.96,46.79,18.45,3.59,0
2019-05-29 15:10:00+00:00,10.46,0.0,45.7,0.66,35.74,17.04,3.24,0
2019-05-29 16:10:00+00:00,55.38,17.87,162.33,2.56,24.6,16.46,1.93,0
2019-05-29 17:10:00+00:00,2.27,0.0,16.79,0.24,13.71,16.59,0.97,0
2019-05-29 18:10:00+00:00,1.08,0.0,11.59,0.17,3.34,16.25,0.69,0
2019-05-29 19:10:00+00:00,0.0,0.0,0.0,0.0,0.0,15.3,1.38,0
2019-05-29 20:10:00+00:00,0.0,0.0,0.0,0.0,0.0,14.64,1.52,0
2019-05-29 21:10:00+00:00,0.0,0.0,0.0,0.0,0.0,13.84,1.52,0
2019-05-29 22:10:00+00:00,0.0,0.0,0.0,0.0,0.0,12.88,1.52,0
2019-05-29 23:10:00+00:00,0.0,0.0,0.0,0.0,0.0,12.09,1.45,0
2019-05-30 00:10:00+00:00,0.0,0.0,0.0,0.0,0.0,11.61,1.31,0
2019-05-30 01:10:00+00:00,0.0,0.0,0.0,0.0,0.0,11.23,1.38,0
2019-05-30 02:10:00+00:00,0.0,0.0,0.0,0.0,0.0,10.96,1.59,0
2019-05-30 03:10:00+00:00,0.0,0.0,0.0,0.0,0.0,11.26,1.72,0
2019-05-30 04:10:00+00:00,0.65,0.0,9.33,0.13,4.43,11.45,1.79,0
2019-05-30 05:10:00+00:00,25.51,7.1,83.79,1.26,14.85,12.18,1.52,0
2019-05-30 06:10:00+00:00,67.66,34.28,180.27,3.01,25.78,14.09,1.17,0
2019-05-30 07:10:00+00:00,112.17,82.68,265.75,5.12,36.92,16.23,1.17,0
2019-05-30 08:10:00+00:00,162.54,225.88,280.14,8.09,47.95,17.72,1.17,0
2019-05-30 09:10:00+00:00,188.74,321.01,270.76,10.12,58.27,18.27,0.97,0
2019-05-30 10:10:00+00:00,61.85,0.0,201.44,2.89,66.57,18.77,0.76,0
2019-05-30 11:10:00+00:00,50.67,0.0,168.8,2.42,69.86,19.59,0.76,0
2019-05-30 12:10:00+00:00,64.22,0.0,209.83,3.01,65.93,20.34,0.9,0
2019-05-30 13:10:00+00:00,59.29,0.0,194.91,2.8,57.34,20.67,1.52,0
2019-05-30 14:10:00+00:00,119.4,51.79,322.9,5.59,46.91,20.42,2.34,0
2019-05-30 15:10:00+00:00,13.78,0.0,56.89,0.82,35.86,19.59,2.34,0
2019-05-30 16:10:00+00:00,66.13,38.78,174.83,3.0,24.72,18.06,2.07,0
2019-05-30 17:10:00+00:00,61.6,114.06,94.31,2.24,13.83,17.61,0.97,0
2019-05-30 18:10:00+00:00,1.08,0.0,11.59,0.17,3.46,17.35,0.28,0
2019-05-30 19:10:00+00:00,0.0,0.0,0.0,0.0,0.0,16.27,0.62,0
2019-05-30 20:10:00+00:00,0.0,0.0,0.0,0.0,0.0,15.29,0.83,0
2019-05-30 21:10:00+00:00,0.0,0.0,0.0,0.0,0.0,14.33,1.03,0
2019-05-30 22:10:00+00:00,0.0,0.0,0.0,0.0,0.0,13.57,1.17,0
2019-05-30 23:10:00+00:00,0.0,0.0,0.0,0.0,0.0,12.71,1.38,0
2019-05-31 00:10:00+00:00,0.0,0.0,0.0,0.0,0.0,12.35,1.45,0
2019-05-31 01:10:00+00:00,0.0,0.0,0.0,0.0,0.0,11.83,1.59,0
2019-05-31 02:10:00+00:00,0.0,0.0,0.0,0.0,0.0,11.51,1.72,0
2019-05-31 03:10:00+00:00,0.0,0.0,0.0,0.0,0.0,11.59,1.72,0
2019-05-31 04:10:00+00:00,21.45,55.65,29.61,0.55,4.5,11.71,1.79,0
2019-05-31 05:10:00+00:00,85.56,189.18,85.92,2.77,14.92,12.55,1.66,0
2019-05-31 06:10:00+00:00,115.69,208.14,151.42,4.8,25.84,14.53,1.66,0
2019-05-31 07:10:00+00:00,157.07,339.12,147.31,7.49,36.99,16.59,1.52,0
2019-05-31 08:10:00+00:00,185.39,452.8,125.92,9.89,48.01,18.4,1.24,0
2019-05-31 09:10:00+00:00,197.79,440.68,183.9,11.11,58.36,19.75,0.97,0
2019-05-31 10:10:00+00:00,189.47,252.1,353.42,10.18,66.68,20.76,0.69,0
2019-05-31 11:10:00+00:00,131.71,23.94,397.56,6.2,70.0,21.49,0.48,0
2019-05-31 12:10:00+00:00,20.36,0.0,78.34,1.13,66.07,21.8,0.62,0
2019-05-31 13:10:00+00:00,65.13,0.0,213.56,3.07,57.47,21.69,1.24,0
2019-05-31 14:10:00+00:00,158.1,225.64,273.68,8.05,47.03,21.77,1.79,0
2019-05-31 15:10:00+00:00,126.99,170.6,231.77,6.07,35.97,21.49,1.86,0
2019-05-31 16:10:00+00:00,88.92,112.5,175.18,3.94,24.83,20.84,1.38,0
2019-05-31 17:10:00+00:00,51.82,78.32,100.52,2.04,13.95,20.32,0.62,0
2019-05-31 18:10:00+00:00,1.25,0.0,12.48,0.19,3.59,19.52,0.41,0
2019-05-31 19:10:00+00:00,0.0,0.0,0.0,0.0,0.0,17.28,0.97,0
2019-05-31 20:10:00+00:00,0.0,0.0,0.0,0.0,0.0,16.94,0.48,0
2019-05-31 21:10:00+00:00,0.0,0.0,0.0,0.0,0.0,15.71,1.03,0
2019-05-31 22:10:00+00:00,0.0,0.0,0.0,0.0,0.0,14.15,1.86,0
2019-05-31 23:10:00+00:00,0.0,0.0,0.0,0.0,0.0,13.62,2.28,0
2019-06-01 00:10:00+00:00,0.0,0.0,0.0,0.0,0.0,13.29,2.41,0
2019-06-01 01:10:00+00:00,0.0,0.0,0.0,0.0,0.0,12.86,2.41,0
2019-06-01 02:10:00+00:00,0.0,0.0,0.0,0.0,0.0,12.39,2.34,0
2019-06-01 03:10:00+00:00,0.0,0.0,0.0,0.0,0.0,11.89,2.21,0
2019-06-01 04:10:00+00:00,21.74,55.16,30.7,0.56,4.58,11.49,2.21,0
2019-06-01 05:10:00+00:00,83.31,178.01,89.54,2.72,14.98,12.66,1.93,0
2019-06-01 06:10:00+00:00,126.59,281.5,113.51,5.23,25.9,15.73,2.0,0
2019-06-01 07:10:00+00:00,161.52,383.13,117.05,7.74,37.04,17.88,2.28,0
2019-06-01 08:10:00+00:00,185.98,439.29,137.1,9.79,48.08,19.85,2.69,0
2019-06-01 09:10:00+00:00,197.16,394.94,219.54,10.74,58.43,21.5,3.03,0
2019-06-01 10:10:00+00:00,214.93,532.31,140.51,12.55,66.79,22.62,3.03,0
2019-06-01 11:10:00+00:00,219.77,595.67,95.45,13.24,70.14,23.3,2.83,0
2019-06-01 12:10:00+00:00,192.06,269.36,339.33,10.34,66.21,23.7,2.69,0
2019-06-01 13:10:00+00:00,199.96,523.49,107.95,11.6,57.59,23.83,2.62,0
2019-06-01 14:10:00+00:00,157.93,227.59,272.86,8.07,47.14,23.93,2.69,0
2019-06-01 15:10:00+00:00,147.92,331.81,137.94,7.33,36.08,23.38,2.9,0
2019-06-01 16:10:00+00:00,79.94,77.75,181.9,3.59,24.95,22.44,3.03,0
2019-06-01 17:10:00+00:00,73.89,169.24,81.64,2.55,14.06,21.47,2.9,0
2019-06-01 18:10:00+00:00,1.43,0.0,13.37,0.2,3.71,20.66,3.1,0
2019-06-01 19:10:00+00:00,0.0,0.0,0.0,0.0,0.0,19.61,2.76,0
2019-06-01 20:10:00+00:00,0.0,0.0,0.0,0.0,0.0,18.63,2.83,0
2019-06-01 21:10:00+00:00,0.0,0.0,0.0,0.0,0.0,17.88,2.62,0
2019-06-01 22:10:00+00:00,0.0,0.0,0.0,0.0,0.0,17.15,2.41,0
2019-06-01 23:10:00+00:00,0.0,0.0,0.0,0.0,0.0,16.3,2.07,0
2019-06-02 00:10:00+00:00,0.0,0.0,0.0,0.0,0.0,15.42,1.79,0
2019-06-02 01:10:00+00:00,0.0,0.0,0.0,0.0,0.0,14.88,1.79,0
2019-06-02 02:10:00+00:00,0.0,0.0,0.0,0.0,0.0,14.68,1.93,0
2019-06-02 03:10:00+00:00,0.0,0.0,0.0,0.0,0.0,14.84,2.34,0
2019-06-02 04:10:00+00:00,18.94,47.43,29.93,0.54,4.64,14.67,2.55,0
2019-06-02 05:10:00+00:00,78.16,159.69,94.62,2.63,15.04,15.7,2.41,0
2019-06-02 06:10:00+00:00,123.13,269.92,117.39,5.12,25.95,17.84,2.28,0
2019-06-02 07:10:00+00:00,156.14,369.53,123.91,7.61,37.09,19.24,0.76,0
2019-06-02 08:10:00+00:00,181.33,448.65,126.43,9.78,48.13,21.25,1.03,0
2019-06-02 09:10:00+00:00,198.02,490.0,140.89,11.35,58.5,22.91,1.38,0
2019-06-02 10:10:00+00:00,210.05,555.6,116.52,12.61,66.89,24.12,1.59,0
2019-06-02 11:10:00+00:00,210.15,566.59,115.49,12.96,70.28,24.66,0.83,0
2019-06-02 12:10:00+00:00,199.46,453.93,194.8,11.87,66.34,24.67,0.69,0
2019-06-02 13:10:00+00:00,193.62,507.37,117.15,11.41,57.71,24.58,1.03,0
2019-06-02 14:10:00+00:00,146.45,170.62,300.73,7.42,47.25,24.5,1.17,0
2019-06-02 15:10:00+00:00,145.72,332.37,135.28,7.29,36.19,24.0,1.79,0
2019-06-02 16:10:00+00:00,112.12,251.47,114.36,4.9,25.05,23.42,1.86,0
2019-06-02 17:10:00+00:00,68.38,146.29,88.48,2.44,14.17,22.69,1.52,0
2019-06-02 18:10:00+00:00,0.21,0.0,7.13,0.11,3.83,21.83,0.97,0
2019-06-02 19:10:00+00:00,0.0,0.0,0.0,0.0,0.0,20.2,1.31,0
2019-06-02 20:10:00+00:00,0.0,0.0,0.0,0.0,0.0,18.97,1.59,0
2019-06-02 21:10:00+00:00,0.0,0.0,0.0,0.0,0.0,18.19,2.21,0
2019-06-02 22:10:00+00:00,0.0,0.0,0.0,0.0,0.0,17.55,2.21,0
2019-06-02 23:10:00+00:00,0.0,0.0,0.0,0.0,0.0,16.98,1.79,0
2019-06-03 00:10:00+00:00,0.0,0.0,0.0,0.0,0.0,16.45,1.52,0
2019-06-03 01:10:00+00:00,0.0,0.0,0.0,0.0,0.0,15.97,1.31,0
2019-06-03 02:10:00+00:00,0.0,0.0,0.0,0.0,0.0,14.84,1.38,0
2019-06-03 03:10:00+00:00,0.0,0.0,0.0,0.0,0.0,14.4,1.45,0
2019-06-03 04:10:00+00:00,13.1,28.99,28.09,0.47,4.7,14.18,1.31,0
2019-06-03 05:10:00+00:00,64.22,104.22,107.11,2.33,15.09,15.39,0.76,0
2019-06-03 06:10:00+00:00,118.74,245.06,131.93,4.98,26.0,17.21,0.48,0
2019-06-03 07:10:00+00:00,154.1,355.84,133.56,7.52,37.14,19.67,0.48,0
2019-06-03 08:10:00+00:00,180.31,441.12,132.12,9.71,48.18,21.24,0.83,0
2019-06-03 09:10:00+00:00,199.3,490.23,141.07,11.33,58.57,22.75,1.79,0
2019-06-03 10:10:00+00:00,212.84,545.49,125.39,12.53,66.98,23.69,2.76,0
2019-06-03 11:10:00+00:00,219.31,609.58,80.0,13.21,70.4,24.25,3.24,0
2019-06-03 12:10:00+00:00,212.74,570.5,99.19,12.66,66.47,24.58,3.31,0
2019-06-03 13:10:00+00:00,198.2,498.27,125.26,11.35,57.82,24.86,3.66,0
2019-06-03 14:10:00+00:00,175.49,410.65,143.25,9.46,47.35,25.03,3.72,0
2019-06-03 15:10:00+00:00,147.62,339.57,130.65,7.33,36.29,24.82,3.45,0
2019-06-03 16:10:00+00:00,91.27,126.85,171.12,4.06,25.16,24.0,2.28,0
2019-06-03 17:10:00+00:00,4.04,0.0,24.25,0.35,14.28,23.34,1.38,0
2019-06-03 18:10:00+00:00,2.88,0.0,19.62,0.29,3.94,22.4,1.31,0
2019-06-03 19:10:00+00:00,0.0,0.0,0.0,0.0,0.0,19.98,1.72,0
2019-06-03 20:10:00+00:00,0.0,0.0,0.0,0.0,0.0,19.13,1.52,0
2019-06-03 21:10:00+00:00,0.0,0.0,0.0,0.0,0.0,18.23,1.31,0
2019-06-03 22:10:00+00:00,0.0,0.0,0.0,0.0,0.0,17.65,1.24,0
2019-06-03 23:10:00+00:00,0.0,0.0,0.0,0.0,0.0,17.15,1.17,0
2019-06-04 00:10:00+00:00,0.0,0.0,0.0,0.0,0.0,16.53,1.24,0
2019-06-04 01:10:00+00:00,0.0,0.0,0.0,0.0,0.0,16.01,1.17,0
2019-06-04 02:10:00+00:00,0.0,0.0,0.0,0.0,0.0,15.8,1.1,0
2019-06-04 03:10:00+00:00,0.0,0.0,0.0,0.0,0.0,15.44,1.1,0
2019-06-04 04:10:00+00:00,15.2,36.02,28.8,0.5,4.76,15.87,0.83,0
2019-06-04 05:10:00+00:00,77.28,157.25,96.6,2.63,15.14,16.64,0.9,0
2019-06-04 06:10:00+00:00,122.08,263.89,123.48,5.1,26.04,17.86,0.9,0
2019-06-04 07:10:00+00:00,155.71,366.8,127.96,7.6,37.18,19.93,0.55,0
2019-06-04 08:10:00+00:00,180.69,444.29,133.07,9.77,48.23,21.21,0.48,0
2019-06-04 09:10:00+00:00,199.23,503.41,133.87,11.45,58.63,22.33,0.9,0
2019-06-04 10:10:00+00:00,211.55,549.94,124.53,12.58,67.07,23.32,1.59,0
2019-06-04 11:10:00+00:00,218.13,603.05,89.19,13.21,70.52,24.07,2.28,0
2019-06-04 12:10:00+00:00,212.28,564.51,107.74,12.66,66.59,24.42,2.62,0
2019-06-04 13:10:00+00:00,199.56,521.26,109.37,11.52,57.93,24.58,2.9,0
2019-06-04 14:10:00+00:00,180.13,463.57,104.89,9.82,47.46,24.45,3.24,0
2019-06-04 15:10:00+00:00,149.57,350.11,125.95,7.42,36.39,23.96,2.83,0
2019-06-04 16:10:00+00:00,111.79,237.93,125.1,4.86,25.26,23.32,2.28,0
2019-06-04 17:10:00+00:00,67.45,137.4,92.9,2.42,14.39,22.32,1.79,0
2019-06-04 18:10:00+00:00,2.9,0.0,19.62,0.29,4.05,21.23,1.24,0
2019-06-04 19:10:00+00:00,0.0,0.0,0.0,0.0,0.0,20.05,1.52,0
2019-06-04 20:10:00+00:00,0.0,0.0,0.0,0.0,0.0,18.75,0.97,0
2019-06-04 21:10:00+00:00,0.0,0.0,0.0,0.0,0.0,18.57,0.62,0
2019-06-04 22:10:00+00:00,0.0,0.0,0.0,0.0,0.0,18.3,0.41,0
2019-06-04 23:10:00+00:00,0.0,0.0,0.0,0.0,0.0,17.77,0.69,0
2019-06-05 00:10:00+00:00,0.0,0.0,0.0,0.0,0.0,16.85,0.83,0
2019-06-05 01:10:00+00:00,0.0,0.0,0.0,0.0,0.0,15.6,1.17,0
2019-06-05 02:10:00+00:00,0.0,0.0,0.0,0.0,0.0,14.87,1.31,0
2019-06-05 03:10:00+00:00,0.0,0.0,0.0,0.0,0.0,14.65,1.24,0
2019-06-05 04:10:00+00:00,9.71,17.92,26.98,0.43,4.81,14.21,1.31,0
2019-06-05 05:10:00+00:00,62.94,97.34,109.41,2.3,15.18,15.39,1.1,0
2019-06-05 06:10:00+00:00,120.06,241.95,136.03,4.98,26.08,16.76,1.1,0
2019-06-05 07:10:00+00:00,154.94,329.05,155.68,7.38,37.22,19.32,1.72,0
2019-06-05 08:10:00+00:00,183.07,431.25,144.26,9.69,48.27,20.75,1.59,0
2019-06-05 09:10:00+00:00,201.4,497.78,140.23,11.43,58.68,22.2,1.59,0
2019-06-05 10:10:00+00:00,212.78,552.96,124.55,12.62,67.15,23.36,1.72,0
2019-06-05 11:10:00+00:00,216.04,574.34,114.82,13.04,70.64,24.19,1.93,0
2019-06-05 12:10:00+00:00,210.49,537.58,132.14,12.5,66.71,24.68,2.34,0
2019-06-05 13:10:00+00:00,200.32,524.93,109.37,11.58,58.04,24.71,2.76,0
2019-06-05 14:10:00+00:00,179.91,450.61,117.62,9.77,47.56,24.38,3.1,0
2019-06-05 15:10:00+00:00,152.34,366.5,116.53,7.54,36.49,23.67,3.17,0
2019-06-05 16:10:00+00:00,117.33,270.12,108.79,5.06,25.36,22.83,2.83,0
2019-06-05 17:10:00+00:00,72.6,157.01,89.12,2.55,14.49,21.9,2.28,0
2019-06-05 18:10:00+00:00,3.13,0.0,20.51,0.31,4.16,20.92,1.59,0
2019-06-05 19:10:00+00:00,0.0,0.0,0.0,0.0,0.0,19.6,1.24,0
2019-06-05 20:10:00+00:00,0.0,0.0,0.0,0.0,0.0,18.88,1.38,0
2019-06-05 21:10:00+00:00,0.0,0.0,0.0,0.0,0.0,18.22,1.31,0
2019-06-05 22:10:00+00:00,0.0,0.0,0.0,0.0,0.0,17.46,1.24,0
2019-06-05 23:10:00+00:00,0.0,0.0,0.0,0.0,0.0,16.82,1.59,0
2019-06-06 00:10:00+00:00,0.0,0.0,0.0,0.0,0.0,16.64,1.86,0
2019-06-06 01:10:00+00:00,0.0,0.0,0.0,0.0,0.0,16.56,2.07,0
2019-06-06 02:10:00+00:00,0.0,0.0,0.0,0.0,0.0,16.15,1.79,0
2019-06-06 03:10:00+00:00,0.0,0.0,0.0,0.0,0.0,16.02,2.07,0
2019-06-06 04:10:00+00:00,0.0,0.0,3.73,0.05,4.85,15.78,2.14,0
2019-06-06 05:10:00+00:00,30.74,14.33,94.08,1.46,15.22,16.7,1.93,0
2019-06-06 06:10:00+00:00,118.9,236.26,138.94,4.94,26.11,18.75,2.14,0
2019-06-06 07:10:00+00:00,120.33,115.6,261.9,5.55,37.25,20.83,2.76,0
2019-06-06 08:10:00+00:00,183.69,421.97,150.93,9.61,48.3,22.33,3.38,0
2019-06-06 09:10:00+00:00,200.71,450.77,176.87,11.08,58.73,23.33,3.59,0
2019-06-06 10:10:00+00:00,202.89,357.78,279.23,11.12,67.22,23.8,3.72,0
2019-06-06 11:10:00+00:00,217.8,521.98,157.96,12.66,70.74,24.14,4.34,0
2019-06-06 12:10:00+00:00,214.98,536.99,132.33,12.47,66.82,23.84,4.41,0
2019-06-06 13:10:00+00:00,191.7,356.43,241.62,10.34,58.14,23.54,4.34,0
2019-06-06 14:10:00+00:00,169.47,304.61,225.3,8.72,47.66,23.46,4.21,0
2019-06-06 15:10:00+00:00,153.4,366.1,117.55,7.54,36.58,23.23,3.72,0
2019-06-06 16:10:00+00:00,118.32,274.3,106.87,5.09,25.46,22.83,3.24,0
2019-06-06 17:10:00+00:00,72.31,153.96,90.95,2.55,14.59,22.14,2.55,0
2019-06-06 18:10:00+00:00,15.32,41.75,26.07,0.47,4.26,21.17,1.79,0
2019-06-06 19:10:00+00:00,0.0,0.0,0.0,0.0,0.0,20.07,1.66,0
2019-06-06 20:10:00+00:00,0.0,0.0,0.0,0.0,0.0,19.27,1.45,0
2019-06-06 21:10:00+00:00,0.0,0.0,0.0,0.0,0.0,18.51,1.38,0
2019-06-06 22:10:00+00:00,0.0,0.0,0.0,0.0,0.0,17.69,1.38,0
2019-06-06 23:10:00+00:00,0.0,0.0,0.0,0.0,0.0,17.21,1.72,0
2019-06-07 00:10:00+00:00,0.0,0.0,0.0,0.0,0.0,16.62,1.72,0
2019-06-07 01:10:00+00:00,0.0,0.0,0.0,0.0,0.0,15.92,1.45,0
2019-06-07 02:10:00+00:00,0.0,0.0,0.0,0.0,0.0,15.46,1.38,0
2019-06-07 03:10:00+00:00,0.0,0.0,0.0,0.0,0.0,15.17,1.45,0
2019-06-07 04:10:00+00:00,9.94,17.78,27.97,0.44,4.89,15.17,1.52,0
2019-06-07 05:10:00+00:00,67.52,113.4,108.21,2.41,15.25,16.36,1.31,0
2019-06-07 06:10:00+00:00,116.07,224.4,145.63,4.88,26.14,19.82,1.31,0
2019-06-07 07:10:00+00:00,153.55,329.39,155.94,7.37,37.27,22.28,2.21,0
2019-06-07 08:10:00+00:00,181.12,414.95,157.54,9.57,48.33,24.21,2.83,0
2019-06-07 09:10:00+00:00,200.79,488.5,147.78,11.33,58.77,25.71,3.31,0
2019-06-07 10:10:00+00:00,211.98,532.91,141.58,12.46,67.29,26.72,3.45,0
2019-06-07 11:10:00+00:00,215.28,543.49,141.23,12.81,70.84,27.28,3.86,0
2019-06-07 12:10:00+00:00,212.1,548.19,124.5,12.55,66.93,27.53,4.34,0
2019-06-07 13:10:00+00:00,199.79,516.33,117.52,11.51,58.24,27.65,4.41,0
2019-06-07 14:10:00+00:00,170.91,352.92,192.14,9.1,47.75,27.56,4.14,0
2019-06-07 15:10:00+00:00,144.3,303.45,161.3,7.15,36.68,27.45,3.59,0
2019-06-07 16:10:00+00:00,112.93,246.4,124.34,4.96,25.55,26.78,3.1,0
2019-06-07 17:10:00+00:00,76.88,181.94,81.92,2.68,14.68,25.7,3.17,0
2019-06-07 18:10:00+00:00,0.0,0.0,2.8,0.04,4.36,24.34,3.45,0
2019-06-07 19:10:00+00:00,0.0,0.0,0.0,0.0,0.0,22.99,2.69,0
2019-06-07 20:10:00+00:00,0.0,0.0,0.0,0.0,0.0,22.09,3.1,0
2019-06-07 21:10:00+00:00,0.0,0.0,0.0,0.0,0.0,21.96,3.72,0
2019-06-07 22:10:00+00:00,0.0,0.0,0.0,0.0,0.0,21.95,3.66,0
2019-06-07 23:10:00+00:00,0.0,0.0,0.0,0.0,0.0,20.96,1.93,0
2019-06-08 00:10:00+00:00,0.0,0.0,0.0,0.0,0.0,21.87,0.28,0
2019-06-08 01:10:00+00:00,0.0,0.0,0.0,0.0,0.0,20.15,0.83,0
2019-06-08 02:10:00+00:00,0.0,0.0,0.0,0.0,0.0,18.07,1.93,0
2019-06-08 03:10:00+00:00,0.0,0.0,0.0,0.0,0.0,17.13,2.07,0
2019-06-08 04:10:00+00:00,9.85,17.73,27.97,0.44,4.93,16.91,2.07,0
2019-06-08 05:10:00+00:00,65.46,107.81,108.6,2.37,15.28,18.26,2.07,0
2019-06-08 06:10:00+00:00,116.2,231.98,140.96,4.9,26.16,22.08,1.93,0
2019-06-08 07:10:00+00:00,150.54,327.37,156.08,7.33,37.29,25.34,2.07,0
2019-06-08 08:10:00+00:00,176.56,397.03,169.89,9.42,48.35,26.82,2.48,0
2019-06-08 09:10:00+00:00,140.75,66.88,384.92,6.81,58.8,26.75,3.17,0
2019-06-08 10:10:00+00:00,84.94,0.7,277.88,4.01,67.35,26.84,2.55,0
2019-06-08 11:10:00+00:00,27.82,0.0,103.52,1.49,70.94,27.48,2.28,0
2019-06-08 12:10:00+00:00,132.06,33.52,396.23,6.36,67.03,28.16,2.34,0
2019-06-08 13:10:00+00:00,186.32,378.2,224.92,10.49,58.34,28.57,2.62,0
2019-06-08 14:10:00+00:00,171.59,393.68,161.34,9.36,47.84,28.56,2.69,0
2019-06-08 15:10:00+00:00,121.0,148.93,244.51,5.87,36.77,27.89,2.55,0
2019-06-08 16:10:00+00:00,112.24,245.51,124.32,4.94,25.64,26.74,2.28,0
2019-06-08 17:10:00+00:00,64.27,122.53,99.62,2.4,14.78,25.48,1.79,0
2019-06-08 18:10:00+00:00,17.25,47.78,27.68,0.51,4.45,24.17,1.17,0
2019-06-08 19:10:00+00:00,0.0,0.0,0.0,0.0,0.0,22.88,0.55,0
2019-06-08 20:10:00+00:00,0.0,0.0,0.0,0.0,0.0,22.23,0.55,0
2019-06-08 21:10:00+00:00,0.0,0.0,0.0,0.0,0.0,20.86,1.17,0
2019-06-08 22:10:00+00:00,0.0,0.0,0.0,0.0,0.0,19.98,1.45,0
2019-06-08 23:10:00+00:00,0.0,0.0,0.0,0.0,0.0,19.37,1.38,0
2019-06-09 00:10:00+00:00,0.0,0.0,0.0,0.0,0.0,18.84,1.52,0
2019-06-09 01:10:00+00:00,0.0,0.0,0.0,0.0,0.0,18.42,1.59,0
2019-06-09 02:10:00+00:00,0.0,0.0,0.0,0.0,0.0,17.97,1.38,0
2019-06-09 03:10:00+00:00,0.0,0.0,0.0,0.0,0.0,17.53,1.38,0
2019-06-09 04:10:00+00:00,21.77,53.07,33.93,0.6,4.95,17.33,1.66,0
2019-06-09 05:10:00+00:00,62.03,95.01,111.23,2.3,15.3,18.46,1.31,0
2019-06-09 06:10:00+00:00,113.92,219.0,149.59,4.85,26.18,22.43,0.97,0
2019-06-09 07:10:00+00:00,150.95,327.04,159.96,7.37,37.31,25.17,1.45,0
2019-06-09 08:10:00+00:00,176.5,403.82,168.9,9.51,48.37,27.27,1.66,0
2019-06-09 09:10:00+00:00,189.71,390.89,227.43,10.66,58.83,28.9,2.14,0
2019-06-09 10:10:00+00:00,206.92,508.33,165.74,12.33,67.41,30.16,2.83,0
2019-06-09 11:10:00+00:00,210.09,518.5,166.12,12.67,71.03,30.93,3.24,0
2019-06-09 12:10:00+00:00,207.46,534.15,140.34,12.5,67.12,31.13,3.52,0
2019-06-09 13:10:00+00:00,188.56,400.22,213.37,10.73,58.43,30.86,3.38,0
2019-06-09 14:10:00+00:00,73.05,2.29,243.36,3.54,47.93,30.36,2.83,0
2019-06-09 15:10:00+00:00,139.24,275.37,182.3,6.99,36.85,30.07,2.34,0
2019-06-09 16:10:00+00:00,78.61,78.19,186.72,3.66,25.73,29.72,1.93,0
2019-06-09 17:10:00+00:00,2.1,0.0,16.79,0.24,14.86,28.9,1.31,0
2019-06-09 18:10:00+00:00,1.3,0.0,13.06,0.19,4.54,27.59,1.38,0
2019-06-09 19:10:00+00:00,0.0,0.0,0.0,0.0,0.0,25.59,1.93,0
2019-06-09 20:10:00+00:00,0.0,0.0,0.0,0.0,0.0,24.04,2.0,0
2019-06-09 21:10:00+00:00,0.0,0.0,0.0,0.0,0.0,22.5,1.79,0
2019-06-09 22:10:00+00:00,0.0,0.0,0.0,0.0,0.0,21.24,1.66,0
2019-06-09 23:10:00+00:00,0.0,0.0,0.0,0.0,0.0,20.25,1.72,0
2019-06-10 00:10:00+00:00,0.0,0.0,0.0,0.0,0.0,19.66,2.07,0
2019-06-10 01:10:00+00:00,0.0,0.0,0.0,0.0,0.0,19.18,2.07,0
2019-06-10 02:10:00+00:00,0.0,0.0,0.0,0.0,0.0,18.57,2.0,0
2019-06-10 03:10:00+00:00,0.0,0.0,0.0,0.0,0.0,18.09,2.0,0
2019-06-10 04:10:00+00:00,5.83,7.07,23.98,0.36,4.98,17.92,2.07,0
2019-06-10 05:10:00+00:00,45.8,46.13,109.85,1.92,15.32,19.26,1.86,0
2019-06-10 06:10:00+00:00,117.03,231.72,146.14,4.96,26.19,23.01,1.59,0
2019-06-10 07:10:00+00:00,146.18,295.64,181.95,7.18,37.32,26.93,1.03,0
2019-06-10 08:10:00+00:00,170.53,357.03,205.66,9.22,48.39,29.29,1.1,0
2019-06-10 09:10:00+00:00,180.31,292.27,300.27,9.86,58.86,30.59,2.28,0
2019-06-10 10:10:00+00:00,198.12,373.08,275.38,11.32,67.46,31.23,3.17,0
2019-06-10 11:10:00+00:00,201.88,372.46,285.8,11.58,71.11,31.45,3.86,0
2019-06-10 12:10:00+00:00,144.88,55.99,418.07,7.13,67.22,31.7,4.28,0
2019-06-10 13:10:00+00:00,156.57,128.98,381.45,7.97,58.52,31.52,4.34,0
2019-06-10 14:10:00+00:00,145.78,156.41,316.61,7.36,48.01,30.57,4.34,0
2019-06-10 15:10:00+00:00,122.14,146.64,251.14,5.92,36.93,29.69,3.93,0
2019-06-10 16:10:00+00:00,77.56,71.19,188.19,3.59,25.81,29.21,3.52,0
2019-06-10 17:10:00+00:00,54.98,84.25,108.68,2.21,14.95,28.3,2.97,0
2019-06-10 18:10:00+00:00,1.92,0.0,15.85,0.23,4.63,26.71,2.34,0
2019-06-10 19:10:00+00:00,0.0,0.0,0.0,0.0,0.0,24.69,2.55,0
2019-06-10 20:10:00+00:00,0.0,0.0,0.0,0.0,0.0,23.19,2.83,0
2019-06-10 21:10:00+00:00,0.0,0.0,0.0,0.0,0.0,22.57,3.17,0
2019-06-10 22:10:00+00:00,0.0,0.0,0.0,0.0,0.0,22.28,2.55,0
2019-06-10 23:10:00+00:00,0.0,0.0,0.0,0.0,0.0,21.46,2.14,0
2019-06-11 00:10:00+00:00,0.0,0.0,0.0,0.0,0.0,20.36,1.72,0
2019-06-11 01:10:00+00:00,0.0,0.0,0.0,0.0,0.0,19.54,1.03,0
2019-06-11 02:10:00+00:00,0.0,0.0,0.0,0.0,0.0,19.06,2.07,0
2019-06-11 03:10:00+00:00,0.0,0.0,0.0,0.0,0.0,18.19,1.66,0
2019-06-11 04:10:00+00:00,21.72,52.96,33.93,0.6,5.0,17.58,1.1,0
2019-06-11 05:10:00+00:00,67.46,114.07,109.42,2.42,15.33,18.59,1.17,0
2019-06-11 06:10:00+00:00,95.18,123.77,183.43,4.13,26.2,22.03,1.31,0
2019-06-11 07:10:00+00:00,147.91,289.16,182.08,7.07,37.33,24.32,2.41,0
2019-06-11 08:10:00+00:00,178.9,401.01,169.23,9.45,48.4,25.82,2.76,0
2019-06-11 09:10:00+00:00,197.02,445.12,183.92,11.01,58.88,27.11,3.31,0
2019-06-11 10:10:00+00:00,193.8,280.47,336.34,10.38,67.5,27.21,4.41,0
2019-06-11 11:10:00+00:00,160.8,83.47,431.0,7.88,71.18,27.13,4.07,0
2019-06-11 12:10:00+00:00,19.84,0.0,78.34,1.13,67.3,27.79,4.34,0
2019-06-11 13:10:00+00:00,77.12,0.72,253.64,3.66,58.6,27.94,4.48,0
2019-06-11 14:10:00+00:00,167.34,308.51,226.59,8.78,48.09,27.95,4.07,0
2019-06-11 15:10:00+00:00,148.91,339.01,140.58,7.41,37.01,27.8,3.72,0
2019-06-11 16:10:00+00:00,115.0,255.71,121.55,5.04,25.89,27.12,3.24,0
2019-06-11 17:10:00+00:00,70.36,145.81,96.27,2.56,15.03,26.15,2.41,0
2019-06-11 18:10:00+00:00,0.0,0.0,4.66,0.07,4.71,24.81,1.66,0
2019-06-11 19:10:00+00:00,0.0,0.0,0.0,0.0,0.0,23.3,2.14,0
2019-06-11 20:10:00+00:00,0.0,0.0,0.0,0.0,0.0,22.16,2.0,0
2019-06-11 21:10:00+00:00,0.0,0.0,0.0,0.0,0.0,21.12,1.52,0
2019-06-11 22:10:00+00:00,0.0,0.0,0.0,0.0,0.0,20.48,1.45,0
2019-06-11 23:10:00+00:00,0.0,0.0,0.0,0.0,0.0,19.67,1.1,0
2019-06-12 00:10:00+00:00,0.0,0.0,0.0,0.0,0.0,19.15,1.59,0
2019-06-12 01:10:00+00:00,0.0,0.0,0.0,0.0,0.0,19.0,2.21,0
2019-06-12 02:10:00+00:00,0.0,0.0,0.0,0.0,0.0,18.35,1.31,0
2019-06-12 03:10:00+00:00,0.0,0.0,0.0,0.0,0.0,18.91,0.41,0
2019-06-12 04:10:00+00:00,9.72,17.66,27.97,0.44,5.01,19.01,0.07,0
2019-06-12 05:10:00+00:00,57.1,80.98,111.54,2.2,15.34,19.61,0.28,0
2019-06-12 06:10:00+00:00,111.88,207.63,153.33,4.74,26.2,21.6,0.76,0
2019-06-12 07:10:00+00:00,151.26,323.25,160.29,7.29,37.33,25.14,2.48,0
2019-06-12 08:10:00+00:00,179.14,399.16,170.3,9.42,48.4,25.72,3.03,0
2019-06-12 09:10:00+00:00,199.83,479.21,156.53,11.23,58.89,26.17,3.1,0
2019-06-12 10:10:00+00:00,210.52,513.53,159.09,12.29,67.53,26.78,3.03,0
2019-06-12 11:10:00+00:00,214.54,544.48,142.62,12.78,71.25,27.39,3.1,0
2019-06-12 12:10:00+00:00,211.0,549.75,125.81,12.54,67.38,27.85,3.31,0
2019-06-12 13:10:00+00:00,197.83,499.5,133.95,11.39,58.68,27.9,3.31,0
2019-06-12 14:10:00+00:00,178.23,437.88,131.88,9.69,48.17,27.46,3.45,0
2019-06-12 15:10:00+00:00,149.19,338.34,140.63,7.4,37.09,26.64,3.24,0
2019-06-12 16:10:00+00:00,114.28,245.7,127.3,4.98,25.96,25.9,2.97,0
2019-06-12 17:10:00+00:00,69.41,138.58,98.73,2.53,15.11,25.06,2.62,0
2019-06-12 18:10:00+00:00,20.51,55.75,30.61,0.58,4.79,24.05,1.93,0
2019-06-12 19:10:00+00:00,0.0,0.0,0.0,0.0,0.0,22.95,1.66,0
2019-06-12 20:10:00+00:00,0.0,0.0,0.0,0.0,0.0,21.96,1.38,0
2019-06-12 21:10:00+00:00,0.0,0.0,0.0,0.0,0.0,21.02,1.1,0
2019-06-12 22:10:00+00:00,0.0,0.0,0.0,0.0,0.0,20.16,1.03,0
2019-06-12 23:10:00+00:00,0.0,0.0,0.0,0.0,0.0,19.36,1.31,0
2019-06-13 00:10:00+00:00,0.0,0.0,0.0,0.0,0.0,18.81,1.31,0
2019-06-13 01:10:00+00:00,0.0,0.0,0.0,0.0,0.0,18.28,1.38,0
2019-06-13 02:10:00+00:00,0.0,0.0,0.0,0.0,0.0,17.82,1.59,0
2019-06-13 03:10:00+00:00,0.0,0.0,0.0,0.0,0.0,17.49,1.66,0
2019-06-13 04:10:00+00:00,23.0,56.53,34.36,0.62,5.02,17.23,1.72,0
2019-06-13 05:10:00+00:00,85.14,185.4,93.77,2.8,15.34,18.25,1.31,0
2019-06-13 06:10:00+00:00,128.16,303.1,108.86,5.35,26.2,21.46,1.24,0
2019-06-13 07:10:00+00:00,157.84,380.78,127.84,7.72,37.33,24.0,1.03,0
2019-06-13 08:10:00+00:00,171.41,330.28,224.99,9.0,48.4,25.96,1.24,0
2019-06-13 09:10:00+00:00,195.28,445.32,190.21,11.09,58.9,27.56,1.66,0
2019-06-13 10:10:00+00:00,210.3,556.36,132.0,12.69,67.56,28.85,1.79,0
2019-06-13 11:10:00+00:00,212.74,578.39,122.92,13.13,71.31,29.81,1.66,0
2019-06-13 12:10:00+00:00,208.15,562.81,122.82,12.74,67.46,30.52,1.93,0
2019-06-13 13:10:00+00:00,197.57,531.64,115.8,11.71,58.75,30.82,2.41,0
2019-06-13 14:10:00+00:00,178.12,466.44,116.97,9.97,48.24,30.75,2.48,0
2019-06-13 15:10:00+00:00,150.94,375.63,121.52,7.72,37.16,30.43,2.28,0
2019-06-13 16:10:00+00:00,117.18,275.77,115.94,5.23,26.04,29.8,2.07,0
2019-06-13 17:10:00+00:00,75.56,169.11,93.81,2.73,15.18,28.73,1.66,0
2019-06-13 18:10:00+00:00,23.49,65.46,32.7,0.63,4.87,27.39,1.24,0
2019-06-13 19:10:00+00:00,0.0,0.0,0.0,0.0,0.0,25.53,0.34,0
2019-06-13 20:10:00+00:00,0.0,0.0,0.0,0.0,0.0,24.12,0.83,0
2019-06-13 21:10:00+00:00,0.0,0.0,0.0,0.0,0.0,24.4,0.62,0
2019-06-13 22:10:00+00:00,0.0,0.0,0.0,0.0,0.0,22.85,1.1,0
2019-06-13 23:10:00+00:00,0.0,0.0,0.0,0.0,0.0,21.05,1.86,0
2019-06-14 00:10:00+00:00,0.0,0.0,0.0,0.0,0.0,20.59,2.07,0
2019-06-14 01:10:00+00:00,0.0,0.0,0.0,0.0,0.0,20.27,2.07,0
2019-06-14 02:10:00+00:00,0.0,0.0,0.0,0.0,0.0,19.67,2.07,0
2019-06-14 03:10:00+00:00,0.0,0.0,0.0,0.0,0.0,19.39,2.14,0
2019-06-14 04:10:00+00:00,18.18,42.46,32.78,0.56,5.02,19.33,2.07,0
2019-06-14 05:10:00+00:00,74.88,145.07,103.31,2.59,15.34,20.27,1.59,0
2019-06-14 06:10:00+00:00,121.24,267.26,127.4,5.13,26.2,23.96,1.1,0
2019-06-14 07:10:00+00:00,153.46,362.16,138.46,7.57,37.32,27.15,1.31,0
2019-06-14 08:10:00+00:00,177.72,438.22,145.1,9.71,48.4,29.61,1.66,0
2019-06-14 09:10:00+00:00,195.54,485.97,156.41,11.33,58.9,31.37,2.48,0
2019-06-14 10:10:00+00:00,198.22,395.71,256.94,11.45,67.58,32.53,3.17,0
2019-06-14 11:10:00+00:00,207.31,491.65,190.07,12.46,71.36,33.33,3.66,0
2019-06-14 12:10:00+00:00,205.78,527.39,148.68,12.45,67.53,33.83,3.93,0
2019-06-14 13:10:00+00:00,171.36,231.29,333.37,9.23,58.82,33.78,4.07,0
2019-06-14 14:10:00+00:00,156.17,234.87,276.65,8.17,48.31,32.86,4.34,0
2019-06-14 15:10:00+00:00,129.76,192.52,231.63,6.36,37.23,31.11,4.28,0
2019-06-14 16:10:00+00:00,66.34,39.1,185.23,3.15,26.11,29.61,3.52,0
2019-06-14 17:10:00+00:00,26.25,9.77,89.7,1.37,15.25,28.29,2.9,0
2019-06-14 18:10:00+00:00,19.54,51.13,32.36,0.59,4.94,26.92,2.41,0
2019-06-14 19:10:00+00:00,0.0,0.0,0.0,0.0,0.0,26.03,1.93,0
2019-06-14 20:10:00+00:00,0.0,0.0,0.0,0.0,0.0,25.47,2.21,0
2019-06-14 21:10:00+00:00,0.0,0.0,0.0,0.0,0.0,25.17,2.62,0
2019-06-14 22:10:00+00:00,0.0,0.0,0.0,0.0,0.0,24.29,1.17,0
2019-06-14 23:10:00+00:00,0.0,0.0,0.0,0.0,0.0,23.32,2.28,0
2019-06-15 00:10:00+00:00,0.0,0.0,0.0,0.0,0.0,22.55,2.14,0
2019-06-15 01:10:00+00:00,0.0,0.0,0.0,0.0,0.0,21.93,2.0,0
2019-06-15 02:10:00+00:00,0.0,0.0,0.0,0.0,0.0,21.56,1.79,0
2019-06-15 03:10:00+00:00,0.0,0.0,0.0,0.0,0.0,20.81,1.24,0
2019-06-15 04:10:00+00:00,24.85,63.81,35.2,0.64,5.02,21.63,0.69,0
2019-06-15 05:10:00+00:00,63.21,103.17,110.32,2.34,15.33,21.65,0.62,0
2019-06-15 06:10:00+00:00,96.16,130.69,182.1,4.18,26.19,23.44,1.03,0
2019-06-15 07:10:00+00:00,127.86,161.33,248.92,6.03,37.31,25.42,2.34,0
2019-06-15 08:10:00+00:00,178.1,402.72,169.55,9.45,48.39,26.74,2.34,0
2019-06-15 09:10:00+00:00,190.6,383.09,232.9,10.54,58.9,28.19,2.62,0
2019-06-15 10:10:00+00:00,207.77,498.53,173.65,12.19,67.6,29.06,2.97,0
2019-06-15 11:10:00+00:00,213.76,549.19,141.79,12.83,71.4,29.33,3.17,0
2019-06-15 12:10:00+00:00,208.44,514.35,157.79,12.33,67.59,28.99,3.24,0
2019-06-15 13:10:00+00:00,196.32,477.29,154.75,11.27,58.89,28.67,3.17,0
2019-06-15 14:10:00+00:00,180.28,468.41,111.77,9.91,48.38,28.48,3.17,0
2019-06-15 15:10:00+00:00,150.92,356.41,132.08,7.56,37.3,28.2,3.1,0
2019-06-15 16:10:00+00:00,116.95,265.64,119.7,5.14,26.17,27.82,2.76,0
2019-06-15 17:10:00+00:00,67.19,128.18,103.89,2.52,15.32,27.12,2.21,0
2019-06-15 18:10:00+00:00,21.54,57.38,32.99,0.62,5.0,26.12,1.59,0
2019-06-15 19:10:00+00:00,0.0,0.0,0.0,0.0,0.0,24.46,1.86,0
2019-06-15 20:10:00+00:00,0.0,0.0,0.0,0.0,0.0,23.31,1.59,0
2019-06-15 21:10:00+00:00,0.0,0.0,0.0,0.0,0.0,22.28,1.17,0
2019-06-15 22:10:00+00:00,0.0,0.0,0.0,0.0,0.0,21.61,0.9,0
2019-06-15 23:10:00+00:00,0.0,0.0,0.0,0.0,0.0,20.84,0.97,0
2019-06-16 00:10:00+00:00,0.0,0.0,0.0,0.0,0.0,20.29,1.1,0
2019-06-16 01:10:00+00:00,0.0,0.0,0.0,0.0,0.0,19.84,1.24,0
2019-06-16 02:10:00+00:00,0.0,0.0,0.0,0.0,0.0,19.47,1.24,0
2019-06-16 03:10:00+00:00,0.0,0.0,0.0,0.0,0.0,19.21,1.1,0
2019-06-16 04:10:00+00:00,18.27,42.65,32.82,0.56,5.01,18.96,1.03,0
2019-06-16 05:10:00+00:00,83.37,174.65,100.94,2.79,15.32,19.71,0.9,0
2019-06-16 06:10:00+00:00,129.38,301.17,117.24,5.41,26.17,22.43,1.03,0
2019-06-16 07:10:00+00:00,163.27,410.66,115.49,7.98,37.29,24.3,1.24,0
2019-06-16 08:10:00+00:00,188.72,493.66,116.08,10.24,48.37,26.02,1.59,0
2019-06-16 09:10:00+00:00,207.48,557.08,113.57,11.99,58.89,27.35,2.21,0
2019-06-16 10:10:00+00:00,218.79,584.45,120.98,13.04,67.61,28.19,2.97,0
2019-06-16 11:10:00+00:00,223.3,607.45,111.18,13.49,71.44,28.56,3.38,0
2019-06-16 12:10:00+00:00,218.8,591.93,111.85,13.12,67.65,28.78,3.52,0
2019-06-16 13:10:00+00:00,205.88,549.83,112.72,11.99,58.95,28.89,3.45,0
2019-06-16 14:10:00+00:00,186.14,484.64,113.89,10.24,48.44,28.69,3.59,0
2019-06-16 15:10:00+00:00,160.32,407.98,108.1,8.04,37.36,27.95,3.86,0
2019-06-16 16:10:00+00:00,126.77,307.65,105.35,5.51,26.23,26.83,4.0,0
2019-06-16 17:10:00+00:00,85.32,201.69,87.12,2.95,15.38,25.46,3.59,0
2019-06-16 18:10:00+00:00,29.74,83.6,34.44,0.71,5.07,24.1,2.48,0
2019-06-16 19:10:00+00:00,0.0,0.0,0.0,0.0,0.0,23.21,1.45,0
2019-06-16 20:10:00+00:00,0.0,0.0,0.0,0.0,0.0,21.76,0.97,0
2019-06-16 21:10:00+00:00,0.0,0.0,0.0,0.0,0.0,20.71,1.1,0
2019-06-16 22:10:00+00:00,0.0,0.0,0.0,0.0,0.0,19.86,1.03,0
2019-06-16 23:10:00+00:00,0.0,0.0,0.0,0.0,0.0,19.94,0.76,0
2019-06-17 00:10:00+00:00,0.0,0.0,0.0,0.0,0.0,19.77,0.62,0
2019-06-17 01:10:00+00:00,0.0,0.0,0.0,0.0,0.0,19.55,0.62,0
2019-06-17 02:10:00+00:00,0.0,0.0,0.0,0.0,0.0,19.3,0.55,0
2019-06-17 03:10:00+00:00,0.0,0.0,0.0,0.0,0.0,18.96,0.55,0
2019-06-17 04:10:00+00:00,20.68,49.93,33.66,0.59,5.0,18.49,0.69,0
2019-06-17 05:10:00+00:00,84.84,186.6,94.11,2.8,15.3,19.14,0.41,0
2019-06-17 06:10:00+00:00,127.42,304.64,109.15,5.35,26.15,21.41,0.14,0
2019-06-17 07:10:00+00:00,159.91,411.9,108.02,7.89,37.27,22.96,0.0,0
2019-06-17 08:10:00+00:00,184.12,479.18,118.32,10.01,48.36,24.59,0.62,0
2019-06-17 09:10:00+00:00,203.1,541.29,116.76,11.74,58.88,25.88,1.31,0
2019-06-17 10:10:00+00:00,212.78,558.57,132.15,12.7,67.61,26.81,1.66,0
2019-06-17 11:10:00+00:00,217.27,592.36,113.52,13.22,71.48,27.62,1.93,0
2019-06-17 12:10:00+00:00,211.93,545.04,140.46,12.65,67.7,27.91,2.41,0
2019-06-17 13:10:00+00:00,200.79,515.99,130.99,11.63,59.01,28.2,2.83,0
2019-06-17 14:10:00+00:00,182.33,461.77,124.28,9.98,48.5,27.9,3.03,0
2019-06-17 15:10:00+00:00,154.77,373.36,126.28,7.74,37.42,27.3,2.83,0
2019-06-17 16:10:00+00:00,118.11,264.45,124.64,5.2,26.29,26.75,1.79,0
2019-06-17 17:10:00+00:00,37.04,27.78,105.19,1.73,15.44,25.94,1.79,0
2019-06-17 18:10:00+00:00,8.38,13.26,28.41,0.44,5.12,24.89,1.45,0
2019-06-17 19:10:00+00:00,0.0,0.0,0.0,0.0,0.0,23.82,1.03,0
2019-06-17 20:10:00+00:00,0.0,0.0,0.0,0.0,0.0,22.82,0.9,0
2019-06-17 21:10:00+00:00,0.0,0.0,0.0,0.0,0.0,21.85,1.03,0
2019-06-17 22:10:00+00:00,0.0,0.0,0.0,0.0,0.0,21.17,0.9,0
2019-06-17 23:10:00+00:00,0.0,0.0,0.0,0.0,0.0,21.07,0.69,0
2019-06-18 00:10:00+00:00,0.0,0.0,0.0,0.0,0.0,21.0,0.48,0
2019-06-18 01:10:00+00:00,0.0,0.0,0.0,0.0,0.0,20.63,0.34,0
2019-06-18 02:10:00+00:00,0.0,0.0,0.0,0.0,0.0,20.26,0.48,0
2019-06-18 03:10:00+00:00,0.0,0.0,0.0,0.0,0.0,19.59,0.76,0
2019-06-18 04:10:00+00:00,13.81,28.64,31.25,0.51,4.98,18.63,1.03,0
2019-06-18 05:10:00+00:00,77.32,157.71,99.3,2.63,15.28,19.88,0.62,0
2019-06-18 06:10:00+00:00,123.18,283.12,116.88,5.17,26.13,22.55,0.62,0
2019-06-18 07:10:00+00:00,156.63,392.24,115.81,7.69,37.25,24.94,0.83,0
2019-06-18 08:10:00+00:00,179.03,466.97,120.49,9.82,48.33,26.81,0.55,0
2019-06-18 09:10:00+00:00,195.15,529.1,118.95,11.54,58.86,28.23,0.41,0
2019-06-18 10:10:00+00:00,206.34,556.69,125.62,12.55,67.61,29.18,1.1,0
2019-06-18 11:10:00+00:00,211.34,547.86,142.0,12.79,71.5,29.18,2.14,0
2019-06-18 12:10:00+00:00,211.19,564.2,116.41,12.63,67.75,28.57,2.97,0
2019-06-18 13:10:00+00:00,198.68,513.21,126.06,11.5,59.06,28.45,3.03,0
2019-06-18 14:10:00+00:00,178.86,451.1,125.54,9.81,48.55,28.52,2.97,0
2019-06-18 15:10:00+00:00,152.4,369.95,123.54,7.65,37.47,27.28,2.34,0
2019-06-18 16:10:00+00:00,107.97,206.25,150.82,4.8,26.35,27.17,1.45,0
2019-06-18 17:10:00+00:00,76.03,167.77,94.33,2.75,15.49,26.83,1.24,0
2019-06-18 18:10:00+00:00,23.53,62.49,34.62,0.66,5.18,26.05,1.38,0
2019-06-18 19:10:00+00:00,0.0,0.0,0.0,0.0,0.0,24.52,1.1,0
2019-06-18 20:10:00+00:00,0.0,0.0,0.0,0.0,0.0,23.19,0.76,0
2019-06-18 21:10:00+00:00,0.0,0.0,0.0,0.0,0.0,23.02,0.48,0
2019-06-18 22:10:00+00:00,0.0,0.0,0.0,0.0,0.0,22.75,0.21,0
2019-06-18 23:10:00+00:00,0.0,0.0,0.0,0.0,0.0,22.41,0.41,0
2019-06-19 00:10:00+00:00,0.0,0.0,0.0,0.0,0.0,22.04,0.48,0
2019-06-19 01:10:00+00:00,0.0,0.0,0.0,0.0,0.0,21.63,0.41,0
2019-06-19 02:10:00+00:00,0.0,0.0,0.0,0.0,0.0,21.04,0.76,0
2019-06-19 03:10:00+00:00,0.0,0.0,0.0,0.0,0.0,20.09,0.9,0
2019-06-19 04:10:00+00:00,13.44,28.77,30.23,0.5,4.96,19.88,0.83,0
2019-06-19 05:10:00+00:00,77.71,157.98,101.66,2.65,15.25,20.77,0.34,0
2019-06-19 06:10:00+00:00,121.56,270.91,126.82,5.14,26.1,22.97,0.07,0
2019-06-19 07:10:00+00:00,157.17,387.3,123.44,7.72,37.22,24.73,0.62,0
2019-06-19 08:10:00+00:00,182.65,468.01,125.81,9.91,48.31,26.16,1.03,0
2019-06-19 09:10:00+00:00,200.68,529.33,124.92,11.63,58.84,27.51,1.45,0
2019-06-19 10:10:00+00:00,211.39,556.88,132.29,12.66,67.6,28.57,2.0,0
2019-06-19 11:10:00+00:00,216.92,589.94,114.5,13.18,71.52,29.29,2.69,0
2019-06-19 12:10:00+00:00,213.41,574.87,114.32,12.81,67.79,29.36,3.24,0
2019-06-19 13:10:00+00:00,201.3,523.41,124.81,11.67,59.11,29.4,3.59,0
2019-06-19 14:10:00+00:00,182.51,469.48,117.06,10.01,48.6,29.13,3.86,0
2019-06-19 15:10:00+00:00,156.49,393.53,112.05,7.86,37.52,28.63,3.72,0
2019-06-19 16:10:00+00:00,122.42,295.2,107.07,5.37,26.4,27.85,3.17,0
2019-06-19 17:10:00+00:00,80.97,186.88,90.24,2.87,15.54,26.92,2.55,0
2019-06-19 18:10:00+00:00,26.54,71.83,35.59,0.7,5.22,25.69,1.66,0
2019-06-19 19:10:00+00:00,0.0,0.0,0.0,0.0,0.0,24.26,1.52,0
2019-06-19 20:10:00+00:00,0.0,0.0,0.0,0.0,0.0,23.1,1.1,0
2019-06-19 21:10:00+00:00,0.0,0.0,0.0,0.0,0.0,22.15,0.69,0
2019-06-19 22:10:00+00:00,0.0,0.0,0.0,0.0,0.0,21.95,0.48,0
2019-06-19 23:10:00+00:00,0.0,0.0,0.0,0.0,0.0,21.24,0.76,0
2019-06-20 00:10:00+00:00,0.0,0.0,0.0,0.0,0.0,20.61,0.83,0
2019-06-20 01:10:00+00:00,0.0,0.0,0.0,0.0,0.0,20.87,0.41,0
2019-06-20 02:10:00+00:00,0.0,0.0,0.0,0.0,0.0,20.61,0.41,0
2019-06-20 03:10:00+00:00,0.0,0.0,0.0,0.0,0.0,19.06,1.1,0
2019-06-20 04:10:00+00:00,13.94,28.92,31.29,0.51,4.93,18.12,1.38,0
2019-06-20 05:10:00+00:00,84.08,181.69,96.18,2.77,15.22,19.46,0.83,0
2019-06-20 06:10:00+00:00,125.96,290.99,118.24,5.28,26.07,22.48,0.55,0
2019-06-20 07:10:00+00:00,158.8,399.74,117.69,7.82,37.19,24.44,0.34,0
2019-06-20 08:10:00+00:00,183.75,473.7,123.9,9.98,48.28,26.16,1.03,0
2019-06-20 09:10:00+00:00,201.86,535.38,123.85,11.72,58.81,27.57,1.38,0
2019-06-20 10:10:00+00:00,211.25,562.69,131.21,12.75,67.59,28.73,1.52,0
2019-06-20 11:10:00+00:00,214.8,585.16,122.1,13.21,71.53,29.65,1.72,0
2019-06-20 12:10:00+00:00,210.43,560.15,130.68,12.78,67.82,30.22,2.14,0
2019-06-20 13:10:00+00:00,198.69,500.98,146.13,11.58,59.15,30.37,2.9,0
2019-06-20 14:10:00+00:00,181.43,441.11,142.59,9.89,48.64,29.75,4.28,0
2019-06-20 15:10:00+00:00,155.98,370.63,130.94,7.77,37.57,28.49,4.48,0
2019-06-20 16:10:00+00:00,122.0,279.0,119.83,5.33,26.44,27.39,3.66,0
2019-06-20 17:10:00+00:00,76.73,161.7,100.31,2.77,15.58,26.44,2.55,0
2019-06-20 18:10:00+00:00,28.5,77.83,36.2,0.72,5.27,25.3,1.45,0
2019-06-20 19:10:00+00:00,0.0,0.0,0.0,0.0,0.0,23.88,0.34,0
2019-06-20 20:10:00+00:00,0.0,0.0,0.0,0.0,0.0,22.42,0.83,0
2019-06-20 21:10:00+00:00,0.0,0.0,0.0,0.0,0.0,21.66,0.9,0
2019-06-20 22:10:00+00:00,0.0,0.0,0.0,0.0,0.0,20.5,1.31,0
2019-06-20 23:10:00+00:00,0.0,0.0,0.0,0.0,0.0,19.84,1.79,0
2019-06-21 00:10:00+00:00,0.0,0.0,0.0,0.0,0.0,18.97,1.66,0
2019-06-21 01:10:00+00:00,0.0,0.0,0.0,0.0,0.0,18.42,1.38,0
2019-06-21 02:10:00+00:00,0.0,0.0,0.0,0.0,0.0,17.95,1.52,0
2019-06-21 03:10:00+00:00,0.0,0.0,0.0,0.0,0.0,17.57,1.59,0
2019-06-21 04:10:00+00:00,11.12,21.82,28.45,0.46,4.9,17.33,1.45,0
2019-06-21 05:10:00+00:00,70.42,127.69,105.04,2.45,15.19,18.55,1.17,0
2019-06-21 06:10:00+00:00,125.61,299.6,107.2,5.24,26.03,22.92,1.17,0
2019-06-21 07:10:00+00:00,153.79,364.23,134.1,7.5,37.15,25.86,1.31,0
2019-06-21 08:10:00+00:00,177.3,441.76,139.98,9.66,48.24,27.96,0.97,0
2019-06-21 09:10:00+00:00,193.69,481.89,156.04,11.21,58.78,29.3,1.31,0
2019-06-21 10:10:00+00:00,194.45,345.18,292.0,10.96,67.56,30.12,2.41,0
2019-06-21 11:10:00+00:00,210.2,518.08,166.97,12.59,71.54,30.5,2.97,0
2019-06-21 12:10:00+00:00,207.96,524.27,149.92,12.38,67.85,30.59,3.52,0
2019-06-21 13:10:00+00:00,196.76,495.88,141.26,11.4,59.19,30.45,3.52,0
2019-06-21 14:10:00+00:00,172.02,374.41,184.05,9.31,48.69,30.19,3.24,0
2019-06-21 15:10:00+00:00,149.22,344.32,142.47,7.52,37.61,29.78,3.03,0
2019-06-21 16:10:00+00:00,31.16,0.0,114.71,1.65,26.48,29.14,2.55,0
2019-06-21 17:10:00+00:00,76.16,169.71,94.26,2.77,15.62,28.5,1.66,0
2019-06-21 18:10:00+00:00,23.69,61.24,36.73,0.68,5.31,27.66,1.52,0
2019-06-21 19:10:00+00:00,0.0,0.0,0.0,0.0,0.0,26.13,1.86,0
2019-06-21 20:10:00+00:00,0.0,0.0,0.0,0.0,0.0,24.64,1.93,0
2019-06-21 21:10:00+00:00,0.0,0.0,0.0,0.0,0.0,23.31,1.03,0
2019-06-21 22:10:00+00:00,0.0,0.0,0.0,0.0,0.0,23.69,0.34,0
2019-06-21 23:10:00+00:00,0.0,0.0,0.0,0.0,0.0,22.2,1.52,0
2019-06-22 00:10:00+00:00,0.0,0.0,0.0,0.0,0.0,22.0,1.86,0
2019-06-22 01:10:00+00:00,0.0,0.0,0.0,0.0,0.0,21.67,1.93,0
2019-06-22 02:10:00+00:00,0.0,0.0,0.0,0.0,0.0,21.67,2.21,0
2019-06-22 03:10:00+00:00,0.0,0.0,0.0,0.0,0.0,21.46,1.72,0
2019-06-22 04:10:00+00:00,1.15,0.0,12.12,0.17,4.86,22.08,0.41,0
2019-06-22 05:10:00+00:00,2.2,0.0,16.79,0.24,15.15,21.31,0.83,0
2019-06-22 06:10:00+00:00,6.1,0.0,31.71,0.46,25.99,22.31,1.79,0
2019-06-22 07:10:00+00:00,49.12,0.0,166.0,2.38,37.11,24.02,4.48,0
2019-06-22 08:10:00+00:00,37.3,0.0,132.43,1.9,48.2,27.05,3.31,0
2019-06-22 09:10:00+00:00,154.85,130.77,374.14,7.84,58.75,29.24,2.41,0
2019-06-22 10:10:00+00:00,53.2,0.0,181.85,2.61,67.54,28.5,4.34,0
2019-06-22 11:10:00+00:00,204.6,402.02,253.28,11.62,71.53,27.92,3.66,0
2019-06-22 12:10:00+00:00,194.06,330.72,295.66,10.78,67.87,28.79,3.31,0
2019-06-22 13:10:00+00:00,195.67,477.7,149.74,11.19,59.22,29.73,4.34,0
2019-06-22 14:10:00+00:00,166.07,306.18,226.98,8.72,48.72,30.35,5.52,0
2019-06-22 15:10:00+00:00,150.61,350.07,133.99,7.49,37.65,29.75,6.07,0
2019-06-22 16:10:00+00:00,117.55,264.59,119.42,5.14,26.52,28.69,5.79,0
2019-06-22 17:10:00+00:00,70.05,137.75,102.19,2.6,15.66,27.55,4.9,0
2019-06-22 18:10:00+00:00,21.42,54.49,34.84,0.64,5.34,26.33,3.52,0
2019-06-22 19:10:00+00:00,0.0,0.0,0.0,0.0,0.0,26.02,3.17,0
2019-06-22 20:10:00+00:00,0.0,0.0,0.0,0.0,0.0,25.05,2.76,0
2019-06-22 21:10:00+00:00,0.0,0.0,0.0,0.0,0.0,24.26,2.14,0
2019-06-22 22:10:00+00:00,0.0,0.0,0.0,0.0,0.0,23.43,1.17,0
2019-06-22 23:10:00+00:00,0.0,0.0,0.0,0.0,0.0,23.3,0.28,0
2019-06-23 00:10:00+00:00,0.0,0.0,0.0,0.0,0.0,21.9,0.9,0
2019-06-23 01:10:00+00:00,0.0,0.0,0.0,0.0,0.0,20.93,1.31,0
2019-06-23 02:10:00+00:00,0.0,0.0,0.0,0.0,0.0,20.16,1.31,0
2019-06-23 03:10:00+00:00,0.0,0.0,0.0,0.0,0.0,19.51,1.17,0
2019-06-23 04:10:00+00:00,8.28,14.74,25.72,0.4,4.82,19.27,1.03,0
2019-06-23 05:10:00+00:00,75.54,151.7,100.18,2.57,15.11,20.31,0.62,0
2019-06-23 06:10:00+00:00,120.99,273.93,120.99,5.09,25.95,23.17,0.41,0
2019-06-23 07:10:00+00:00,155.28,386.33,119.79,7.64,37.07,24.48,0.28,0
2019-06-23 08:10:00+00:00,179.79,459.97,126.11,9.77,48.16,25.88,0.69,0
2019-06-23 09:10:00+00:00,197.58,511.37,133.34,11.41,58.71,27.28,1.24,0
2019-06-23 10:10:00+00:00,208.92,548.62,133.52,12.51,67.51,28.5,1.79,0
2019-06-23 11:10:00+00:00,211.89,539.69,150.75,12.77,71.52,29.38,2.41,0
2019-06-23 12:10:00+00:00,209.55,546.64,132.95,12.55,67.89,29.86,3.03,0
2019-06-23 13:10:00+00:00,197.62,497.83,141.14,11.44,59.25,30.02,3.45,0
2019-06-23 14:10:00+00:00,179.7,454.5,125.39,9.87,48.76,29.81,3.72,0
2019-06-23 15:10:00+00:00,153.25,373.48,123.39,7.72,37.68,29.48,3.79,0
2019-06-23 16:10:00+00:00,119.93,279.32,115.67,5.29,26.56,28.87,3.66,0
2019-06-23 17:10:00+00:00,79.71,182.91,90.74,2.85,15.69,28.02,3.17,0
2019-06-23 18:10:00+00:00,23.62,60.59,36.63,0.68,5.37,26.82,2.48,0
2019-06-23 19:10:00+00:00,0.0,0.0,0.0,0.0,0.0,25.5,1.66,0
2019-06-23 20:10:00+00:00,0.0,0.0,0.0,0.0,0.0,24.54,1.03,0
2019-06-23 21:10:00+00:00,0.0,0.0,0.0,0.0,0.0,23.61,0.55,0
2019-06-23 22:10:00+00:00,0.0,0.0,0.0,0.0,0.0,23.27,0.34,0
2019-06-23 23:10:00+00:00,0.0,0.0,0.0,0.0,0.0,22.91,0.48,0
2019-06-24 00:10:00+00:00,0.0,0.0,0.0,0.0,0.0,22.3,0.69,0
2019-06-24 01:10:00+00:00,0.0,0.0,0.0,0.0,0.0,21.01,1.1,0
2019-06-24 02:10:00+00:00,0.0,0.0,0.0,0.0,0.0,19.96,1.38,0
2019-06-24 03:10:00+00:00,0.0,0.0,0.0,0.0,0.0,19.47,1.45,0
2019-06-24 04:10:00+00:00,9.42,18.58,26.11,0.42,4.78,19.11,1.38,0
2019-06-24 05:10:00+00:00,81.87,180.0,91.74,2.69,15.06,20.22,1.1,0
2019-06-24 06:10:00+00:00,122.5,285.62,113.16,5.13,25.9,23.48,0.9,0
2019-06-24 07:10:00+00:00,154.6,389.05,115.06,7.61,37.02,26.01,0.83,0
2019-06-24 08:10:00+00:00,178.36,472.54,114.22,9.81,48.11,27.76,0.69,0
2019-06-24 09:10:00+00:00,194.38,526.04,119.11,11.47,58.66,29.32,0.76,0
2019-06-24 10:10:00+00:00,203.97,554.21,126.57,12.51,67.47,30.62,0.97,0
2019-06-24 11:10:00+00:00,207.88,588.51,107.17,13.04,71.51,31.69,1.17,0
2019-06-24 12:10:00+00:00,203.77,562.67,117.29,12.62,67.9,32.42,1.59,0
2019-06-24 13:10:00+00:00,193.19,512.84,126.04,11.5,59.28,32.64,2.34,0
2019-06-24 14:10:00+00:00,176.2,459.63,119.05,9.87,48.79,32.49,3.1,0
2019-06-24 15:10:00+00:00,150.54,377.44,118.65,7.72,37.71,32.11,3.24,0
2019-06-24 16:10:00+00:00,118.35,287.02,109.72,5.32,26.58,31.71,2.97,0
2019-06-24 17:10:00+00:00,77.02,175.75,93.46,2.83,15.72,31.03,2.41,0
2019-06-24 18:10:00+00:00,23.13,60.32,36.58,0.68,5.39,30.07,2.21,0
2019-06-24 19:10:00+00:00,0.0,0.0,0.0,0.0,0.0,28.38,1.59,0
2019-06-24 20:10:00+00:00,0.0,0.0,0.0,0.0,0.0,27.15,1.72,0
2019-06-24 21:10:00+00:00,0.0,0.0,0.0,0.0,0.0,25.96,1.86,0
2019-06-24 22:10:00+00:00,0.0,0.0,0.0,0.0,0.0,24.77,1.86,0
2019-06-24 23:10:00+00:00,0.0,0.0,0.0,0.0,0.0,23.68,1.79,0
2019-06-25 00:10:00+00:00,0.0,0.0,0.0,0.0,0.0,22.87,1.79,0
2019-06-25 01:10:00+00:00,0.0,0.0,0.0,0.0,0.0,22.2,1.72,0
2019-06-25 02:10:00+00:00,0.0,0.0,0.0,0.0,0.0,21.71,1.72,0
2019-06-25 03:10:00+00:00,0.0,0.0,0.0,0.0,0.0,21.32,1.79,0
2019-06-25 04:10:00+00:00,9.68,18.74,27.14,0.43,4.73,20.95,1.72,0
2019-06-25 05:10:00+00:00,80.11,172.93,94.62,2.67,15.01,21.7,1.38,0
2019-06-25 06:10:00+00:00,122.91,288.93,112.26,5.16,25.85,24.46,1.17,0
2019-06-25 07:10:00+00:00,153.87,378.65,124.6,7.58,36.97,27.21,1.1,0
2019-06-25 08:10:00+00:00,177.41,459.21,127.0,9.77,48.06,29.13,0.9,0
2019-06-25 09:10:00+00:00,192.97,520.82,126.09,11.48,58.61,30.52,0.55,0
2019-06-25 10:10:00+00:00,203.37,548.42,133.47,12.51,67.42,31.64,1.03,0
2019-06-25 11:10:00+00:00,208.07,571.56,124.29,12.98,71.48,32.6,1.59,0
2019-06-25 12:10:00+00:00,205.08,557.54,124.09,12.63,67.9,33.21,2.28,0
2019-06-25 13:10:00+00:00,194.6,508.27,132.12,11.51,59.29,33.24,3.24,0
2019-06-25 14:10:00+00:00,176.67,447.14,131.7,9.85,48.81,32.91,3.79,0
2019-06-25 15:10:00+00:00,151.67,374.63,123.28,7.74,37.74,32.21,4.0,0
2019-06-25 16:10:00+00:00,119.16,285.73,111.66,5.33,26.61,31.25,3.52,0
2019-06-25 17:10:00+00:00,77.18,174.09,94.38,2.83,15.74,30.25,2.62,0
2019-06-25 18:10:00+00:00,22.54,56.92,37.32,0.68,5.41,29.0,1.93,0
2019-06-25 19:10:00+00:00,0.0,0.0,0.0,0.0,0.0,26.98,2.0,0
2019-06-25 20:10:00+00:00,0.0,0.0,0.0,0.0,0.0,25.9,1.79,0
2019-06-25 21:10:00+00:00,0.0,0.0,0.0,0.0,0.0,25.13,1.59,0
2019-06-25 22:10:00+00:00,0.0,0.0,0.0,0.0,0.0,24.49,1.38,0
2019-06-25 23:10:00+00:00,0.0,0.0,0.0,0.0,0.0,23.71,1.38,0
2019-06-26 00:10:00+00:00,0.0,0.0,0.0,0.0,0.0,23.14,1.52,0
2019-06-26 01:10:00+00:00,0.0,0.0,0.0,0.0,0.0,22.58,1.66,0
2019-06-26 02:10:00+00:00,0.0,0.0,0.0,0.0,0.0,22.21,1.66,0
2019-06-26 03:10:00+00:00,0.0,0.0,0.0,0.0,0.0,21.93,1.72,0
2019-06-26 04:10:00+00:00,6.92,11.35,24.42,0.38,4.67,21.68,1.72,0
2019-06-26 05:10:00+00:00,76.1,159.91,95.68,2.57,14.95,22.53,1.52,0
2019-06-26 06:10:00+00:00,117.54,262.9,121.8,4.96,25.79,25.33,1.38,0
2019-06-26 07:10:00+00:00,150.07,367.34,125.65,7.42,36.91,28.34,1.17,0
2019-06-26 08:10:00+00:00,173.58,447.4,128.2,9.58,48.0,30.39,1.03,0
2019-06-26 09:10:00+00:00,189.04,508.95,127.37,11.28,58.55,31.79,0.62,0
2019-06-26 10:10:00+00:00,197.28,536.2,135.66,12.31,67.37,32.85,0.41,0
2019-06-26 11:10:00+00:00,202.26,569.24,118.59,12.85,71.45,33.61,0.76,0
2019-06-26 12:10:00+00:00,178.38,249.48,351.51,10.01,67.9,34.13,1.72,0
2019-06-26 13:10:00+00:00,188.17,468.96,156.84,11.15,59.31,34.15,2.55,0
2019-06-26 14:10:00+00:00,172.11,427.74,140.23,9.63,48.83,33.43,3.1,0
2019-06-26 15:10:00+00:00,116.2,128.7,256.59,5.72,37.76,32.21,2.83,0
2019-06-26 16:10:00+00:00,38.67,2.98,136.29,2.0,26.63,30.85,2.14,0
2019-06-26 17:10:00+00:00,75.53,171.07,92.94,2.79,15.76,30.15,1.66,0
2019-06-26 18:10:00+00:00,19.49,47.28,36.2,0.64,5.43,29.22,1.38,0
2019-06-26 19:10:00+00:00,0.0,0.0,0.0,0.0,0.0,28.32,1.45,0
2019-06-26 20:10:00+00:00,0.0,0.0,0.0,0.0,0.0,27.23,0.76,0
2019-06-26 21:10:00+00:00,0.0,0.0,0.0,0.0,0.0,27.01,0.14,0
2019-06-26 22:10:00+00:00,0.0,0.0,0.0,0.0,0.0,26.1,0.69,0
2019-06-26 23:10:00+00:00,0.0,0.0,0.0,0.0,0.0,24.18,1.24,0
2019-06-27 00:10:00+00:00,0.0,0.0,0.0,0.0,0.0,23.35,1.52,0
2019-06-27 01:10:00+00:00,0.0,0.0,0.0,0.0,0.0,22.75,1.66,0
2019-06-27 02:10:00+00:00,0.0,0.0,0.0,0.0,0.0,22.25,1.66,0
2019-06-27 03:10:00+00:00,0.0,0.0,0.0,0.0,0.0,21.91,1.72,0
2019-06-27 04:10:00+00:00,8.32,15.28,25.8,0.4,4.61,21.74,1.79,0
2019-06-27 05:10:00+00:00,79.64,173.54,93.74,2.65,14.9,22.67,1.52,0
2019-06-27 06:10:00+00:00,121.72,283.97,115.29,5.13,25.73,25.73,1.38,0
2019-06-27 07:10:00+00:00,152.54,379.55,123.65,7.58,36.85,29.32,1.31,0
2019-06-27 08:10:00+00:00,175.95,460.62,126.02,9.78,47.94,31.77,1.24,0
2019-06-27 09:10:00+00:00,193.23,521.99,125.97,11.51,58.5,33.35,1.52,0
2019-06-27 10:10:00+00:00,203.78,550.14,133.3,12.55,67.32,34.41,2.07,0
2019-06-27 11:10:00+00:00,208.12,573.16,124.12,13.02,71.42,35.07,2.48,0
2019-06-27 12:10:00+00:00,204.45,549.24,131.83,12.61,67.89,35.51,3.24,0
2019-06-27 13:10:00+00:00,194.4,509.82,132.79,11.56,59.32,35.44,4.14,0
2019-06-27 14:10:00+00:00,176.96,448.78,131.53,9.89,48.84,34.68,5.17,0
2019-06-27 15:10:00+00:00,152.24,377.32,122.19,7.78,37.78,33.4,5.38,0
2019-06-27 16:10:00+00:00,119.38,283.08,114.51,5.35,26.65,31.95,4.69,0
2019-06-27 17:10:00+00:00,77.22,172.15,96.34,2.84,15.77,30.91,3.66,0
2019-06-27 18:10:00+00:00,22.34,56.58,37.25,0.68,5.44,29.67,2.14,0
2019-06-27 19:10:00+00:00,0.0,0.0,0.0,0.0,0.0,28.84,1.45,0
2019-06-27 20:10:00+00:00,0.0,0.0,0.0,0.0,0.0,27.5,0.83,0
2019-06-27 21:10:00+00:00,0.0,0.0,0.0,0.0,0.0,26.67,0.14,0
2019-06-27 22:10:00+00:00,0.0,0.0,0.0,0.0,0.0,26.11,0.28,0
2019-06-27 23:10:00+00:00,0.0,0.0,0.0,0.0,0.0,24.97,0.62,0
2019-06-28 00:10:00+00:00,0.0,0.0,0.0,0.0,0.0,23.26,0.97,0
2019-06-28 01:10:00+00:00,0.0,0.0,0.0,0.0,0.0,21.83,1.31,0
2019-06-28 02:10:00+00:00,0.0,0.0,0.0,0.0,0.0,21.22,1.52,0
2019-06-28 03:10:00+00:00,0.0,0.0,0.0,0.0,0.0,20.78,1.59,0
2019-06-28 04:10:00+00:00,6.46,11.58,22.49,0.35,4.55,20.45,1.59,0
2019-06-28 05:10:00+00:00,72.07,141.16,100.61,2.48,14.83,21.56,1.24,0
2019-06-28 06:10:00+00:00,116.39,254.73,128.76,4.94,25.67,25.87,0.9,0
2019-06-28 07:10:00+00:00,148.92,362.06,133.23,7.45,36.79,29.09,0.48,0
2019-06-28 08:10:00+00:00,173.41,439.33,139.06,9.61,47.88,31.2,0.97,0
2019-06-28 09:10:00+00:00,191.19,499.02,140.51,11.31,58.43,32.75,1.45,0
2019-06-28 10:10:00+00:00,202.12,535.71,141.43,12.41,67.26,33.93,1.93,0
2019-06-28 11:10:00+00:00,207.34,568.64,125.09,12.96,71.37,34.71,2.41,0
2019-06-28 12:10:00+00:00,203.01,544.67,132.81,12.54,67.88,35.01,2.76,0
2019-06-28 13:10:00+00:00,191.87,496.45,140.94,11.44,59.32,34.84,3.1,0
2019-06-28 14:10:00+00:00,173.62,436.95,138.01,9.78,48.86,34.36,3.31,0
2019-06-28 15:10:00+00:00,148.16,359.3,132.61,7.65,37.79,33.38,3.1,0
2019-06-28 16:10:00+00:00,116.09,274.79,117.29,5.28,26.66,32.33,2.21,0
2019-06-28 17:10:00+00:00,73.09,156.87,100.45,2.76,15.78,31.65,1.66,0
2019-06-28 18:10:00+00:00,25.68,69.0,37.48,0.72,5.44,30.5,1.17,0
2019-06-28 19:10:00+00:00,0.0,0.0,0.0,0.0,0.0,28.78,0.9,0
2019-06-28 20:10:00+00:00,0.0,0.0,0.0,0.0,0.0,27.79,0.14,0
2019-06-28 21:10:00+00:00,0.0,0.0,0.0,0.0,0.0,26.74,0.69,0
2019-06-28 22:10:00+00:00,0.0,0.0,0.0,0.0,0.0,25.49,1.31,0
2019-06-28 23:10:00+00:00,0.0,0.0,0.0,0.0,0.0,24.9,1.66,0
2019-06-29 00:10:00+00:00,0.0,0.0,0.0,0.0,0.0,24.5,1.86,0
2019-06-29 01:10:00+00:00,0.0,0.0,0.0,0.0,0.0,24.24,2.14,0
2019-06-29 02:10:00+00:00,0.0,0.0,0.0,0.0,0.0,24.19,2.28,0
2019-06-29 03:10:00+00:00,0.0,0.0,0.0,0.0,0.0,23.92,2.34,0
2019-06-29 04:10:00+00:00,7.76,15.62,23.85,0.38,4.48,23.51,2.21,0
2019-06-29 05:10:00+00:00,78.31,169.7,94.75,2.63,14.77,24.03,1.86,0
2019-06-29 06:10:00+00:00,120.63,276.82,120.3,5.1,25.6,26.61,1.52,0
2019-06-29 07:10:00+00:00,152.62,375.95,127.42,7.58,36.72,29.88,1.66,0
2019-06-29 08:10:00+00:00,177.93,464.2,124.93,9.83,47.81,32.16,2.07,0
2019-06-29 09:10:00+00:00,193.72,516.36,132.04,11.51,58.37,33.42,1.72,0
2019-06-29 10:10:00+00:00,201.92,543.87,140.96,12.57,67.19,34.34,1.24,0
2019-06-29 11:10:00+00:00,205.86,588.47,114.28,13.18,71.32,35.09,1.1,0
2019-06-29 12:10:00+00:00,200.25,553.38,131.48,12.7,67.86,35.61,1.1,0
2019-06-29 13:10:00+00:00,192.09,514.78,130.73,11.64,59.32,35.47,2.28,0
2019-06-29 14:10:00+00:00,175.22,453.29,130.34,9.97,48.86,34.91,2.97,0
2019-06-29 15:10:00+00:00,150.38,373.99,126.73,7.81,37.8,34.16,3.31,0
2019-06-29 16:10:00+00:00,119.67,292.25,110.51,5.43,26.67,33.03,3.52,0
2019-06-29 17:10:00+00:00,78.63,179.77,94.66,2.89,15.79,31.45,3.24,0
2019-06-29 18:10:00+00:00,24.8,65.75,37.1,0.71,5.44,29.9,2.48,0
2019-06-29 19:10:00+00:00,0.0,0.0,0.0,0.0,0.0,28.46,1.66,0
2019-06-29 20:10:00+00:00,0.0,0.0,0.0,0.0,0.0,27.18,1.17,0
2019-06-29 21:10:00+00:00,0.0,0.0,0.0,0.0,0.0,26.05,1.03,0
2019-06-29 22:10:00+00:00,0.0,0.0,0.0,0.0,0.0,24.66,1.31,0
2019-06-29 23:10:00+00:00,0.0,0.0,0.0,0.0,0.0,23.38,1.31,0
2019-06-30 00:10:00+00:00,0.0,0.0,0.0,0.0,0.0,22.41,1.52,0
2019-06-30 01:10:00+00:00,0.0,0.0,0.0,0.0,0.0,21.68,1.66,0
2019-06-30 02:10:00+00:00,0.0,0.0,0.0,0.0,0.0,21.13,1.72,0
2019-06-30 03:10:00+00:00,0.0,0.0,0.0,0.0,0.0,20.67,1.72,0
2019-06-30 04:10:00+00:00,9.09,19.77,24.25,0.39,4.41,20.51,1.79,0
2019-06-30 05:10:00+00:00,81.92,181.93,91.45,2.68,14.69,21.49,1.66,0
2019-06-30 06:10:00+00:00,122.92,284.22,116.43,5.14,25.53,24.41,1.45,0
2019-06-30 07:10:00+00:00,155.93,392.4,117.8,7.7,36.65,27.52,1.31,0
2019-06-30 08:10:00+00:00,179.22,467.09,123.9,9.87,47.74,29.47,1.24,0
2019-06-30 09:10:00+00:00,197.07,529.23,123.79,11.63,58.29,30.88,1.52,0
2019-06-30 10:10:00+00:00,206.92,547.02,139.88,12.62,67.12,31.92,1.93,0
2019-06-30 11:10:00+00:00,212.32,581.05,121.89,13.17,71.26,32.61,2.48,0
2019-06-30 12:10:00+00:00,208.2,546.6,139.17,12.7,67.83,32.88,3.1,0
2019-06-30 13:10:00+00:00,198.02,517.89,130.51,11.71,59.31,32.77,3.66,0
2019-06-30 14:10:00+00:00,179.71,456.62,130.13,10.03,48.86,32.29,3.93,0
2019-06-30 15:10:00+00:00,153.73,376.89,126.6,7.86,37.8,31.5,3.86,0
2019-06-30 16:10:00+00:00,121.25,289.85,113.42,5.44,26.67,30.6,3.45,0
2019-06-30 17:10:00+00:00,80.52,186.28,92.91,2.93,15.79,29.65,2.55,0
2019-06-30 18:10:00+00:00,27.43,75.06,36.92,0.74,5.43,28.6,1.31,0
2019-06-30 19:10:00+00:00,0.0,0.0,0.0,0.0,0.0,27.31,0.55,0
2019-06-30 20:10:00+00:00,0.0,0.0,0.0,0.0,0.0,26.35,1.17,0
2019-06-30 21:10:00+00:00,0.0,0.0,0.0,0.0,0.0,25.34,1.52,0
2019-06-30 22:10:00+00:00,0.0,0.0,0.0,0.0,0.0,24.43,1.72,0
2019-06-30 23:10:00+00:00,0.0,0.0,0.0,0.0,0.0,23.61,1.79,0
2019-07-01 00:10:00+00:00,0.0,0.0,0.0,0.0,0.0,22.84,1.79,0
2019-07-01 01:10:00+00:00,0.0,0.0,0.0,0.0,0.0,22.14,1.72,0
2019-07-01 02:10:00+00:00,0.0,0.0,0.0,0.0,0.0,21.45,1.66,0
2019-07-01 03:10:00+00:00,0.0,0.0,0.0,0.0,0.0,20.78,1.59,0
2019-07-01 04:10:00+00:00,8.01,16.03,23.9,0.38,4.34,20.29,1.52,0
2019-07-01 05:10:00+00:00,82.33,188.23,87.47,2.68,14.62,21.33,1.03,0
2019-07-01 06:10:00+00:00,121.09,287.4,112.42,5.13,25.46,25.36,0.55,0
2019-07-01 07:10:00+00:00,150.98,381.78,121.65,7.6,36.58,28.05,0.0,0
2019-07-01 08:10:00+00:00,177.02,470.71,117.54,9.85,47.67,29.97,0.83,0
2019-07-01 09:10:00+00:00,195.22,522.25,124.83,11.52,58.22,31.39,1.66,0
2019-07-01 10:10:00+00:00,206.98,560.7,124.2,12.65,67.04,32.4,2.34,0
2019-07-01 11:10:00+00:00,211.91,584.03,115.12,13.13,71.2,33.04,2.97,0
2019-07-01 12:10:00+00:00,207.74,560.09,123.55,12.73,67.8,33.34,3.38,0
2019-07-01 13:10:00+00:00,197.17,531.03,116.41,11.75,59.3,33.33,3.59,0
2019-07-01 14:10:00+00:00,178.01,460.65,122.91,10.01,48.86,32.98,3.79,0
2019-07-01 15:10:00+00:00,152.53,381.41,119.96,7.85,37.8,32.23,3.86,0
2019-07-01 16:10:00+00:00,120.8,294.36,108.4,5.44,26.67,31.13,3.59,0
2019-07-01 17:10:00+00:00,80.04,185.98,91.71,2.92,15.78,29.88,2.9,0
2019-07-01 18:10:00+00:00,24.25,62.52,37.87,0.71,5.42,28.57,1.79,0
2019-07-01 19:10:00+00:00,0.0,0.0,0.0,0.0,0.0,27.75,0.9,0
2019-07-01 20:10:00+00:00,0.0,0.0,0.0,0.0,0.0,26.52,0.83,0
2019-07-01 21:10:00+00:00,0.0,0.0,0.0,0.0,0.0,25.31,0.69,0
2019-07-01 22:10:00+00:00,0.0,0.0,0.0,0.0,0.0,25.19,0.55,0
2019-07-01 23:10:00+00:00,0.0,0.0,0.0,0.0,0.0,23.71,1.03,0
2019-07-02 00:10:00+00:00,0.0,0.0,0.0,0.0,0.0,22.8,1.17,0
2019-07-02 01:10:00+00:00,0.0,0.0,0.0,0.0,0.0,22.38,1.17,0
2019-07-02 02:10:00+00:00,0.0,0.0,0.0,0.0,0.0,22.29,0.97,0
2019-07-02 03:10:00+00:00,0.0,0.0,0.0,0.0,0.0,22.91,0.69,0
2019-07-02 04:10:00+00:00,6.26,12.19,21.58,0.33,4.26,22.63,0.55,0
2019-07-02 05:10:00+00:00,76.4,167.61,91.45,2.56,14.54,22.82,0.55,0
2019-07-02 06:10:00+00:00,118.7,274.82,116.21,5.02,25.38,25.28,0.76,0
2019-07-02 07:10:00+00:00,150.01,374.62,121.68,7.49,36.5,27.75,0.41,0
2019-07-02 08:10:00+00:00,175.1,453.96,125.04,9.67,47.59,29.85,1.1,0
2019-07-02 09:10:00+00:00,193.48,514.5,125.9,11.4,58.14,31.55,1.79,0
2019-07-02 10:10:00+00:00,204.39,552.44,125.3,12.51,66.96,32.78,2.28,0
2019-07-02 11:10:00+00:00,208.96,565.38,124.88,12.93,71.13,33.23,2.9,0
2019-07-02 12:10:00+00:00,205.42,542.02,132.56,12.53,67.76,33.34,3.59,0
2019-07-02 13:10:00+00:00,194.28,504.55,131.73,11.5,59.28,33.06,3.72,0
2019-07-02 14:10:00+00:00,175.91,444.89,130.34,9.85,48.85,32.6,3.86,0
2019-07-02 15:10:00+00:00,150.48,374.19,120.91,7.76,37.79,31.85,3.38,0
2019-07-02 16:10:00+00:00,117.85,282.07,112.13,5.33,26.66,31.17,3.03,0
2019-07-02 17:10:00+00:00,76.77,173.48,94.02,2.84,15.77,30.24,2.62,0
2019-07-02 18:10:00+00:00,19.34,46.89,36.09,0.64,5.41,28.95,1.93,0
2019-07-02 19:10:00+00:00,0.0,0.0,0.0,0.0,0.0,28.08,1.24,0
2019-07-02 20:10:00+00:00,0.0,0.0,0.0,0.0,0.0,26.89,0.76,0
2019-07-02 21:10:00+00:00,0.0,0.0,0.0,0.0,0.0,25.87,0.69,0
2019-07-02 22:10:00+00:00,0.0,0.0,0.0,0.0,0.0,24.9,1.03,0
2019-07-02 23:10:00+00:00,0.0,0.0,0.0,0.0,0.0,24.18,1.03,0
2019-07-03 00:10:00+00:00,0.0,0.0,0.0,0.0,0.0,23.87,0.9,0
2019-07-03 01:10:00+00:00,0.0,0.0,0.0,0.0,0.0,23.77,0.83,0
2019-07-03 02:10:00+00:00,0.0,0.0,0.0,0.0,0.0,23.21,0.9,0
2019-07-03 03:10:00+00:00,0.0,0.0,0.0,0.0,0.0,22.11,1.03,0
2019-07-03 04:10:00+00:00,6.08,12.38,20.62,0.32,4.17,21.29,1.17,0
2019-07-03 05:10:00+00:00,74.99,160.42,93.14,2.52,14.46,22.26,0.76,0
2019-07-03 06:10:00+00:00,116.9,268.52,118.09,4.97,25.3,25.61,0.55,0
2019-07-03 07:10:00+00:00,150.17,373.53,121.64,7.48,36.43,28.24,0.9,0
2019-07-03 08:10:00+00:00,174.61,452.81,124.99,9.66,47.51,30.16,1.17,0
2019-07-03 09:10:00+00:00,191.16,503.79,133.05,11.32,58.06,31.81,1.38,0
2019-07-03 10:10:00+00:00,202.19,541.32,133.18,12.43,66.87,33.17,1.93,0
2019-07-03 11:10:00+00:00,207.24,564.79,123.98,12.92,71.05,33.9,2.62,0
2019-07-03 12:10:00+00:00,203.83,540.71,133.33,12.53,67.71,34.25,3.31,0
2019-07-03 13:10:00+00:00,193.71,513.27,124.49,11.56,59.26,34.23,3.79,0
2019-07-03 14:10:00+00:00,174.15,444.29,130.25,9.85,48.84,33.88,3.52,0
2019-07-03 15:10:00+00:00,148.32,366.96,125.55,7.72,37.78,33.32,3.1,0
2019-07-03 16:10:00+00:00,116.55,281.6,112.05,5.33,26.65,32.61,2.62,0
2019-07-03 17:10:00+00:00,75.95,173.21,93.97,2.84,15.76,31.65,2.14,0
2019-07-03 18:10:00+00:00,22.09,56.31,37.14,0.68,5.38,30.12,1.72,0
2019-07-03 19:10:00+00:00,0.0,0.0,0.0,0.0,0.0,28.25,1.59,0
2019-07-03 20:10:00+00:00,0.0,0.0,0.0,0.0,0.0,26.94,1.31,0
2019-07-03 21:10:00+00:00,0.0,0.0,0.0,0.0,0.0,25.76,1.1,0
2019-07-03 22:10:00+00:00,0.0,0.0,0.0,0.0,0.0,24.55,0.97,0
2019-07-03 23:10:00+00:00,0.0,0.0,0.0,0.0,0.0,23.94,0.83,0
2019-07-04 00:10:00+00:00,0.0,0.0,0.0,0.0,0.0,24.28,0.48,0
2019-07-04 01:10:00+00:00,0.0,0.0,0.0,0.0,0.0,22.96,0.97,0
2019-07-04 02:10:00+00:00,0.0,0.0,0.0,0.0,0.0,22.35,1.03,0
2019-07-04 03:10:00+00:00,0.0,0.0,0.0,0.0,0.0,22.22,0.9,0
2019-07-04 04:10:00+00:00,6.1,12.58,20.64,0.32,4.08,22.1,0.76,0
2019-07-04 05:10:00+00:00,77.02,169.72,91.94,2.57,14.38,22.87,0.41,0
2019-07-04 06:10:00+00:00,118.3,275.82,116.28,5.04,25.22,25.24,0.21,0
2019-07-04 07:10:00+00:00,152.75,380.22,120.58,7.57,36.34,27.28,1.03,0
2019-07-04 08:10:00+00:00,176.8,469.55,116.45,9.83,47.43,29.04,0.69,0
2019-07-04 09:10:00+00:00,193.26,522.26,123.68,11.54,57.97,30.74,0.83,0
2019-07-04 10:10:00+00:00,204.49,549.88,131.82,12.59,66.78,32.19,1.66,0
2019-07-04 11:10:00+00:00,209.66,573.16,123.46,13.09,70.97,33.09,2.34,0
2019-07-04 12:10:00+00:00,206.24,549.82,131.93,12.7,67.66,33.54,3.03,0
2019-07-04 13:10:00+00:00,195.48,511.87,131.15,11.66,59.23,33.5,3.52,0
2019-07-04 14:10:00+00:00,177.38,451.98,129.85,9.99,48.82,32.92,3.72,0
2019-07-04 15:10:00+00:00,151.63,374.71,124.38,7.84,37.77,31.93,3.45,0
2019-07-04 16:10:00+00:00,119.68,288.99,111.08,5.43,26.63,31.04,3.1,0
2019-07-04 17:10:00+00:00,80.47,190.5,89.72,2.95,15.73,30.05,2.48,0
2019-07-04 18:10:00+00:00,27.34,75.17,36.87,0.74,5.36,28.87,1.59,0
2019-07-04 19:10:00+00:00,0.0,0.0,0.0,0.0,0.0,27.67,0.76,0
2019-07-04 20:10:00+00:00,0.0,0.0,0.0,0.0,0.0,26.42,0.28,0
2019-07-04 21:10:00+00:00,0.0,0.0,0.0,0.0,0.0,25.59,0.48,0
2019-07-04 22:10:00+00:00,0.0,0.0,0.0,0.0,0.0,24.61,0.76,0
2019-07-04 23:10:00+00:00,0.0,0.0,0.0,0.0,0.0,23.55,0.97,0
2019-07-05 00:10:00+00:00,0.0,0.0,0.0,0.0,0.0,23.75,0.62,0
2019-07-05 01:10:00+00:00,0.0,0.0,0.0,0.0,0.0,23.61,0.0,0
2019-07-05 02:10:00+00:00,0.0,0.0,0.0,0.0,0.0,22.27,0.76,0
2019-07-05 03:10:00+00:00,0.0,0.0,0.0,0.0,0.0,21.58,1.03,0
2019-07-05 04:10:00+00:00,4.79,8.53,19.33,0.29,3.99,20.91,1.1,0
2019-07-05 05:10:00+00:00,74.04,157.98,92.01,2.48,14.29,21.61,0.83,0
2019-07-05 06:10:00+00:00,116.73,266.32,118.06,4.94,25.14,24.73,0.62,0
2019-07-05 07:10:00+00:00,148.01,357.31,130.17,7.36,36.26,27.01,0.48,0
2019-07-05 08:10:00+00:00,172.22,441.8,131.34,9.58,47.34,28.98,0.34,0
2019-07-05 09:10:00+00:00,190.82,501.97,132.89,11.31,57.88,30.62,1.03,0
2019-07-05 10:10:00+00:00,202.38,539.38,133.01,12.42,66.68,31.88,1.72,0
2019-07-05 11:10:00+00:00,208.1,562.74,124.64,12.92,70.88,32.69,2.62,0
2019-07-05 12:10:00+00:00,205.2,539.33,133.13,12.53,67.6,32.92,3.59,0
2019-07-05 13:10:00+00:00,194.72,501.84,132.31,11.5,59.19,32.61,4.21,0
2019-07-05 14:10:00+00:00,175.21,434.65,136.46,9.79,48.79,32.33,4.21,0
2019-07-05 15:10:00+00:00,149.7,365.77,125.34,7.72,37.75,31.67,3.79,0
2019-07-05 16:10:00+00:00,117.28,275.72,114.78,5.31,26.61,30.75,3.72,0
2019-07-05 17:10:00+00:00,75.83,168.61,94.65,2.81,15.71,29.66,3.45,0
2019-07-05 18:10:00+00:00,22.93,59.62,36.36,0.68,5.32,28.45,2.41,0
2019-07-05 19:10:00+00:00,0.0,0.0,0.0,0.0,0.0,27.2,1.1,0
2019-07-05 20:10:00+00:00,0.0,0.0,0.0,0.0,0.0,26.16,0.48,0
2019-07-05 21:10:00+00:00,0.0,0.0,0.0,0.0,0.0,25.45,0.34,0
2019-07-05 22:10:00+00:00,0.0,0.0,0.0,0.0,0.0,24.97,0.14,0
2019-07-05 23:10:00+00:00,0.0,0.0,0.0,0.0,0.0,24.47,0.21,0
2019-07-06 00:10:00+00:00,0.0,0.0,0.0,0.0,0.0,24.0,0.41,0
2019-07-06 01:10:00+00:00,0.0,0.0,0.0,0.0,0.0,23.15,0.76,0
2019-07-06 02:10:00+00:00,0.0,0.0,0.0,0.0,0.0,21.61,1.17,0
2019-07-06 03:10:00+00:00,0.0,0.0,0.0,0.0,0.0,20.84,1.31,0
2019-07-06 04:10:00+00:00,4.58,8.69,18.38,0.28,3.9,20.52,1.24,0
2019-07-06 05:10:00+00:00,72.98,155.25,91.87,2.45,14.2,21.83,0.76,0
2019-07-06 06:10:00+00:00,115.12,263.09,117.97,4.9,25.05,25.02,0.28,0
2019-07-06 07:10:00+00:00,147.56,360.46,126.3,7.36,36.17,27.46,0.55,0
2019-07-06 08:10:00+00:00,173.37,446.75,124.87,9.58,47.25,29.29,1.1,0
2019-07-06 09:10:00+00:00,190.04,498.44,132.9,11.25,57.78,30.78,1.17,0
2019-07-06 10:10:00+00:00,201.53,535.88,133.03,12.37,66.58,32.09,1.86,0
2019-07-06 11:10:00+00:00,207.48,559.21,124.66,12.86,70.78,32.87,2.9,0
2019-07-06 12:10:00+00:00,204.45,546.22,124.4,12.54,67.53,32.96,3.45,0
2019-07-06 13:10:00+00:00,193.44,508.23,125.15,11.52,59.15,32.84,3.59,0
2019-07-06 14:10:00+00:00,174.08,439.98,130.01,9.81,48.77,32.55,3.66,0
2019-07-06 15:10:00+00:00,148.7,362.63,126.2,7.69,37.72,31.88,3.66,0
2019-07-06 16:10:00+00:00,116.12,272.27,115.64,5.28,26.58,30.82,3.17,0
2019-07-06 17:10:00+00:00,75.6,169.7,93.62,2.81,15.68,29.55,2.55,0
2019-07-06 18:10:00+00:00,22.0,56.63,36.02,0.67,5.29,28.17,2.0,0
2019-07-06 19:10:00+00:00,0.0,0.0,0.0,0.0,0.0,26.54,1.38,0
2019-07-06 20:10:00+00:00,0.0,0.0,0.0,0.0,0.0,25.64,0.83,0
2019-07-06 21:10:00+00:00,0.0,0.0,0.0,0.0,0.0,24.65,0.55,0
2019-07-06 22:10:00+00:00,0.0,0.0,0.0,0.0,0.0,24.48,0.48,0
2019-07-06 23:10:00+00:00,0.0,0.0,0.0,0.0,0.0,23.97,0.41,0
2019-07-07 00:10:00+00:00,0.0,0.0,0.0,0.0,0.0,22.12,1.31,0
2019-07-07 01:10:00+00:00,0.0,0.0,0.0,0.0,0.0,21.55,1.38,0
2019-07-07 02:10:00+00:00,0.0,0.0,0.0,0.0,0.0,21.31,1.24,0
2019-07-07 03:10:00+00:00,0.0,0.0,0.0,0.0,0.0,20.96,1.66,0
2019-07-07 04:10:00+00:00,3.01,4.43,16.16,0.24,3.8,20.9,1.79,0
2019-07-07 05:10:00+00:00,29.8,18.12,90.09,1.42,14.1,21.57,1.38,0
2019-07-07 06:10:00+00:00,100.39,171.83,156.62,4.3,24.95,24.72,1.59,0
2019-07-07 07:10:00+00:00,135.98,247.29,192.88,6.55,36.08,26.84,2.14,0
2019-07-07 08:10:00+00:00,171.02,391.0,161.23,9.15,47.16,28.11,2.55,0
2019-07-07 09:10:00+00:00,170.29,227.06,324.96,8.99,57.68,29.42,3.17,0
2019-07-07 10:10:00+00:00,196.73,401.88,235.45,11.32,66.47,30.27,3.59,0
2019-07-07 11:10:00+00:00,206.52,519.71,151.27,12.51,70.67,30.99,3.45,0
2019-07-07 12:10:00+00:00,201.83,498.15,158.23,12.14,67.46,31.95,3.93,0
2019-07-07 13:10:00+00:00,188.44,428.2,183.33,10.89,59.1,32.09,4.48,0
2019-07-07 14:10:00+00:00,170.9,392.51,161.49,9.43,48.73,31.62,4.62,0
2019-07-07 15:10:00+00:00,146.34,342.08,135.66,7.5,37.69,30.97,4.14,0
2019-07-07 16:10:00+00:00,91.53,123.17,181.57,4.21,26.55,30.09,3.93,0
2019-07-07 17:10:00+00:00,10.64,0.0,48.49,0.7,15.64,28.94,3.31,0
2019-07-07 18:10:00+00:00,18.2,44.19,34.66,0.62,5.24,27.87,2.62,0
2019-07-07 19:10:00+00:00,0.0,0.0,0.0,0.0,0.0,26.77,2.07,0
2019-07-07 20:10:00+00:00,0.0,0.0,0.0,0.0,0.0,26.12,1.86,0
2019-07-07 21:10:00+00:00,0.0,0.0,0.0,0.0,0.0,25.64,1.86,0
2019-07-07 22:10:00+00:00,0.0,0.0,0.0,0.0,0.0,25.25,1.86,0
2019-07-07 23:10:00+00:00,0.0,0.0,0.0,0.0,0.0,24.87,1.79,0
2019-07-08 00:10:00+00:00,0.0,0.0,0.0,0.0,0.0,24.48,1.93,0
2019-07-08 01:10:00+00:00,0.0,0.0,0.0,0.0,0.0,24.15,1.93,0
2019-07-08 02:10:00+00:00,0.0,0.0,0.0,0.0,0.0,23.86,1.86,0
2019-07-08 03:10:00+00:00,0.0,0.0,0.0,0.0,0.0,23.62,1.66,0
2019-07-08 04:10:00+00:00,2.98,4.52,16.16,0.24,3.7,23.43,1.38,0
2019-07-08 05:10:00+00:00,62.14,117.98,95.76,2.21,14.0,23.96,1.45,0
2019-07-08 06:10:00+00:00,108.77,225.15,130.93,4.61,24.86,25.4,2.07,0
2019-07-08 07:10:00+00:00,144.52,329.35,140.55,7.09,35.98,26.78,1.59,0
2019-07-08 08:10:00+00:00,171.06,418.43,138.81,9.31,47.06,28.65,1.86,0
2019-07-08 09:10:00+00:00,185.69,417.86,187.95,10.6,57.58,30.01,2.41,0
2019-07-08 10:10:00+00:00,198.16,475.52,174.4,11.86,66.36,30.96,2.41,0
2019-07-08 11:10:00+00:00,203.68,526.5,143.27,12.54,70.56,31.95,2.62,0
2019-07-08 12:10:00+00:00,199.49,504.98,150.17,12.16,67.38,32.51,3.03,0
2019-07-08 13:10:00+00:00,189.25,478.05,141.38,11.23,59.05,32.48,3.38,0
2019-07-08 14:10:00+00:00,158.36,269.97,247.6,8.48,48.69,30.46,2.69,0
2019-07-08 15:10:00+00:00,141.93,314.13,153.55,7.32,37.66,31.11,2.69,0
2019-07-08 16:10:00+00:00,113.6,263.4,115.31,5.17,26.52,30.35,3.38,0
2019-07-08 17:10:00+00:00,30.17,14.77,97.73,1.53,15.6,29.1,2.55,0
2019-07-08 18:10:00+00:00,16.89,41.19,33.26,0.59,5.19,28.16,1.72,0
2019-07-08 19:10:00+00:00,0.0,0.0,0.0,0.0,0.0,27.04,1.31,0
2019-07-08 20:10:00+00:00,0.0,0.0,0.0,0.0,0.0,26.48,1.31,0
2019-07-08 21:10:00+00:00,0.0,0.0,0.0,0.0,0.0,25.93,1.66,0
2019-07-08 22:10:00+00:00,0.0,0.0,0.0,0.0,0.0,25.45,1.93,0
2019-07-08 23:10:00+00:00,0.0,0.0,0.0,0.0,0.0,25.1,2.0,0
2019-07-09 00:10:00+00:00,0.0,0.0,0.0,0.0,0.0,24.82,1.86,0
2019-07-09 01:10:00+00:00,0.0,0.0,0.0,0.0,0.0,24.57,1.72,0
2019-07-09 02:10:00+00:00,0.0,0.0,0.0,0.0,0.0,24.43,1.93,0
2019-07-09 03:10:00+00:00,0.0,0.0,0.0,0.0,0.0,24.21,2.14,0
2019-07-09 04:10:00+00:00,0.0,0.0,4.66,0.07,3.59,24.01,2.21,0
2019-07-09 05:10:00+00:00,15.05,1.52,60.76,0.88,13.9,24.63,2.21,0
2019-07-09 06:10:00+00:00,120.48,305.6,89.15,5.06,24.76,26.12,2.76,0
2019-07-09 07:10:00+00:00,135.91,252.77,188.95,6.59,35.89,27.84,2.34,0
2019-07-09 08:10:00+00:00,38.99,0.0,138.95,2.0,46.96,28.95,2.55,0
2019-07-09 09:10:00+00:00,25.47,0.0,96.99,1.39,57.47,29.6,2.69,0
2019-07-09 10:10:00+00:00,19.25,0.0,77.4,1.11,66.24,30.69,3.79,0
2019-07-09 11:10:00+00:00,176.93,177.74,400.06,9.38,70.45,31.83,4.28,0
2019-07-09 12:10:00+00:00,204.82,529.05,132.98,12.39,67.29,31.4,4.34,0
2019-07-09 13:10:00+00:00,193.2,492.13,132.1,11.37,58.99,30.79,4.0,0
2019-07-09 14:10:00+00:00,147.1,177.13,303.88,7.61,48.65,31.72,3.86,0
2019-07-09 15:10:00+00:00,145.17,330.82,143.88,7.46,37.62,31.53,4.48,0
2019-07-09 16:10:00+00:00,111.16,237.54,131.56,5.05,26.47,30.34,4.34,0
2019-07-09 17:10:00+00:00,67.25,132.73,102.26,2.6,15.56,29.34,2.9,0
2019-07-09 18:10:00+00:00,14.99,35.02,32.6,0.56,5.14,28.59,1.66,0
2019-07-09 19:10:00+00:00,0.0,0.0,0.0,0.0,0.0,27.97,1.72,0
2019-07-09 20:10:00+00:00,0.0,0.0,0.0,0.0,0.0,26.89,2.07,0
2019-07-09 21:10:00+00:00,0.0,0.0,0.0,0.0,0.0,26.15,2.62,0
2019-07-09 22:10:00+00:00,0.0,0.0,0.0,0.0,0.0,25.57,2.9,0
2019-07-09 23:10:00+00:00,0.0,0.0,0.0,0.0,0.0,25.1,2.83,0
2019-07-10 00:10:00+00:00,0.0,0.0,0.0,0.0,0.0,24.69,2.97,0
2019-07-10 01:10:00+00:00,0.0,0.0,0.0,0.0,0.0,24.45,3.38,0
2019-07-10 02:10:00+00:00,0.0,0.0,0.0,0.0,0.0,24.29,3.38,0
2019-07-10 03:10:00+00:00,0.0,0.0,0.0,0.0,0.0,24.05,2.83,0
2019-07-10 04:10:00+00:00,4.42,9.47,17.48,0.27,3.48,23.98,2.76,0
2019-07-10 05:10:00+00:00,47.0,66.78,97.87,1.86,13.8,24.26,2.48,0
2019-07-10 06:10:00+00:00,89.89,127.59,166.95,3.91,24.66,25.51,2.9,0
2019-07-10 07:10:00+00:00,146.3,348.38,122.31,7.14,35.79,27.35,3.59,0
2019-07-10 08:10:00+00:00,171.37,403.24,144.34,9.15,46.86,27.99,3.93,0
2019-07-10 09:10:00+00:00,187.7,425.96,175.9,10.6,57.36,28.38,3.45,0
2019-07-10 10:10:00+00:00,204.2,497.0,150.13,11.94,66.12,24.96,2.76,0
2019-07-10 11:10:00+00:00,116.89,13.07,365.73,5.52,70.32,25.42,1.31,0
2019-07-10 12:10:00+00:00,19.53,0.0,77.4,1.11,67.2,27.21,1.03,0
2019-07-10 13:10:00+00:00,21.16,0.0,83.0,1.19,58.93,28.43,1.17,0
2019-07-10 14:10:00+00:00,83.41,7.49,270.25,4.02,48.6,29.04,1.59,0
2019-07-10 15:10:00+00:00,145.69,346.58,125.94,7.48,37.57,28.94,3.59,0
2019-07-10 16:10:00+00:00,114.66,257.44,116.01,5.12,26.43,25.9,3.93,0
2019-07-10 17:10:00+00:00,74.64,167.34,88.97,2.75,15.5,26.22,3.52,0
2019-07-10 18:10:00+00:00,19.76,51.21,33.19,0.62,5.08,26.02,2.9,0
2019-07-10 19:10:00+00:00,0.0,0.0,0.0,0.0,0.0,25.79,3.1,0
2019-07-10 20:10:00+00:00,0.0,0.0,0.0,0.0,0.0,24.73,3.1,0
2019-07-10 21:10:00+00:00,0.0,0.0,0.0,0.0,0.0,23.78,3.17,0
2019-07-10 22:10:00+00:00,0.0,0.0,0.0,0.0,0.0,22.87,3.17,0
2019-07-10 23:10:00+00:00,0.0,0.0,0.0,0.0,0.0,22.07,3.17,0
2019-07-11 00:10:00+00:00,0.0,0.0,0.0,0.0,0.0,21.32,3.03,0
2019-07-11 01:10:00+00:00,0.0,0.0,0.0,0.0,0.0,20.61,2.9,0
2019-07-11 02:10:00+00:00,0.0,0.0,0.0,0.0,0.0,19.95,2.76,0
2019-07-11 03:10:00+00:00,0.0,0.0,0.0,0.0,0.0,19.34,2.62,0
2019-07-11 04:10:00+00:00,4.08,9.71,15.56,0.24,3.37,18.79,2.55,0
2019-07-11 05:10:00+00:00,75.27,168.77,82.4,2.42,13.69,19.0,2.34,0
2019-07-11 06:10:00+00:00,118.48,274.83,104.96,4.89,24.56,20.67,2.07,0
2019-07-11 07:10:00+00:00,146.0,319.39,146.94,7.05,35.68,23.23,1.72,0
2019-07-11 08:10:00+00:00,174.98,438.11,124.47,9.49,46.76,25.19,1.52,0
2019-07-11 09:10:00+00:00,193.56,499.7,124.41,11.23,57.25,26.3,1.72,0
2019-07-11 10:10:00+00:00,204.74,517.72,141.36,12.23,65.99,26.83,2.21,0
2019-07-11 11:10:00+00:00,203.06,429.73,224.09,11.91,70.19,27.17,2.55,0
2019-07-11 12:10:00+00:00,194.84,355.31,272.33,11.09,67.1,27.63,2.83,0
2019-07-11 13:10:00+00:00,189.77,429.3,182.44,10.97,58.86,28.01,2.69,0
2019-07-11 14:10:00+00:00,128.48,82.22,334.77,6.32,48.54,28.0,2.48,0
2019-07-11 15:10:00+00:00,120.16,137.99,252.72,5.88,37.52,27.57,2.34,0
2019-07-11 16:10:00+00:00,87.22,100.81,187.01,4.01,26.38,26.69,2.55,0
2019-07-11 17:10:00+00:00,52.64,72.18,111.32,2.2,15.45,25.87,2.48,0
2019-07-11 18:10:00+00:00,4.56,3.22,23.59,0.35,5.02,25.19,2.0,0
2019-07-11 19:10:00+00:00,0.0,0.0,0.0,0.0,0.0,24.26,0.76,0
2019-07-11 20:10:00+00:00,0.0,0.0,0.0,0.0,0.0,24.0,0.07,0
2019-07-11 21:10:00+00:00,0.0,0.0,0.0,0.0,0.0,23.42,0.48,0
2019-07-11 22:10:00+00:00,0.0,0.0,0.0,0.0,0.0,22.78,0.62,0
2019-07-11 23:10:00+00:00,0.0,0.0,0.0,0.0,0.0,22.7,0.55,0
2019-07-12 00:10:00+00:00,0.0,0.0,0.0,0.0,0.0,22.52,0.28,0
2019-07-12 01:10:00+00:00,0.0,0.0,0.0,0.0,0.0,22.3,0.34,0
2019-07-12 02:10:00+00:00,0.0,0.0,0.0,0.0,0.0,21.59,0.76,0
2019-07-12 03:10:00+00:00,0.0,0.0,0.0,0.0,0.0,20.49,1.03,0
2019-07-12 04:10:00+00:00,0.27,0.0,7.46,0.11,3.25,20.04,1.17,0
2019-07-12 05:10:00+00:00,62.68,120.32,93.28,2.18,13.58,20.66,0.83,0
2019-07-12 06:10:00+00:00,102.24,190.01,144.56,4.37,24.45,22.99,0.69,0
2019-07-12 07:10:00+00:00,143.2,321.47,142.1,7.02,35.58,24.91,1.17,0
2019-07-12 08:10:00+00:00,165.74,350.95,186.02,8.87,46.65,26.26,1.31,0
2019-07-12 09:10:00+00:00,168.58,219.43,326.42,8.91,57.14,27.23,2.0,0
2019-07-12 10:10:00+00:00,166.77,139.1,401.28,8.57,65.86,28.12,2.69,0
2019-07-12 11:10:00+00:00,183.28,218.56,375.78,9.89,70.06,28.71,2.97,0
2019-07-12 12:10:00+00:00,199.84,450.31,193.61,11.83,66.99,28.7,3.17,0
2019-07-12 13:10:00+00:00,187.92,410.73,193.55,10.8,58.78,28.54,3.31,0
2019-07-12 14:10:00+00:00,168.75,360.98,182.14,9.24,48.48,28.38,3.31,0
2019-07-12 15:10:00+00:00,147.36,352.38,125.51,7.6,37.46,27.77,2.76,0
2019-07-12 16:10:00+00:00,114.35,267.89,111.02,5.21,26.32,27.31,2.07,0
2019-07-12 17:10:00+00:00,74.0,166.85,90.07,2.76,15.39,26.8,1.66,0
2019-07-12 18:10:00+00:00,19.84,51.89,33.25,0.62,4.95,26.23,1.52,0
2019-07-12 19:10:00+00:00,0.0,0.0,0.0,0.0,0.0,25.47,1.45,0
2019-07-12 20:10:00+00:00,0.0,0.0,0.0,0.0,0.0,24.82,1.45,0
2019-07-12 21:10:00+00:00,0.0,0.0,0.0,0.0,0.0,24.22,1.59,0
2019-07-12 22:10:00+00:00,0.0,0.0,0.0,0.0,0.0,23.75,1.66,0
2019-07-12 23:10:00+00:00,0.0,0.0,0.0,0.0,0.0,23.5,1.59,0
2019-07-13 00:10:00+00:00,0.0,0.0,0.0,0.0,0.0,23.19,1.66,0
2019-07-13 01:10:00+00:00,0.0,0.0,0.0,0.0,0.0,23.04,1.79,0
2019-07-13 02:10:00+00:00,0.0,0.0,0.0,0.0,0.0,22.77,1.93,0
2019-07-13 03:10:00+00:00,0.0,0.0,0.0,0.0,0.0,22.44,2.0,0
2019-07-13 04:10:00+00:00,0.77,0.0,10.26,0.15,3.13,22.14,2.07,0
2019-07-13 05:10:00+00:00,29.01,19.83,86.63,1.38,13.47,22.67,2.0,0
2019-07-13 06:10:00+00:00,108.68,230.5,123.0,4.58,24.34,24.14,2.76,0
2019-07-13 07:10:00+00:00,143.66,320.93,139.17,6.98,35.47,25.55,3.03,0
2019-07-13 08:10:00+00:00,158.84,274.84,233.64,8.23,46.54,26.86,3.1,0
2019-07-13 09:10:00+00:00,166.48,205.32,329.74,8.69,57.02,28.02,3.45,0
2019-07-13 10:10:00+00:00,201.98,496.29,149.53,11.98,65.73,28.84,4.07,0
2019-07-13 11:10:00+00:00,204.94,471.11,181.17,12.12,69.91,28.22,4.41,0
2019-07-13 12:10:00+00:00,201.73,469.3,172.83,11.91,66.88,27.51,3.86,0
2019-07-13 13:10:00+00:00,183.25,373.15,217.96,10.45,58.7,28.11,2.69,0
2019-07-13 14:10:00+00:00,156.07,253.74,253.67,8.33,48.41,28.32,2.07,0
2019-07-13 15:10:00+00:00,132.06,237.08,198.45,6.75,37.4,28.71,1.17,0
2019-07-13 16:10:00+00:00,13.42,0.0,57.82,0.83,26.26,28.44,1.45,0
2019-07-13 17:10:00+00:00,65.55,130.62,98.89,2.55,15.32,27.82,1.72,0
2019-07-13 18:10:00+00:00,16.92,42.49,32.3,0.58,4.87,27.02,1.86,0
2019-07-13 19:10:00+00:00,0.0,0.0,0.0,0.0,0.0,26.43,1.86,0
2019-07-13 20:10:00+00:00,0.0,0.0,0.0,0.0,0.0,25.44,1.86,0
2019-07-13 21:10:00+00:00,0.0,0.0,0.0,0.0,0.0,24.49,1.86,0
2019-07-13 22:10:00+00:00,0.0,0.0,0.0,0.0,0.0,23.59,2.0,0
2019-07-13 23:10:00+00:00,0.0,0.0,0.0,0.0,0.0,22.73,2.0,0
2019-07-14 00:10:00+00:00,0.0,0.0,0.0,0.0,0.0,21.83,2.0,0
2019-07-14 01:10:00+00:00,0.0,0.0,0.0,0.0,0.0,21.1,2.0,0
2019-07-14 02:10:00+00:00,0.0,0.0,0.0,0.0,0.0,20.5,1.93,0
2019-07-14 03:10:00+00:00,0.0,0.0,0.0,0.0,0.0,20.12,1.93,0
2019-07-14 04:10:00+00:00,2.5,5.29,13.36,0.2,3.01,19.81,2.0,0
2019-07-14 05:10:00+00:00,71.19,158.92,81.92,2.33,13.35,20.19,1.79,0
2019-07-14 06:10:00+00:00,110.8,238.57,120.21,4.65,24.23,21.95,1.72,0
2019-07-14 07:10:00+00:00,147.0,351.27,119.96,7.19,35.36,23.73,1.72,0
2019-07-14 08:10:00+00:00,170.95,431.03,124.18,9.41,46.42,25.9,0.97,0
2019-07-14 09:10:00+00:00,187.84,483.13,132.15,11.09,56.89,27.14,0.83,0
2019-07-14 10:10:00+00:00,199.99,511.19,141.03,12.16,65.59,28.21,1.66,0
2019-07-14 11:10:00+00:00,202.01,485.8,173.32,12.33,69.77,28.92,2.0,0
2019-07-14 12:10:00+00:00,192.1,366.12,259.49,11.17,66.76,29.14,2.41,0
2019-07-14 13:10:00+00:00,186.62,417.34,186.66,10.87,58.61,28.81,2.69,0
2019-07-14 14:10:00+00:00,167.52,345.93,191.19,9.14,48.34,27.9,3.59,0
2019-07-14 15:10:00+00:00,145.49,331.09,138.43,7.46,37.34,27.66,3.59,0
2019-07-14 16:10:00+00:00,113.57,256.98,116.59,5.16,26.19,26.94,3.31,0
2019-07-14 17:10:00+00:00,70.82,150.4,94.23,2.67,15.25,26.33,3.24,0
2019-07-14 18:10:00+00:00,14.86,36.28,30.61,0.54,4.79,25.44,2.9,0
2019-07-14 19:10:00+00:00,0.0,0.0,0.0,0.0,0.0,24.63,1.86,0
2019-07-14 20:10:00+00:00,0.0,0.0,0.0,0.0,0.0,23.9,0.83,0
2019-07-14 21:10:00+00:00,0.0,0.0,0.0,0.0,0.0,23.63,1.03,0
2019-07-14 22:10:00+00:00,0.0,0.0,0.0,0.0,0.0,22.69,1.66,0
2019-07-14 23:10:00+00:00,0.0,0.0,0.0,0.0,0.0,22.28,2.28,0
2019-07-15 00:10:00+00:00,0.0,0.0,0.0,0.0,0.0,21.94,2.28,0
2019-07-15 01:10:00+00:00,0.0,0.0,0.0,0.0,0.0,21.56,2.14,0
2019-07-15 02:10:00+00:00,0.0,0.0,0.0,0.0,0.0,21.4,2.28,0
2019-07-15 03:10:00+00:00,0.0,0.0,0.0,0.0,0.0,21.3,2.34,0
2019-07-15 04:10:00+00:00,0.0,0.0,5.6,0.08,2.88,21.05,2.41,0
2019-07-15 05:10:00+00:00,3.12,0.0,20.52,0.29,13.23,21.42,2.28,0
2019-07-15 06:10:00+00:00,27.34,0.0,99.79,1.43,24.12,22.24,2.14,0
2019-07-15 07:10:00+00:00,57.6,3.43,189.36,2.77,35.25,24.21,1.66,0
2019-07-15 08:10:00+00:00,34.18,0.0,122.17,1.76,46.31,25.23,1.86,0
2019-07-15 09:10:00+00:00,28.28,0.0,104.45,1.5,56.77,26.24,1.86,0
2019-07-15 10:10:00+00:00,87.31,1.38,284.37,4.11,65.44,26.21,2.0,0
2019-07-15 11:10:00+00:00,70.15,0.0,233.15,3.35,69.61,26.53,2.0,0
2019-07-15 12:10:00+00:00,138.2,44.46,402.59,6.7,66.64,26.64,2.07,0
2019-07-15 13:10:00+00:00,89.39,3.51,289.88,4.23,58.52,27.15,2.07,0
2019-07-15 14:10:00+00:00,77.84,3.7,254.49,3.72,48.26,27.31,1.59,0
2019-07-15 15:10:00+00:00,33.8,0.0,122.17,1.76,37.26,26.95,0.9,0
2019-07-15 16:10:00+00:00,93.63,144.01,169.32,4.35,26.12,26.57,0.21,0
2019-07-15 17:10:00+00:00,58.04,98.36,105.15,2.34,15.17,26.0,0.69,0
2019-07-15 18:10:00+00:00,0.58,0.0,9.33,0.13,4.7,25.26,2.0,0
2019-07-15 19:10:00+00:00,0.0,0.0,0.0,0.0,0.0,24.39,1.1,0
2019-07-15 20:10:00+00:00,0.0,0.0,0.0,0.0,0.0,23.19,1.52,0
2019-07-15 21:10:00+00:00,0.0,0.0,0.0,0.0,0.0,21.99,2.14,0
2019-07-15 22:10:00+00:00,0.0,0.0,0.0,0.0,0.0,21.47,2.34,0
2019-07-15 23:10:00+00:00,0.0,0.0,0.0,0.0,0.0,21.21,2.14,0
2019-07-16 00:10:00+00:00,0.0,0.0,0.0,0.0,0.0,20.84,2.07,0
2019-07-16 01:10:00+00:00,0.0,0.0,0.0,0.0,0.0,20.44,2.21,0
2019-07-16 02:10:00+00:00,0.0,0.0,0.0,0.0,0.0,20.1,2.07,0
2019-07-16 03:10:00+00:00,0.0,0.0,0.0,0.0,0.0,19.62,1.52,0
2019-07-16 04:10:00+00:00,1.68,5.67,9.56,0.15,2.76,19.15,1.86,0
2019-07-16 05:10:00+00:00,63.79,125.71,90.09,2.17,13.11,19.36,2.41,0
2019-07-16 06:10:00+00:00,61.12,32.21,168.28,2.8,24.0,20.61,2.76,0
2019-07-16 07:10:00+00:00,148.94,343.89,127.26,7.21,35.13,23.4,3.59,0
2019-07-16 08:10:00+00:00,175.87,429.16,128.24,9.47,46.19,25.22,3.31,0
2019-07-16 09:10:00+00:00,194.27,489.58,130.55,11.24,56.64,26.82,3.1,0
2019-07-16 10:10:00+00:00,203.54,508.21,147.3,12.26,65.29,28.18,2.9,0
2019-07-16 11:10:00+00:00,206.79,542.01,130.03,12.83,69.45,29.21,2.48,0
2019-07-16 12:10:00+00:00,191.82,363.73,265.12,11.25,66.5,29.76,2.14,0
2019-07-16 13:10:00+00:00,180.17,345.98,245.81,10.4,58.42,30.27,2.07,0
2019-07-16 14:10:00+00:00,162.17,317.58,215.07,9.0,48.18,30.85,2.41,0
2019-07-16 15:10:00+00:00,131.44,219.83,213.01,6.71,37.19,30.7,2.83,0
2019-07-16 16:10:00+00:00,101.11,179.07,158.77,4.69,26.04,29.99,3.24,0
2019-07-16 17:10:00+00:00,72.06,161.94,90.89,2.73,15.09,29.3,3.52,0
2019-07-16 18:10:00+00:00,17.44,47.14,30.58,0.56,4.61,28.13,3.79,0
2019-07-16 19:10:00+00:00,0.0,0.0,0.0,0.0,0.0,26.28,3.59,0
2019-07-16 20:10:00+00:00,0.0,0.0,0.0,0.0,0.0,24.85,3.45,0
2019-07-16 21:10:00+00:00,0.0,0.0,0.0,0.0,0.0,23.7,3.03,0
2019-07-16 22:10:00+00:00,0.0,0.0,0.0,0.0,0.0,22.63,2.69,0
2019-07-16 23:10:00+00:00,0.0,0.0,0.0,0.0,0.0,21.62,2.34,0
2019-07-17 00:10:00+00:00,0.0,0.0,0.0,0.0,0.0,20.73,2.21,0
2019-07-17 01:10:00+00:00,0.0,0.0,0.0,0.0,0.0,19.96,2.07,0
2019-07-17 02:10:00+00:00,0.0,0.0,0.0,0.0,0.0,19.38,2.0,0
2019-07-17 03:10:00+00:00,0.0,0.0,0.0,0.0,0.0,18.91,2.0,0
2019-07-17 04:10:00+00:00,2.18,5.9,11.49,0.17,2.62,18.53,2.0,0
2019-07-17 05:10:00+00:00,69.34,150.48,83.91,2.28,12.99,19.0,1.79,0
2019-07-17 06:10:00+00:00,112.34,251.08,113.39,4.73,23.88,21.55,1.52,0
2019-07-17 07:10:00+00:00,145.97,355.94,117.61,7.27,35.02,24.69,1.1,0
2019-07-17 08:10:00+00:00,169.3,428.16,127.19,9.46,46.07,26.4,0.48,0
2019-07-17 09:10:00+00:00,188.06,488.42,130.36,11.24,56.5,27.65,0.76,0
2019-07-17 10:10:00+00:00,199.94,517.32,138.28,12.33,65.14,28.62,1.45,0
2019-07-17 11:10:00+00:00,200.2,438.39,214.97,12.08,69.28,28.97,2.14,0
2019-07-17 12:10:00+00:00,198.58,445.88,198.37,11.94,66.37,29.04,2.69,0
2019-07-17 13:10:00+00:00,192.2,482.71,136.6,11.45,58.31,28.56,3.03,0
2019-07-17 14:10:00+00:00,173.29,425.0,132.75,9.79,48.09,28.2,3.24,0
2019-07-17 15:10:00+00:00,147.11,349.46,126.46,7.65,37.11,27.42,3.17,0
2019-07-17 16:10:00+00:00,112.98,255.96,117.21,5.18,25.96,27.11,3.03,0
2019-07-17 17:10:00+00:00,72.86,164.37,88.91,2.73,15.0,26.49,2.62,0
2019-07-17 18:10:00+00:00,16.41,44.3,29.23,0.54,4.51,25.64,1.72,0
2019-07-17 19:10:00+00:00,0.0,0.0,0.0,0.0,0.0,24.61,1.03,0
2019-07-17 20:10:00+00:00,0.0,0.0,0.0,0.0,0.0,23.83,0.48,0
2019-07-17 21:10:00+00:00,0.0,0.0,0.0,0.0,0.0,22.59,0.97,0
2019-07-17 22:10:00+00:00,0.0,0.0,0.0,0.0,0.0,21.66,1.1,0
2019-07-17 23:10:00+00:00,0.0,0.0,0.0,0.0,0.0,21.31,1.03,0
2019-07-18 00:10:00+00:00,0.0,0.0,0.0,0.0,0.0,20.95,0.97,0
2019-07-18 01:10:00+00:00,0.0,0.0,0.0,0.0,0.0,21.13,0.76,0
2019-07-18 02:10:00+00:00,0.0,0.0,0.0,0.0,0.0,20.96,0.62,0
2019-07-18 03:10:00+00:00,0.0,0.0,0.0,0.0,0.0,20.65,0.69,0
2019-07-18 04:10:00+00:00,1.54,6.15,8.63,0.13,2.49,19.36,0.97,0
2019-07-18 05:10:00+00:00,57.89,109.19,89.5,2.04,12.86,19.59,0.9,0
2019-07-18 06:10:00+00:00,104.71,219.6,124.52,4.49,23.76,22.59,0.55,0
2019-07-18 07:10:00+00:00,140.46,332.13,128.03,7.06,34.9,24.84,0.28,0
2019-07-18 08:10:00+00:00,166.9,409.6,134.64,9.26,45.94,26.44,0.9,0
2019-07-18 09:10:00+00:00,187.08,477.23,131.46,11.07,56.37,27.77,1.59,0
2019-07-18 10:10:00+00:00,199.23,516.03,131.49,12.22,64.98,28.84,2.21,0
2019-07-18 11:10:00+00:00,199.86,462.29,186.98,12.16,69.11,29.58,2.76,0
2019-07-18 12:10:00+00:00,198.16,469.85,170.55,12.02,66.22,29.83,3.45,0
2019-07-18 13:10:00+00:00,189.57,471.67,137.73,11.28,58.2,29.43,3.86,0
2019-07-18 14:10:00+00:00,167.99,383.42,158.59,9.43,48.0,29.11,3.59,0
2019-07-18 15:10:00+00:00,141.87,314.57,145.3,7.36,37.02,28.32,3.66,0
2019-07-18 16:10:00+00:00,109.68,242.88,119.86,5.05,25.87,27.45,3.38,0
2019-07-18 17:10:00+00:00,67.25,140.33,94.58,2.59,14.9,26.73,2.48,0
2019-07-18 18:10:00+00:00,11.28,27.62,26.68,0.46,4.41,25.75,1.66,0
2019-07-18 19:10:00+00:00,0.0,0.0,0.0,0.0,0.0,24.59,1.38,0
2019-07-18 20:10:00+00:00,0.0,0.0,0.0,0.0,0.0,23.89,0.76,0
2019-07-18 21:10:00+00:00,0.0,0.0,0.0,0.0,0.0,23.38,0.41,0
2019-07-18 22:10:00+00:00,0.0,0.0,0.0,0.0,0.0,23.19,0.41,0
2019-07-18 23:10:00+00:00,0.0,0.0,0.0,0.0,0.0,22.75,0.34,0
2019-07-19 00:10:00+00:00,0.0,0.0,0.0,0.0,0.0,22.36,0.48,0
2019-07-19 01:10:00+00:00,0.0,0.0,0.0,0.0,0.0,21.93,0.55,0
2019-07-19 02:10:00+00:00,0.0,0.0,0.0,0.0,0.0,21.43,0.62,0
2019-07-19 03:10:00+00:00,0.0,0.0,0.0,0.0,0.0,20.53,0.83,0
2019-07-19 04:10:00+00:00,0.27,0.0,7.46,0.11,2.35,19.61,1.03,0
2019-07-19 05:10:00+00:00,55.03,101.65,88.7,1.97,12.73,20.17,0.76,0
2019-07-19 06:10:00+00:00,100.56,201.65,129.86,4.34,23.64,22.58,0.28,0
2019-07-19 07:10:00+00:00,136.38,306.69,140.32,6.85,34.78,24.47,0.07,0
2019-07-19 08:10:00+00:00,162.17,378.93,152.28,8.99,45.82,26.14,0.41,0
2019-07-19 09:10:00+00:00,181.34,443.31,152.3,10.76,56.23,27.78,0.83,0
2019-07-19 10:10:00+00:00,195.99,527.01,115.93,12.22,64.82,29.09,1.45,0
2019-07-19 11:10:00+00:00,198.58,501.53,148.6,12.39,68.93,29.83,2.0,0
2019-07-19 12:10:00+00:00,196.82,499.75,139.53,12.16,66.07,29.88,2.76,0
2019-07-19 13:10:00+00:00,185.99,464.11,137.84,11.16,58.08,29.82,3.17,0
2019-07-19 14:10:00+00:00,63.64,0.73,214.47,3.09,47.9,29.37,3.1,0
2019-07-19 15:10:00+00:00,140.52,325.7,132.96,7.38,36.92,28.82,2.97,0
2019-07-19 16:10:00+00:00,106.33,231.75,122.51,4.94,25.78,28.35,2.97,0
2019-07-19 17:10:00+00:00,66.26,140.15,92.44,2.56,14.8,27.4,2.83,0
2019-07-19 18:10:00+00:00,11.33,28.03,26.72,0.46,4.3,26.31,2.14,0
2019-07-19 19:10:00+00:00,0.0,0.0,0.0,0.0,0.0,25.28,1.59,0
2019-07-19 20:10:00+00:00,0.0,0.0,0.0,0.0,0.0,24.57,0.97,0
2019-07-19 21:10:00+00:00,0.0,0.0,0.0,0.0,0.0,23.85,0.41,0
2019-07-19 22:10:00+00:00,0.0,0.0,0.0,0.0,0.0,23.83,0.14,0
2019-07-19 23:10:00+00:00,0.0,0.0,0.0,0.0,0.0,23.45,0.28,0
2019-07-20 00:10:00+00:00,0.0,0.0,0.0,0.0,0.0,23.02,0.41,0
2019-07-20 01:10:00+00:00,0.0,0.0,0.0,0.0,0.0,22.48,0.48,0
2019-07-20 02:10:00+00:00,0.0,0.0,0.0,0.0,0.0,21.98,0.55,0
2019-07-20 03:10:00+00:00,0.0,0.0,0.0,0.0,0.0,21.29,0.69,0
2019-07-20 04:10:00+00:00,0.0,0.0,0.0,0.0,0.0,20.4,0.9,0
2019-07-20 05:10:00+00:00,57.86,115.69,85.05,2.02,12.6,20.77,0.69,0
2019-07-20 06:10:00+00:00,103.82,226.04,117.58,4.49,23.51,23.3,0.41,0
2019-07-20 07:10:00+00:00,138.36,331.33,123.03,7.01,34.65,25.5,0.41,0
2019-07-20 08:10:00+00:00,162.45,409.72,128.89,9.22,45.69,27.18,0.0,0
2019-07-20 09:10:00+00:00,182.3,469.75,131.27,10.97,56.09,28.69,0.9,0
2019-07-20 10:10:00+00:00,195.02,507.84,131.35,12.11,64.65,30.0,1.93,0
2019-07-20 11:10:00+00:00,200.54,531.76,122.98,12.63,68.75,30.66,2.62,0
2019-07-20 12:10:00+00:00,196.74,509.84,131.31,12.27,65.91,30.91,2.97,0
2019-07-20 13:10:00+00:00,185.9,473.17,130.42,11.25,57.96,30.66,3.31,0
2019-07-20 14:10:00+00:00,166.58,407.46,134.43,9.57,47.79,30.38,3.31,0
2019-07-20 15:10:00+00:00,141.51,345.55,118.64,7.53,36.83,29.94,3.17,0
2019-07-20 16:10:00+00:00,108.58,254.76,108.96,5.09,25.68,29.2,3.03,0
2019-07-20 17:10:00+00:00,66.96,146.58,89.79,2.59,14.7,28.15,2.76,0
2019-07-20 18:10:00+00:00,3.46,0.0,22.29,0.33,4.18,26.94,2.14,0
2019-07-20 19:10:00+00:00,0.0,0.0,0.0,0.0,0.0,25.62,1.1,0
2019-07-20 20:10:00+00:00,0.0,0.0,0.0,0.0,0.0,24.79,0.9,0
2019-07-20 21:10:00+00:00,0.0,0.0,0.0,0.0,0.0,23.61,0.9,0
2019-07-20 22:10:00+00:00,0.0,0.0,0.0,0.0,0.0,23.46,0.69,0
2019-07-20 23:10:00+00:00,0.0,0.0,0.0,0.0,0.0,23.33,0.69,0
2019-07-21 00:10:00+00:00,0.0,0.0,0.0,0.0,0.0,22.96,0.69,0
2019-07-21 01:10:00+00:00,0.0,0.0,0.0,0.0,0.0,22.54,0.69,0
2019-07-21 02:10:00+00:00,0.0,0.0,0.0,0.0,0.0,20.98,1.1,0
2019-07-21 03:10:00+00:00,0.0,0.0,0.0,0.0,0.0,19.98,1.38,0
2019-07-21 04:10:00+00:00,0.0,0.0,0.0,0.0,0.0,19.85,1.24,0
2019-07-21 05:10:00+00:00,57.48,114.31,85.05,2.01,12.47,20.5,0.9,0
2019-07-21 06:10:00+00:00,103.32,223.54,118.46,4.47,23.39,23.39,0.55,0
2019-07-21 07:10:00+00:00,139.24,332.98,122.83,7.05,34.53,26.09,1.03,0
2019-07-21 08:10:00+00:00,164.56,411.58,127.69,9.26,45.56,28.15,1.24,0
2019-07-21 09:10:00+00:00,183.46,481.14,122.9,11.09,55.94,29.97,1.52,0
2019-07-21 10:10:00+00:00,195.42,520.03,123.05,12.26,64.48,31.35,2.21,0
2019-07-21 11:10:00+00:00,200.19,534.29,122.54,12.71,68.56,32.21,2.97,0
2019-07-21 12:10:00+00:00,197.1,522.51,121.39,12.41,65.74,32.52,3.66,0
2019-07-21 13:10:00+00:00,187.08,493.87,115.04,11.45,57.83,32.31,4.14,0
2019-07-21 14:10:00+00:00,166.64,409.84,133.18,9.62,47.68,31.85,4.28,0
2019-07-21 15:10:00+00:00,141.04,341.25,122.13,7.53,36.72,31.13,4.07,0
2019-07-21 16:10:00+00:00,103.06,212.46,133.66,4.85,25.57,30.26,3.59,0
2019-07-21 17:10:00+00:00,60.56,117.38,97.93,2.42,14.59,29.16,3.1,0
2019-07-21 18:10:00+00:00,3.45,0.0,22.29,0.33,4.06,27.76,2.28,0
2019-07-21 19:10:00+00:00,0.0,0.0,0.0,0.0,0.0,26.6,1.72,0
2019-07-21 20:10:00+00:00,0.0,0.0,0.0,0.0,0.0,25.48,1.17,0
2019-07-21 21:10:00+00:00,0.0,0.0,0.0,0.0,0.0,24.32,0.83,0
2019-07-21 22:10:00+00:00,0.0,0.0,0.0,0.0,0.0,23.57,0.76,0
2019-07-21 23:10:00+00:00,0.0,0.0,0.0,0.0,0.0,23.0,0.83,0
2019-07-22 00:10:00+00:00,0.0,0.0,0.0,0.0,0.0,22.28,1.03,0
2019-07-22 01:10:00+00:00,0.0,0.0,0.0,0.0,0.0,21.34,1.17,0
2019-07-22 02:10:00+00:00,0.0,0.0,0.0,0.0,0.0,20.59,1.31,0
2019-07-22 03:10:00+00:00,0.0,0.0,0.0,0.0,0.0,19.77,1.45,0
2019-07-22 04:10:00+00:00,0.0,0.0,0.0,0.0,0.0,19.25,1.45,0
2019-07-22 05:10:00+00:00,57.55,116.02,83.19,2.0,12.33,19.82,1.24,0
2019-07-22 06:10:00+00:00,102.03,222.03,115.32,4.42,23.26,23.51,0.97,0
2019-07-22 07:10:00+00:00,137.22,326.15,122.73,6.95,34.4,26.65,1.45,0
2019-07-22 08:10:00+00:00,163.03,404.35,128.57,9.16,45.43,29.07,1.93,0
2019-07-22 09:10:00+00:00,180.8,456.49,137.22,10.87,55.79,31.09,2.28,0
2019-07-22 10:10:00+00:00,191.76,494.09,138.87,12.02,64.3,32.66,2.55,0
2019-07-22 11:10:00+00:00,195.39,507.33,139.13,12.46,68.37,33.63,2.83,0
2019-07-22 12:10:00+00:00,192.25,495.45,138.83,12.16,65.57,34.13,3.45,0
2019-07-22 13:10:00+00:00,182.14,468.94,130.02,11.23,57.69,34.13,4.0,0
2019-07-22 14:10:00+00:00,163.17,402.73,134.06,9.53,47.56,33.79,4.34,0
2019-07-22 15:10:00+00:00,137.9,334.56,122.97,7.45,36.61,33.17,4.28,0
2019-07-22 16:10:00+00:00,101.2,214.63,128.7,4.82,25.46,32.24,3.93,0
2019-07-22 17:10:00+00:00,67.28,159.4,82.14,2.61,14.47,30.83,3.31,0
2019-07-22 18:10:00+00:00,2.34,0.0,17.83,0.27,3.94,29.38,2.14,0
2019-07-22 19:10:00+00:00,0.0,0.0,0.0,0.0,0.0,28.16,1.52,0
2019-07-22 20:10:00+00:00,0.0,0.0,0.0,0.0,0.0,27.02,1.17,0
2019-07-22 21:10:00+00:00,0.0,0.0,0.0,0.0,0.0,26.0,0.97,0
2019-07-22 22:10:00+00:00,0.0,0.0,0.0,0.0,0.0,25.21,0.55,0
2019-07-22 23:10:00+00:00,0.0,0.0,0.0,0.0,0.0,25.41,0.21,0
2019-07-23 00:10:00+00:00,0.0,0.0,0.0,0.0,0.0,25.04,0.41,0
2019-07-23 01:10:00+00:00,0.0,0.0,0.0,0.0,0.0,23.54,0.97,0
2019-07-23 02:10:00+00:00,0.0,0.0,0.0,0.0,0.0,22.16,1.31,0
2019-07-23 03:10:00+00:00,0.0,0.0,0.0,0.0,0.0,21.62,1.45,0
2019-07-23 04:10:00+00:00,0.0,0.0,0.0,0.0,0.0,21.27,1.59,0
2019-07-23 05:10:00+00:00,59.41,128.57,79.13,2.04,12.2,21.73,1.38,0
2019-07-23 06:10:00+00:00,98.58,208.2,119.85,4.31,23.13,24.81,1.1,0
2019-07-23 07:10:00+00:00,132.62,314.26,126.42,6.83,34.27,28.28,0.69,0
2019-07-23 08:10:00+00:00,155.13,354.32,161.89,8.78,45.29,30.45,0.9,0
2019-07-23 09:10:00+00:00,176.73,457.91,130.96,10.83,55.64,31.96,1.31,0
2019-07-23 10:10:00+00:00,187.88,496.65,131.02,11.98,64.12,33.07,1.59,0
2019-07-23 11:10:00+00:00,192.33,510.46,131.31,12.43,68.17,33.73,2.0,0
2019-07-23 12:10:00+00:00,189.82,507.98,123.16,12.21,65.39,34.36,2.62,0
2019-07-23 13:10:00+00:00,179.17,470.89,122.99,11.19,57.54,34.46,3.1,0
2019-07-23 14:10:00+00:00,160.47,396.34,134.04,9.43,47.44,33.97,3.72,0
2019-07-23 15:10:00+00:00,136.92,335.02,118.2,7.41,36.5,32.44,4.14,0
2019-07-23 16:10:00+00:00,103.27,235.55,114.23,4.93,25.35,31.24,3.59,0
2019-07-23 17:10:00+00:00,61.6,132.9,88.79,2.45,14.35,30.27,2.76,0
2019-07-23 18:10:00+00:00,2.76,0.0,19.62,0.29,3.81,29.08,1.59,0
2019-07-23 19:10:00+00:00,0.0,0.0,0.0,0.0,0.0,27.92,0.97,0
2019-07-23 20:10:00+00:00,0.0,0.0,0.0,0.0,0.0,27.06,0.69,0
2019-07-23 21:10:00+00:00,0.0,0.0,0.0,0.0,0.0,26.03,0.69,0
2019-07-23 22:10:00+00:00,0.0,0.0,0.0,0.0,0.0,26.04,0.55,0
2019-07-23 23:10:00+00:00,0.0,0.0,0.0,0.0,0.0,25.07,0.9,0
2019-07-24 00:10:00+00:00,0.0,0.0,0.0,0.0,0.0,23.81,1.24,0
2019-07-24 01:10:00+00:00,0.0,0.0,0.0,0.0,0.0,23.02,1.38,0
2019-07-24 02:10:00+00:00,0.0,0.0,0.0,0.0,0.0,22.41,1.38,0
2019-07-24 03:10:00+00:00,0.0,0.0,0.0,0.0,0.0,21.92,1.38,0
2019-07-24 04:10:00+00:00,0.0,0.0,0.0,0.0,0.0,21.52,1.38,0
2019-07-24 05:10:00+00:00,56.34,117.88,80.37,1.97,12.06,22.06,1.17,0
2019-07-24 06:10:00+00:00,100.03,225.09,110.24,4.41,22.99,25.65,0.9,0
2019-07-24 07:10:00+00:00,133.06,326.7,117.68,6.93,34.14,28.94,0.62,0
2019-07-24 08:10:00+00:00,157.99,406.32,121.85,9.15,45.15,30.92,0.76,0
2019-07-24 09:10:00+00:00,177.01,459.26,130.57,10.88,55.49,32.39,1.52,0
2019-07-24 10:10:00+00:00,189.18,497.8,130.62,12.03,63.94,33.42,2.28,0
2019-07-24 11:10:00+00:00,193.82,511.52,130.91,12.49,67.96,34.03,2.83,0
2019-07-24 12:10:00+00:00,190.12,490.36,138.44,12.12,65.21,34.28,3.24,0
2019-07-24 13:10:00+00:00,179.46,463.19,129.68,11.17,57.39,34.24,3.45,0
2019-07-24 14:10:00+00:00,160.47,397.87,132.8,9.47,47.31,33.91,3.66,0
2019-07-24 15:10:00+00:00,135.56,329.11,122.62,7.4,36.38,33.23,3.72,0
2019-07-24 16:10:00+00:00,103.61,246.02,107.36,5.0,25.23,32.2,3.45,0
2019-07-24 17:10:00+00:00,62.74,140.64,86.28,2.49,14.23,30.92,2.76,0
2019-07-24 18:10:00+00:00,2.54,0.0,18.72,0.28,3.67,29.56,1.66,0
2019-07-24 19:10:00+00:00,0.0,0.0,0.0,0.0,0.0,28.36,0.41,0
2019-07-24 20:10:00+00:00,0.0,0.0,0.0,0.0,0.0,27.72,0.21,0
2019-07-24 21:10:00+00:00,0.0,0.0,0.0,0.0,0.0,27.18,0.34,0
2019-07-24 22:10:00+00:00,0.0,0.0,0.0,0.0,0.0,26.84,0.48,0
2019-07-24 23:10:00+00:00,0.0,0.0,0.0,0.0,0.0,26.11,0.76,0
2019-07-25 00:10:00+00:00,0.0,0.0,0.0,0.0,0.0,25.09,0.97,0
2019-07-25 01:10:00+00:00,0.0,0.0,0.0,0.0,0.0,24.27,1.17,0
2019-07-25 02:10:00+00:00,0.0,0.0,0.0,0.0,0.0,23.68,1.17,0
2019-07-25 03:10:00+00:00,0.0,0.0,0.0,0.0,0.0,23.23,1.17,0
2019-07-25 04:10:00+00:00,0.0,0.0,0.0,0.0,0.0,22.75,1.17,0
2019-07-25 05:10:00+00:00,55.06,116.48,79.25,1.94,11.92,23.19,0.9,0
2019-07-25 06:10:00+00:00,98.66,223.5,110.12,4.39,22.86,26.48,0.48,0
2019-07-25 07:10:00+00:00,130.81,318.96,121.29,6.87,34.0,29.6,0.28,0
2019-07-25 08:10:00+00:00,156.38,396.77,128.01,9.1,45.01,31.63,0.76,0
2019-07-25 09:10:00+00:00,176.28,457.06,130.35,10.87,55.33,33.13,1.86,0
2019-07-25 10:10:00+00:00,188.75,495.52,130.41,12.02,63.75,34.01,2.76,0
2019-07-25 11:10:00+00:00,193.41,509.2,130.69,12.47,67.75,34.39,3.24,0
2019-07-25 12:10:00+00:00,189.5,488.75,137.36,12.11,65.02,34.52,3.52,0
2019-07-25 13:10:00+00:00,178.4,452.76,136.51,11.11,57.24,34.44,3.66,0
2019-07-25 14:10:00+00:00,160.26,402.94,127.12,9.51,47.18,34.06,3.79,0
2019-07-25 15:10:00+00:00,134.14,321.62,126.17,7.34,36.25,33.46,3.72,0
2019-07-25 16:10:00+00:00,102.03,239.61,109.12,4.94,25.1,32.32,3.38,0
2019-07-25 17:10:00+00:00,61.7,139.18,85.14,2.47,14.09,31.27,2.62,0
2019-07-25 18:10:00+00:00,2.54,0.0,18.72,0.28,3.53,30.11,1.45,0
2019-07-25 19:10:00+00:00,0.0,0.0,0.0,0.0,0.0,28.94,0.69,0
2019-07-25 20:10:00+00:00,0.0,0.0,0.0,0.0,0.0,28.05,0.34,0
2019-07-25 21:10:00+00:00,0.0,0.0,0.0,0.0,0.0,27.48,0.28,0
2019-07-25 22:10:00+00:00,0.0,0.0,0.0,0.0,0.0,26.82,0.55,0
2019-07-25 23:10:00+00:00,0.0,0.0,0.0,0.0,0.0,25.35,1.17,0
2019-07-26 00:10:00+00:00,0.0,0.0,0.0,0.0,0.0,24.72,1.59,0
2019-07-26 01:10:00+00:00,0.0,0.0,0.0,0.0,0.0,24.25,1.66,0
2019-07-26 02:10:00+00:00,0.0,0.0,0.0,0.0,0.0,23.67,1.59,0
2019-07-26 03:10:00+00:00,0.0,0.0,0.0,0.0,0.0,23.14,1.38,0
2019-07-26 04:10:00+00:00,0.0,0.0,0.0,0.0,0.0,22.76,1.31,0
2019-07-26 05:10:00+00:00,49.79,97.96,80.53,1.82,11.78,23.46,0.9,0
2019-07-26 06:10:00+00:00,95.64,212.72,111.75,4.29,22.72,26.53,0.28,0
2019-07-26 07:10:00+00:00,128.03,306.24,124.98,6.74,33.87,29.54,0.21,0
2019-07-26 08:10:00+00:00,154.86,389.46,128.0,8.99,44.87,31.62,1.1,0
2019-07-26 09:10:00+00:00,174.7,449.25,130.41,10.74,55.17,33.03,2.21,0
2019-07-26 10:10:00+00:00,186.83,487.83,131.3,11.91,63.56,33.92,2.76,0
2019-07-26 11:10:00+00:00,190.89,501.57,130.77,12.35,67.53,34.47,3.1,0
2019-07-26 12:10:00+00:00,187.77,489.74,130.45,12.06,64.82,34.74,3.66,0
2019-07-26 13:10:00+00:00,177.2,462.06,122.46,11.11,57.08,34.53,3.86,0
2019-07-26 14:10:00+00:00,157.9,388.61,133.44,9.36,47.03,34.07,3.93,0
2019-07-26 15:10:00+00:00,132.36,320.44,122.33,7.29,36.12,33.36,3.38,0
2019-07-26 16:10:00+00:00,99.73,232.29,109.88,4.86,24.97,32.47,3.03,0
2019-07-26 17:10:00+00:00,58.92,128.54,86.48,2.38,13.96,31.31,2.69,0
2019-07-26 18:10:00+00:00,2.12,0.0,16.94,0.25,3.38,29.92,1.79,0
2019-07-26 19:10:00+00:00,0.0,0.0,0.0,0.0,0.0,28.27,1.86,0
2019-07-26 20:10:00+00:00,0.0,0.0,0.0,0.0,0.0,27.32,1.59,0
2019-07-26 21:10:00+00:00,0.0,0.0,0.0,0.0,0.0,26.55,1.31,0
2019-07-26 22:10:00+00:00,0.0,0.0,0.0,0.0,0.0,25.88,1.31,0
2019-07-26 23:10:00+00:00,0.0,0.0,0.0,0.0,0.0,25.27,1.24,0
2019-07-27 00:10:00+00:00,0.0,0.0,0.0,0.0,0.0,24.71,1.45,0
2019-07-27 01:10:00+00:00,0.0,0.0,0.0,0.0,0.0,24.23,1.72,0
2019-07-27 02:10:00+00:00,0.0,0.0,0.0,0.0,0.0,23.81,1.86,0
2019-07-27 03:10:00+00:00,0.0,0.0,0.0,0.0,0.0,23.48,2.0,0
2019-07-27 04:10:00+00:00,0.0,0.0,0.0,0.0,0.0,23.21,2.28,0
2019-07-27 05:10:00+00:00,47.34,90.29,79.73,1.76,11.63,23.54,2.34,0
2019-07-27 06:10:00+00:00,92.78,189.79,118.95,4.1,22.58,25.54,2.97,0
2019-07-27 07:10:00+00:00,124.94,240.48,163.74,6.24,33.73,27.38,4.41,0
2019-07-27 08:10:00+00:00,119.54,80.72,305.69,5.89,44.73,28.92,4.9,0
2019-07-27 09:10:00+00:00,171.16,328.48,220.67,9.75,55.01,30.1,5.31,0
2019-07-27 10:10:00+00:00,188.05,425.38,176.85,11.37,63.36,31.0,5.93,0
2019-07-27 11:10:00+00:00,187.03,337.39,262.29,10.97,67.31,31.37,6.62,0
2019-07-27 12:10:00+00:00,130.99,35.66,387.8,6.34,64.62,30.59,6.76,0
2019-07-27 13:10:00+00:00,123.92,40.62,360.77,6.03,56.91,31.06,7.45,0
2019-07-27 14:10:00+00:00,133.22,119.78,308.02,6.77,46.89,29.59,7.03,0
2019-07-27 15:10:00+00:00,107.75,102.49,245.47,5.31,35.98,28.13,6.9,0
2019-07-27 16:10:00+00:00,56.52,24.07,167.85,2.75,24.83,27.96,6.69,0
2019-07-27 17:10:00+00:00,24.51,10.48,83.17,1.29,13.81,26.81,5.66,0
2019-07-27 18:10:00+00:00,1.19,0.0,12.48,0.19,3.23,26.4,5.24,0
2019-07-27 19:10:00+00:00,0.0,0.0,0.0,0.0,0.0,25.63,4.97,0
2019-07-27 20:10:00+00:00,0.0,0.0,0.0,0.0,0.0,23.74,4.14,0
2019-07-27 21:10:00+00:00,0.0,0.0,0.0,0.0,0.0,22.83,4.07,0
2019-07-27 22:10:00+00:00,0.0,0.0,0.0,0.0,0.0,22.61,4.55,0
2019-07-27 23:10:00+00:00,0.0,0.0,0.0,0.0,0.0,22.46,4.34,0
2019-07-28 00:10:00+00:00,0.0,0.0,0.0,0.0,0.0,21.97,3.79,0
2019-07-28 01:10:00+00:00,0.0,0.0,0.0,0.0,0.0,21.61,3.93,0
2019-07-28 02:10:00+00:00,0.0,0.0,0.0,0.0,0.0,21.17,3.45,0
2019-07-28 03:10:00+00:00,0.0,0.0,0.0,0.0,0.0,21.05,3.31,0
2019-07-28 04:10:00+00:00,0.0,0.0,0.0,0.0,0.0,20.79,3.17,0
2019-07-28 05:10:00+00:00,42.14,70.13,80.45,1.62,11.48,20.54,2.69,0
2019-07-28 06:10:00+00:00,64.77,53.63,159.14,2.95,22.44,20.77,3.17,0
2019-07-28 07:10:00+00:00,75.02,20.66,219.24,3.48,33.59,20.77,5.17,0
2019-07-28 08:10:00+00:00,84.3,8.85,258.98,3.89,44.58,21.02,4.28,0
2019-07-28 09:10:00+00:00,115.0,23.48,338.02,5.33,54.84,22.01,4.0,0
2019-07-28 10:10:00+00:00,97.19,3.33,305.68,4.46,63.16,23.79,5.79,0
2019-07-28 11:10:00+00:00,118.46,12.45,358.08,5.41,67.08,22.69,6.55,0
2019-07-28 12:10:00+00:00,92.88,1.97,293.64,4.26,64.41,23.42,5.72,0
2019-07-28 13:10:00+00:00,98.2,7.42,305.43,4.54,56.73,23.97,4.97,0
2019-07-28 14:10:00+00:00,145.69,180.41,278.86,7.54,46.74,24.43,4.55,0
2019-07-28 15:10:00+00:00,130.14,248.61,167.27,6.74,35.84,24.42,3.86,0
2019-07-28 16:10:00+00:00,87.53,130.09,158.01,4.1,24.69,24.05,3.1,0
2019-07-28 17:10:00+00:00,28.24,17.02,87.68,1.41,13.67,23.47,3.1,0
2019-07-28 18:10:00+00:00,1.61,0.0,14.27,0.21,3.07,22.7,2.41,0
2019-07-28 19:10:00+00:00,0.0,0.0,0.0,0.0,0.0,22.11,0.69,0
2019-07-28 20:10:00+00:00,0.0,0.0,0.0,0.0,0.0,21.62,0.9,0
2019-07-28 21:10:00+00:00,0.0,0.0,0.0,0.0,0.0,21.35,0.97,0
2019-07-28 22:10:00+00:00,0.0,0.0,0.0,0.0,0.0,21.0,0.76,0
2019-07-28 23:10:00+00:00,0.0,0.0,0.0,0.0,0.0,21.27,0.48,0
2019-07-29 00:10:00+00:00,0.0,0.0,0.0,0.0,0.0,21.3,0.34,0
2019-07-29 01:10:00+00:00,0.0,0.0,0.0,0.0,0.0,21.05,0.55,0
2019-07-29 02:10:00+00:00,0.0,0.0,0.0,0.0,0.0,19.75,1.17,0
2019-07-29 03:10:00+00:00,0.0,0.0,0.0,0.0,0.0,19.63,1.52,0
2019-07-29 04:10:00+00:00,0.0,0.0,0.0,0.0,0.0,19.59,1.59,0
2019-07-29 05:10:00+00:00,50.52,102.96,76.09,1.8,11.34,19.75,1.52,0
2019-07-29 06:10:00+00:00,97.49,217.87,103.59,4.27,22.3,21.31,1.38,0
2019-07-29 07:10:00+00:00,131.85,316.06,112.11,6.78,33.45,23.07,0.83,0
2019-07-29 08:10:00+00:00,157.79,396.91,115.5,9.03,44.43,24.23,0.48,0
2019-07-29 09:10:00+00:00,176.92,442.32,129.69,10.7,54.67,25.4,1.1,0
2019-07-29 10:10:00+00:00,188.34,480.65,129.77,11.86,62.96,26.44,1.31,0
2019-07-29 11:10:00+00:00,192.36,485.14,137.86,12.25,66.85,26.91,1.59,0
2019-07-29 12:10:00+00:00,188.39,455.64,152.52,11.82,64.2,27.28,2.07,0
2019-07-29 13:10:00+00:00,172.78,333.31,222.84,10.13,56.55,27.5,2.76,0
2019-07-29 14:10:00+00:00,158.96,367.18,143.69,9.2,46.58,27.37,3.31,0
2019-07-29 15:10:00+00:00,133.67,313.59,120.78,7.22,35.69,27.02,3.38,0
2019-07-29 16:10:00+00:00,99.98,229.81,105.53,4.81,24.54,26.81,2.97,0
2019-07-29 17:10:00+00:00,58.6,129.49,81.44,2.33,13.51,26.25,2.41,0
2019-07-29 18:10:00+00:00,1.58,0.0,14.27,0.21,2.91,25.44,1.93,0
2019-07-29 19:10:00+00:00,0.0,0.0,0.0,0.0,0.0,24.61,1.52,0
2019-07-29 20:10:00+00:00,0.0,0.0,0.0,0.0,0.0,23.62,1.24,0
2019-07-29 21:10:00+00:00,0.0,0.0,0.0,0.0,0.0,23.05,0.97,0
2019-07-29 22:10:00+00:00,0.0,0.0,0.0,0.0,0.0,23.1,0.69,0
2019-07-29 23:10:00+00:00,0.0,0.0,0.0,0.0,0.0,22.95,0.76,0
2019-07-30 00:10:00+00:00,0.0,0.0,0.0,0.0,0.0,21.79,1.1,0
2019-07-30 01:10:00+00:00,0.0,0.0,0.0,0.0,0.0,21.22,1.17,0
2019-07-30 02:10:00+00:00,0.0,0.0,0.0,0.0,0.0,20.81,1.24,0
2019-07-30 03:10:00+00:00,0.0,0.0,0.0,0.0,0.0,20.47,1.24,0
2019-07-30 04:10:00+00:00,0.0,0.0,0.0,0.0,0.0,20.11,1.24,0
2019-07-30 05:10:00+00:00,51.61,109.31,74.78,1.82,11.19,20.41,1.03,0
2019-07-30 06:10:00+00:00,96.31,217.15,104.48,4.29,22.16,22.79,0.76,0
2019-07-30 07:10:00+00:00,131.4,313.99,114.64,6.81,33.31,24.21,1.03,0
2019-07-30 08:10:00+00:00,158.34,393.87,119.6,9.07,44.28,25.62,1.24,0
2019-07-30 09:10:00+00:00,177.88,446.78,128.24,10.81,54.5,26.96,1.86,0
2019-07-30 10:10:00+00:00,190.4,485.43,128.28,11.98,62.75,28.03,2.62,0
2019-07-30 11:10:00+00:00,194.7,498.93,128.56,12.43,66.61,28.78,3.03,0
2019-07-30 12:10:00+00:00,189.8,460.43,150.94,11.94,63.97,29.18,3.45,0
2019-07-30 13:10:00+00:00,179.12,442.45,134.35,11.05,56.37,29.25,3.72,0
2019-07-30 14:10:00+00:00,160.38,392.47,125.02,9.45,46.41,28.98,4.07,0
2019-07-30 15:10:00+00:00,133.91,316.93,119.48,7.29,35.53,28.36,4.34,0
2019-07-30 16:10:00+00:00,101.21,238.1,101.54,4.89,24.39,27.47,4.14,0
2019-07-30 17:10:00+00:00,59.5,134.61,79.79,2.36,13.35,26.5,3.45,0
2019-07-30 18:10:00+00:00,1.2,0.0,12.48,0.19,2.74,25.45,2.48,0
2019-07-30 19:10:00+00:00,0.0,0.0,0.0,0.0,0.0,24.5,2.0,0
2019-07-30 20:10:00+00:00,0.0,0.0,0.0,0.0,0.0,23.51,1.52,0
2019-07-30 21:10:00+00:00,0.0,0.0,0.0,0.0,0.0,22.74,1.24,0
2019-07-30 22:10:00+00:00,0.0,0.0,0.0,0.0,0.0,22.36,0.83,0
2019-07-30 23:10:00+00:00,0.0,0.0,0.0,0.0,0.0,22.33,0.69,0
2019-07-31 00:10:00+00:00,0.0,0.0,0.0,0.0,0.0,22.0,0.76,0
2019-07-31 01:10:00+00:00,0.0,0.0,0.0,0.0,0.0,21.4,0.9,0
2019-07-31 02:10:00+00:00,0.0,0.0,0.0,0.0,0.0,20.96,0.9,0
2019-07-31 03:10:00+00:00,0.0,0.0,0.0,0.0,0.0,20.59,0.97,0
2019-07-31 04:10:00+00:00,0.0,0.0,0.0,0.0,0.0,20.33,0.97,0
2019-07-31 05:10:00+00:00,50.19,107.85,72.52,1.78,11.04,20.66,0.83,0
2019-07-31 06:10:00+00:00,94.76,213.38,104.28,4.25,22.02,22.9,0.55,0
2019-07-31 07:10:00+00:00,129.13,309.43,115.38,6.77,33.17,24.8,0.55,0
2019-07-31 08:10:00+00:00,155.81,389.34,119.44,9.02,44.13,26.34,0.97,0
2019-07-31 09:10:00+00:00,174.71,442.26,127.26,10.74,54.33,27.76,1.45,0
2019-07-31 10:10:00+00:00,186.72,480.9,128.13,11.92,62.54,28.91,1.86,0
2019-07-31 11:10:00+00:00,191.85,504.12,119.87,12.45,66.37,29.67,2.48,0
2019-07-31 12:10:00+00:00,188.4,491.81,120.33,12.15,63.75,30.04,2.83,0
2019-07-31 13:10:00+00:00,176.48,446.0,127.18,11.05,56.17,30.09,3.1,0
2019-07-31 14:10:00+00:00,157.54,388.02,124.86,9.39,46.24,29.77,3.31,0
2019-07-31 15:10:00+00:00,131.19,312.5,119.31,7.23,35.37,29.08,3.24,0
2019-07-31 16:10:00+00:00,98.3,228.97,104.23,4.81,24.23,28.13,2.83,0
2019-07-31 17:10:00+00:00,56.79,126.67,80.33,2.29,13.19,27.13,2.0,0
2019-07-31 18:10:00+00:00,1.19,0.0,12.48,0.19,2.56,26.09,1.31,0
2019-07-31 19:10:00+00:00,0.0,0.0,0.0,0.0,0.0,24.8,1.45,0
2019-07-31 20:10:00+00:00,0.0,0.0,0.0,0.0,0.0,23.61,0.83,0
2019-07-31 21:10:00+00:00,0.0,0.0,0.0,0.0,0.0,23.76,0.28,0
2019-07-31 22:10:00+00:00,0.0,0.0,0.0,0.0,0.0,23.31,0.21,0
2019-07-31 23:10:00+00:00,0.0,0.0,0.0,0.0,0.0,23.02,0.34,0
2019-08-01 00:10:00+00:00,0.0,0.0,0.0,0.0,0.0,22.6,0.69,0
2019-08-01 01:10:00+00:00,0.0,0.0,0.0,0.0,0.0,21.45,0.97,0
2019-08-01 02:10:00+00:00,0.0,0.0,0.0,0.0,0.0,20.52,1.17,0
2019-08-01 03:10:00+00:00,0.0,0.0,0.0,0.0,0.0,19.86,1.31,0
2019-08-01 04:10:00+00:00,0.0,0.0,0.0,0.0,0.0,19.28,1.45,0
2019-08-01 05:10:00+00:00,48.78,101.68,73.1,1.74,10.88,19.49,1.24,0
2019-08-01 06:10:00+00:00,93.92,209.6,105.07,4.22,21.87,22.68,0.69,0
2019-08-01 07:10:00+00:00,126.79,296.73,121.77,6.67,33.02,25.07,0.41,0
2019-08-01 08:10:00+00:00,152.8,367.36,134.68,8.87,43.97,26.87,0.69,0
2019-08-01 09:10:00+00:00,170.74,426.17,139.35,10.65,54.15,28.56,0.55,0
2019-08-01 10:10:00+00:00,181.11,463.9,140.88,11.82,62.33,29.88,0.48,0
2019-08-01 11:10:00+00:00,187.38,477.59,141.06,12.27,66.13,30.62,1.59,0
2019-08-01 12:10:00+00:00,186.24,465.86,140.76,11.98,63.52,30.53,2.9,0
2019-08-01 13:10:00+00:00,175.86,430.22,139.15,10.96,55.97,29.85,3.45,0
2019-08-01 14:10:00+00:00,156.46,373.09,135.38,9.3,46.07,29.22,3.24,0
2019-08-01 15:10:00+00:00,129.65,305.01,122.8,7.18,35.21,28.69,2.62,0
2019-08-01 16:10:00+00:00,94.65,205.35,116.45,4.65,24.07,28.05,2.21,0
2019-08-01 17:10:00+00:00,52.09,105.69,85.01,2.16,13.02,27.17,1.86,0
2019-08-01 18:10:00+00:00,0.66,0.0,9.81,0.15,2.39,26.12,0.9,0
2019-08-01 19:10:00+00:00,0.0,0.0,0.0,0.0,0.0,24.67,1.79,0
2019-08-01 20:10:00+00:00,0.0,0.0,0.0,0.0,0.0,23.77,1.24,0
2019-08-01 21:10:00+00:00,0.0,0.0,0.0,0.0,0.0,24.07,0.07,0
2019-08-01 22:10:00+00:00,0.0,0.0,0.0,0.0,0.0,23.5,0.62,0
2019-08-01 23:10:00+00:00,0.0,0.0,0.0,0.0,0.0,21.96,1.17,0
2019-08-02 00:10:00+00:00,0.0,0.0,0.0,0.0,0.0,21.17,1.45,0
2019-08-02 01:10:00+00:00,0.0,0.0,0.0,0.0,0.0,20.8,1.52,0
2019-08-02 02:10:00+00:00,0.0,0.0,0.0,0.0,0.0,21.07,1.03,0
2019-08-02 03:10:00+00:00,0.0,0.0,0.0,0.0,0.0,21.02,1.03,0
2019-08-02 04:10:00+00:00,0.0,0.0,0.0,0.0,0.0,20.96,2.0,0
2019-08-02 05:10:00+00:00,0.78,0.0,10.26,0.15,10.73,21.37,1.72,0
2019-08-02 06:10:00+00:00,4.53,0.0,26.11,0.38,21.72,23.4,2.41,0
2019-08-02 07:10:00+00:00,98.8,89.03,229.98,4.78,32.87,24.52,3.1,0
2019-08-02 08:10:00+00:00,125.01,106.98,296.2,6.31,43.82,27.17,3.31,0
2019-08-02 09:10:00+00:00,172.08,410.15,146.51,10.48,53.97,28.51,2.69,0
2019-08-02 10:10:00+00:00,180.64,339.31,240.42,10.76,62.11,28.79,4.07,0
2019-08-02 11:10:00+00:00,182.52,300.81,285.04,10.72,65.87,28.79,4.21,0
2019-08-02 12:10:00+00:00,186.14,449.09,148.7,11.79,63.28,28.57,3.45,0
2019-08-02 13:10:00+00:00,30.59,0.0,112.84,1.62,55.77,29.54,4.55,0
2019-08-02 14:10:00+00:00,127.74,105.03,309.49,6.56,45.89,29.69,4.62,0
2019-08-02 15:10:00+00:00,13.66,0.0,58.75,0.84,35.04,29.48,4.0,0
2019-08-02 16:10:00+00:00,22.04,0.0,85.8,1.23,23.9,28.94,3.38,0
2019-08-02 17:10:00+00:00,21.75,9.13,76.48,1.18,12.85,27.73,2.62,0
2019-08-02 18:10:00+00:00,0.34,0.0,8.02,0.12,2.2,26.62,2.55,0
2019-08-02 19:10:00+00:00,0.0,0.0,0.0,0.0,0.0,25.3,2.07,0
2019-08-02 20:10:00+00:00,0.0,0.0,0.0,0.0,0.0,24.75,1.79,0
2019-08-02 21:10:00+00:00,0.0,0.0,0.0,0.0,0.0,23.99,1.66,0
2019-08-02 22:10:00+00:00,0.0,0.0,0.0,0.0,0.0,23.17,1.24,0
2019-08-02 23:10:00+00:00,0.0,0.0,0.0,0.0,0.0,22.61,1.38,0
2019-08-03 00:10:00+00:00,0.0,0.0,0.0,0.0,0.0,21.93,1.38,0
2019-08-03 01:10:00+00:00,0.0,0.0,0.0,0.0,0.0,21.4,1.31,0
2019-08-03 02:10:00+00:00,0.0,0.0,0.0,0.0,0.0,20.86,1.24,0
2019-08-03 03:10:00+00:00,0.0,0.0,0.0,0.0,0.0,20.36,1.38,0
2019-08-03 04:10:00+00:00,0.0,0.0,0.0,0.0,0.0,20.03,1.38,0
2019-08-03 05:10:00+00:00,46.04,95.56,71.59,1.67,10.57,20.19,1.31,0
2019-08-03 06:10:00+00:00,91.88,203.0,105.66,4.17,21.58,22.86,0.97,0
2019-08-03 07:10:00+00:00,126.2,294.05,120.32,6.66,32.72,25.09,1.17,0
2019-08-03 08:10:00+00:00,153.94,378.49,122.21,8.96,43.66,26.82,1.72,0
2019-08-03 09:10:00+00:00,173.07,431.94,130.69,10.72,53.79,28.19,2.0,0
2019-08-03 10:10:00+00:00,185.36,470.42,132.27,11.91,61.88,29.26,2.41,0
2019-08-03 11:10:00+00:00,189.29,474.91,140.28,12.3,65.62,30.07,2.9,0
2019-08-03 12:10:00+00:00,185.45,463.24,139.98,12.0,63.03,30.62,3.17,0
2019-08-03 13:10:00+00:00,171.2,380.44,177.13,10.6,55.56,30.86,3.52,0
2019-08-03 14:10:00+00:00,154.1,370.45,132.98,9.28,45.7,30.7,3.79,0
2019-08-03 15:10:00+00:00,127.84,302.23,120.44,7.15,34.86,30.15,4.07,0
2019-08-03 16:10:00+00:00,94.34,214.46,107.5,4.69,23.72,29.31,4.07,0
2019-08-03 17:10:00+00:00,54.01,122.5,77.09,2.21,12.67,28.14,3.72,0
2019-08-03 18:10:00+00:00,0.0,0.0,0.0,0.0,0.0,26.77,3.17,0
2019-08-03 19:10:00+00:00,0.0,0.0,0.0,0.0,0.0,25.9,2.62,0
2019-08-03 20:10:00+00:00,0.0,0.0,0.0,0.0,0.0,25.05,2.34,0
2019-08-03 21:10:00+00:00,0.0,0.0,0.0,0.0,0.0,24.2,2.14,0
2019-08-03 22:10:00+00:00,0.0,0.0,0.0,0.0,0.0,23.29,1.93,0
2019-08-03 23:10:00+00:00,0.0,0.0,0.0,0.0,0.0,22.32,1.86,0
2019-08-04 00:10:00+00:00,0.0,0.0,0.0,0.0,0.0,21.32,1.72,0
2019-08-04 01:10:00+00:00,0.0,0.0,0.0,0.0,0.0,20.42,1.72,0
2019-08-04 02:10:00+00:00,0.0,0.0,0.0,0.0,0.0,19.57,1.66,0
2019-08-04 03:10:00+00:00,0.0,0.0,0.0,0.0,0.0,18.9,1.66,0
2019-08-04 04:10:00+00:00,0.0,0.0,0.0,0.0,0.0,18.38,1.59,0
2019-08-04 05:10:00+00:00,46.96,101.89,68.02,1.67,10.42,18.52,1.45,0
2019-08-04 06:10:00+00:00,91.01,202.14,102.52,4.13,21.43,21.85,1.17,0
2019-08-04 07:10:00+00:00,124.79,294.25,116.36,6.63,32.57,24.66,0.83,0
2019-08-04 08:10:00+00:00,150.29,365.98,128.38,8.86,43.5,26.84,0.69,0
2019-08-04 09:10:00+00:00,167.35,417.93,138.49,10.6,53.6,28.43,0.28,0
2019-08-04 10:10:00+00:00,178.49,447.01,147.05,11.7,61.66,29.65,0.62,0
2019-08-04 11:10:00+00:00,184.72,478.6,131.59,12.29,65.36,30.42,1.45,0
2019-08-04 12:10:00+00:00,179.98,415.17,176.21,11.59,62.78,30.8,2.21,0
2019-08-04 13:10:00+00:00,167.9,355.15,193.6,10.36,55.34,30.69,2.97,0
2019-08-04 14:10:00+00:00,152.32,364.6,133.71,9.22,45.51,30.2,3.24,0
2019-08-04 15:10:00+00:00,125.11,285.68,128.67,7.01,34.68,29.51,3.24,0
2019-08-04 16:10:00+00:00,92.84,213.53,104.43,4.65,23.54,28.62,2.97,0
2019-08-04 17:10:00+00:00,51.21,110.71,79.43,2.13,12.48,27.55,2.28,0
2019-08-04 18:10:00+00:00,0.0,0.0,0.0,0.0,0.0,26.36,1.31,0
2019-08-04 19:10:00+00:00,0.0,0.0,0.0,0.0,0.0,25.21,0.97,0
2019-08-04 20:10:00+00:00,0.0,0.0,0.0,0.0,0.0,24.37,0.76,0
2019-08-04 21:10:00+00:00,0.0,0.0,0.0,0.0,0.0,23.88,0.76,0
2019-08-04 22:10:00+00:00,0.0,0.0,0.0,0.0,0.0,23.89,0.69,0
2019-08-04 23:10:00+00:00,0.0,0.0,0.0,0.0,0.0,23.72,0.55,0
2019-08-05 00:10:00+00:00,0.0,0.0,0.0,0.0,0.0,23.31,0.69,0
2019-08-05 01:10:00+00:00,0.0,0.0,0.0,0.0,0.0,22.46,0.97,0
2019-08-05 02:10:00+00:00,0.0,0.0,0.0,0.0,0.0,21.39,1.17,0
2019-08-05 03:10:00+00:00,0.0,0.0,0.0,0.0,0.0,20.55,1.31,0
2019-08-05 04:10:00+00:00,0.0,0.0,0.0,0.0,0.0,19.93,1.45,0
2019-08-05 05:10:00+00:00,44.8,95.66,68.59,1.63,10.26,20.12,1.24,0
2019-08-05 06:10:00+00:00,91.02,213.03,95.63,4.19,21.27,23.12,0.62,0
2019-08-05 07:10:00+00:00,122.33,293.6,115.14,6.63,32.42,26.08,0.14,0
2019-08-05 08:10:00+00:00,149.08,372.77,121.66,8.92,43.34,28.0,0.55,0
2019-08-05 09:10:00+00:00,169.3,434.02,123.1,10.73,53.41,29.26,1.38,0
2019-08-05 10:10:00+00:00,181.38,455.31,138.71,11.79,61.43,30.11,2.14,0
2019-08-05 11:10:00+00:00,187.06,487.26,123.41,12.39,65.09,30.63,2.69,0
2019-08-05 12:10:00+00:00,183.4,475.08,123.08,12.08,62.53,30.83,2.97,0
2019-08-05 13:10:00+00:00,170.66,421.35,136.19,10.91,55.12,30.8,3.03,0
2019-08-05 14:10:00+00:00,151.52,371.09,127.01,9.28,45.31,30.57,2.9,0
2019-08-05 15:10:00+00:00,124.86,301.58,115.32,7.13,34.49,30.18,2.69,0
2019-08-05 16:10:00+00:00,91.24,208.12,107.1,4.62,23.36,29.43,2.28,0
2019-08-05 17:10:00+00:00,50.94,114.56,76.68,2.13,12.29,28.41,1.79,0
2019-08-05 18:10:00+00:00,0.0,0.0,0.0,0.0,0.0,27.04,1.24,0
2019-08-05 19:10:00+00:00,0.0,0.0,0.0,0.0,0.0,25.45,0.83,0
2019-08-05 20:10:00+00:00,0.0,0.0,0.0,0.0,0.0,25.26,0.62,0
2019-08-05 21:10:00+00:00,0.0,0.0,0.0,0.0,0.0,24.96,0.41,0
2019-08-05 22:10:00+00:00,0.0,0.0,0.0,0.0,0.0,24.44,0.07,0
2019-08-05 23:10:00+00:00,0.0,0.0,0.0,0.0,0.0,23.99,0.34,0
2019-08-06 00:10:00+00:00,0.0,0.0,0.0,0.0,0.0,23.61,0.48,0
2019-08-06 01:10:00+00:00,0.0,0.0,0.0,0.0,0.0,23.13,0.62,0
2019-08-06 02:10:00+00:00,0.0,0.0,0.0,0.0,0.0,21.55,1.17,0
2019-08-06 03:10:00+00:00,0.0,0.0,0.0,0.0,0.0,20.12,1.66,0
2019-08-06 04:10:00+00:00,0.0,0.0,0.0,0.0,0.0,19.73,1.66,0
2019-08-06 05:10:00+00:00,40.89,81.58,69.25,1.54,10.1,19.75,1.38,0
2019-08-06 06:10:00+00:00,85.11,179.8,108.63,3.94,21.12,22.9,0.62,0
2019-08-06 07:10:00+00:00,119.31,269.08,127.23,6.42,32.27,25.48,0.41,0
2019-08-06 08:10:00+00:00,147.04,363.11,122.55,8.79,43.17,27.34,0.62,0
2019-08-06 09:10:00+00:00,166.06,408.7,137.28,10.48,53.22,28.78,1.24,0
2019-08-06 10:10:00+00:00,178.71,446.16,139.64,11.66,61.2,29.78,1.86,0
2019-08-06 11:10:00+00:00,183.42,459.77,139.83,12.11,64.82,30.38,2.41,0
2019-08-06 12:10:00+00:00,179.96,448.17,138.71,11.8,62.27,30.67,2.9,0
2019-08-06 13:10:00+00:00,168.45,412.22,137.11,10.77,54.89,30.62,3.17,0
2019-08-06 14:10:00+00:00,148.57,348.79,137.92,9.04,45.1,30.31,3.31,0
2019-08-06 15:10:00+00:00,121.47,270.88,132.93,6.86,34.3,29.73,3.17,0
2019-08-06 16:10:00+00:00,88.17,192.94,110.69,4.46,23.17,28.92,2.97,0
2019-08-06 17:10:00+00:00,40.16,66.36,84.72,1.8,12.1,27.74,2.62,0
2019-08-06 18:10:00+00:00,0.0,0.0,0.0,0.0,0.0,26.43,1.59,0
2019-08-06 19:10:00+00:00,0.0,0.0,0.0,0.0,0.0,25.59,1.31,0
2019-08-06 20:10:00+00:00,0.0,0.0,0.0,0.0,0.0,24.51,1.1,0
2019-08-06 21:10:00+00:00,0.0,0.0,0.0,0.0,0.0,23.98,0.97,0
2019-08-06 22:10:00+00:00,0.0,0.0,0.0,0.0,0.0,23.23,1.72,0
2019-08-06 23:10:00+00:00,0.0,0.0,0.0,0.0,0.0,22.72,1.79,0
2019-08-07 00:10:00+00:00,0.0,0.0,0.0,0.0,0.0,22.0,1.72,0
2019-08-07 01:10:00+00:00,0.0,0.0,0.0,0.0,0.0,21.4,1.72,0
2019-08-07 02:10:00+00:00,0.0,0.0,0.0,0.0,0.0,21.32,1.93,0
2019-08-07 03:10:00+00:00,0.0,0.0,0.0,0.0,0.0,21.05,2.21,0
2019-08-07 04:10:00+00:00,0.0,0.0,0.0,0.0,0.0,20.83,2.21,0
2019-08-07 05:10:00+00:00,38.42,73.76,69.49,1.49,9.94,20.92,1.86,0
2019-08-07 06:10:00+00:00,84.31,174.06,111.3,3.91,20.97,23.27,1.38,0
2019-08-07 07:10:00+00:00,120.57,270.81,125.93,6.46,32.12,26.3,2.28,0
2019-08-07 08:10:00+00:00,148.43,352.08,131.18,8.75,43.01,28.38,2.9,0
2019-08-07 09:10:00+00:00,167.99,402.73,142.91,10.49,53.03,29.88,3.31,0
2019-08-07 10:10:00+00:00,180.42,440.22,145.14,11.67,60.96,30.94,3.86,0
2019-08-07 11:10:00+00:00,184.87,453.23,146.12,12.12,64.55,31.62,4.41,0
2019-08-07 12:10:00+00:00,179.89,416.41,167.09,11.62,62.0,31.95,4.83,0
2019-08-07 13:10:00+00:00,167.0,362.42,180.5,10.44,54.66,31.88,4.97,0
2019-08-07 14:10:00+00:00,147.02,317.83,163.07,8.84,44.89,31.62,5.03,0
2019-08-07 15:10:00+00:00,111.85,169.73,201.38,6.03,34.1,31.1,4.76,0
2019-08-07 16:10:00+00:00,73.81,95.57,157.94,3.68,22.97,30.32,4.41,0
2019-08-07 17:10:00+00:00,36.13,53.33,84.39,1.67,11.9,29.13,3.59,0
2019-08-07 18:10:00+00:00,0.0,0.0,0.0,0.0,0.0,27.77,3.24,0
2019-08-07 19:10:00+00:00,0.0,0.0,0.0,0.0,0.0,26.61,2.83,0
2019-08-07 20:10:00+00:00,0.0,0.0,0.0,0.0,0.0,25.77,2.62,0
2019-08-07 21:10:00+00:00,0.0,0.0,0.0,0.0,0.0,25.13,2.48,0
2019-08-07 22:10:00+00:00,0.0,0.0,0.0,0.0,0.0,24.66,2.48,0
2019-08-07 23:10:00+00:00,0.0,0.0,0.0,0.0,0.0,24.4,2.62,0
2019-08-08 00:10:00+00:00,0.0,0.0,0.0,0.0,0.0,24.21,2.69,0
2019-08-08 01:10:00+00:00,0.0,0.0,0.0,0.0,0.0,23.95,2.55,0
2019-08-08 02:10:00+00:00,0.0,0.0,0.0,0.0,0.0,23.7,2.41,0
2019-08-08 03:10:00+00:00,0.0,0.0,0.0,0.0,0.0,23.32,2.21,0
2019-08-08 04:10:00+00:00,0.0,0.0,0.0,0.0,0.0,22.99,2.07,0
2019-08-08 05:10:00+00:00,37.42,75.34,66.59,1.46,9.78,22.73,1.72,0
2019-08-08 06:10:00+00:00,30.85,2.9,109.22,1.61,20.82,24.94,1.24,0
2019-08-08 07:10:00+00:00,49.5,2.36,168.77,2.47,31.96,27.29,0.76,0
2019-08-08 08:10:00+00:00,93.94,26.67,283.9,4.61,42.84,28.77,1.79,0
2019-08-08 09:10:00+00:00,154.74,237.53,267.39,8.94,52.83,29.47,2.62,0
2019-08-08 10:10:00+00:00,151.68,117.46,378.42,8.09,60.72,29.66,2.62,0
2019-08-08 11:10:00+00:00,130.22,35.66,390.64,6.43,64.27,30.02,2.97,0
2019-08-08 12:10:00+00:00,141.79,70.32,393.22,7.26,61.73,30.05,3.03,0
2019-08-08 13:10:00+00:00,160.27,309.84,213.69,9.85,54.42,30.33,2.97,0
2019-08-08 14:10:00+00:00,143.89,323.62,148.63,8.78,44.68,30.16,3.1,0
2019-08-08 15:10:00+00:00,75.92,25.18,229.49,3.76,33.9,29.69,2.69,0
2019-08-08 16:10:00+00:00,68.43,79.26,156.57,3.43,22.77,28.96,2.34,0
2019-08-08 17:10:00+00:00,42.43,84.52,77.53,1.86,11.69,28.24,1.93,0
2019-08-08 18:10:00+00:00,0.0,0.0,0.0,0.0,0.0,27.51,1.66,0
2019-08-08 19:10:00+00:00,0.0,0.0,0.0,0.0,0.0,26.78,1.45,0
2019-08-08 20:10:00+00:00,0.0,0.0,0.0,0.0,0.0,25.96,1.17,0
2019-08-08 21:10:00+00:00,0.0,0.0,0.0,0.0,0.0,25.29,1.45,0
2019-08-08 22:10:00+00:00,0.0,0.0,0.0,0.0,0.0,24.78,1.72,0
2019-08-08 23:10:00+00:00,0.0,0.0,0.0,0.0,0.0,24.18,1.66,0
2019-08-09 00:10:00+00:00,0.0,0.0,0.0,0.0,0.0,23.45,1.45,0
2019-08-09 01:10:00+00:00,0.0,0.0,0.0,0.0,0.0,23.02,1.59,0
2019-08-09 02:10:00+00:00,0.0,0.0,0.0,0.0,0.0,22.66,1.72,0
2019-08-09 03:10:00+00:00,0.0,0.0,0.0,0.0,0.0,22.39,1.79,0
2019-08-09 04:10:00+00:00,0.0,0.0,0.0,0.0,0.0,22.11,1.72,0
2019-08-09 05:10:00+00:00,34.43,65.93,65.53,1.38,9.62,21.93,1.45,0
2019-08-09 06:10:00+00:00,80.32,166.5,108.83,3.8,20.66,24.48,1.17,0
2019-08-09 07:10:00+00:00,111.79,221.74,151.09,6.03,31.8,27.31,1.17,0
2019-08-09 08:10:00+00:00,140.92,338.55,131.82,8.57,42.67,29.46,0.76,0
2019-08-09 09:10:00+00:00,159.47,396.67,136.53,10.36,52.64,31.17,0.9,0
2019-08-09 10:10:00+00:00,172.21,425.79,145.9,11.47,60.47,32.49,2.0,0
2019-08-09 11:10:00+00:00,176.94,438.25,146.93,11.91,63.98,33.21,2.76,0
2019-08-09 12:10:00+00:00,173.73,435.46,138.01,11.67,61.45,33.5,3.24,0
2019-08-09 13:10:00+00:00,162.01,399.71,135.58,10.62,54.17,33.47,3.52,0
2019-08-09 14:10:00+00:00,143.01,349.45,126.37,9.0,44.46,33.25,3.59,0
2019-08-09 15:10:00+00:00,115.95,269.52,122.98,6.78,33.69,32.75,3.59,0
2019-08-09 16:10:00+00:00,83.74,192.77,102.47,4.39,22.57,31.95,3.38,0
2019-08-09 17:10:00+00:00,42.89,93.61,73.26,1.89,11.48,30.82,2.76,0
2019-08-09 18:10:00+00:00,0.0,0.0,0.0,0.0,0.0,29.37,1.72,0
2019-08-09 19:10:00+00:00,0.0,0.0,0.0,0.0,0.0,27.98,0.9,0
2019-08-09 20:10:00+00:00,0.0,0.0,0.0,0.0,0.0,27.25,0.41,0
2019-08-09 21:10:00+00:00,0.0,0.0,0.0,0.0,0.0,26.88,0.28,0
2019-08-09 22:10:00+00:00,0.0,0.0,0.0,0.0,0.0,26.36,0.34,0
2019-08-09 23:10:00+00:00,0.0,0.0,0.0,0.0,0.0,25.88,0.48,0
2019-08-10 00:10:00+00:00,0.0,0.0,0.0,0.0,0.0,25.11,0.69,0
2019-08-10 01:10:00+00:00,0.0,0.0,0.0,0.0,0.0,24.27,0.9,0
2019-08-10 02:10:00+00:00,0.0,0.0,0.0,0.0,0.0,23.91,0.9,0
2019-08-10 03:10:00+00:00,0.0,0.0,0.0,0.0,0.0,23.1,1.1,0
2019-08-10 04:10:00+00:00,0.0,0.0,0.0,0.0,0.0,22.39,1.17,0
2019-08-10 05:10:00+00:00,34.33,67.5,64.8,1.38,9.45,22.65,0.9,0
2019-08-10 06:10:00+00:00,78.55,167.49,104.76,3.78,20.5,24.93,0.34,0
2019-08-10 07:10:00+00:00,112.72,262.36,118.75,6.3,31.64,27.96,0.41,0
2019-08-10 08:10:00+00:00,139.79,344.29,122.56,8.59,42.5,29.73,0.9,0
2019-08-10 09:10:00+00:00,159.02,397.17,131.07,10.33,52.43,31.24,1.52,0
2019-08-10 10:10:00+00:00,170.48,426.75,138.86,11.43,60.23,32.4,2.0,0
2019-08-10 11:10:00+00:00,175.15,457.1,123.67,12.0,63.7,33.23,2.41,0
2019-08-10 12:10:00+00:00,170.7,420.2,145.76,11.51,61.17,33.69,2.83,0
2019-08-10 13:10:00+00:00,159.49,392.53,136.36,10.53,53.92,33.75,3.24,0
2019-08-10 14:10:00+00:00,141.12,348.89,120.93,8.95,44.23,33.33,3.72,0
2019-08-10 15:10:00+00:00,114.85,273.13,115.4,6.77,33.48,32.47,3.93,0
2019-08-10 16:10:00+00:00,81.51,183.06,104.17,4.29,22.36,31.36,3.52,0
2019-08-10 17:10:00+00:00,40.88,85.8,73.74,1.82,11.27,30.19,2.62,0
2019-08-10 18:10:00+00:00,0.0,0.0,0.0,0.0,0.0,28.9,1.52,0
2019-08-10 19:10:00+00:00,0.0,0.0,0.0,0.0,0.0,27.75,0.9,0
2019-08-10 20:10:00+00:00,0.0,0.0,0.0,0.0,0.0,26.84,0.55,0
2019-08-10 21:10:00+00:00,0.0,0.0,0.0,0.0,0.0,26.56,0.55,0
2019-08-10 22:10:00+00:00,0.0,0.0,0.0,0.0,0.0,25.69,0.76,0
2019-08-10 23:10:00+00:00,0.0,0.0,0.0,0.0,0.0,24.53,1.03,0
2019-08-11 00:10:00+00:00,0.0,0.0,0.0,0.0,0.0,23.66,1.24,0
2019-08-11 01:10:00+00:00,0.0,0.0,0.0,0.0,0.0,23.13,1.31,0
2019-08-11 02:10:00+00:00,0.0,0.0,0.0,0.0,0.0,22.73,1.24,0
2019-08-11 03:10:00+00:00,0.0,0.0,0.0,0.0,0.0,22.24,1.31,0
2019-08-11 04:10:00+00:00,0.0,0.0,0.0,0.0,0.0,21.9,1.31,0
2019-08-11 05:10:00+00:00,36.9,80.04,62.15,1.43,9.29,22.13,1.1,0
2019-08-11 06:10:00+00:00,80.49,183.66,96.07,3.9,20.35,24.77,0.48,0
2019-08-11 07:10:00+00:00,113.07,265.4,117.37,6.36,31.48,28.04,0.48,0
2019-08-11 08:10:00+00:00,138.88,335.41,130.16,8.57,42.32,30.18,0.83,0
2019-08-11 09:10:00+00:00,157.87,385.94,141.88,10.32,52.23,31.94,1.31,0
2019-08-11 10:10:00+00:00,169.7,422.64,144.18,11.48,59.98,33.3,1.86,0
2019-08-11 11:10:00+00:00,174.2,435.64,145.15,11.94,63.4,34.21,2.48,0
2019-08-11 12:10:00+00:00,170.59,423.58,144.1,11.62,60.89,34.62,3.03,0
2019-08-11 13:10:00+00:00,159.34,396.13,134.71,10.64,53.67,34.61,3.31,0
2019-08-11 14:10:00+00:00,139.81,338.96,130.15,8.94,44.0,34.32,3.38,0
2019-08-11 15:10:00+00:00,112.94,260.63,125.16,6.71,33.26,33.74,3.38,0
2019-08-11 16:10:00+00:00,80.12,178.62,106.8,4.27,22.14,32.76,2.97,0
2019-08-11 17:10:00+00:00,40.15,87.09,71.91,1.81,11.05,31.48,2.07,0
2019-08-11 18:10:00+00:00,0.0,0.0,0.0,0.0,0.0,29.99,1.17,0
2019-08-11 19:10:00+00:00,0.0,0.0,0.0,0.0,0.0,28.62,0.62,0
2019-08-11 20:10:00+00:00,0.0,0.0,0.0,0.0,0.0,27.17,1.03,0
2019-08-11 21:10:00+00:00,0.0,0.0,0.0,0.0,0.0,26.29,1.24,0
2019-08-11 22:10:00+00:00,0.0,0.0,0.0,0.0,0.0,25.64,1.24,0
2019-08-11 23:10:00+00:00,0.0,0.0,0.0,0.0,0.0,25.13,1.24,0
2019-08-12 00:10:00+00:00,0.0,0.0,0.0,0.0,0.0,24.39,1.31,0
2019-08-12 01:10:00+00:00,0.0,0.0,0.0,0.0,0.0,23.74,1.38,0
2019-08-12 02:10:00+00:00,0.0,0.0,0.0,0.0,0.0,23.07,1.45,0
2019-08-12 03:10:00+00:00,0.0,0.0,0.0,0.0,0.0,22.47,1.45,0
2019-08-12 04:10:00+00:00,0.0,0.0,0.0,0.0,0.0,22.11,1.45,0
2019-08-12 05:10:00+00:00,28.65,48.64,63.61,1.23,9.12,22.21,1.31,0
2019-08-12 06:10:00+00:00,74.52,143.78,114.59,3.62,20.19,25.04,0.76,0
2019-08-12 07:10:00+00:00,108.42,228.47,140.66,6.08,31.32,29.09,0.34,0
2019-08-12 08:10:00+00:00,136.03,313.53,144.5,8.4,42.15,31.69,1.17,0
2019-08-12 09:10:00+00:00,155.99,361.25,159.52,10.12,52.02,33.26,2.21,0
2019-08-12 10:10:00+00:00,167.32,411.04,150.87,11.39,59.72,34.44,1.93,0
2019-08-12 11:10:00+00:00,171.16,432.11,144.03,11.9,63.11,35.56,2.21,0
2019-08-12 12:10:00+00:00,167.96,412.09,150.76,11.52,60.59,36.11,3.17,0
2019-08-12 13:10:00+00:00,156.55,385.14,140.57,10.54,53.41,35.97,3.24,0
2019-08-12 14:10:00+00:00,137.26,329.08,135.24,8.86,43.77,35.68,3.31,0
2019-08-12 15:10:00+00:00,109.94,238.1,138.96,6.52,33.04,34.79,3.79,0
2019-08-12 16:10:00+00:00,76.03,153.49,117.94,4.06,21.92,33.3,3.24,0
2019-08-12 17:10:00+00:00,35.18,66.3,74.18,1.65,10.83,31.83,2.21,0
2019-08-12 18:10:00+00:00,0.0,0.0,0.0,0.0,0.0,30.21,1.59,0
2019-08-12 19:10:00+00:00,0.0,0.0,0.0,0.0,0.0,28.88,0.97,0
2019-08-12 20:10:00+00:00,0.0,0.0,0.0,0.0,0.0,27.49,0.9,0
2019-08-12 21:10:00+00:00,0.0,0.0,0.0,0.0,0.0,27.09,0.83,0
2019-08-12 22:10:00+00:00,0.0,0.0,0.0,0.0,0.0,27.0,0.83,0
2019-08-12 23:10:00+00:00,0.0,0.0,0.0,0.0,0.0,25.9,1.03,0
2019-08-13 00:10:00+00:00,0.0,0.0,0.0,0.0,0.0,26.57,0.69,0
2019-08-13 01:10:00+00:00,0.0,0.0,0.0,0.0,0.0,25.4,0.9,0
2019-08-13 02:10:00+00:00,0.0,0.0,0.0,0.0,0.0,24.11,1.17,0
2019-08-13 03:10:00+00:00,0.0,0.0,0.0,0.0,0.0,23.63,1.38,0
2019-08-13 04:10:00+00:00,0.0,0.0,0.0,0.0,0.0,23.49,1.31,0
2019-08-13 05:10:00+00:00,20.94,26.66,58.66,1.02,8.96,23.44,1.24,0
2019-08-13 06:10:00+00:00,70.82,135.36,112.27,3.48,20.03,25.97,0.83,0
2019-08-13 07:10:00+00:00,105.6,224.71,134.07,5.95,31.16,29.0,0.76,0
2019-08-13 08:10:00+00:00,131.88,298.67,145.74,8.16,41.97,31.23,0.9,0
2019-08-13 09:10:00+00:00,149.37,327.16,176.55,9.69,51.82,33.15,1.1,0
2019-08-13 10:10:00+00:00,159.95,305.5,232.07,10.33,59.46,34.53,2.0,0
2019-08-13 11:10:00+00:00,139.68,73.76,394.61,7.42,62.81,35.17,3.1,0
2019-08-13 12:10:00+00:00,104.39,11.62,336.38,5.1,60.3,33.48,4.0,0
2019-08-13 13:10:00+00:00,126.7,70.09,352.19,6.67,53.14,34.23,3.66,0
2019-08-13 14:10:00+00:00,73.58,5.91,244.86,3.64,43.52,33.82,3.72,0
2019-08-13 15:10:00+00:00,106.98,229.44,135.42,6.34,32.81,33.17,3.79,0
2019-08-13 16:10:00+00:00,68.46,105.47,136.44,3.59,21.7,31.88,3.79,0
2019-08-13 17:10:00+00:00,35.42,72.81,68.76,1.63,10.6,30.02,3.59,0
2019-08-13 18:10:00+00:00,0.0,0.0,0.0,0.0,0.0,28.21,2.62,0
2019-08-13 19:10:00+00:00,0.0,0.0,0.0,0.0,0.0,26.94,2.9,0
2019-08-13 20:10:00+00:00,0.0,0.0,0.0,0.0,0.0,26.06,2.34,0
2019-08-13 21:10:00+00:00,0.0,0.0,0.0,0.0,0.0,25.43,2.34,0
2019-08-13 22:10:00+00:00,0.0,0.0,0.0,0.0,0.0,24.91,2.07,0
2019-08-13 23:10:00+00:00,0.0,0.0,0.0,0.0,0.0,24.5,1.31,0
2019-08-14 00:10:00+00:00,0.0,0.0,0.0,0.0,0.0,23.8,0.97,0
2019-08-14 01:10:00+00:00,0.0,0.0,0.0,0.0,0.0,23.19,1.03,0
2019-08-14 02:10:00+00:00,0.0,0.0,0.0,0.0,0.0,22.94,0.9,0
2019-08-14 03:10:00+00:00,0.0,0.0,0.0,0.0,0.0,23.38,0.69,0
2019-08-14 04:10:00+00:00,0.0,0.0,0.0,0.0,0.0,23.07,0.76,0
2019-08-14 05:10:00+00:00,28.9,53.29,61.33,1.23,8.79,22.42,1.03,0
2019-08-14 06:10:00+00:00,75.54,155.03,106.68,3.7,19.87,24.13,1.45,0
2019-08-14 07:10:00+00:00,111.26,233.06,135.14,6.15,31.0,24.88,1.72,0
2019-08-14 08:10:00+00:00,140.5,319.84,137.92,8.52,41.79,26.32,2.14,0
2019-08-14 09:10:00+00:00,161.29,383.16,138.66,10.37,51.6,28.02,3.03,0
2019-08-14 10:10:00+00:00,173.97,420.0,141.7,11.56,59.2,29.3,3.72,0
2019-08-14 11:10:00+00:00,177.63,424.35,149.66,11.94,62.51,30.17,4.14,0
2019-08-14 12:10:00+00:00,172.65,388.69,169.8,11.41,60.0,30.63,4.62,0
2019-08-14 13:10:00+00:00,156.26,263.17,244.13,9.53,52.87,30.83,5.1,0
2019-08-14 14:10:00+00:00,120.72,96.63,297.94,6.39,43.28,30.63,5.24,0
2019-08-14 15:10:00+00:00,112.79,255.87,122.26,6.69,32.58,30.25,5.24,0
2019-08-14 16:10:00+00:00,78.65,173.9,103.28,4.21,21.47,29.64,5.1,0
2019-08-14 17:10:00+00:00,38.36,84.54,67.94,1.73,10.36,28.6,4.55,0
2019-08-14 18:10:00+00:00,0.0,0.0,0.0,0.0,0.0,27.43,3.93,0
2019-08-14 19:10:00+00:00,0.0,0.0,0.0,0.0,0.0,26.39,3.72,0
2019-08-14 20:10:00+00:00,0.0,0.0,0.0,0.0,0.0,25.75,3.38,0
2019-08-14 21:10:00+00:00,0.0,0.0,0.0,0.0,0.0,25.19,3.1,0
2019-08-14 22:10:00+00:00,0.0,0.0,0.0,0.0,0.0,24.65,2.76,0
2019-08-14 23:10:00+00:00,0.0,0.0,0.0,0.0,0.0,24.07,2.62,0
2019-08-15 00:10:00+00:00,0.0,0.0,0.0,0.0,0.0,23.5,2.69,0
2019-08-15 01:10:00+00:00,0.0,0.0,0.0,0.0,0.0,22.84,2.76,0
2019-08-15 02:10:00+00:00,0.0,0.0,0.0,0.0,0.0,22.21,2.76,0
2019-08-15 03:10:00+00:00,0.0,0.0,0.0,0.0,0.0,21.68,2.62,0
2019-08-15 04:10:00+00:00,0.0,0.0,0.0,0.0,0.0,21.19,2.55,0
2019-08-15 05:10:00+00:00,31.22,65.78,57.72,1.27,8.62,21.02,2.48,0
2019-08-15 06:10:00+00:00,77.36,172.53,94.11,3.79,19.7,22.45,2.41,0
2019-08-15 07:10:00+00:00,112.07,261.51,110.48,6.34,30.83,24.6,1.72,0
2019-08-15 08:10:00+00:00,138.32,338.66,117.79,8.64,41.61,26.4,0.9,0
2019-08-15 09:10:00+00:00,156.1,384.64,132.29,10.36,51.39,28.04,0.62,0
2019-08-15 10:10:00+00:00,169.42,429.79,126.94,11.6,58.94,29.56,1.72,0
2019-08-15 11:10:00+00:00,173.77,426.16,142.56,11.92,62.2,30.63,2.69,0
2019-08-15 12:10:00+00:00,169.78,406.42,148.45,11.54,59.69,31.17,3.38,0
2019-08-15 13:10:00+00:00,158.02,385.93,131.43,10.58,52.59,31.37,3.93,0
2019-08-15 14:10:00+00:00,138.32,334.82,121.57,8.91,43.03,31.14,4.48,0
2019-08-15 15:10:00+00:00,110.76,255.63,117.45,6.65,32.34,30.37,4.83,0
2019-08-15 16:10:00+00:00,76.97,172.0,100.23,4.15,21.23,29.23,4.9,0
2019-08-15 17:10:00+00:00,36.94,83.27,64.82,1.67,10.13,27.8,4.28,0
2019-08-15 18:10:00+00:00,0.0,0.0,0.0,0.0,0.0,26.36,3.03,0
2019-08-15 19:10:00+00:00,0.0,0.0,0.0,0.0,0.0,25.23,2.55,0
2019-08-15 20:10:00+00:00,0.0,0.0,0.0,0.0,0.0,24.44,1.66,0
2019-08-15 21:10:00+00:00,0.0,0.0,0.0,0.0,0.0,23.46,1.1,0
2019-08-15 22:10:00+00:00,0.0,0.0,0.0,0.0,0.0,22.69,0.9,0
2019-08-15 23:10:00+00:00,0.0,0.0,0.0,0.0,0.0,22.78,0.62,0
2019-08-16 00:10:00+00:00,0.0,0.0,0.0,0.0,0.0,22.69,0.21,0
2019-08-16 01:10:00+00:00,0.0,0.0,0.0,0.0,0.0,22.28,0.28,0
2019-08-16 02:10:00+00:00,0.0,0.0,0.0,0.0,0.0,21.65,0.76,0
2019-08-16 03:10:00+00:00,0.0,0.0,0.0,0.0,0.0,20.27,1.03,0
2019-08-16 04:10:00+00:00,0.0,0.0,0.0,0.0,0.0,19.61,1.17,0
2019-08-16 05:10:00+00:00,29.46,61.03,56.19,1.22,8.46,19.36,1.17,0
2019-08-16 06:10:00+00:00,74.18,161.19,96.64,3.68,19.54,21.84,0.62,0
2019-08-16 07:10:00+00:00,108.02,248.47,114.07,6.19,30.67,24.5,0.41,0
2019-08-16 08:10:00+00:00,134.43,317.69,127.7,8.41,41.43,26.55,0.62,0
2019-08-16 09:10:00+00:00,153.88,368.43,139.34,10.17,51.17,28.3,1.03,0
2019-08-16 10:10:00+00:00,166.39,404.15,142.49,11.33,58.67,29.6,1.79,0
2019-08-16 11:10:00+00:00,170.67,400.91,157.46,11.64,61.89,30.49,2.69,0
2019-08-16 12:10:00+00:00,166.69,381.79,162.66,11.25,59.38,30.85,3.31,0
2019-08-16 13:10:00+00:00,155.26,355.31,150.89,10.26,52.31,30.61,4.14,0
2019-08-16 14:10:00+00:00,135.32,307.54,137.74,8.63,42.77,30.22,4.28,0
2019-08-16 15:10:00+00:00,107.55,237.7,124.84,6.44,32.1,29.8,4.28,0
2019-08-16 16:10:00+00:00,73.96,160.82,101.93,4.02,20.99,28.96,4.14,0
2019-08-16 17:10:00+00:00,36.86,89.82,60.24,1.67,9.88,27.82,3.31,0
2019-08-16 18:10:00+00:00,0.0,0.0,0.0,0.0,0.0,26.57,2.0,0
2019-08-16 19:10:00+00:00,0.0,0.0,0.0,0.0,0.0,25.55,1.66,0
2019-08-16 20:10:00+00:00,0.0,0.0,0.0,0.0,0.0,24.76,1.31,0
2019-08-16 21:10:00+00:00,0.0,0.0,0.0,0.0,0.0,23.82,1.17,0
2019-08-16 22:10:00+00:00,0.0,0.0,0.0,0.0,0.0,22.93,1.1,0
2019-08-16 23:10:00+00:00,0.0,0.0,0.0,0.0,0.0,22.61,0.97,0
2019-08-17 00:10:00+00:00,0.0,0.0,0.0,0.0,0.0,22.63,0.76,0
2019-08-17 01:10:00+00:00,0.0,0.0,0.0,0.0,0.0,22.61,0.62,0
2019-08-17 02:10:00+00:00,0.0,0.0,0.0,0.0,0.0,22.22,0.76,0
2019-08-17 03:10:00+00:00,0.0,0.0,0.0,0.0,0.0,21.78,0.83,0
2019-08-17 04:10:00+00:00,0.0,0.0,0.0,0.0,0.0,21.62,0.83,0
2019-08-17 05:10:00+00:00,22.97,37.52,56.41,1.06,8.29,21.32,0.76,0
2019-08-17 06:10:00+00:00,70.98,146.29,102.01,3.56,19.38,22.52,0.34,0
2019-08-17 07:10:00+00:00,106.36,239.24,117.51,6.11,30.5,24.82,0.83,0
2019-08-17 08:10:00+00:00,133.04,306.9,132.84,8.32,41.24,26.23,0.76,0
2019-08-17 09:10:00+00:00,151.61,329.86,168.75,9.83,50.95,27.56,1.03,0
2019-08-17 10:10:00+00:00,150.4,135.91,358.51,8.41,58.4,28.58,1.45,0
2019-08-17 11:10:00+00:00,168.49,381.25,170.48,11.45,61.57,29.36,2.0,0
2019-08-17 12:10:00+00:00,164.84,377.11,162.37,11.2,59.07,29.92,2.48,0
2019-08-17 13:10:00+00:00,152.5,337.22,162.31,10.09,52.03,30.0,2.97,0
2019-08-17 14:10:00+00:00,132.27,279.9,156.74,8.37,42.51,29.94,3.45,0
2019-08-17 15:10:00+00:00,106.06,233.26,124.58,6.39,31.85,29.25,3.93,0
2019-08-17 16:10:00+00:00,58.79,59.39,145.89,3.04,20.75,28.18,3.93,0
2019-08-17 17:10:00+00:00,17.69,13.03,61.08,0.99,9.64,27.11,3.31,0
2019-08-17 18:10:00+00:00,0.0,0.0,0.0,0.0,0.0,25.84,2.28,0
2019-08-17 19:10:00+00:00,0.0,0.0,0.0,0.0,0.0,24.83,1.17,0
2019-08-17 20:10:00+00:00,0.0,0.0,0.0,0.0,0.0,24.11,0.48,0
2019-08-17 21:10:00+00:00,0.0,0.0,0.0,0.0,0.0,23.55,0.48,0
2019-08-17 22:10:00+00:00,0.0,0.0,0.0,0.0,0.0,23.45,0.34,0
2019-08-17 23:10:00+00:00,0.0,0.0,0.0,0.0,0.0,23.08,0.21,0
2019-08-18 00:10:00+00:00,0.0,0.0,0.0,0.0,0.0,22.73,0.48,0
2019-08-18 01:10:00+00:00,0.0,0.0,0.0,0.0,0.0,22.27,0.69,0
2019-08-18 02:10:00+00:00,0.0,0.0,0.0,0.0,0.0,21.96,0.69,0
2019-08-18 03:10:00+00:00,0.0,0.0,0.0,0.0,0.0,21.4,0.83,0
2019-08-18 04:10:00+00:00,0.0,0.0,0.0,0.0,0.0,20.57,0.97,0
2019-08-18 05:10:00+00:00,27.34,56.21,54.78,1.17,8.12,20.01,1.1,0
2019-08-18 06:10:00+00:00,71.78,155.16,96.09,3.63,19.21,21.91,0.69,0
2019-08-18 07:10:00+00:00,105.75,244.79,112.39,6.18,30.33,24.85,0.34,0
2019-08-18 08:10:00+00:00,132.58,320.59,120.52,8.47,41.05,26.91,0.62,0
2019-08-18 09:10:00+00:00,152.7,364.95,137.49,10.18,50.73,28.59,1.59,0
2019-08-18 10:10:00+00:00,165.24,401.01,139.8,11.35,58.13,29.66,2.34,0
2019-08-18 11:10:00+00:00,169.61,413.26,140.81,11.79,61.25,30.27,2.83,0
2019-08-18 12:10:00+00:00,164.93,378.35,160.7,11.27,58.75,30.57,3.17,0
2019-08-18 13:10:00+00:00,153.11,358.14,143.63,10.33,51.73,30.52,3.45,0
2019-08-18 14:10:00+00:00,133.14,314.92,126.05,8.71,42.24,30.15,3.52,0
2019-08-18 15:10:00+00:00,105.29,237.87,119.48,6.44,31.6,29.51,3.52,0
2019-08-18 16:10:00+00:00,71.55,159.53,97.68,3.98,20.5,28.74,3.1,0
2019-08-18 17:10:00+00:00,31.28,67.78,61.8,1.49,9.39,27.7,2.28,0
2019-08-18 18:10:00+00:00,0.0,0.0,0.0,0.0,0.0,26.5,1.17,0
2019-08-18 19:10:00+00:00,0.0,0.0,0.0,0.0,0.0,25.58,0.41,0
2019-08-18 20:10:00+00:00,0.0,0.0,0.0,0.0,0.0,24.9,0.34,0
2019-08-18 21:10:00+00:00,0.0,0.0,0.0,0.0,0.0,24.35,0.69,0
2019-08-18 22:10:00+00:00,0.0,0.0,0.0,0.0,0.0,23.1,1.03,0
2019-08-18 23:10:00+00:00,0.0,0.0,0.0,0.0,0.0,22.57,1.03,0
2019-08-19 00:10:00+00:00,0.0,0.0,0.0,0.0,0.0,22.34,0.97,0
2019-08-19 01:10:00+00:00,0.0,0.0,0.0,0.0,0.0,21.79,1.1,0
2019-08-19 02:10:00+00:00,0.0,0.0,0.0,0.0,0.0,21.52,1.1,0
2019-08-19 03:10:00+00:00,0.0,0.0,0.0,0.0,0.0,21.59,1.03,0
2019-08-19 04:10:00+00:00,0.0,0.0,0.0,0.0,0.0,22.15,0.83,0
2019-08-19 05:10:00+00:00,28.1,62.36,53.53,1.19,7.95,21.71,0.83,0
2019-08-19 06:10:00+00:00,71.3,159.33,92.99,3.67,19.05,22.82,0.41,0
2019-08-19 07:10:00+00:00,105.33,245.8,110.97,6.22,30.16,25.35,0.55,0
2019-08-19 08:10:00+00:00,132.27,315.68,125.18,8.49,40.87,27.47,0.83,0
2019-08-19 09:10:00+00:00,151.78,366.84,135.84,10.26,50.51,29.3,1.38,0
2019-08-19 10:10:00+00:00,164.1,394.88,145.87,11.37,57.85,30.62,2.21,0
2019-08-19 11:10:00+00:00,168.63,398.92,154.6,11.75,60.93,31.36,3.03,0
2019-08-19 12:10:00+00:00,164.5,379.51,159.8,11.35,58.43,31.59,3.59,0
2019-08-19 13:10:00+00:00,151.85,352.79,147.35,10.33,51.44,31.57,3.66,0
2019-08-19 14:10:00+00:00,131.65,310.22,129.01,8.71,41.97,31.34,3.52,0
2019-08-19 15:10:00+00:00,103.95,238.2,118.05,6.47,31.34,30.76,3.31,0
2019-08-19 16:10:00+00:00,70.3,156.77,98.35,3.97,20.25,29.82,3.03,0
2019-08-19 17:10:00+00:00,29.99,65.24,60.69,1.45,9.13,28.42,2.48,0
2019-08-19 18:10:00+00:00,0.0,0.0,0.0,0.0,0.0,27.0,1.52,0
2019-08-19 19:10:00+00:00,0.0,0.0,0.0,0.0,0.0,25.93,0.97,0
2019-08-19 20:10:00+00:00,0.0,0.0,0.0,0.0,0.0,24.79,1.03,0
2019-08-19 21:10:00+00:00,0.0,0.0,0.0,0.0,0.0,23.69,1.03,0
2019-08-19 22:10:00+00:00,0.0,0.0,0.0,0.0,0.0,23.17,0.9,0
2019-08-19 23:10:00+00:00,0.0,0.0,0.0,0.0,0.0,22.5,1.1,0
2019-08-20 00:10:00+00:00,0.0,0.0,0.0,0.0,0.0,21.93,1.17,0
2019-08-20 01:10:00+00:00,0.0,0.0,0.0,0.0,0.0,21.41,1.31,0
2019-08-20 02:10:00+00:00,0.0,0.0,0.0,0.0,0.0,20.99,1.31,0
2019-08-20 03:10:00+00:00,0.0,0.0,0.0,0.0,0.0,20.53,1.31,0
2019-08-20 04:10:00+00:00,0.0,0.0,0.0,0.0,0.0,20.11,1.31,0
2019-08-20 05:10:00+00:00,23.04,43.58,52.34,1.05,7.77,20.09,1.24,0
2019-08-20 06:10:00+00:00,67.46,140.16,98.32,3.48,18.88,22.55,0.69,0
2019-08-20 07:10:00+00:00,100.94,229.36,115.6,6.02,29.99,26.36,0.28,0
2019-08-20 08:10:00+00:00,127.12,302.95,125.46,8.28,40.68,28.81,0.48,0
2019-08-20 09:10:00+00:00,146.74,353.31,137.08,10.03,50.28,30.77,1.24,0
2019-08-20 10:10:00+00:00,159.44,388.76,139.45,11.19,57.57,32.03,2.41,0
2019-08-20 11:10:00+00:00,164.65,416.25,126.01,11.75,60.61,32.47,3.31,0
2019-08-20 12:10:00+00:00,160.5,388.2,139.46,11.28,58.1,32.38,3.79,0
2019-08-20 13:10:00+00:00,148.37,366.6,123.33,10.32,51.14,32.12,3.86,0
2019-08-20 14:10:00+00:00,127.88,308.64,119.55,8.57,41.69,31.78,3.66,0
2019-08-20 15:10:00+00:00,100.28,226.13,119.09,6.28,31.08,31.11,3.31,0
2019-08-20 16:10:00+00:00,66.67,143.35,100.11,3.79,19.99,30.11,2.9,0
2019-08-20 17:10:00+00:00,26.96,56.16,58.93,1.34,8.87,28.82,2.21,0
2019-08-20 18:10:00+00:00,0.0,0.0,0.0,0.0,0.0,27.51,1.17,0
2019-08-20 19:10:00+00:00,0.0,0.0,0.0,0.0,0.0,26.91,0.76,0
2019-08-20 20:10:00+00:00,0.0,0.0,0.0,0.0,0.0,25.68,0.69,0
2019-08-20 21:10:00+00:00,0.0,0.0,0.0,0.0,0.0,24.93,0.76,0
2019-08-20 22:10:00+00:00,0.0,0.0,0.0,0.0,0.0,24.71,0.69,0
2019-08-20 23:10:00+00:00,0.0,0.0,0.0,0.0,0.0,24.41,0.69,0
2019-08-21 00:10:00+00:00,0.0,0.0,0.0,0.0,0.0,23.97,0.76,0
2019-08-21 01:10:00+00:00,0.0,0.0,0.0,0.0,0.0,23.26,0.9,0
2019-08-21 02:10:00+00:00,0.0,0.0,0.0,0.0,0.0,22.47,1.03,0
2019-08-21 03:10:00+00:00,0.0,0.0,0.0,0.0,0.0,22.33,0.97,0
2019-08-21 04:10:00+00:00,0.0,0.0,0.0,0.0,0.0,22.96,0.48,0
2019-08-21 05:10:00+00:00,21.05,40.39,49.95,0.99,7.6,22.61,0.69,0
2019-08-21 06:10:00+00:00,64.96,133.64,98.01,3.4,18.72,23.3,0.55,0
2019-08-21 07:10:00+00:00,98.72,220.29,118.14,5.92,29.81,26.13,0.0,0
2019-08-21 08:10:00+00:00,126.02,297.44,125.22,8.21,40.48,28.31,0.83,0
2019-08-21 09:10:00+00:00,146.23,353.88,130.76,10.01,50.05,30.0,1.79,0
2019-08-21 10:10:00+00:00,158.37,375.57,146.18,11.05,57.29,31.13,2.62,0
2019-08-21 11:10:00+00:00,162.46,379.84,154.16,11.41,60.28,31.72,3.17,0
2019-08-21 12:10:00+00:00,158.54,375.16,146.16,11.15,57.77,32.02,3.59,0
2019-08-21 13:10:00+00:00,145.93,340.29,142.26,10.07,50.83,31.93,3.59,0
2019-08-21 14:10:00+00:00,125.47,285.84,134.54,8.36,41.41,31.59,3.52,0
2019-08-21 15:10:00+00:00,98.4,220.29,118.89,6.2,30.81,30.89,3.45,0
2019-08-21 16:10:00+00:00,64.23,133.34,101.82,3.67,19.73,29.88,2.97,0
2019-08-21 17:10:00+00:00,25.1,49.7,58.44,1.27,8.61,28.73,2.41,0
2019-08-21 18:10:00+00:00,0.0,0.0,0.0,0.0,0.0,27.23,1.59,0
2019-08-21 19:10:00+00:00,0.0,0.0,0.0,0.0,0.0,26.12,1.17,0
2019-08-21 20:10:00+00:00,0.0,0.0,0.0,0.0,0.0,25.45,0.83,0
2019-08-21 21:10:00+00:00,0.0,0.0,0.0,0.0,0.0,24.51,0.76,0
2019-08-21 22:10:00+00:00,0.0,0.0,0.0,0.0,0.0,24.09,0.69,0
2019-08-21 23:10:00+00:00,0.0,0.0,0.0,0.0,0.0,23.63,0.83,0
2019-08-22 00:10:00+00:00,0.0,0.0,0.0,0.0,0.0,22.87,1.03,0
2019-08-22 01:10:00+00:00,0.0,0.0,0.0,0.0,0.0,22.52,1.03,0
2019-08-22 02:10:00+00:00,0.0,0.0,0.0,0.0,0.0,23.0,0.69,0
2019-08-22 03:10:00+00:00,0.0,0.0,0.0,0.0,0.0,23.08,0.41,0
2019-08-22 04:10:00+00:00,0.0,0.0,0.0,0.0,0.0,22.95,0.62,0
2019-08-22 05:10:00+00:00,18.32,31.01,48.83,0.91,7.43,22.73,0.69,0
2019-08-22 06:10:00+00:00,60.08,101.75,111.71,3.14,18.55,23.31,0.48,0
2019-08-22 07:10:00+00:00,97.36,207.03,124.42,5.8,29.64,25.82,0.76,0
2019-08-22 08:10:00+00:00,123.88,280.41,134.94,8.05,40.29,27.71,0.62,0
2019-08-22 09:10:00+00:00,143.56,348.33,130.52,9.94,49.82,29.54,0.97,0
2019-08-22 10:10:00+00:00,155.58,369.5,146.0,10.97,57.0,30.91,1.86,0
2019-08-22 11:10:00+00:00,160.18,380.77,147.83,11.4,59.94,31.71,2.69,0
2019-08-22 12:10:00+00:00,156.08,361.63,152.96,11.0,57.43,31.96,3.24,0
2019-08-22 13:10:00+00:00,143.9,340.26,135.98,10.03,50.52,31.87,3.59,0
2019-08-22 14:10:00+00:00,123.37,274.43,138.91,8.23,41.13,30.88,3.1,0
2019-08-22 15:10:00+00:00,95.87,203.01,127.18,6.02,30.54,30.38,3.38,0
2019-08-22 16:10:00+00:00,60.71,112.13,110.18,3.46,19.47,29.66,2.34,0
2019-08-22 17:10:00+00:00,26.8,65.49,52.89,1.34,8.34,28.83,1.52,0
2019-08-22 18:10:00+00:00,0.0,0.0,0.0,0.0,0.0,28.0,1.03,0
2019-08-22 19:10:00+00:00,0.0,0.0,0.0,0.0,0.0,26.66,1.03,0
2019-08-22 20:10:00+00:00,0.0,0.0,0.0,0.0,0.0,25.79,0.55,0
2019-08-22 21:10:00+00:00,0.0,0.0,0.0,0.0,0.0,25.47,0.21,0
2019-08-22 22:10:00+00:00,0.0,0.0,0.0,0.0,0.0,24.63,0.62,0
2019-08-22 23:10:00+00:00,0.0,0.0,0.0,0.0,0.0,23.55,1.17,0
2019-08-23 00:10:00+00:00,0.0,0.0,0.0,0.0,0.0,23.05,1.1,0
2019-08-23 01:10:00+00:00,0.0,0.0,0.0,0.0,0.0,23.19,0.83,0
2019-08-23 02:10:00+00:00,0.0,0.0,0.0,0.0,0.0,23.35,0.62,0
2019-08-23 03:10:00+00:00,0.0,0.0,0.0,0.0,0.0,21.87,1.31,0
2019-08-23 04:10:00+00:00,0.0,0.0,0.0,0.0,0.0,21.74,1.52,0
2019-08-23 05:10:00+00:00,21.74,47.95,46.9,1.0,7.26,21.82,1.03,0
2019-08-23 06:10:00+00:00,21.61,0.87,82.08,1.19,18.38,23.63,0.62,0
2019-08-23 07:10:00+00:00,63.24,18.33,195.85,3.18,29.46,26.82,0.97,0
2019-08-23 08:10:00+00:00,41.12,0.0,146.42,2.1,40.09,29.0,0.34,0
2019-08-23 09:10:00+00:00,140.47,331.99,137.59,9.74,49.59,30.44,1.24,0
2019-08-23 10:10:00+00:00,152.61,339.06,166.42,10.64,56.71,31.44,2.28,0
2019-08-23 11:10:00+00:00,157.95,356.96,161.18,11.11,59.61,31.46,3.45,0
2019-08-23 12:10:00+00:00,153.36,338.44,165.6,10.7,57.09,30.45,2.69,0
2019-08-23 13:10:00+00:00,139.17,306.13,159.24,9.66,50.21,29.55,0.83,0
2019-08-23 14:10:00+00:00,117.17,218.34,180.15,7.64,40.84,30.33,0.48,0
2019-08-23 15:10:00+00:00,84.7,96.98,195.22,4.85,30.27,30.13,0.41,0
2019-08-23 16:10:00+00:00,38.87,15.2,126.74,2.08,19.2,29.93,0.76,0
2019-08-23 17:10:00+00:00,1.68,0.0,14.92,0.21,8.07,29.29,1.31,0
2019-08-23 18:10:00+00:00,0.0,0.0,0.0,0.0,0.0,27.98,1.59,0
2019-08-23 19:10:00+00:00,0.0,0.0,0.0,0.0,0.0,26.46,2.41,0
2019-08-23 20:10:00+00:00,0.0,0.0,0.0,0.0,0.0,25.74,1.86,0
2019-08-23 21:10:00+00:00,0.0,0.0,0.0,0.0,0.0,24.99,1.86,0
2019-08-23 22:10:00+00:00,0.0,0.0,0.0,0.0,0.0,24.38,1.93,0
2019-08-23 23:10:00+00:00,0.0,0.0,0.0,0.0,0.0,23.83,1.93,0
2019-08-24 00:10:00+00:00,0.0,0.0,0.0,0.0,0.0,23.35,1.86,0
2019-08-24 01:10:00+00:00,0.0,0.0,0.0,0.0,0.0,22.94,1.79,0
2019-08-24 02:10:00+00:00,0.0,0.0,0.0,0.0,0.0,22.54,1.72,0
2019-08-24 03:10:00+00:00,0.0,0.0,0.0,0.0,0.0,22.19,1.72,0
2019-08-24 04:10:00+00:00,0.0,0.0,0.0,0.0,0.0,21.86,1.79,0
2019-08-24 05:10:00+00:00,13.23,16.97,43.16,0.74,7.08,21.71,1.72,0
2019-08-24 06:10:00+00:00,57.81,98.97,107.41,3.07,18.21,23.12,1.45,0
2019-08-24 07:10:00+00:00,93.83,192.87,126.73,5.64,29.29,25.64,1.17,0
2019-08-24 08:10:00+00:00,119.87,259.53,142.74,7.82,39.9,28.12,0.97,0
2019-08-24 09:10:00+00:00,137.23,261.1,198.49,9.1,49.35,29.73,0.69,0
2019-08-24 10:10:00+00:00,149.28,276.69,221.32,10.05,56.42,30.68,1.17,0
2019-08-24 11:10:00+00:00,135.48,69.41,381.51,7.27,59.27,31.1,1.52,0
2019-08-24 12:10:00+00:00,92.98,5.71,305.17,4.53,56.75,31.3,2.0,0
2019-08-24 13:10:00+00:00,138.62,296.89,164.23,9.58,49.89,30.89,2.28,0
2019-08-24 14:10:00+00:00,116.77,211.74,182.65,7.57,40.55,30.82,1.72,0
2019-08-24 15:10:00+00:00,90.13,184.35,131.62,5.77,29.99,30.1,0.69,0
2019-08-24 16:10:00+00:00,59.62,134.87,88.89,3.58,18.93,28.75,1.31,0
2019-08-24 17:10:00+00:00,19.54,36.8,51.46,1.06,7.79,28.17,2.0,0
2019-08-24 18:10:00+00:00,0.0,0.0,0.0,0.0,0.0,27.38,1.52,0
2019-08-24 19:10:00+00:00,0.0,0.0,0.0,0.0,0.0,27.19,1.03,0
2019-08-24 20:10:00+00:00,0.0,0.0,0.0,0.0,0.0,25.89,0.83,0
2019-08-24 21:10:00+00:00,0.0,0.0,0.0,0.0,0.0,25.27,0.55,0
2019-08-24 22:10:00+00:00,0.0,0.0,0.0,0.0,0.0,24.05,0.97,0
2019-08-24 23:10:00+00:00,0.0,0.0,0.0,0.0,0.0,23.44,1.1,0
2019-08-25 00:10:00+00:00,0.0,0.0,0.0,0.0,0.0,22.93,1.17,0
2019-08-25 01:10:00+00:00,0.0,0.0,0.0,0.0,0.0,22.51,1.24,0
2019-08-25 02:10:00+00:00,0.0,0.0,0.0,0.0,0.0,22.29,1.31,0
2019-08-25 03:10:00+00:00,0.0,0.0,0.0,0.0,0.0,22.02,1.38,0
2019-08-25 04:10:00+00:00,0.0,0.0,0.0,0.0,0.0,21.64,1.31,0
2019-08-25 05:10:00+00:00,13.6,18.46,43.4,0.75,6.91,21.38,1.17,0
2019-08-25 06:10:00+00:00,55.09,90.3,108.06,2.96,18.04,23.58,0.69,0
2019-08-25 07:10:00+00:00,89.66,161.3,145.64,5.33,29.11,25.89,0.34,0
2019-08-25 08:10:00+00:00,117.44,259.23,137.92,7.8,39.7,27.5,0.07,0
2019-08-25 09:10:00+00:00,137.95,317.51,142.21,9.61,49.11,28.92,0.97,0
2019-08-25 10:10:00+00:00,150.38,358.22,139.3,10.8,56.13,29.6,1.52,0
2019-08-25 11:10:00+00:00,152.92,269.46,235.96,10.25,58.93,30.34,1.93,0
2019-08-25 12:10:00+00:00,126.89,49.84,368.77,6.59,56.41,30.65,2.48,0
2019-08-25 13:10:00+00:00,14.74,0.0,62.48,0.9,49.57,29.93,2.97,0
2019-08-25 14:10:00+00:00,82.19,14.48,259.47,4.07,40.25,29.37,2.41,0
2019-08-25 15:10:00+00:00,90.49,220.84,97.04,6.06,29.71,28.81,1.24,0
2019-08-25 16:10:00+00:00,58.1,147.05,75.49,3.62,18.65,28.4,0.28,0
2019-08-25 17:10:00+00:00,19.11,38.2,49.74,1.05,7.51,28.02,0.14,0
2019-08-25 18:10:00+00:00,0.0,0.0,0.0,0.0,0.0,27.29,0.21,0
2019-08-25 19:10:00+00:00,0.0,0.0,0.0,0.0,0.0,25.3,1.1,0
2019-08-25 20:10:00+00:00,0.0,0.0,0.0,0.0,0.0,25.0,0.97,0
2019-08-25 21:10:00+00:00,0.0,0.0,0.0,0.0,0.0,24.28,0.9,0
2019-08-25 22:10:00+00:00,0.0,0.0,0.0,0.0,0.0,23.64,0.69,0
2019-08-25 23:10:00+00:00,0.0,0.0,0.0,0.0,0.0,22.94,0.97,0
2019-08-26 00:10:00+00:00,0.0,0.0,0.0,0.0,0.0,22.58,1.24,0
2019-08-26 01:10:00+00:00,0.0,0.0,0.0,0.0,0.0,22.19,1.31,0
2019-08-26 02:10:00+00:00,0.0,0.0,0.0,0.0,0.0,21.79,1.31,0
2019-08-26 03:10:00+00:00,0.0,0.0,0.0,0.0,0.0,21.46,1.38,0
2019-08-26 04:10:00+00:00,0.0,0.0,0.0,0.0,0.0,21.29,1.38,0
2019-08-26 05:10:00+00:00,13.24,18.4,42.46,0.74,6.73,21.15,1.31,0
2019-08-26 06:10:00+00:00,55.66,100.32,101.24,3.04,17.87,23.01,0.9,0
2019-08-26 07:10:00+00:00,90.54,189.91,121.42,5.59,28.93,25.31,0.48,0
2019-08-26 08:10:00+00:00,117.03,261.95,132.86,7.84,39.49,27.07,0.28,0
2019-08-26 09:10:00+00:00,136.7,315.01,140.87,9.59,48.87,28.43,0.76,0
2019-08-26 10:10:00+00:00,147.87,269.78,219.68,9.97,55.83,29.47,1.45,0
2019-08-26 11:10:00+00:00,134.01,62.81,379.3,7.1,58.58,30.17,2.07,0
2019-08-26 12:10:00+00:00,86.67,3.37,285.88,4.19,56.06,30.74,2.55,0
2019-08-26 13:10:00+00:00,135.7,267.7,182.02,9.27,49.25,30.7,2.97,0
2019-08-26 14:10:00+00:00,116.62,253.15,137.09,7.93,39.95,28.75,2.83,0
2019-08-26 15:10:00+00:00,88.31,183.0,124.5,5.72,29.42,28.64,1.93,0
2019-08-26 16:10:00+00:00,54.77,106.74,98.97,3.28,18.37,28.37,1.31,0
2019-08-26 17:10:00+00:00,16.82,30.37,48.05,0.95,7.23,27.86,1.24,0
2019-08-26 18:10:00+00:00,0.0,0.0,0.0,0.0,0.0,27.02,1.17,0
2019-08-26 19:10:00+00:00,0.0,0.0,0.0,0.0,0.0,26.06,0.83,0
2019-08-26 20:10:00+00:00,0.0,0.0,0.0,0.0,0.0,25.28,1.03,0
2019-08-26 21:10:00+00:00,0.0,0.0,0.0,0.0,0.0,24.54,1.1,0
2019-08-26 22:10:00+00:00,0.0,0.0,0.0,0.0,0.0,23.78,1.24,0
2019-08-26 23:10:00+00:00,0.0,0.0,0.0,0.0,0.0,23.31,1.31,0
2019-08-27 00:10:00+00:00,0.0,0.0,0.0,0.0,0.0,22.58,1.31,0
2019-08-27 01:10:00+00:00,0.0,0.0,0.0,0.0,0.0,21.95,1.1,0
2019-08-27 02:10:00+00:00,0.0,0.0,0.0,0.0,0.0,21.49,1.31,0
2019-08-27 03:10:00+00:00,0.0,0.0,0.0,0.0,0.0,21.22,1.45,0
2019-08-27 04:10:00+00:00,0.0,0.0,0.0,0.0,0.0,20.82,1.45,0
2019-08-27 05:10:00+00:00,14.1,22.92,42.1,0.76,6.56,20.6,1.45,0
2019-08-27 06:10:00+00:00,56.17,109.23,95.29,3.12,17.69,22.38,1.03,0
2019-08-27 07:10:00+00:00,90.32,200.25,111.56,5.69,28.75,25.53,0.83,0
2019-08-27 08:10:00+00:00,116.5,265.78,127.7,7.9,39.29,27.83,0.76,0
2019-08-27 09:10:00+00:00,134.36,320.02,134.05,9.67,48.62,29.33,0.14,0
2019-08-27 10:10:00+00:00,146.77,347.75,143.35,10.76,55.53,30.55,1.03,0
2019-08-27 11:10:00+00:00,150.81,344.51,158.33,11.04,58.24,31.36,1.66,0
2019-08-27 12:10:00+00:00,147.07,325.83,162.76,10.62,55.7,31.61,2.48,0
2019-08-27 13:10:00+00:00,135.15,299.12,150.27,9.61,48.92,30.98,3.03,0
2019-08-27 14:10:00+00:00,114.95,256.9,130.27,7.97,39.65,29.83,3.17,0
2019-08-27 15:10:00+00:00,87.21,185.14,120.28,5.75,29.13,29.5,2.62,0
2019-08-27 16:10:00+00:00,54.3,115.75,91.08,3.35,18.09,29.05,2.07,0
2019-08-27 17:10:00+00:00,16.75,33.1,46.48,0.95,6.95,28.3,1.93,0
2019-08-27 18:10:00+00:00,0.0,0.0,0.0,0.0,0.0,27.2,1.31,0
2019-08-27 19:10:00+00:00,0.0,0.0,0.0,0.0,0.0,26.43,0.76,0
2019-08-27 20:10:00+00:00,0.0,0.0,0.0,0.0,0.0,26.1,0.21,0
2019-08-27 21:10:00+00:00,0.0,0.0,0.0,0.0,0.0,25.61,0.55,0
2019-08-27 22:10:00+00:00,0.0,0.0,0.0,0.0,0.0,25.38,0.28,0
2019-08-27 23:10:00+00:00,0.0,0.0,0.0,0.0,0.0,25.09,0.21,0
2019-08-28 00:10:00+00:00,0.0,0.0,0.0,0.0,0.0,24.74,0.55,0
2019-08-28 01:10:00+00:00,0.0,0.0,0.0,0.0,0.0,23.29,0.97,0
2019-08-28 02:10:00+00:00,0.0,0.0,0.0,0.0,0.0,23.63,0.55,0
2019-08-28 03:10:00+00:00,0.0,0.0,0.0,0.0,0.0,23.39,0.48,0
2019-08-28 04:10:00+00:00,0.0,0.0,0.0,0.0,0.0,21.86,1.1,0
2019-08-28 05:10:00+00:00,12.17,18.27,39.58,0.7,6.38,21.61,1.45,0
2019-08-28 06:10:00+00:00,51.52,77.49,109.15,2.83,17.52,23.15,0.97,0
2019-08-28 07:10:00+00:00,87.94,179.39,125.24,5.52,28.57,26.11,0.62,0
2019-08-28 08:10:00+00:00,113.48,195.85,185.41,7.25,39.09,27.75,0.83,0
2019-08-28 09:10:00+00:00,131.08,152.64,280.83,7.89,48.38,28.52,1.38,0
2019-08-28 10:10:00+00:00,140.0,119.67,342.1,8.07,55.22,29.52,1.86,0
2019-08-28 11:10:00+00:00,151.27,323.09,175.55,10.85,57.89,30.51,2.62,0
2019-08-28 12:10:00+00:00,147.11,316.65,167.63,10.54,55.35,30.52,3.17,0
2019-08-28 13:10:00+00:00,134.54,313.03,133.0,9.74,48.58,30.25,3.31,0
2019-08-28 14:10:00+00:00,113.13,248.74,133.5,7.89,39.34,30.07,3.17,0
2019-08-28 15:10:00+00:00,84.27,143.73,149.77,5.33,28.84,29.43,2.34,0
2019-08-28 16:10:00+00:00,46.48,51.94,120.03,2.65,17.8,28.99,1.79,0
2019-08-28 17:10:00+00:00,12.67,18.59,43.06,0.78,6.66,28.2,1.31,0
2019-08-28 18:10:00+00:00,0.0,0.0,0.0,0.0,0.0,27.21,0.9,0
2019-08-28 19:10:00+00:00,0.0,0.0,0.0,0.0,0.0,26.12,0.0,0
2019-08-28 20:10:00+00:00,0.0,0.0,0.0,0.0,0.0,25.65,0.34,0
2019-08-28 21:10:00+00:00,0.0,0.0,0.0,0.0,0.0,25.15,0.48,0
2019-08-28 22:10:00+00:00,0.0,0.0,0.0,0.0,0.0,24.55,0.62,0
2019-08-28 23:10:00+00:00,0.0,0.0,0.0,0.0,0.0,24.3,0.34,0
2019-08-29 00:10:00+00:00,0.0,0.0,0.0,0.0,0.0,23.89,0.48,0
2019-08-29 01:10:00+00:00,0.0,0.0,0.0,0.0,0.0,22.72,0.9,0
2019-08-29 02:10:00+00:00,0.0,0.0,0.0,0.0,0.0,21.53,1.45,0
2019-08-29 03:10:00+00:00,0.0,0.0,0.0,0.0,0.0,21.48,1.59,0
2019-08-29 04:10:00+00:00,0.0,0.0,0.0,0.0,0.0,21.54,1.59,0
2019-08-29 05:10:00+00:00,11.15,16.67,37.45,0.66,6.21,21.21,1.31,0
2019-08-29 06:10:00+00:00,51.36,87.17,101.35,2.89,17.35,23.03,0.55,0
2019-08-29 07:10:00+00:00,85.1,161.54,132.83,5.31,28.38,25.82,0.69,0
2019-08-29 08:10:00+00:00,111.98,243.44,135.59,7.64,38.88,27.85,0.83,0
2019-08-29 09:10:00+00:00,127.63,155.34,271.08,7.85,48.13,29.54,0.9,0
2019-08-29 10:10:00+00:00,141.37,194.16,276.38,9.07,54.92,30.73,1.66,0
2019-08-29 11:10:00+00:00,147.29,317.82,170.59,10.7,57.53,31.46,2.55,0
2019-08-29 12:10:00+00:00,143.83,325.11,148.6,10.52,54.99,30.7,3.45,0
2019-08-29 13:10:00+00:00,130.66,206.38,224.56,8.56,48.25,29.04,2.69,0
2019-08-29 14:10:00+00:00,110.08,242.97,130.06,7.76,39.02,28.8,2.0,0
2019-08-29 15:10:00+00:00,82.11,172.62,118.29,5.53,28.54,28.72,1.17,0
2019-08-29 16:10:00+00:00,48.9,89.94,97.54,3.03,17.51,28.5,0.69,0
2019-08-29 17:10:00+00:00,9.16,9.33,37.32,0.62,6.37,27.95,1.17,0
2019-08-29 18:10:00+00:00,0.0,0.0,0.0,0.0,0.0,27.09,1.45,0
2019-08-29 19:10:00+00:00,0.0,0.0,0.0,0.0,0.0,25.66,1.24,0
2019-08-29 20:10:00+00:00,0.0,0.0,0.0,0.0,0.0,25.23,0.69,0
2019-08-29 21:10:00+00:00,0.0,0.0,0.0,0.0,0.0,24.6,0.48,0
2019-08-29 22:10:00+00:00,0.0,0.0,0.0,0.0,0.0,24.51,0.41,0
2019-08-29 23:10:00+00:00,0.0,0.0,0.0,0.0,0.0,24.31,0.41,0
2019-08-30 00:10:00+00:00,0.0,0.0,0.0,0.0,0.0,23.98,0.55,0
2019-08-30 01:10:00+00:00,0.0,0.0,0.0,0.0,0.0,23.62,0.62,0
2019-08-30 02:10:00+00:00,0.0,0.0,0.0,0.0,0.0,23.47,0.55,0
2019-08-30 03:10:00+00:00,0.0,0.0,0.0,0.0,0.0,23.32,0.48,0
2019-08-30 04:10:00+00:00,0.0,0.0,0.0,0.0,0.0,22.63,0.69,0
2019-08-30 05:10:00+00:00,10.38,15.09,36.32,0.63,6.03,21.91,0.9,0
2019-08-30 06:10:00+00:00,51.06,93.34,96.32,2.95,17.17,23.43,0.55,0
2019-08-30 07:10:00+00:00,84.7,179.51,115.38,5.47,28.2,25.36,0.69,0
2019-08-30 08:10:00+00:00,110.8,246.49,130.44,7.69,38.67,27.58,0.41,0
2019-08-30 09:10:00+00:00,129.55,310.25,127.1,9.54,47.88,29.25,0.48,0
2019-08-30 10:10:00+00:00,141.84,344.42,129.62,10.68,54.61,30.59,1.45,0
2019-08-30 11:10:00+00:00,146.09,316.36,169.04,10.72,57.18,31.25,2.28,0
2019-08-30 12:10:00+00:00,141.72,299.58,171.01,10.3,54.63,31.42,2.83,0
2019-08-30 13:10:00+00:00,129.2,305.51,126.64,9.59,47.91,30.91,2.97,0
2019-08-30 14:10:00+00:00,107.98,240.69,128.65,7.74,38.71,30.61,2.41,0
2019-08-30 15:10:00+00:00,80.28,158.29,127.35,5.4,28.24,29.92,1.52,0
2019-08-30 16:10:00+00:00,47.51,84.46,98.3,2.96,17.22,28.69,1.17,0
2019-08-30 17:10:00+00:00,10.55,16.06,38.09,0.68,6.07,28.04,0.48,0
2019-08-30 18:10:00+00:00,0.0,0.0,0.0,0.0,0.0,27.35,0.48,0
2019-08-30 19:10:00+00:00,0.0,0.0,0.0,0.0,0.0,26.73,0.76,0
2019-08-30 20:10:00+00:00,0.0,0.0,0.0,0.0,0.0,26.33,0.55,0
2019-08-30 21:10:00+00:00,0.0,0.0,0.0,0.0,0.0,25.94,0.55,0
2019-08-30 22:10:00+00:00,0.0,0.0,0.0,0.0,0.0,24.66,0.9,0
2019-08-30 23:10:00+00:00,0.0,0.0,0.0,0.0,0.0,24.05,1.1,0
2019-08-31 00:10:00+00:00,0.0,0.0,0.0,0.0,0.0,23.53,1.1,0
2019-08-31 01:10:00+00:00,0.0,0.0,0.0,0.0,0.0,23.08,1.03,0
2019-08-31 02:10:00+00:00,0.0,0.0,0.0,0.0,0.0,22.64,1.1,0
2019-08-31 03:10:00+00:00,0.0,0.0,0.0,0.0,0.0,22.21,1.17,0
2019-08-31 04:10:00+00:00,0.0,0.0,0.0,0.0,0.0,21.98,1.24,0
2019-08-31 05:10:00+00:00,9.05,12.01,34.04,0.58,5.85,21.74,1.24,0
2019-08-31 06:10:00+00:00,49.38,88.17,96.06,2.88,17.0,23.48,0.76,0
2019-08-31 07:10:00+00:00,82.44,171.65,117.88,5.39,28.01,26.28,0.41,0
2019-08-31 08:10:00+00:00,108.84,236.99,133.83,7.58,38.46,28.2,0.76,0
2019-08-31 09:10:00+00:00,128.38,293.47,137.37,9.36,47.62,29.41,1.24,0
2019-08-31 10:10:00+00:00,139.84,313.17,154.53,10.37,54.3,30.23,1.24,0
2019-08-31 11:10:00+00:00,143.39,299.75,179.61,10.53,56.82,30.66,1.31,0
2019-08-31 12:10:00+00:00,127.25,67.52,356.68,6.98,54.26,31.04,1.52,0
2019-08-31 13:10:00+00:00,123.84,134.65,280.18,7.62,47.57,31.19,1.79,0
2019-08-31 14:10:00+00:00,10.78,0.0,49.43,0.71,38.39,31.0,2.28,0
2019-08-31 15:10:00+00:00,6.87,0.0,35.44,0.51,27.94,29.74,2.14,0
2019-08-31 16:10:00+00:00,36.21,19.95,114.97,2.02,16.92,28.32,0.14,0
2019-08-31 17:10:00+00:00,6.97,5.38,32.24,0.51,5.77,27.4,1.66,0
2019-08-31 18:10:00+00:00,0.0,0.0,0.0,0.0,0.0,26.35,1.52,0
2019-08-31 19:10:00+00:00,0.0,0.0,0.0,0.0,0.0,25.98,1.24,0
2019-08-31 20:10:00+00:00,0.0,0.0,0.0,0.0,0.0,25.3,1.17,0
2019-08-31 21:10:00+00:00,0.0,0.0,0.0,0.0,0.0,24.35,1.1,0
2019-08-31 22:10:00+00:00,0.0,0.0,0.0,0.0,0.0,23.77,1.03,0
2019-08-31 23:10:00+00:00,0.0,0.0,0.0,0.0,0.0,23.5,0.9,0
2019-09-01 00:10:00+00:00,0.0,0.0,0.0,0.0,0.0,23.09,0.9,0
2019-09-01 01:10:00+00:00,0.0,0.0,0.0,0.0,0.0,22.39,1.1,0
2019-09-01 02:10:00+00:00,0.0,0.0,0.0,0.0,0.0,22.02,1.17,0
2019-09-01 03:10:00+00:00,0.0,0.0,0.0,0.0,0.0,21.62,1.24,0
2019-09-01 04:10:00+00:00,0.0,0.0,0.0,0.0,0.0,21.4,1.31,0
2019-09-01 05:10:00+00:00,1.77,0.0,14.92,0.21,5.67,21.22,1.38,0
2019-09-01 06:10:00+00:00,35.0,17.24,109.83,1.88,16.82,23.09,1.1,0
2019-09-01 07:10:00+00:00,73.3,59.12,188.6,4.02,27.83,24.7,1.03,0
2019-09-01 08:10:00+00:00,107.24,203.01,159.67,7.23,38.25,26.96,0.69,0
2019-09-01 09:10:00+00:00,124.66,166.25,251.73,7.97,47.37,28.67,0.41,0
2019-09-01 10:10:00+00:00,138.12,246.66,214.14,9.66,53.98,29.69,1.17,0
2019-09-01 11:10:00+00:00,142.29,287.61,185.0,10.37,56.46,30.09,1.79,0
2019-09-01 12:10:00+00:00,115.05,29.45,348.97,5.83,53.9,29.82,2.69,0
2019-09-01 13:10:00+00:00,80.04,4.36,263.3,3.9,47.22,29.79,2.14,0
2019-09-01 14:10:00+00:00,70.51,6.79,228.52,3.46,38.07,26.5,1.24,0
2019-09-01 15:10:00+00:00,59.17,15.91,185.73,3.04,27.63,26.08,0.9,0
2019-09-01 16:10:00+00:00,20.42,0.73,79.25,1.15,16.62,26.21,1.72,0
2019-09-01 17:10:00+00:00,0.11,0.0,6.53,0.09,5.47,25.83,1.52,0
2019-09-01 18:10:00+00:00,0.0,0.0,0.0,0.0,0.0,25.34,1.24,0
2019-09-01 19:10:00+00:00,0.0,0.0,0.0,0.0,0.0,25.02,0.9,0
2019-09-01 20:10:00+00:00,0.0,0.0,0.0,0.0,0.0,24.43,1.17,0
2019-09-01 21:10:00+00:00,0.0,0.0,0.0,0.0,0.0,23.7,1.1,0
2019-09-01 22:10:00+00:00,0.0,0.0,0.0,0.0,0.0,23.24,0.97,0
2019-09-01 23:10:00+00:00,0.0,0.0,0.0,0.0,0.0,22.93,0.9,0
2019-09-02 00:10:00+00:00,0.0,0.0,0.0,0.0,0.0,22.55,0.9,0
2019-09-02 01:10:00+00:00,0.0,0.0,0.0,0.0,0.0,22.24,0.9,0
2019-09-02 02:10:00+00:00,0.0,0.0,0.0,0.0,0.0,22.08,0.83,0
2019-09-02 03:10:00+00:00,0.0,0.0,0.0,0.0,0.0,22.37,0.62,0
2019-09-02 04:10:00+00:00,0.0,0.0,0.0,0.0,0.0,22.28,0.55,0
2019-09-02 05:10:00+00:00,1.34,0.0,13.06,0.19,5.49,22.22,0.55,0
2019-09-02 06:10:00+00:00,33.89,15.46,107.92,1.82,16.64,22.4,0.28,0
2019-09-02 07:10:00+00:00,69.71,45.08,191.47,3.76,27.64,24.82,0.28,0
2019-09-02 08:10:00+00:00,105.87,179.49,176.68,6.98,38.03,26.08,0.69,0
2019-09-02 09:10:00+00:00,125.48,214.28,203.42,8.53,47.11,27.29,0.83,0
2019-09-02 10:10:00+00:00,137.21,285.78,170.12,10.06,53.67,28.2,1.03,0
2019-09-02 11:10:00+00:00,141.47,183.38,283.12,9.15,56.09,28.71,1.72,0
2019-09-02 12:10:00+00:00,34.55,0.0,124.97,1.8,53.53,28.61,2.55,0
2019-09-02 13:10:00+00:00,116.49,63.12,315.67,6.27,46.87,27.13,3.1,0
2019-09-02 14:10:00+00:00,103.17,133.3,210.45,6.48,37.74,26.56,2.21,0
2019-09-02 15:10:00+00:00,70.8,55.03,186.5,3.99,27.32,25.68,1.38,0
2019-09-02 16:10:00+00:00,2.61,0.0,18.65,0.27,16.32,23.87,0.69,0
2019-09-02 17:10:00+00:00,0.0,0.0,4.66,0.07,5.17,22.86,0.41,0
2019-09-02 18:10:00+00:00,0.0,0.0,0.0,0.0,0.0,22.55,1.45,0
2019-09-02 19:10:00+00:00,0.0,0.0,0.0,0.0,0.0,22.04,1.66,0
2019-09-02 20:10:00+00:00,0.0,0.0,0.0,0.0,0.0,21.93,0.97,0
2019-09-02 21:10:00+00:00,0.0,0.0,0.0,0.0,0.0,21.32,0.97,0
2019-09-02 22:10:00+00:00,0.0,0.0,0.0,0.0,0.0,20.79,0.9,0
2019-09-02 23:10:00+00:00,0.0,0.0,0.0,0.0,0.0,20.36,1.24,0
2019-09-03 00:10:00+00:00,0.0,0.0,0.0,0.0,0.0,19.99,1.03,0
2019-09-03 01:10:00+00:00,0.0,0.0,0.0,0.0,0.0,19.71,0.9,0
2019-09-03 02:10:00+00:00,0.0,0.0,0.0,0.0,0.0,19.69,0.9,0
2019-09-03 03:10:00+00:00,0.0,0.0,0.0,0.0,0.0,19.36,1.17,0
2019-09-03 04:10:00+00:00,0.0,0.0,0.0,0.0,0.0,19.12,1.17,0
2019-09-03 05:10:00+00:00,8.09,14.74,29.21,0.56,5.31,19.03,1.03,0
2019-09-03 06:10:00+00:00,47.55,94.44,85.6,2.92,16.46,20.63,0.97,0
2019-09-03 07:10:00+00:00,80.78,181.25,101.53,5.51,27.45,22.79,0.97,0
2019-09-03 08:10:00+00:00,107.84,245.19,116.84,7.72,37.81,24.36,1.45,0
2019-09-03 09:10:00+00:00,127.46,297.89,123.34,9.49,46.85,26.14,1.86,0
2019-09-03 10:10:00+00:00,138.28,324.67,132.67,10.56,53.35,27.65,1.52,0
2019-09-03 11:10:00+00:00,141.05,328.33,139.83,10.88,55.73,28.68,1.45,0
2019-09-03 12:10:00+00:00,136.24,308.8,144.94,10.44,53.15,29.1,1.66,0
2019-09-03 13:10:00+00:00,123.15,280.01,133.47,9.36,46.52,29.09,2.07,0
2019-09-03 14:10:00+00:00,103.28,202.82,147.19,7.36,37.41,27.37,2.55,0
2019-09-03 15:10:00+00:00,71.54,60.33,184.53,4.11,27.01,26.51,2.34,0
2019-09-03 16:10:00+00:00,42.54,78.87,88.87,2.81,16.01,26.42,2.07,0
2019-09-03 17:10:00+00:00,6.64,10.94,28.07,0.52,4.86,25.95,1.86,0
2019-09-03 18:10:00+00:00,0.0,0.0,0.0,0.0,0.0,24.82,1.66,0
2019-09-03 19:10:00+00:00,0.0,0.0,0.0,0.0,0.0,24.87,2.9,0
2019-09-03 20:10:00+00:00,0.0,0.0,0.0,0.0,0.0,23.74,2.62,0
2019-09-03 21:10:00+00:00,0.0,0.0,0.0,0.0,0.0,22.83,2.41,0
2019-09-03 22:10:00+00:00,0.0,0.0,0.0,0.0,0.0,22.07,2.41,0
2019-09-03 23:10:00+00:00,0.0,0.0,0.0,0.0,0.0,21.48,2.21,0
2019-09-04 00:10:00+00:00,0.0,0.0,0.0,0.0,0.0,21.06,2.21,0
2019-09-04 01:10:00+00:00,0.0,0.0,0.0,0.0,0.0,20.59,2.07,0
2019-09-04 02:10:00+00:00,0.0,0.0,0.0,0.0,0.0,20.17,2.0,0
2019-09-04 03:10:00+00:00,0.0,0.0,0.0,0.0,0.0,19.87,2.07,0
2019-09-04 04:10:00+00:00,0.0,0.0,0.0,0.0,0.0,19.56,2.14,0
2019-09-04 05:10:00+00:00,7.7,14.63,28.2,0.55,5.14,19.35,2.14,0
2019-09-04 06:10:00+00:00,46.5,85.51,89.1,2.84,16.29,19.67,2.21,0
2019-09-04 07:10:00+00:00,80.6,190.72,90.92,5.61,27.26,21.73,2.14,0
2019-09-04 08:10:00+00:00,107.36,248.75,110.87,7.78,37.6,23.68,1.86,0
2019-09-04 09:10:00+00:00,126.35,302.55,116.56,9.58,46.58,25.31,1.17,0
2019-09-04 10:10:00+00:00,136.51,323.79,131.02,10.6,53.03,26.41,0.34,0
2019-09-04 11:10:00+00:00,140.41,326.94,138.95,10.92,55.36,27.11,0.83,0
2019-09-04 12:10:00+00:00,135.85,313.77,136.45,10.52,52.78,27.51,1.52,0
2019-09-04 13:10:00+00:00,122.83,289.43,120.65,9.49,46.16,27.64,2.34,0
2019-09-04 14:10:00+00:00,101.89,234.58,112.93,7.69,37.08,27.15,3.24,0
2019-09-04 15:10:00+00:00,74.1,166.31,100.21,5.43,26.7,26.33,3.66,0
2019-09-04 16:10:00+00:00,41.89,85.44,81.8,2.87,15.7,25.23,3.45,0
2019-09-04 17:10:00+00:00,6.46,13.78,25.94,0.52,4.56,24.42,2.62,0
2019-09-04 18:10:00+00:00,0.0,0.0,0.0,0.0,0.0,23.53,1.59,0
2019-09-04 19:10:00+00:00,0.0,0.0,0.0,0.0,0.0,23.52,2.0,0
2019-09-04 20:10:00+00:00,0.0,0.0,0.0,0.0,0.0,22.78,1.52,0
2019-09-04 21:10:00+00:00,0.0,0.0,0.0,0.0,0.0,22.35,1.03,0
2019-09-04 22:10:00+00:00,0.0,0.0,0.0,0.0,0.0,22.28,0.97,0
2019-09-04 23:10:00+00:00,0.0,0.0,0.0,0.0,0.0,21.74,1.03,0
2019-09-05 00:10:00+00:00,0.0,0.0,0.0,0.0,0.0,21.23,1.1,0
2019-09-05 01:10:00+00:00,0.0,0.0,0.0,0.0,0.0,20.57,1.31,0
2019-09-05 02:10:00+00:00,0.0,0.0,0.0,0.0,0.0,19.98,1.45,0
2019-09-05 03:10:00+00:00,0.0,0.0,0.0,0.0,0.0,19.76,1.38,0
2019-09-05 04:10:00+00:00,0.0,0.0,0.0,0.0,0.0,19.45,1.31,0
2019-09-05 05:10:00+00:00,7.09,13.06,27.27,0.52,4.95,19.37,1.24,0
2019-09-05 06:10:00+00:00,45.42,101.88,75.4,2.97,16.1,20.78,0.83,0
2019-09-05 07:10:00+00:00,77.44,182.72,93.31,5.53,27.06,23.63,0.76,0
2019-09-05 08:10:00+00:00,103.64,239.81,114.07,7.69,37.37,25.24,0.55,0
2019-09-05 09:10:00+00:00,123.35,292.03,121.34,9.47,46.32,26.33,0.76,0
2019-09-05 10:10:00+00:00,135.47,318.66,130.64,10.54,52.7,27.36,1.38,0
2019-09-05 11:10:00+00:00,139.47,315.67,144.6,10.8,54.99,28.04,2.07,0
2019-09-05 12:10:00+00:00,134.76,290.68,154.35,10.28,52.4,28.36,2.69,0
2019-09-05 13:10:00+00:00,121.18,273.42,130.7,9.31,45.81,27.92,3.03,0
2019-09-05 14:10:00+00:00,99.53,220.56,120.66,7.53,36.75,27.57,2.97,0
2019-09-05 15:10:00+00:00,71.41,161.21,99.08,5.35,26.38,27.13,2.76,0
2019-09-05 16:10:00+00:00,39.56,82.76,78.8,2.8,15.39,26.54,2.41,0
2019-09-05 17:10:00+00:00,5.66,12.51,24.14,0.48,4.24,25.58,1.66,0
2019-09-05 18:10:00+00:00,0.0,0.0,0.0,0.0,0.0,24.11,1.1,0
2019-09-05 19:10:00+00:00,0.0,0.0,0.0,0.0,0.0,24.58,0.48,0
2019-09-05 20:10:00+00:00,0.0,0.0,0.0,0.0,0.0,24.15,0.21,0
2019-09-05 21:10:00+00:00,0.0,0.0,0.0,0.0,0.0,23.46,0.62,0
2019-09-05 22:10:00+00:00,0.0,0.0,0.0,0.0,0.0,22.85,0.76,0
2019-09-05 23:10:00+00:00,0.0,0.0,0.0,0.0,0.0,22.47,0.76,0
2019-09-06 00:10:00+00:00,0.0,0.0,0.0,0.0,0.0,22.12,0.76,0
2019-09-06 01:10:00+00:00,0.0,0.0,0.0,0.0,0.0,21.12,1.03,0
2019-09-06 02:10:00+00:00,0.0,0.0,0.0,0.0,0.0,19.83,1.38,0
2019-09-06 03:10:00+00:00,0.0,0.0,0.0,0.0,0.0,19.22,1.52,0
2019-09-06 04:10:00+00:00,0.0,0.0,0.0,0.0,0.0,18.96,1.45,0
2019-09-06 05:10:00+00:00,6.94,14.39,26.18,0.52,4.77,18.93,1.31,0
2019-09-06 06:10:00+00:00,44.65,92.94,80.67,2.92,15.92,20.57,0.97,0
2019-09-06 07:10:00+00:00,72.22,51.24,190.41,3.97,26.87,22.64,2.21,0
2019-09-06 08:10:00+00:00,103.57,82.53,252.75,5.83,37.15,22.93,3.1,0
2019-09-06 09:10:00+00:00,126.32,106.4,298.22,7.27,46.05,23.24,2.97,0
2019-09-06 10:10:00+00:00,139.96,298.04,153.31,10.46,52.37,23.94,3.03,0
2019-09-06 11:10:00+00:00,143.6,295.84,166.64,10.72,54.62,24.49,3.24,0
2019-09-06 12:10:00+00:00,138.08,278.15,168.76,10.26,52.02,25.19,3.66,0
2019-09-06 13:10:00+00:00,123.83,251.4,154.08,9.19,45.45,25.17,4.0,0
2019-09-06 14:10:00+00:00,100.94,222.27,119.37,7.64,36.41,24.91,3.86,0
2019-09-06 15:10:00+00:00,72.52,113.65,140.59,4.88,26.06,24.36,3.38,0
2019-09-06 16:10:00+00:00,39.18,82.1,77.44,2.8,15.08,23.68,2.76,0
2019-09-06 17:10:00+00:00,3.55,0.0,22.29,0.33,3.93,22.86,2.07,0
2019-09-06 18:10:00+00:00,0.0,0.0,0.0,0.0,0.0,21.81,1.52,0
2019-09-06 19:10:00+00:00,0.0,0.0,0.0,0.0,0.0,21.13,0.97,0
2019-09-06 20:10:00+00:00,0.0,0.0,0.0,0.0,0.0,21.41,0.76,0
2019-09-06 21:10:00+00:00,0.0,0.0,0.0,0.0,0.0,20.77,0.9,0
2019-09-06 22:10:00+00:00,0.0,0.0,0.0,0.0,0.0,18.91,1.38,0
2019-09-06 23:10:00+00:00,0.0,0.0,0.0,0.0,0.0,18.02,1.52,0
2019-09-07 00:10:00+00:00,0.0,0.0,0.0,0.0,0.0,17.48,1.59,0
2019-09-07 01:10:00+00:00,0.0,0.0,0.0,0.0,0.0,17.51,1.38,0
2019-09-07 02:10:00+00:00,0.0,0.0,0.0,0.0,0.0,17.65,1.1,0
2019-09-07 03:10:00+00:00,0.0,0.0,0.0,0.0,0.0,17.84,0.97,0
2019-09-07 04:10:00+00:00,0.0,0.0,0.0,0.0,0.0,17.73,0.9,0
2019-09-07 05:10:00+00:00,2.49,0.0,17.72,0.25,4.59,17.35,1.1,0
2019-09-07 06:10:00+00:00,38.73,34.96,106.55,2.21,15.74,18.87,0.62,0
2019-09-07 07:10:00+00:00,71.46,57.66,182.88,4.03,26.67,21.15,0.62,0
2019-09-07 08:10:00+00:00,101.86,231.52,113.15,7.62,36.93,22.62,0.83,0
2019-09-07 09:10:00+00:00,122.66,272.9,130.79,9.3,45.78,23.72,1.79,0
2019-09-07 10:10:00+00:00,111.77,20.97,337.94,5.47,52.05,24.31,2.41,0
2019-09-07 11:10:00+00:00,21.32,0.0,82.07,1.18,54.24,24.64,2.76,0
2019-09-07 12:10:00+00:00,94.02,5.57,297.39,4.43,51.64,24.44,3.03,0
2019-09-07 13:10:00+00:00,122.11,167.7,228.98,8.11,45.08,24.24,3.24,0
2019-09-07 14:10:00+00:00,98.22,184.67,146.46,7.14,36.07,24.34,3.17,0
2019-09-07 15:10:00+00:00,68.67,146.54,102.22,5.16,25.73,23.97,2.9,0
2019-09-07 16:10:00+00:00,36.96,72.69,78.43,2.65,14.77,23.58,2.62,0
2019-09-07 17:10:00+00:00,2.87,0.0,19.62,0.29,3.62,22.96,2.0,0
2019-09-07 18:10:00+00:00,0.0,0.0,0.0,0.0,0.0,22.04,1.38,0
2019-09-07 19:10:00+00:00,0.0,0.0,0.0,0.0,0.0,21.42,1.03,0
2019-09-07 20:10:00+00:00,0.0,0.0,0.0,0.0,0.0,21.29,0.83,0
2019-09-07 21:10:00+00:00,0.0,0.0,0.0,0.0,0.0,21.52,0.62,0
2019-09-07 22:10:00+00:00,0.0,0.0,0.0,0.0,0.0,21.21,0.55,0
2019-09-07 23:10:00+00:00,0.0,0.0,0.0,0.0,0.0,20.53,0.76,0
2019-09-08 00:10:00+00:00,0.0,0.0,0.0,0.0,0.0,19.68,0.76,0
2019-09-08 01:10:00+00:00,0.0,0.0,0.0,0.0,0.0,18.96,0.9,0
2019-09-08 02:10:00+00:00,0.0,0.0,0.0,0.0,0.0,18.1,1.1,0
2019-09-08 03:10:00+00:00,0.0,0.0,0.0,0.0,0.0,17.15,1.31,0
2019-09-08 04:10:00+00:00,0.0,0.0,0.0,0.0,0.0,16.7,1.45,0
2019-09-08 05:10:00+00:00,5.63,11.28,23.45,0.46,4.41,16.62,1.45,0
2019-09-08 06:10:00+00:00,41.59,89.69,74.45,2.84,15.56,18.35,1.1,0
2019-09-08 07:10:00+00:00,73.37,91.98,158.37,4.54,26.48,21.36,1.93,0
2019-09-08 08:10:00+00:00,99.08,70.83,249.31,5.52,36.7,22.32,3.38,0
2019-09-08 09:10:00+00:00,122.12,97.42,292.57,7.01,45.5,23.29,4.07,0
2019-09-08 10:10:00+00:00,134.26,88.1,337.44,7.46,51.72,23.57,4.55,0
2019-09-08 11:10:00+00:00,141.58,169.84,280.78,9.07,53.87,24.25,4.9,0
2019-09-08 12:10:00+00:00,131.93,81.68,337.4,7.3,51.25,24.38,5.17,0
2019-09-08 13:10:00+00:00,119.11,225.71,162.79,8.78,44.72,24.55,5.31,0
2019-09-08 14:10:00+00:00,97.52,95.63,224.31,5.94,35.73,24.59,5.66,0
2019-09-08 15:10:00+00:00,67.97,115.93,125.91,4.81,25.41,24.27,5.45,0
2019-09-08 16:10:00+00:00,35.22,57.61,84.37,2.45,14.45,23.77,4.97,0
2019-09-08 17:10:00+00:00,1.81,0.0,15.16,0.23,3.3,22.97,4.0,0
2019-09-08 18:10:00+00:00,0.0,0.0,0.0,0.0,0.0,21.97,3.31,0
2019-09-08 19:10:00+00:00,0.0,0.0,0.0,0.0,0.0,21.46,3.31,0
2019-09-08 20:10:00+00:00,0.0,0.0,0.0,0.0,0.0,21.01,3.38,0
2019-09-08 21:10:00+00:00,0.0,0.0,0.0,0.0,0.0,20.76,3.66,0
2019-09-08 22:10:00+00:00,0.0,0.0,0.0,0.0,0.0,20.67,4.21,0
2019-09-08 23:10:00+00:00,0.0,0.0,0.0,0.0,0.0,20.52,4.48,0
2019-09-09 00:10:00+00:00,0.0,0.0,0.0,0.0,0.0,20.14,4.07,0
2019-09-09 01:10:00+00:00,0.0,0.0,0.0,0.0,0.0,19.84,3.24,0
2019-09-09 02:10:00+00:00,0.0,0.0,0.0,0.0,0.0,19.31,2.34,0
2019-09-09 03:10:00+00:00,0.0,0.0,0.0,0.0,0.0,18.82,1.66,0
2019-09-09 04:10:00+00:00,0.0,0.0,0.0,0.0,0.0,18.25,1.24,0
2019-09-09 05:10:00+00:00,5.2,11.14,22.46,0.44,4.23,18.74,0.76,0
2019-09-09 06:10:00+00:00,40.68,90.74,72.95,2.88,15.37,19.5,0.34,0
2019-09-09 07:10:00+00:00,72.4,165.05,94.97,5.41,26.28,21.35,0.83,0
2019-09-09 08:10:00+00:00,101.55,177.28,161.42,7.13,36.47,22.29,1.86,0
2019-09-09 09:10:00+00:00,122.49,208.57,191.39,8.68,45.23,23.16,2.14,0
2019-09-09 10:10:00+00:00,136.23,165.85,273.82,8.86,51.38,23.87,2.34,0
2019-09-09 11:10:00+00:00,139.65,200.85,250.03,9.58,53.49,24.35,2.69,0
2019-09-09 12:10:00+00:00,133.0,228.11,203.96,9.66,50.87,24.6,2.9,0
2019-09-09 13:10:00+00:00,117.0,244.73,142.33,9.07,44.35,24.63,3.17,0
2019-09-09 14:10:00+00:00,94.32,206.34,116.69,7.41,35.39,24.23,3.38,0
2019-09-09 15:10:00+00:00,65.61,141.56,99.3,5.12,25.08,23.71,3.17,0
2019-09-09 16:10:00+00:00,33.91,72.54,71.16,2.61,14.13,23.02,2.9,0
2019-09-09 17:10:00+00:00,1.82,0.0,15.16,0.23,2.98,22.13,2.21,0
2019-09-09 18:10:00+00:00,0.0,0.0,0.0,0.0,0.0,21.01,1.72,0
2019-09-09 19:10:00+00:00,0.0,0.0,0.0,0.0,0.0,20.21,1.59,0
2019-09-09 20:10:00+00:00,0.0,0.0,0.0,0.0,0.0,19.21,1.59,0
2019-09-09 21:10:00+00:00,0.0,0.0,0.0,0.0,0.0,18.38,1.59,0
2019-09-09 22:10:00+00:00,0.0,0.0,0.0,0.0,0.0,17.74,1.59,0
2019-09-09 23:10:00+00:00,0.0,0.0,0.0,0.0,0.0,17.18,1.66,0
2019-09-10 00:10:00+00:00,0.0,0.0,0.0,0.0,0.0,16.72,1.79,0
2019-09-10 01:10:00+00:00,0.0,0.0,0.0,0.0,0.0,16.29,1.79,0
2019-09-10 02:10:00+00:00,0.0,0.0,0.0,0.0,0.0,16.09,1.86,0
2019-09-10 03:10:00+00:00,0.0,0.0,0.0,0.0,0.0,15.97,1.93,0
2019-09-10 04:10:00+00:00,0.0,0.0,0.0,0.0,0.0,15.95,2.07,0
2019-09-10 05:10:00+00:00,4.36,8.25,20.79,0.39,4.05,16.23,2.07,0
2019-09-10 06:10:00+00:00,36.95,35.04,101.15,2.18,15.19,17.27,1.79,0
2019-09-10 07:10:00+00:00,70.74,145.46,105.24,5.16,26.08,20.2,2.14,0
2019-09-10 08:10:00+00:00,98.57,191.35,138.99,7.22,36.24,22.09,2.48,0
2019-09-10 09:10:00+00:00,109.0,38.0,312.41,5.61,44.95,23.35,2.21,0
2019-09-10 10:10:00+00:00,123.54,49.58,348.15,6.51,51.05,24.36,2.14,0
2019-09-10 11:10:00+00:00,135.26,111.9,326.94,8.13,53.11,25.12,1.93,0
2019-09-10 12:10:00+00:00,129.73,176.61,249.36,8.92,50.48,25.58,1.66,0
2019-09-10 13:10:00+00:00,110.93,60.97,303.56,6.22,43.98,25.96,1.31,0
2019-09-10 14:10:00+00:00,88.72,49.88,246.59,5.01,35.04,26.18,1.17,0
2019-09-10 15:10:00+00:00,62.68,113.89,117.69,4.74,24.75,26.04,1.31,0
2019-09-10 16:10:00+00:00,31.41,64.74,71.22,2.48,13.81,25.5,1.93,0
2019-09-10 17:10:00+00:00,1.4,0.0,13.37,0.2,2.66,24.31,2.21,0
2019-09-10 18:10:00+00:00,0.0,0.0,0.0,0.0,0.0,22.81,2.07,0
2019-09-10 19:10:00+00:00,0.0,0.0,0.0,0.0,0.0,22.07,1.52,0
2019-09-10 20:10:00+00:00,0.0,0.0,0.0,0.0,0.0,20.96,1.17,0
2019-09-10 21:10:00+00:00,0.0,0.0,0.0,0.0,0.0,20.27,1.24,0
2019-09-10 22:10:00+00:00,0.0,0.0,0.0,0.0,0.0,19.64,1.66,0
2019-09-10 23:10:00+00:00,0.0,0.0,0.0,0.0,0.0,19.68,2.07,0
2019-09-11 00:10:00+00:00,0.0,0.0,0.0,0.0,0.0,19.28,2.07,0
2019-09-11 01:10:00+00:00,0.0,0.0,0.0,0.0,0.0,18.71,2.0,0
2019-09-11 02:10:00+00:00,0.0,0.0,0.0,0.0,0.0,18.23,2.14,0
2019-09-11 03:10:00+00:00,0.0,0.0,0.0,0.0,0.0,17.75,2.21,0
2019-09-11 04:10:00+00:00,0.0,0.0,0.0,0.0,0.0,17.34,2.28,0
2019-09-11 05:10:00+00:00,4.02,8.13,19.81,0.38,3.86,16.93,2.28,0
2019-09-11 06:10:00+00:00,37.68,85.12,68.63,2.79,15.0,17.8,2.0,0
2019-09-11 07:10:00+00:00,68.65,154.32,93.58,5.27,25.88,20.68,1.59,0
2019-09-11 08:10:00+00:00,94.72,215.89,110.3,7.5,36.01,23.9,1.31,0
2019-09-11 09:10:00+00:00,112.77,271.92,111.66,9.32,44.67,26.22,0.69,0
2019-09-11 10:10:00+00:00,124.05,281.5,137.96,10.21,50.71,27.55,0.48,0
2019-09-11 11:10:00+00:00,127.62,284.06,145.92,10.5,52.73,28.39,0.97,0
2019-09-11 12:10:00+00:00,122.74,261.04,153.23,9.97,50.09,28.96,1.59,0
2019-09-11 13:10:00+00:00,108.82,236.56,135.13,8.9,43.61,29.19,2.69,0
2019-09-11 14:10:00+00:00,87.09,197.28,111.11,7.23,34.69,28.82,3.66,0
2019-09-11 15:10:00+00:00,59.9,129.46,98.11,4.92,24.42,27.99,4.07,0
2019-09-11 16:10:00+00:00,29.71,62.06,69.1,2.42,13.49,26.75,3.86,0
2019-09-11 17:10:00+00:00,0.84,0.0,10.7,0.16,2.34,25.34,3.03,0
2019-09-11 18:10:00+00:00,0.0,0.0,0.0,0.0,0.0,24.01,2.14,0
2019-09-11 19:10:00+00:00,0.0,0.0,0.0,0.0,0.0,22.88,1.03,0
2019-09-11 20:10:00+00:00,0.0,0.0,0.0,0.0,0.0,23.14,0.41,0
2019-09-11 21:10:00+00:00,0.0,0.0,0.0,0.0,0.0,22.76,0.62,0
2019-09-11 22:10:00+00:00,0.0,0.0,0.0,0.0,0.0,21.42,0.9,0
2019-09-11 23:10:00+00:00,0.0,0.0,0.0,0.0,0.0,20.07,1.24,0
2019-09-12 00:10:00+00:00,0.0,0.0,0.0,0.0,0.0,18.93,1.52,0
2019-09-12 01:10:00+00:00,0.0,0.0,0.0,0.0,0.0,18.18,1.66,0
2019-09-12 02:10:00+00:00,0.0,0.0,0.0,0.0,0.0,17.68,1.66,0
2019-09-12 03:10:00+00:00,0.0,0.0,0.0,0.0,0.0,17.33,1.79,0
2019-09-12 04:10:00+00:00,0.0,0.0,0.0,0.0,0.0,17.13,1.86,0
2019-09-12 05:10:00+00:00,3.46,7.99,17.94,0.35,3.68,16.95,1.93,0
2019-09-12 06:10:00+00:00,36.19,85.2,65.4,2.79,14.82,17.91,1.66,0
2019-09-12 07:10:00+00:00,66.72,155.07,89.36,5.29,25.67,21.7,1.59,0
2019-09-12 08:10:00+00:00,93.03,218.1,103.62,7.54,35.78,24.42,2.14,0
2019-09-12 09:10:00+00:00,112.21,269.68,110.11,9.34,44.39,26.62,2.07,0
2019-09-12 10:10:00+00:00,123.37,290.5,124.41,10.34,50.37,28.35,2.0,0
2019-09-12 11:10:00+00:00,126.12,304.5,119.76,10.76,52.35,29.55,2.48,0
2019-09-12 12:10:00+00:00,120.45,284.0,123.98,10.25,49.7,30.24,2.9,0
2019-09-12 13:10:00+00:00,105.5,262.68,102.74,9.2,43.24,30.59,3.31,0
2019-09-12 14:10:00+00:00,83.98,201.89,100.94,7.29,34.34,30.54,3.66,0
2019-09-12 15:10:00+00:00,57.39,129.24,93.88,4.92,24.09,30.07,3.86,0
2019-09-12 16:10:00+00:00,28.06,59.36,67.84,2.38,13.16,29.15,3.66,0
2019-09-12 17:10:00+00:00,0.34,0.0,8.02,0.12,2.02,27.86,3.72,0
2019-09-12 18:10:00+00:00,0.0,0.0,0.0,0.0,0.0,26.43,4.0,0
2019-09-12 19:10:00+00:00,0.0,0.0,0.0,0.0,0.0,25.41,3.79,0
2019-09-12 20:10:00+00:00,0.0,0.0,0.0,0.0,0.0,24.21,3.52,0
2019-09-12 21:10:00+00:00,0.0,0.0,0.0,0.0,0.0,23.03,3.1,0
2019-09-12 22:10:00+00:00,0.0,0.0,0.0,0.0,0.0,21.96,2.76,0
2019-09-12 23:10:00+00:00,0.0,0.0,0.0,0.0,0.0,21.07,2.48,0
2019-09-13 00:10:00+00:00,0.0,0.0,0.0,0.0,0.0,20.33,2.28,0
2019-09-13 01:10:00+00:00,0.0,0.0,0.0,0.0,0.0,19.63,2.07,0
2019-09-13 02:10:00+00:00,0.0,0.0,0.0,0.0,0.0,19.06,2.07,0
2019-09-13 03:10:00+00:00,0.0,0.0,0.0,0.0,0.0,18.6,2.14,0
2019-09-13 04:10:00+00:00,0.0,0.0,0.0,0.0,0.0,18.24,2.28,0
2019-09-13 05:10:00+00:00,2.91,5.23,17.21,0.31,3.49,17.96,2.34,0
2019-09-13 06:10:00+00:00,34.62,78.2,67.03,2.71,14.63,18.92,2.14,0
2019-09-13 07:10:00+00:00,64.81,150.26,88.99,5.24,25.47,22.02,1.79,0
2019-09-13 08:10:00+00:00,90.78,204.94,111.93,7.41,35.54,25.56,1.66,0
2019-09-13 09:10:00+00:00,109.18,254.17,119.95,9.16,44.11,28.05,1.45,0
2019-09-13 10:10:00+00:00,119.97,273.78,135.94,10.16,50.03,29.48,0.9,0
2019-09-13 11:10:00+00:00,122.96,270.71,149.22,10.37,51.96,30.38,0.97,0
2019-09-13 12:10:00+00:00,118.52,248.0,156.59,9.83,49.31,30.91,1.93,0
2019-09-13 13:10:00+00:00,103.81,237.39,122.76,8.91,42.87,30.9,3.17,0
2019-09-13 14:10:00+00:00,82.97,181.36,116.49,7.05,33.99,30.26,4.07,0
2019-09-13 15:10:00+00:00,55.61,121.71,94.71,4.8,23.76,29.15,4.41,0
2019-09-13 16:10:00+00:00,26.63,54.31,66.85,2.29,12.84,27.67,4.0,0
2019-09-13 17:10:00+00:00,0.0,0.0,0.0,0.0,0.0,26.05,3.03,0
2019-09-13 18:10:00+00:00,0.0,0.0,0.0,0.0,0.0,24.69,2.21,0
2019-09-13 19:10:00+00:00,0.0,0.0,0.0,0.0,0.0,23.74,1.38,0
2019-09-13 20:10:00+00:00,0.0,0.0,0.0,0.0,0.0,23.5,0.62,0
2019-09-13 21:10:00+00:00,0.0,0.0,0.0,0.0,0.0,23.44,0.14,0
2019-09-13 22:10:00+00:00,0.0,0.0,0.0,0.0,0.0,22.97,0.28,0
2019-09-13 23:10:00+00:00,0.0,0.0,0.0,0.0,0.0,21.93,0.62,0
2019-09-14 00:10:00+00:00,0.0,0.0,0.0,0.0,0.0,19.9,1.24,0
2019-09-14 01:10:00+00:00,0.0,0.0,0.0,0.0,0.0,18.87,1.52,0
2019-09-14 02:10:00+00:00,0.0,0.0,0.0,0.0,0.0,18.38,1.59,0
2019-09-14 03:10:00+00:00,0.0,0.0,0.0,0.0,0.0,18.05,1.59,0
2019-09-14 04:10:00+00:00,0.0,0.0,0.0,0.0,0.0,17.83,1.72,0
2019-09-14 05:10:00+00:00,2.22,2.56,15.6,0.25,3.31,17.61,1.72,0
2019-09-14 06:10:00+00:00,33.1,70.15,68.8,2.6,14.44,18.43,1.45,0
2019-09-14 07:10:00+00:00,62.7,138.04,94.37,5.08,25.26,22.02,1.1,0
2019-09-14 08:10:00+00:00,88.25,197.02,111.98,7.27,35.3,24.87,1.24,0
2019-09-14 09:10:00+00:00,107.39,245.68,120.79,9.03,43.82,26.54,1.38,0
2019-09-14 10:10:00+00:00,118.41,270.59,130.1,10.06,49.69,27.76,1.31,0
2019-09-14 11:10:00+00:00,121.67,267.61,143.3,10.28,51.58,28.65,1.59,0
2019-09-14 12:10:00+00:00,117.26,235.69,161.27,9.63,48.92,29.16,2.14,0
2019-09-14 13:10:00+00:00,101.39,233.35,117.73,8.8,42.49,29.13,2.76,0
2019-09-14 14:10:00+00:00,80.81,170.42,119.4,6.86,33.64,28.64,3.03,0
2019-09-14 15:10:00+00:00,52.6,123.83,84.61,4.77,23.42,27.83,3.24,0
2019-09-14 16:10:00+00:00,25.01,48.24,66.02,2.17,12.51,26.51,3.1,0
2019-09-14 17:10:00+00:00,0.0,0.0,0.0,0.0,0.0,25.04,2.14,0
2019-09-14 18:10:00+00:00,0.0,0.0,0.0,0.0,0.0,23.92,0.9,0
2019-09-14 19:10:00+00:00,0.0,0.0,0.0,0.0,0.0,23.13,0.28,0
2019-09-14 20:10:00+00:00,0.0,0.0,0.0,0.0,0.0,22.88,0.14,0
2019-09-14 21:10:00+00:00,0.0,0.0,0.0,0.0,0.0,22.48,0.48,0
2019-09-14 22:10:00+00:00,0.0,0.0,0.0,0.0,0.0,21.1,0.97,0
2019-09-14 23:10:00+00:00,0.0,0.0,0.0,0.0,0.0,19.86,1.38,0
2019-09-15 00:10:00+00:00,0.0,0.0,0.0,0.0,0.0,19.3,1.45,0
2019-09-15 01:10:00+00:00,0.0,0.0,0.0,0.0,0.0,18.83,1.45,0
2019-09-15 02:10:00+00:00,0.0,0.0,0.0,0.0,0.0,18.42,1.45,0
2019-09-15 03:10:00+00:00,0.0,0.0,0.0,0.0,0.0,18.16,1.52,0
2019-09-15 04:10:00+00:00,0.0,0.0,0.0,0.0,0.0,17.95,1.59,0
2019-09-15 05:10:00+00:00,1.76,2.5,13.74,0.23,3.12,17.72,1.59,0
2019-09-15 06:10:00+00:00,31.88,65.37,69.45,2.55,14.25,18.65,1.17,0
2019-09-15 07:10:00+00:00,61.95,117.27,110.88,4.85,25.05,22.79,0.9,0
2019-09-15 08:10:00+00:00,86.76,181.83,123.17,7.11,35.06,25.34,0.9,0
2019-09-15 09:10:00+00:00,105.56,236.81,124.66,8.94,43.53,26.77,1.38,0
2019-09-15 10:10:00+00:00,117.09,260.81,134.79,9.95,49.34,27.67,1.72,0
2019-09-15 11:10:00+00:00,120.04,268.19,136.77,10.29,51.19,28.3,1.93,0
2019-09-15 12:10:00+00:00,114.44,249.02,139.62,9.78,48.52,28.56,2.07,0
2019-09-15 13:10:00+00:00,99.68,223.7,122.41,8.69,42.12,28.66,2.28,0
2019-09-15 14:10:00+00:00,80.94,138.9,148.32,6.46,33.29,28.34,2.55,0
2019-09-15 15:10:00+00:00,55.62,57.94,145.15,3.85,23.08,27.57,2.76,0
2019-09-15 16:10:00+00:00,24.46,27.51,77.02,1.84,12.18,26.44,2.55,0
2019-09-15 17:10:00+00:00,0.0,0.0,0.0,0.0,0.0,25.21,1.59,0
2019-09-15 18:10:00+00:00,0.0,0.0,0.0,0.0,0.0,24.28,0.83,0
2019-09-15 19:10:00+00:00,0.0,0.0,0.0,0.0,0.0,23.74,0.28,0
2019-09-15 20:10:00+00:00,0.0,0.0,0.0,0.0,0.0,22.44,0.83,0
2019-09-15 21:10:00+00:00,0.0,0.0,0.0,0.0,0.0,21.94,0.83,0
2019-09-15 22:10:00+00:00,0.0,0.0,0.0,0.0,0.0,21.0,1.1,0
2019-09-15 23:10:00+00:00,0.0,0.0,0.0,0.0,0.0,20.17,1.38,0
2019-09-16 00:10:00+00:00,0.0,0.0,0.0,0.0,0.0,19.65,1.38,0
2019-09-16 01:10:00+00:00,0.0,0.0,0.0,0.0,0.0,19.19,1.24,0
2019-09-16 02:10:00+00:00,0.0,0.0,0.0,0.0,0.0,19.02,1.1,0
2019-09-16 03:10:00+00:00,0.0,0.0,0.0,0.0,0.0,18.94,0.97,0
2019-09-16 04:10:00+00:00,0.0,0.0,0.0,0.0,0.0,18.82,0.97,0
2019-09-16 05:10:00+00:00,0.61,0.0,9.33,0.13,2.93,18.4,1.03,0
2019-09-16 06:10:00+00:00,30.74,54.27,74.3,2.4,14.06,19.0,0.9,0
2019-09-16 07:10:00+00:00,57.95,135.48,85.62,5.02,24.85,22.56,0.34,0
2019-09-16 08:10:00+00:00,83.62,185.84,111.42,7.13,34.82,25.07,0.41,0
2019-09-16 09:10:00+00:00,102.78,228.98,124.71,8.8,43.24,26.63,1.03,0
2019-09-16 10:10:00+00:00,115.75,229.87,161.28,9.55,49.0,27.78,1.59,0
2019-09-16 11:10:00+00:00,123.02,172.36,238.02,9.03,50.8,28.49,2.28,0
2019-09-16 12:10:00+00:00,119.64,99.18,297.19,7.57,48.13,28.82,2.83,0
2019-09-16 13:10:00+00:00,98.83,196.3,144.73,8.32,41.74,28.73,3.17,0
2019-09-16 14:10:00+00:00,76.42,158.44,118.2,6.66,32.93,28.37,3.24,0
2019-09-16 15:10:00+00:00,49.72,99.91,96.56,4.42,22.75,27.67,3.1,0
2019-09-16 16:10:00+00:00,22.42,36.7,66.23,1.96,11.86,26.64,2.76,0
2019-09-16 17:10:00+00:00,0.0,0.0,0.0,0.0,0.0,25.26,1.93,0
2019-09-16 18:10:00+00:00,0.0,0.0,0.0,0.0,0.0,24.06,1.1,0
2019-09-16 19:10:00+00:00,0.0,0.0,0.0,0.0,0.0,23.04,0.69,0
2019-09-16 20:10:00+00:00,0.0,0.0,0.0,0.0,0.0,23.02,0.28,0
2019-09-16 21:10:00+00:00,0.0,0.0,0.0,0.0,0.0,22.53,0.21,0
2019-09-16 22:10:00+00:00,0.0,0.0,0.0,0.0,0.0,22.03,0.34,0
2019-09-16 23:10:00+00:00,0.0,0.0,0.0,0.0,0.0,21.57,0.34,0
2019-09-17 00:10:00+00:00,0.0,0.0,0.0,0.0,0.0,21.16,0.48,0
2019-09-17 01:10:00+00:00,0.0,0.0,0.0,0.0,0.0,20.55,0.76,0
2019-09-17 02:10:00+00:00,0.0,0.0,0.0,0.0,0.0,19.42,0.97,0
2019-09-17 03:10:00+00:00,0.0,0.0,0.0,0.0,0.0,18.99,0.97,0
2019-09-17 04:10:00+00:00,0.0,0.0,0.0,0.0,0.0,18.86,0.97,0
2019-09-17 05:10:00+00:00,1.04,1.17,11.07,0.17,2.75,17.96,1.17,0
2019-09-17 06:10:00+00:00,29.21,57.83,68.03,2.44,13.86,18.38,0.97,0
2019-09-17 07:10:00+00:00,57.54,123.28,94.24,4.9,24.63,21.73,0.69,0
2019-09-17 08:10:00+00:00,82.26,186.75,106.31,7.17,34.58,23.96,0.34,0
2019-09-17 09:10:00+00:00,101.23,226.35,123.13,8.8,42.95,25.79,0.55,0
2019-09-17 10:10:00+00:00,112.96,254.85,128.09,9.87,48.65,27.15,1.79,0
2019-09-17 11:10:00+00:00,116.16,262.15,129.33,10.2,50.42,27.81,2.76,0
2019-09-17 12:10:00+00:00,110.9,242.74,132.86,9.69,47.73,27.94,3.38,0
2019-09-17 13:10:00+00:00,96.22,212.48,120.92,8.53,41.36,27.6,3.59,0
2019-09-17 14:10:00+00:00,74.04,164.86,105.09,6.74,32.58,27.03,3.52,0
2019-09-17 15:10:00+00:00,48.02,99.04,92.34,4.41,22.41,26.31,3.1,0
2019-09-17 16:10:00+00:00,21.29,34.85,64.07,1.92,11.53,25.42,2.41,0
2019-09-17 17:10:00+00:00,0.0,0.0,0.0,0.0,0.0,24.35,1.72,0
2019-09-17 18:10:00+00:00,0.0,0.0,0.0,0.0,0.0,23.44,1.24,0
2019-09-17 19:10:00+00:00,0.0,0.0,0.0,0.0,0.0,22.48,0.62,0
2019-09-17 20:10:00+00:00,0.0,0.0,0.0,0.0,0.0,22.28,0.34,0
2019-09-17 21:10:00+00:00,0.0,0.0,0.0,0.0,0.0,21.95,0.41,0
2019-09-17 22:10:00+00:00,0.0,0.0,0.0,0.0,0.0,21.53,0.41,0
2019-09-17 23:10:00+00:00,0.0,0.0,0.0,0.0,0.0,21.06,0.69,0
2019-09-18 00:10:00+00:00,0.0,0.0,0.0,0.0,0.0,20.13,0.9,0
2019-09-18 01:10:00+00:00,0.0,0.0,0.0,0.0,0.0,19.22,1.1,0
2019-09-18 02:10:00+00:00,0.0,0.0,0.0,0.0,0.0,18.34,1.45,0
2019-09-18 03:10:00+00:00,0.0,0.0,0.0,0.0,0.0,18.17,1.66,0
2019-09-18 04:10:00+00:00,0.0,0.0,0.0,0.0,0.0,18.24,1.59,0
2019-09-18 05:10:00+00:00,0.61,0.0,9.33,0.13,2.56,18.08,1.66,0
2019-09-18 06:10:00+00:00,28.14,45.64,73.22,2.25,13.67,18.75,1.31,0
2019-09-18 07:10:00+00:00,55.96,108.97,101.9,4.69,24.42,22.35,1.24,0
2019-09-18 08:10:00+00:00,80.63,167.8,117.4,6.87,34.33,23.94,1.31,0
2019-09-18 09:10:00+00:00,98.61,216.8,123.52,8.61,42.66,25.5,0.83,0
2019-09-18 10:10:00+00:00,110.84,230.83,144.97,9.51,48.3,26.82,1.52,0
2019-09-18 11:10:00+00:00,112.61,251.68,129.84,9.98,50.03,27.74,2.28,0
2019-09-18 12:10:00+00:00,115.51,118.87,265.85,7.86,47.34,28.16,2.55,0
2019-09-18 13:10:00+00:00,92.56,202.67,121.36,8.33,40.98,28.07,2.69,0
2019-09-18 14:10:00+00:00,77.93,41.27,223.15,4.61,32.22,27.84,3.03,0
2019-09-18 15:10:00+00:00,47.14,14.2,152.09,2.65,22.07,26.67,3.17,0
2019-09-18 16:10:00+00:00,20.12,28.04,64.58,1.77,11.2,25.62,3.24,0
2019-09-18 17:10:00+00:00,0.0,0.0,0.0,0.0,0.0,24.65,2.28,0
2019-09-18 18:10:00+00:00,0.0,0.0,0.0,0.0,0.0,23.9,1.1,0
2019-09-18 19:10:00+00:00,0.0,0.0,0.0,0.0,0.0,23.47,0.62,0
2019-09-18 20:10:00+00:00,0.0,0.0,0.0,0.0,0.0,22.95,0.69,0
2019-09-18 21:10:00+00:00,0.0,0.0,0.0,0.0,0.0,22.52,0.41,0
2019-09-18 22:10:00+00:00,0.0,0.0,0.0,0.0,0.0,21.01,1.1,0
2019-09-18 23:10:00+00:00,0.0,0.0,0.0,0.0,0.0,20.75,1.38,0
2019-09-19 00:10:00+00:00,0.0,0.0,0.0,0.0,0.0,20.34,1.1,0
2019-09-19 01:10:00+00:00,0.0,0.0,0.0,0.0,0.0,20.15,1.38,0
2019-09-19 02:10:00+00:00,0.0,0.0,0.0,0.0,0.0,19.55,1.03,0
2019-09-19 03:10:00+00:00,0.0,0.0,0.0,0.0,0.0,19.82,0.48,0
2019-09-19 04:10:00+00:00,0.0,0.0,0.0,0.0,0.0,19.78,0.14,0
2019-09-19 05:10:00+00:00,0.0,0.0,0.93,0.01,2.37,18.57,0.97,0
2019-09-19 06:10:00+00:00,11.45,0.0,49.43,0.71,13.47,19.43,1.03,0
2019-09-19 07:10:00+00:00,31.18,0.0,110.98,1.59,24.21,20.66,0.9,0
2019-09-19 08:10:00+00:00,70.61,10.14,222.27,3.52,34.08,22.27,0.97,0
2019-09-19 09:10:00+00:00,94.18,20.74,287.05,4.82,42.36,23.74,0.69,0
2019-09-19 10:10:00+00:00,117.04,104.99,282.72,7.65,47.95,25.08,0.69,0
2019-09-19 11:10:00+00:00,113.55,210.46,171.2,9.46,49.64,26.1,1.59,0
2019-09-19 12:10:00+00:00,107.88,197.62,167.26,9.02,46.94,26.74,2.28,0
2019-09-19 13:10:00+00:00,87.44,15.79,272.4,4.46,40.6,26.86,2.41,0
2019-09-19 14:10:00+00:00,48.08,0.88,164.88,2.4,31.86,26.77,2.14,0
2019-09-19 15:10:00+00:00,7.36,0.0,36.37,0.52,21.73,23.97,2.34,0
2019-09-19 16:10:00+00:00,9.3,0.0,42.9,0.62,10.87,22.65,0.34,0
2019-09-19 17:10:00+00:00,0.0,0.0,0.0,0.0,0.0,22.38,0.9,0
2019-09-19 18:10:00+00:00,0.0,0.0,0.0,0.0,0.0,21.96,0.62,0
2019-09-19 19:10:00+00:00,0.0,0.0,0.0,0.0,0.0,21.23,1.1,0
2019-09-19 20:10:00+00:00,0.0,0.0,0.0,0.0,0.0,21.05,0.83,0
2019-09-19 21:10:00+00:00,0.0,0.0,0.0,0.0,0.0,21.1,0.69,0
2019-09-19 22:10:00+00:00,0.0,0.0,0.0,0.0,0.0,20.19,0.62,0
2019-09-19 23:10:00+00:00,0.0,0.0,0.0,0.0,0.0,19.26,0.83,0
2019-09-20 00:10:00+00:00,0.0,0.0,0.0,0.0,0.0,19.84,0.28,0
2019-09-20 01:10:00+00:00,0.0,0.0,0.0,0.0,0.0,19.36,0.55,0
2019-09-20 02:10:00+00:00,0.0,0.0,0.0,0.0,0.0,19.27,0.41,0
2019-09-20 03:10:00+00:00,0.0,0.0,0.0,0.0,0.0,18.48,1.03,0
2019-09-20 04:10:00+00:00,0.0,0.0,0.0,0.0,0.0,18.75,1.86,0
2019-09-20 05:10:00+00:00,0.0,0.0,0.0,0.0,0.0,18.44,1.66,0
2019-09-20 06:10:00+00:00,27.24,26.73,82.87,1.96,13.28,18.69,1.17,0
2019-09-20 07:10:00+00:00,52.1,118.37,83.91,4.85,23.99,20.43,1.45,0
2019-09-20 08:10:00+00:00,76.99,180.3,95.53,7.1,33.83,22.11,1.59,0
2019-09-20 09:10:00+00:00,96.08,220.79,110.71,8.75,42.07,23.42,1.03,0
2019-09-20 10:10:00+00:00,107.15,240.06,125.87,9.71,47.6,24.18,0.21,0
2019-09-20 11:10:00+00:00,108.66,266.86,103.39,10.25,49.24,24.71,0.9,0
2019-09-20 12:10:00+00:00,103.93,236.86,118.18,9.59,46.54,25.23,1.79,0
2019-09-20 13:10:00+00:00,89.19,208.96,103.61,8.47,40.22,24.72,2.48,0
2019-09-20 14:10:00+00:00,67.54,155.43,95.26,6.59,31.5,24.54,3.1,0
2019-09-20 15:10:00+00:00,42.28,89.47,84.13,4.23,21.39,23.82,3.38,0
2019-09-20 16:10:00+00:00,17.07,29.48,54.91,1.77,10.54,23.04,3.24,0
2019-09-20 17:10:00+00:00,0.0,0.0,0.0,0.0,0.0,22.15,2.62,0
2019-09-20 18:10:00+00:00,0.0,0.0,0.0,0.0,0.0,21.36,2.07,0
2019-09-20 19:10:00+00:00,0.0,0.0,0.0,0.0,0.0,21.31,1.38,0
2019-09-20 20:10:00+00:00,0.0,0.0,0.0,0.0,0.0,20.93,0.69,0
2019-09-20 21:10:00+00:00,0.0,0.0,0.0,0.0,0.0,20.82,0.41,0
2019-09-20 22:10:00+00:00,0.0,0.0,0.0,0.0,0.0,20.33,0.62,0
2019-09-20 23:10:00+00:00,0.0,0.0,0.0,0.0,0.0,18.54,1.03,0
2019-09-21 00:10:00+00:00,0.0,0.0,0.0,0.0,0.0,18.11,1.03,0
2019-09-21 01:10:00+00:00,0.0,0.0,0.0,0.0,0.0,17.72,1.03,0
2019-09-21 02:10:00+00:00,0.0,0.0,0.0,0.0,0.0,17.67,1.03,0
2019-09-21 03:10:00+00:00,0.0,0.0,0.0,0.0,0.0,17.61,1.31,0
2019-09-21 04:10:00+00:00,0.0,0.0,0.0,0.0,0.0,18.03,1.38,0
2019-09-21 05:10:00+00:00,0.0,0.0,0.0,0.0,0.0,17.86,1.24,0
2019-09-21 06:10:00+00:00,23.9,48.55,61.14,2.3,13.08,18.54,0.9,0
2019-09-21 07:10:00+00:00,50.94,107.83,89.27,4.7,23.78,19.76,1.17,0
2019-09-21 08:10:00+00:00,74.87,169.99,99.0,6.94,33.58,21.46,1.1,0
2019-09-21 09:10:00+00:00,97.31,179.39,151.43,8.2,41.77,22.75,1.31,0
2019-09-21 10:10:00+00:00,108.58,203.4,161.14,9.22,47.24,23.88,1.59,0
2019-09-21 11:10:00+00:00,108.64,234.44,132.35,9.82,48.85,24.62,1.79,0
2019-09-21 12:10:00+00:00,108.08,166.02,196.4,8.63,46.14,24.93,2.0,0
2019-09-21 13:10:00+00:00,95.29,123.17,200.17,7.25,39.84,25.11,2.21,0
2019-09-21 14:10:00+00:00,69.17,119.73,131.01,6.08,31.14,24.57,2.41,0
2019-09-21 15:10:00+00:00,32.47,1.27,115.34,1.7,21.04,24.09,2.76,0
2019-09-21 16:10:00+00:00,16.42,23.21,56.34,1.63,10.21,23.2,2.69,0
2019-09-21 17:10:00+00:00,0.0,0.0,0.0,0.0,0.0,22.35,1.52,0
2019-09-21 18:10:00+00:00,0.0,0.0,0.0,0.0,0.0,21.6,1.59,0
2019-09-21 19:10:00+00:00,0.0,0.0,0.0,0.0,0.0,21.26,1.72,0
2019-09-21 20:10:00+00:00,0.0,0.0,0.0,0.0,0.0,20.97,2.62,0
2019-09-21 21:10:00+00:00,0.0,0.0,0.0,0.0,0.0,20.37,1.17,0
2019-09-21 22:10:00+00:00,0.0,0.0,0.0,0.0,0.0,19.89,1.1,0
2019-09-21 23:10:00+00:00,0.0,0.0,0.0,0.0,0.0,19.9,1.93,0
2019-09-22 00:10:00+00:00,0.0,0.0,0.0,0.0,0.0,19.88,1.93,0
2019-09-22 01:10:00+00:00,0.0,0.0,0.0,0.0,0.0,19.83,2.34,0
2019-09-22 02:10:00+00:00,0.0,0.0,0.0,0.0,0.0,19.86,2.69,0
2019-09-22 03:10:00+00:00,0.0,0.0,0.0,0.0,0.0,20.0,2.69,0
2019-09-22 04:10:00+00:00,0.0,0.0,0.0,0.0,0.0,20.1,2.97,0
2019-09-22 05:10:00+00:00,0.0,0.0,0.0,0.0,0.0,20.27,3.45,0
2019-09-22 06:10:00+00:00,1.56,0.0,13.99,0.2,12.88,20.85,4.0,0
2019-09-22 07:10:00+00:00,19.56,0.0,74.61,1.07,23.56,18.68,3.66,0
2019-09-22 08:10:00+00:00,83.14,51.55,219.77,4.96,33.33,19.58,3.79,0
2019-09-22 09:10:00+00:00,18.12,0.0,70.88,1.02,41.46,21.21,4.21,0
2019-09-22 10:10:00+00:00,40.01,0.0,138.02,1.98,46.89,23.09,5.17,0
2019-09-22 11:10:00+00:00,48.5,0.0,163.2,2.34,48.46,23.02,5.59,0
2019-09-22 12:10:00+00:00,27.63,0.0,100.72,1.45,45.75,23.12,5.45,0
2019-09-22 13:10:00+00:00,14.14,0.0,58.75,0.84,39.46,22.96,4.76,0
2019-09-22 14:10:00+00:00,9.08,0.0,41.97,0.6,30.78,22.08,3.79,0
2019-09-22 15:10:00+00:00,30.8,1.23,108.81,1.61,20.7,21.29,4.0,0
2019-09-22 16:10:00+00:00,0.78,0.0,10.26,0.15,9.87,20.75,4.07,0
2019-09-22 17:10:00+00:00,0.0,0.0,0.0,0.0,0.0,20.52,4.07,0
2019-09-22 18:10:00+00:00,0.0,0.0,0.0,0.0,0.0,20.17,4.0,0
2019-09-22 19:10:00+00:00,0.0,0.0,0.0,0.0,0.0,20.62,4.0,0
2019-09-22 20:10:00+00:00,0.0,0.0,0.0,0.0,0.0,20.66,4.07,0
2019-09-22 21:10:00+00:00,0.0,0.0,0.0,0.0,0.0,20.66,4.21,0
2019-09-22 22:10:00+00:00,0.0,0.0,0.0,0.0,0.0,20.6,3.93,0
2019-09-22 23:10:00+00:00,0.0,0.0,0.0,0.0,0.0,20.49,3.38,0
2019-09-23 00:10:00+00:00,0.0,0.0,0.0,0.0,0.0,20.57,3.17,0
2019-09-23 01:10:00+00:00,0.0,0.0,0.0,0.0,0.0,20.57,2.9,0
2019-09-23 02:10:00+00:00,0.0,0.0,0.0,0.0,0.0,20.57,2.62,0
2019-09-23 03:10:00+00:00,0.0,0.0,0.0,0.0,0.0,20.26,2.34,0
2019-09-23 04:10:00+00:00,0.0,0.0,0.0,0.0,0.0,20.05,2.14,0
2019-09-23 05:10:00+00:00,0.0,0.0,0.0,0.0,0.0,20.01,2.07,0
2019-09-23 06:10:00+00:00,21.76,38.78,62.04,2.14,12.68,20.53,2.07,0
2019-09-23 07:10:00+00:00,52.94,57.18,134.98,3.91,23.34,21.59,2.55,0
2019-09-23 08:10:00+00:00,76.18,117.44,148.82,6.22,33.08,22.43,2.69,0
2019-09-23 09:10:00+00:00,100.72,103.85,229.5,7.02,41.16,23.25,2.83,0
2019-09-23 10:10:00+00:00,107.11,28.16,316.98,5.59,46.53,23.84,2.62,0
2019-09-23 11:10:00+00:00,117.71,64.67,314.41,6.91,48.07,22.92,2.69,0
2019-09-23 12:10:00+00:00,109.7,105.58,255.51,7.57,45.35,23.94,2.48,0
2019-09-23 13:10:00+00:00,95.94,77.96,238.9,6.35,39.08,23.18,3.38,0
2019-09-23 14:10:00+00:00,60.9,6.48,195.68,3.05,30.43,22.85,3.03,0
2019-09-23 15:10:00+00:00,24.96,0.0,92.33,1.33,20.36,22.12,3.72,0
2019-09-23 16:10:00+00:00,3.84,0.0,23.31,0.33,9.54,21.36,2.69,0
2019-09-23 17:10:00+00:00,0.0,0.0,0.0,0.0,0.0,20.72,1.52,0
2019-09-23 18:10:00+00:00,0.0,0.0,0.0,0.0,0.0,20.34,0.41,0
2019-09-23 19:10:00+00:00,0.0,0.0,0.0,0.0,0.0,20.81,0.28,0
2019-09-23 20:10:00+00:00,0.0,0.0,0.0,0.0,0.0,20.23,0.48,0
2019-09-23 21:10:00+00:00,0.0,0.0,0.0,0.0,0.0,19.67,0.69,0
2019-09-23 22:10:00+00:00,0.0,0.0,0.0,0.0,0.0,18.58,1.17,0
2019-09-23 23:10:00+00:00,0.0,0.0,0.0,0.0,0.0,18.09,1.38,0
2019-09-24 00:10:00+00:00,0.0,0.0,0.0,0.0,0.0,17.89,1.31,0
2019-09-24 01:10:00+00:00,0.0,0.0,0.0,0.0,0.0,17.61,1.1,0
2019-09-24 02:10:00+00:00,0.0,0.0,0.0,0.0,0.0,17.31,1.17,0
2019-09-24 03:10:00+00:00,0.0,0.0,0.0,0.0,0.0,16.98,1.38,0
2019-09-24 04:10:00+00:00,0.0,0.0,0.0,0.0,0.0,17.44,1.45,0
2019-09-24 05:10:00+00:00,0.0,0.0,0.0,0.0,0.0,17.27,1.45,0
2019-09-24 06:10:00+00:00,19.81,43.56,53.48,2.24,12.48,17.36,1.66,0
2019-09-24 07:10:00+00:00,45.4,103.28,78.77,4.68,23.12,18.37,1.79,0
2019-09-24 08:10:00+00:00,70.16,158.01,95.77,6.83,32.82,19.43,2.21,0
2019-09-24 09:10:00+00:00,90.29,193.03,116.8,8.41,40.86,20.83,2.62,0
2019-09-24 10:10:00+00:00,103.72,199.55,147.75,9.2,46.18,22.06,2.83,0
2019-09-24 11:10:00+00:00,105.41,209.21,144.51,9.54,47.67,23.04,2.9,0
2019-09-24 12:10:00+00:00,104.34,149.57,199.34,8.39,44.95,23.79,2.76,0
2019-09-24 13:10:00+00:00,94.91,75.75,240.19,6.35,38.7,24.3,3.1,0
2019-09-24 14:10:00+00:00,72.54,43.54,203.08,4.62,30.07,24.3,3.66,0
2019-09-24 15:10:00+00:00,43.51,30.18,130.46,3.09,20.02,23.81,3.86,0
2019-09-24 16:10:00+00:00,14.57,5.39,58.32,1.09,9.21,22.9,3.52,0
2019-09-24 17:10:00+00:00,0.0,0.0,0.0,0.0,0.0,21.71,3.17,0
2019-09-24 18:10:00+00:00,0.0,0.0,0.0,0.0,0.0,20.83,2.34,0
2019-09-24 19:10:00+00:00,0.0,0.0,0.0,0.0,0.0,20.34,2.14,0
2019-09-24 20:10:00+00:00,0.0,0.0,0.0,0.0,0.0,19.71,1.59,0
2019-09-24 21:10:00+00:00,0.0,0.0,0.0,0.0,0.0,19.0,0.97,0
2019-09-24 22:10:00+00:00,0.0,0.0,0.0,0.0,0.0,18.96,0.76,0
2019-09-24 23:10:00+00:00,0.0,0.0,0.0,0.0,0.0,18.44,0.83,0
2019-09-25 00:10:00+00:00,0.0,0.0,0.0,0.0,0.0,17.65,0.97,0
2019-09-25 01:10:00+00:00,0.0,0.0,0.0,0.0,0.0,17.02,1.1,0
2019-09-25 02:10:00+00:00,0.0,0.0,0.0,0.0,0.0,16.73,1.17,0
2019-09-25 03:10:00+00:00,0.0,0.0,0.0,0.0,0.0,16.42,1.17,0
2019-09-25 04:10:00+00:00,0.0,0.0,0.0,0.0,0.0,16.22,1.24,0
2019-09-25 05:10:00+00:00,0.0,0.0,0.0,0.0,0.0,15.99,1.24,0
2019-09-25 06:10:00+00:00,18.82,38.54,53.56,2.14,12.28,16.58,1.03,0
2019-09-25 07:10:00+00:00,47.26,74.81,106.64,4.23,22.89,19.68,0.9,0
2019-09-25 08:10:00+00:00,67.23,147.0,100.29,6.65,32.56,21.55,1.24,0
2019-09-25 09:10:00+00:00,99.22,79.1,248.57,6.54,40.55,22.71,1.86,0
2019-09-25 10:10:00+00:00,106.6,139.8,214.71,8.27,45.82,23.53,2.34,0
2019-09-25 11:10:00+00:00,115.18,65.97,307.91,6.95,47.28,24.11,2.83,0
2019-09-25 12:10:00+00:00,108.37,50.92,300.82,6.3,44.55,24.21,3.24,0
2019-09-25 13:10:00+00:00,51.08,0.0,171.6,2.47,38.31,23.23,3.45,0
2019-09-25 14:10:00+00:00,69.75,25.5,207.46,4.01,29.71,22.57,3.17,0
2019-09-25 15:10:00+00:00,42.01,24.65,129.12,2.89,19.68,22.18,2.62,0
2019-09-25 16:10:00+00:00,13.63,4.87,55.4,1.05,8.88,21.77,1.86,0
2019-09-25 17:10:00+00:00,0.0,0.0,0.0,0.0,0.0,21.32,1.52,0
2019-09-25 18:10:00+00:00,0.0,0.0,0.0,0.0,0.0,20.85,1.72,0
2019-09-25 19:10:00+00:00,0.0,0.0,0.0,0.0,0.0,20.46,1.93,0
2019-09-25 20:10:00+00:00,0.0,0.0,0.0,0.0,0.0,20.4,1.79,0
2019-09-25 21:10:00+00:00,0.0,0.0,0.0,0.0,0.0,20.02,1.45,0
2019-09-25 22:10:00+00:00,0.0,0.0,0.0,0.0,0.0,19.44,1.17,0
2019-09-25 23:10:00+00:00,0.0,0.0,0.0,0.0,0.0,19.72,1.38,0
2019-09-26 00:10:00+00:00,0.0,0.0,0.0,0.0,0.0,19.76,1.59,0
2019-09-26 01:10:00+00:00,0.0,0.0,0.0,0.0,0.0,19.32,1.45,0
2019-09-26 02:10:00+00:00,0.0,0.0,0.0,0.0,0.0,18.96,1.59,0
2019-09-26 03:10:00+00:00,0.0,0.0,0.0,0.0,0.0,18.82,1.52,0
2019-09-26 04:10:00+00:00,0.0,0.0,0.0,0.0,0.0,18.7,1.52,0
2019-09-26 05:10:00+00:00,0.0,0.0,0.0,0.0,0.0,18.56,1.72,0
2019-09-26 06:10:00+00:00,18.44,33.76,56.09,2.09,12.08,19.18,1.66,0
2019-09-26 07:10:00+00:00,44.32,82.69,93.01,4.39,22.67,19.34,1.66,0
2019-09-26 08:10:00+00:00,68.28,131.83,116.28,6.5,32.3,21.07,1.45,0
2019-09-26 09:10:00+00:00,84.81,182.84,115.94,8.29,40.25,22.69,1.17,0
2019-09-26 10:10:00+00:00,99.34,175.28,165.29,8.87,45.46,23.94,0.62,0
2019-09-26 11:10:00+00:00,100.51,184.05,161.95,9.18,46.89,24.62,0.34,0
2019-09-26 12:10:00+00:00,92.84,181.35,142.84,8.84,44.15,25.34,0.97,0
2019-09-26 13:10:00+00:00,77.25,159.0,120.46,7.77,37.93,25.47,1.72,0
2019-09-26 14:10:00+00:00,55.09,118.66,96.89,6.04,29.35,25.34,2.21,0
2019-09-26 15:10:00+00:00,31.5,62.52,77.32,3.76,19.34,24.84,2.48,0
2019-09-26 16:10:00+00:00,10.7,12.65,44.22,1.37,8.55,24.0,2.21,0
2019-09-26 17:10:00+00:00,0.0,0.0,0.0,0.0,0.0,22.81,2.07,0
2019-09-26 18:10:00+00:00,0.0,0.0,0.0,0.0,0.0,21.61,1.59,0
2019-09-26 19:10:00+00:00,0.0,0.0,0.0,0.0,0.0,21.08,0.97,0
2019-09-26 20:10:00+00:00,0.0,0.0,0.0,0.0,0.0,21.21,0.55,0
2019-09-26 21:10:00+00:00,0.0,0.0,0.0,0.0,0.0,21.17,0.48,0
2019-09-26 22:10:00+00:00,0.0,0.0,0.0,0.0,0.0,20.55,0.76,0
2019-09-26 23:10:00+00:00,0.0,0.0,0.0,0.0,0.0,19.45,0.9,0
2019-09-27 00:10:00+00:00,0.0,0.0,0.0,0.0,0.0,18.45,1.1,0
2019-09-27 01:10:00+00:00,0.0,0.0,0.0,0.0,0.0,17.75,1.17,0
2019-09-27 02:10:00+00:00,0.0,0.0,0.0,0.0,0.0,17.13,1.31,0
2019-09-27 03:10:00+00:00,0.0,0.0,0.0,0.0,0.0,16.69,1.38,0
2019-09-27 04:10:00+00:00,0.0,0.0,0.0,0.0,0.0,16.38,1.38,0
2019-09-27 05:10:00+00:00,0.0,0.0,0.0,0.0,0.0,16.12,1.38,0
2019-09-27 06:10:00+00:00,17.2,32.55,52.84,2.08,11.87,16.66,1.1,0
2019-09-27 07:10:00+00:00,39.94,90.7,76.69,4.53,22.44,20.14,0.69,0
2019-09-27 08:10:00+00:00,62.37,146.72,90.19,6.71,32.04,22.29,0.34,0
2019-09-27 09:10:00+00:00,81.67,181.93,110.32,8.29,39.94,23.63,0.69,0
2019-09-27 10:10:00+00:00,92.66,204.37,119.66,9.27,45.1,24.6,1.03,0
2019-09-27 11:10:00+00:00,97.01,194.8,140.78,9.34,46.49,25.25,1.52,0
2019-09-27 12:10:00+00:00,91.95,173.58,146.73,8.75,43.76,25.54,2.0,0
2019-09-27 13:10:00+00:00,74.91,157.33,115.53,7.76,37.55,25.48,2.34,0
2019-09-27 14:10:00+00:00,52.96,114.44,94.8,5.98,28.99,25.12,2.48,0
2019-09-27 15:10:00+00:00,30.18,57.47,77.21,3.67,19.0,24.43,2.41,0
2019-09-27 16:10:00+00:00,9.91,9.95,42.51,1.29,8.22,23.5,2.07,0
2019-09-27 17:10:00+00:00,0.0,0.0,0.0,0.0,0.0,22.39,1.52,0
2019-09-27 18:10:00+00:00,0.0,0.0,0.0,0.0,0.0,21.21,0.9,0
2019-09-27 19:10:00+00:00,0.0,0.0,0.0,0.0,0.0,21.9,0.34,0
2019-09-27 20:10:00+00:00,0.0,0.0,0.0,0.0,0.0,21.51,0.34,0
2019-09-27 21:10:00+00:00,0.0,0.0,0.0,0.0,0.0,20.98,0.62,0
2019-09-27 22:10:00+00:00,0.0,0.0,0.0,0.0,0.0,20.52,0.76,0
2019-09-27 23:10:00+00:00,0.0,0.0,0.0,0.0,0.0,20.13,0.83,0
2019-09-28 00:10:00+00:00,0.0,0.0,0.0,0.0,0.0,19.36,0.9,0
2019-09-28 01:10:00+00:00,0.0,0.0,0.0,0.0,0.0,19.27,0.9,0
2019-09-28 02:10:00+00:00,0.0,0.0,0.0,0.0,0.0,19.67,0.76,0
2019-09-28 03:10:00+00:00,0.0,0.0,0.0,0.0,0.0,19.68,0.62,0
2019-09-28 04:10:00+00:00,0.0,0.0,0.0,0.0,0.0,19.21,0.76,0
2019-09-28 05:10:00+00:00,0.0,0.0,0.0,0.0,0.0,18.24,1.03,0
2019-09-28 06:10:00+00:00,16.75,26.33,55.23,1.94,11.67,18.48,1.03,0
2019-09-28 07:10:00+00:00,38.85,80.66,81.56,4.34,22.21,20.74,0.9,0
2019-09-28 08:10:00+00:00,63.38,122.99,111.78,6.32,31.78,21.77,1.45,0
2019-09-28 09:10:00+00:00,95.16,69.1,246.4,6.3,39.63,22.75,1.86,0
2019-09-28 10:10:00+00:00,78.52,2.72,252.81,3.74,44.74,23.73,2.41,0
2019-09-28 11:10:00+00:00,89.24,6.17,282.3,4.3,46.1,24.06,2.9,0
2019-09-28 12:10:00+00:00,35.98,0.0,126.83,1.82,43.36,24.12,3.1,0
2019-09-28 13:10:00+00:00,87.83,29.03,259.11,4.94,37.17,23.84,3.1,0
2019-09-28 14:10:00+00:00,44.86,0.71,152.71,2.22,28.63,23.45,2.97,0
2019-09-28 15:10:00+00:00,36.7,27.08,113.77,2.95,18.66,22.94,2.83,0
2019-09-28 16:10:00+00:00,1.97,0.0,15.85,0.23,7.9,22.44,2.28,0
2019-09-28 17:10:00+00:00,0.0,0.0,0.0,0.0,0.0,21.85,1.66,0
2019-09-28 18:10:00+00:00,0.0,0.0,0.0,0.0,0.0,21.29,1.45,0
2019-09-28 19:10:00+00:00,0.0,0.0,0.0,0.0,0.0,20.7,1.24,0
2019-09-28 20:10:00+00:00,0.0,0.0,0.0,0.0,0.0,19.86,1.1,0
2019-09-28 21:10:00+00:00,0.0,0.0,0.0,0.0,0.0,19.93,0.9,0
2019-09-28 22:10:00+00:00,0.0,0.0,0.0,0.0,0.0,20.36,0.62,0
2019-09-28 23:10:00+00:00,0.0,0.0,0.0,0.0,0.0,20.01,0.55,0
2019-09-29 00:10:00+00:00,0.0,0.0,0.0,0.0,0.0,19.53,0.62,0
2019-09-29 01:10:00+00:00,0.0,0.0,0.0,0.0,0.0,18.87,0.9,0
2019-09-29 02:10:00+00:00,0.0,0.0,0.0,0.0,0.0,18.46,1.1,0
2019-09-29 03:10:00+00:00,0.0,0.0,0.0,0.0,0.0,18.25,1.24,0
2019-09-29 04:10:00+00:00,0.0,0.0,0.0,0.0,0.0,18.02,1.45,0
2019-09-29 05:10:00+00:00,0.0,0.0,0.0,0.0,0.0,17.47,1.59,0
2019-09-29 06:10:00+00:00,16.45,23.2,55.93,1.9,11.46,17.8,1.38,0
2019-09-29 07:10:00+00:00,38.96,73.59,87.31,4.27,21.99,20.5,1.38,0
2019-09-29 08:10:00+00:00,60.04,131.8,96.24,6.52,31.51,22.07,1.93,0
2019-09-29 09:10:00+00:00,93.69,80.34,233.31,6.62,39.32,23.17,2.0,0
2019-09-29 10:10:00+00:00,106.26,83.09,267.79,7.23,44.38,23.9,2.28,0
2019-09-29 11:10:00+00:00,105.96,109.86,243.01,7.96,45.71,24.5,2.69,0
2019-09-29 12:10:00+00:00,97.62,111.7,217.74,7.72,42.96,24.7,2.97,0
2019-09-29 13:10:00+00:00,72.08,141.27,121.24,7.5,36.79,24.4,3.1,0
2019-09-29 14:10:00+00:00,49.77,102.17,96.09,5.77,28.27,24.08,2.97,0
2019-09-29 15:10:00+00:00,26.94,50.21,73.06,3.54,18.32,23.53,2.76,0
2019-09-29 16:10:00+00:00,8.79,5.11,40.05,1.14,7.57,22.81,2.34,0
2019-09-29 17:10:00+00:00,0.0,0.0,0.0,0.0,0.0,21.74,1.79,0
2019-09-29 18:10:00+00:00,0.0,0.0,0.0,0.0,0.0,20.86,1.52,0
2019-09-29 19:10:00+00:00,0.0,0.0,0.0,0.0,0.0,19.98,1.38,0
2019-09-29 20:10:00+00:00,0.0,0.0,0.0,0.0,0.0,19.21,1.31,0
2019-09-29 21:10:00+00:00,0.0,0.0,0.0,0.0,0.0,18.91,1.17,0
2019-09-29 22:10:00+00:00,0.0,0.0,0.0,0.0,0.0,18.82,1.1,0
2019-09-29 23:10:00+00:00,0.0,0.0,0.0,0.0,0.0,18.89,0.97,0
2019-09-30 00:10:00+00:00,0.0,0.0,0.0,0.0,0.0,19.19,0.83,0
2019-09-30 01:10:00+00:00,0.0,0.0,0.0,0.0,0.0,19.0,0.76,0
2019-09-30 02:10:00+00:00,0.0,0.0,0.0,0.0,0.0,18.73,0.83,0
2019-09-30 03:10:00+00:00,0.0,0.0,0.0,0.0,0.0,18.26,0.97,0
2019-09-30 04:10:00+00:00,0.0,0.0,0.0,0.0,0.0,18.09,1.03,0
2019-09-30 05:10:00+00:00,0.0,0.0,0.0,0.0,0.0,17.65,1.17,0
2019-09-30 06:10:00+00:00,18.2,3.27,69.25,1.17,11.25,18.06,1.17,0
2019-09-30 07:10:00+00:00,45.8,38.31,130.49,3.56,21.75,20.04,1.31,0
2019-09-30 08:10:00+00:00,72.04,18.74,218.75,3.94,31.25,20.79,1.66,0
2019-09-30 09:10:00+00:00,81.5,8.21,255.18,4.01,39.0,21.77,2.28,0
2019-09-30 10:10:00+00:00,95.56,12.73,294.27,4.76,44.02,22.65,2.69,0
2019-09-30 11:10:00+00:00,109.36,42.79,310.54,6.27,45.31,23.43,3.24,0
2019-09-30 12:10:00+00:00,97.21,103.35,222.45,7.54,42.57,23.73,3.52,0
2019-09-30 13:10:00+00:00,76.79,107.14,163.14,6.93,36.41,23.6,3.38,0
2019-09-30 14:10:00+00:00,62.47,42.98,176.25,4.54,27.92,23.56,3.1,0
2019-09-30 15:10:00+00:00,36.22,15.63,119.34,2.57,17.98,23.18,2.69,0
2019-09-30 16:10:00+00:00,9.64,1.37,43.7,0.86,7.24,22.69,2.14,0
2019-09-30 17:10:00+00:00,0.0,0.0,0.0,0.0,0.0,21.92,1.86,0
2019-09-30 18:10:00+00:00,0.0,0.0,0.0,0.0,0.0,21.28,2.0,0
2019-09-30 19:10:00+00:00,0.0,0.0,0.0,0.0,0.0,21.04,1.79,0
2019-09-30 20:10:00+00:00,0.0,0.0,0.0,0.0,0.0,20.75,1.86,0
2019-09-30 21:10:00+00:00,0.0,0.0,0.0,0.0,0.0,20.43,2.0,0
2019-09-30 22:10:00+00:00,0.0,0.0,0.0,0.0,0.0,20.17,2.0,0
2019-09-30 23:10:00+00:00,0.0,0.0,0.0,0.0,0.0,20.13,1.93,0
2019-10-01 00:10:00+00:00,0.0,0.0,0.0,0.0,0.0,20.14,1.86,0
2019-10-01 01:10:00+00:00,0.0,0.0,0.0,0.0,0.0,20.15,1.72,0
2019-10-01 02:10:00+00:00,0.0,0.0,0.0,0.0,0.0,20.01,1.59,0
2019-10-01 03:10:00+00:00,0.0,0.0,0.0,0.0,0.0,19.41,1.59,0
2019-10-01 04:10:00+00:00,0.0,0.0,0.0,0.0,0.0,19.37,1.59,0
2019-10-01 05:10:00+00:00,0.0,0.0,0.0,0.0,0.0,19.13,1.52,0
2019-10-01 06:10:00+00:00,17.3,11.65,64.02,1.59,11.04,19.53,1.52,0
2019-10-01 07:10:00+00:00,46.9,16.24,148.07,2.88,21.52,20.81,1.79,0
2019-10-01 08:10:00+00:00,69.33,13.25,215.3,3.67,30.98,21.63,2.34,0
2019-10-01 09:10:00+00:00,15.02,0.0,61.55,0.88,38.69,22.68,2.76,0
2019-10-01 10:10:00+00:00,77.42,2.57,249.04,3.68,43.66,23.6,2.97,0
2019-10-01 11:10:00+00:00,94.61,149.43,174.23,8.67,44.92,24.21,3.17,0
2019-10-01 12:10:00+00:00,94.51,105.28,214.4,7.6,42.17,24.3,3.38,0
2019-10-01 13:10:00+00:00,74.14,106.37,157.68,6.93,36.04,24.27,3.38,0
2019-10-01 14:10:00+00:00,51.33,75.71,121.48,5.31,27.56,23.8,3.17,0
2019-10-01 15:10:00+00:00,24.0,42.43,69.93,3.39,17.65,23.41,2.9,0
2019-10-01 16:10:00+00:00,7.14,1.49,34.95,1.05,6.92,22.78,2.41,0
2019-10-01 17:10:00+00:00,0.0,0.0,0.0,0.0,0.0,21.81,1.93,0
2019-10-01 18:10:00+00:00,0.0,0.0,0.0,0.0,0.0,21.07,1.66,0
2019-10-01 19:10:00+00:00,0.0,0.0,0.0,0.0,0.0,20.41,1.45,0
2019-10-01 20:10:00+00:00,0.0,0.0,0.0,0.0,0.0,19.59,1.31,0
2019-10-01 21:10:00+00:00,0.0,0.0,0.0,0.0,0.0,19.14,1.24,0
2019-10-01 22:10:00+00:00,0.0,0.0,0.0,0.0,0.0,18.63,1.38,0
2019-10-01 23:10:00+00:00,0.0,0.0,0.0,0.0,0.0,18.62,1.45,0
2019-10-02 00:10:00+00:00,0.0,0.0,0.0,0.0,0.0,18.59,1.52,0
2019-10-02 01:10:00+00:00,0.0,0.0,0.0,0.0,0.0,18.6,1.59,0
2019-10-02 02:10:00+00:00,0.0,0.0,0.0,0.0,0.0,18.71,1.59,0
2019-10-02 03:10:00+00:00,0.0,0.0,0.0,0.0,0.0,18.1,1.66,0
2019-10-02 04:10:00+00:00,0.0,0.0,0.0,0.0,0.0,17.98,1.86,0
2019-10-02 05:10:00+00:00,0.0,0.0,0.0,0.0,0.0,18.09,1.86,0
2019-10-02 06:10:00+00:00,17.5,4.39,66.93,1.25,10.83,18.44,1.86,0
2019-10-02 07:10:00+00:00,39.44,47.12,106.88,3.76,21.29,19.11,2.14,0
2019-10-02 08:10:00+00:00,56.42,110.23,102.9,6.18,30.71,19.53,3.93,0
2019-10-02 09:10:00+00:00,82.64,110.25,171.83,7.15,38.37,20.81,5.17,0
2019-10-02 10:10:00+00:00,13.66,0.0,56.89,0.82,43.3,21.59,5.24,0
2019-10-02 11:10:00+00:00,16.54,0.0,66.21,0.95,44.53,22.36,5.31,0
2019-10-02 12:10:00+00:00,66.76,0.7,215.19,3.12,41.78,20.94,4.48,0
2019-10-02 13:10:00+00:00,18.56,0.0,71.81,1.03,35.66,19.4,3.03,0
2019-10-02 14:10:00+00:00,46.95,1.26,156.13,2.3,27.21,19.13,1.72,0
2019-10-02 15:10:00+00:00,29.23,1.78,103.36,1.59,17.31,18.99,1.86,0
2019-10-02 16:10:00+00:00,1.45,0.0,13.37,0.2,6.59,19.05,2.28,0
2019-10-02 17:10:00+00:00,0.0,0.0,0.0,0.0,0.0,18.54,2.76,0
2019-10-02 18:10:00+00:00,0.0,0.0,0.0,0.0,0.0,18.03,3.03,0
2019-10-02 19:10:00+00:00,0.0,0.0,0.0,0.0,0.0,18.28,2.21,0
2019-10-02 20:10:00+00:00,0.0,0.0,0.0,0.0,0.0,18.06,3.17,0
2019-10-02 21:10:00+00:00,0.0,0.0,0.0,0.0,0.0,17.9,3.52,0
2019-10-02 22:10:00+00:00,0.0,0.0,0.0,0.0,0.0,17.67,3.45,0
2019-10-02 23:10:00+00:00,0.0,0.0,0.0,0.0,0.0,17.47,3.03,0
2019-10-03 00:10:00+00:00,0.0,0.0,0.0,0.0,0.0,17.44,2.97,0
2019-10-03 01:10:00+00:00,0.0,0.0,0.0,0.0,0.0,17.58,2.48,0
2019-10-03 02:10:00+00:00,0.0,0.0,0.0,0.0,0.0,17.56,1.79,0
2019-10-03 03:10:00+00:00,0.0,0.0,0.0,0.0,0.0,17.55,1.52,0
2019-10-03 04:10:00+00:00,0.0,0.0,0.0,0.0,0.0,17.44,1.45,0
2019-10-03 05:10:00+00:00,0.0,0.0,0.0,0.0,0.0,17.34,1.59,0
2019-10-03 06:10:00+00:00,11.08,17.49,42.66,1.86,10.62,17.33,2.07,0
2019-10-03 07:10:00+00:00,31.76,65.07,73.67,4.19,21.05,16.62,1.38,0
2019-10-03 08:10:00+00:00,58.62,96.02,121.08,6.02,30.44,18.21,1.38,0
2019-10-03 09:10:00+00:00,78.37,122.56,151.17,7.46,38.06,19.34,1.66,0
2019-10-03 10:10:00+00:00,14.0,0.0,57.82,0.83,42.94,20.46,2.07,0
2019-10-03 11:10:00+00:00,85.9,170.86,128.41,9.04,44.14,21.18,2.76,0
2019-10-03 12:10:00+00:00,98.6,76.17,244.62,6.98,41.38,19.07,4.14,0
2019-10-03 13:10:00+00:00,72.92,97.53,157.15,6.78,35.28,18.91,4.14,0
2019-10-03 14:10:00+00:00,42.02,87.45,85.66,5.56,26.86,19.55,4.14,0
2019-10-03 15:10:00+00:00,21.18,36.01,64.68,3.28,16.98,19.81,4.07,0
2019-10-03 16:10:00+00:00,7.62,0.0,36.56,0.55,6.27,19.13,4.14,0
2019-10-03 17:10:00+00:00,0.0,0.0,0.0,0.0,0.0,17.5,4.97,0
2019-10-03 18:10:00+00:00,0.0,0.0,0.0,0.0,0.0,16.2,5.24,0
2019-10-03 19:10:00+00:00,0.0,0.0,0.0,0.0,0.0,15.26,5.38,0
2019-10-03 20:10:00+00:00,0.0,0.0,0.0,0.0,0.0,14.82,5.1,0
2019-10-03 21:10:00+00:00,0.0,0.0,0.0,0.0,0.0,14.44,4.62,0
2019-10-03 22:10:00+00:00,0.0,0.0,0.0,0.0,0.0,14.05,4.34,0
2019-10-03 23:10:00+00:00,0.0,0.0,0.0,0.0,0.0,13.67,4.21,0
2019-10-04 00:10:00+00:00,0.0,0.0,0.0,0.0,0.0,13.36,3.86,0
2019-10-04 01:10:00+00:00,0.0,0.0,0.0,0.0,0.0,13.03,3.66,0
2019-10-04 02:10:00+00:00,0.0,0.0,0.0,0.0,0.0,12.73,3.52,0
2019-10-04 03:10:00+00:00,0.0,0.0,0.0,0.0,0.0,12.45,3.45,0
2019-10-04 04:10:00+00:00,0.0,0.0,0.0,0.0,0.0,12.17,3.38,0
2019-10-04 05:10:00+00:00,0.0,0.0,0.0,0.0,0.0,11.92,3.38,0
2019-10-04 06:10:00+00:00,11.08,14.94,42.75,1.86,10.41,12.09,3.24,0
2019-10-04 07:10:00+00:00,29.9,67.22,66.57,4.34,20.82,13.46,3.03,0
2019-10-04 08:10:00+00:00,50.45,124.28,75.58,6.62,30.17,15.52,3.1,0
2019-10-04 09:10:00+00:00,71.33,153.69,103.61,8.12,37.74,17.39,3.03,0
2019-10-04 10:10:00+00:00,81.33,177.99,108.73,9.12,42.57,18.91,2.55,0
2019-10-04 11:10:00+00:00,83.49,178.82,115.1,9.31,43.75,20.01,2.14,0
2019-10-04 12:10:00+00:00,83.54,134.2,156.8,8.29,40.99,20.83,2.48,0
2019-10-04 13:10:00+00:00,64.2,120.38,118.2,7.33,34.91,21.19,3.1,0
2019-10-04 14:10:00+00:00,41.72,82.07,90.86,5.57,26.5,21.23,3.17,0
2019-10-04 15:10:00+00:00,19.45,34.35,61.28,3.34,16.65,20.8,2.97,0
2019-10-04 16:10:00+00:00,5.8,0.0,30.32,0.46,5.95,19.79,2.41,0
2019-10-04 17:10:00+00:00,0.0,0.0,0.0,0.0,0.0,18.45,2.28,0
2019-10-04 18:10:00+00:00,0.0,0.0,0.0,0.0,0.0,17.17,1.93,0
2019-10-04 19:10:00+00:00,0.0,0.0,0.0,0.0,0.0,16.11,1.59,0
2019-10-04 20:10:00+00:00,0.0,0.0,0.0,0.0,0.0,16.27,1.03,0
2019-10-04 21:10:00+00:00,0.0,0.0,0.0,0.0,0.0,17.29,0.55,0
2019-10-04 22:10:00+00:00,0.0,0.0,0.0,0.0,0.0,16.9,0.69,0
2019-10-04 23:10:00+00:00,0.0,0.0,0.0,0.0,0.0,16.38,0.9,0
2019-10-05 00:10:00+00:00,0.0,0.0,0.0,0.0,0.0,16.19,0.97,0
2019-10-05 01:10:00+00:00,0.0,0.0,0.0,0.0,0.0,15.27,1.24,0
2019-10-05 02:10:00+00:00,0.0,0.0,0.0,0.0,0.0,15.17,1.45,0
2019-10-05 03:10:00+00:00,0.0,0.0,0.0,0.0,0.0,15.5,1.86,0
2019-10-05 04:10:00+00:00,0.0,0.0,0.0,0.0,0.0,15.5,2.21,0
2019-10-05 05:10:00+00:00,0.0,0.0,0.0,0.0,0.0,15.63,2.34,0
2019-10-05 06:10:00+00:00,14.28,7.04,55.83,1.53,10.19,15.8,2.21,0
2019-10-05 07:10:00+00:00,28.58,58.07,70.3,4.1,20.58,16.56,1.79,0
2019-10-05 08:10:00+00:00,47.33,112.91,78.43,6.32,29.9,18.21,1.72,0
2019-10-05 09:10:00+00:00,68.62,136.4,113.89,7.7,37.43,19.45,1.59,0
2019-10-05 10:10:00+00:00,83.61,135.96,155.75,8.29,42.21,20.83,1.17,0
2019-10-05 11:10:00+00:00,89.06,122.83,185.0,8.23,43.36,21.72,0.41,0
2019-10-05 12:10:00+00:00,87.78,90.97,210.08,7.32,40.6,22.07,0.62,0
2019-10-05 13:10:00+00:00,10.44,0.0,46.63,0.67,34.54,22.25,1.03,0
2019-10-05 14:10:00+00:00,51.71,3.91,171.14,2.68,26.15,22.24,1.45,0
2019-10-05 15:10:00+00:00,31.5,6.47,109.91,2.12,16.31,21.89,1.72,0
2019-10-05 16:10:00+00:00,6.75,0.0,33.88,0.51,5.64,21.22,1.52,0
2019-10-05 17:10:00+00:00,0.0,0.0,0.0,0.0,0.0,20.28,1.31,0
2019-10-05 18:10:00+00:00,0.0,0.0,0.0,0.0,0.0,19.3,0.9,0
2019-10-05 19:10:00+00:00,0.0,0.0,0.0,0.0,0.0,19.92,0.34,0
2019-10-05 20:10:00+00:00,0.0,0.0,0.0,0.0,0.0,19.52,0.41,0
2019-10-05 21:10:00+00:00,0.0,0.0,0.0,0.0,0.0,18.49,0.9,0
2019-10-05 22:10:00+00:00,0.0,0.0,0.0,0.0,0.0,16.85,1.45,0
2019-10-05 23:10:00+00:00,0.0,0.0,0.0,0.0,0.0,16.5,1.66,0
2019-10-06 00:10:00+00:00,0.0,0.0,0.0,0.0,0.0,15.95,1.52,0
2019-10-06 01:10:00+00:00,0.0,0.0,0.0,0.0,0.0,15.31,1.45,0
2019-10-06 02:10:00+00:00,0.0,0.0,0.0,0.0,0.0,14.83,1.38,0
2019-10-06 03:10:00+00:00,0.0,0.0,0.0,0.0,0.0,14.52,1.52,0
2019-10-06 04:10:00+00:00,0.0,0.0,0.0,0.0,0.0,14.29,1.59,0
2019-10-06 05:10:00+00:00,0.0,0.0,0.0,0.0,0.0,14.01,1.59,0
2019-10-06 06:10:00+00:00,10.96,7.74,44.98,1.63,9.98,14.18,1.38,0
2019-10-06 07:10:00+00:00,27.08,54.3,69.1,4.05,20.34,16.79,1.03,0
2019-10-06 08:10:00+00:00,56.6,74.38,134.56,5.63,29.62,18.65,0.76,0
2019-10-06 09:10:00+00:00,66.62,129.84,116.12,7.61,37.11,20.29,0.69,0
2019-10-06 10:10:00+00:00,74.64,160.23,110.67,8.72,41.85,21.24,1.03,0
2019-10-06 11:10:00+00:00,79.1,152.57,129.39,8.75,42.97,21.67,1.52,0
2019-10-06 12:10:00+00:00,95.52,45.07,268.94,6.1,40.21,21.86,2.0,0
2019-10-06 13:10:00+00:00,70.64,5.78,225.38,3.54,34.17,21.91,2.21,0
2019-10-06 14:10:00+00:00,38.06,68.66,91.26,5.23,25.81,21.46,2.14,0
2019-10-06 15:10:00+00:00,23.08,18.05,80.02,2.8,15.99,21.17,2.0,0
2019-10-06 16:10:00+00:00,6.03,0.0,31.21,0.47,5.32,20.05,1.03,0
2019-10-06 17:10:00+00:00,0.0,0.0,0.0,0.0,0.0,19.31,0.48,0
2019-10-06 18:10:00+00:00,0.0,0.0,0.0,0.0,0.0,18.65,1.1,0
2019-10-06 19:10:00+00:00,0.0,0.0,0.0,0.0,0.0,19.36,0.48,0
2019-10-06 20:10:00+00:00,0.0,0.0,0.0,0.0,0.0,18.79,0.69,0
2019-10-06 21:10:00+00:00,0.0,0.0,0.0,0.0,0.0,18.19,0.83,0
2019-10-06 22:10:00+00:00,0.0,0.0,0.0,0.0,0.0,17.37,0.9,0
2019-10-06 23:10:00+00:00,0.0,0.0,0.0,0.0,0.0,17.04,0.9,0
2019-10-07 00:10:00+00:00,0.0,0.0,0.0,0.0,0.0,16.27,1.24,0
2019-10-07 01:10:00+00:00,0.0,0.0,0.0,0.0,0.0,15.97,1.31,0
2019-10-07 02:10:00+00:00,0.0,0.0,0.0,0.0,0.0,15.9,1.66,0
2019-10-07 03:10:00+00:00,0.0,0.0,0.0,0.0,0.0,15.57,1.79,0
2019-10-07 04:10:00+00:00,0.0,0.0,0.0,0.0,0.0,15.11,1.66,0
2019-10-07 05:10:00+00:00,0.0,0.0,0.0,0.0,0.0,15.25,1.93,0
2019-10-07 06:10:00+00:00,0.81,0.0,10.26,0.15,9.76,15.37,2.55,0
2019-10-07 07:10:00+00:00,7.68,0.0,36.37,0.52,20.1,16.01,2.28,0
2019-10-07 08:10:00+00:00,19.4,0.0,73.67,1.06,29.35,16.96,2.48,0
2019-10-07 09:10:00+00:00,57.85,0.32,187.33,2.71,36.79,17.71,2.62,0
2019-10-07 10:10:00+00:00,97.06,65.84,251.27,6.82,41.49,18.84,2.48,0
2019-10-07 11:10:00+00:00,80.79,135.64,147.25,8.45,42.58,19.96,1.93,0
2019-10-07 12:10:00+00:00,74.22,120.32,144.89,7.89,39.82,21.07,1.79,0
2019-10-07 13:10:00+00:00,66.56,75.18,162.76,6.31,33.8,21.29,2.41,0
2019-10-07 14:10:00+00:00,29.03,78.99,59.48,5.44,25.46,21.46,2.76,0
2019-10-07 15:10:00+00:00,16.68,20.6,59.74,2.96,15.66,21.28,2.97,0
2019-10-07 16:10:00+00:00,5.53,0.0,29.42,0.44,5.01,20.43,3.24,0
2019-10-07 17:10:00+00:00,0.0,0.0,0.0,0.0,0.0,19.0,3.24,0
2019-10-07 18:10:00+00:00,0.0,0.0,0.0,0.0,0.0,17.78,3.24,0
2019-10-07 19:10:00+00:00,0.0,0.0,0.0,0.0,0.0,17.18,3.45,0
2019-10-07 20:10:00+00:00,0.0,0.0,0.0,0.0,0.0,16.48,3.31,0
2019-10-07 21:10:00+00:00,0.0,0.0,0.0,0.0,0.0,15.88,3.45,0
2019-10-07 22:10:00+00:00,0.0,0.0,0.0,0.0,0.0,15.34,3.52,0
2019-10-07 23:10:00+00:00,0.0,0.0,0.0,0.0,0.0,14.8,3.45,0
2019-10-08 00:10:00+00:00,0.0,0.0,0.0,0.0,0.0,14.33,3.45,0
2019-10-08 01:10:00+00:00,0.0,0.0,0.0,0.0,0.0,13.85,3.31,0
2019-10-08 02:10:00+00:00,0.0,0.0,0.0,0.0,0.0,13.45,3.17,0
2019-10-08 03:10:00+00:00,0.0,0.0,0.0,0.0,0.0,13.1,3.17,0
2019-10-08 04:10:00+00:00,0.0,0.0,0.0,0.0,0.0,12.81,3.17,0
2019-10-08 05:10:00+00:00,0.0,0.0,0.0,0.0,0.0,12.55,3.1,0
2019-10-08 06:10:00+00:00,8.86,3.92,38.63,1.65,9.54,12.64,2.69,0
2019-10-08 07:10:00+00:00,23.53,51.14,60.97,4.11,19.86,14.0,2.62,0
2019-10-08 08:10:00+00:00,42.93,101.36,76.62,6.3,29.07,16.41,2.21,0
2019-10-08 09:10:00+00:00,60.16,137.84,91.66,7.89,36.47,18.78,1.59,0
2019-10-08 10:10:00+00:00,69.37,161.93,96.06,8.9,41.13,20.54,0.83,0
2019-10-08 11:10:00+00:00,74.6,151.17,120.57,8.88,42.2,21.51,0.76,0
2019-10-08 12:10:00+00:00,74.7,113.62,154.6,7.9,39.44,22.0,1.1,0
2019-10-08 13:10:00+00:00,52.84,106.51,102.33,7.09,33.43,22.15,1.31,0
2019-10-08 14:10:00+00:00,32.2,66.85,77.69,5.31,25.12,22.0,1.66,0
2019-10-08 15:10:00+00:00,15.52,18.0,57.37,2.99,15.33,21.38,1.86,0
2019-10-08 16:10:00+00:00,4.79,0.0,26.75,0.4,4.69,20.3,1.59,0
2019-10-08 17:10:00+00:00,0.0,0.0,0.0,0.0,0.0,18.85,1.17,0
2019-10-08 18:10:00+00:00,0.0,0.0,0.0,0.0,0.0,18.17,0.83,0
2019-10-08 19:10:00+00:00,0.0,0.0,0.0,0.0,0.0,18.29,0.9,0
2019-10-08 20:10:00+00:00,0.0,0.0,0.0,0.0,0.0,17.98,0.9,0
2019-10-08 21:10:00+00:00,0.0,0.0,0.0,0.0,0.0,17.28,0.97,0
2019-10-08 22:10:00+00:00,0.0,0.0,0.0,0.0,0.0,15.58,1.38,0
2019-10-08 23:10:00+00:00,0.0,0.0,0.0,0.0,0.0,14.39,1.79,0
2019-10-09 00:10:00+00:00,0.0,0.0,0.0,0.0,0.0,14.02,1.93,0
2019-10-09 01:10:00+00:00,0.0,0.0,0.0,0.0,0.0,13.57,1.86,0
2019-10-09 02:10:00+00:00,0.0,0.0,0.0,0.0,0.0,13.11,1.79,0
2019-10-09 03:10:00+00:00,0.0,0.0,0.0,0.0,0.0,12.72,1.79,0
2019-10-09 04:10:00+00:00,0.0,0.0,0.0,0.0,0.0,12.39,1.79,0
2019-10-09 05:10:00+00:00,0.0,0.0,0.0,0.0,0.0,12.06,1.72,0
2019-10-09 06:10:00+00:00,8.61,1.38,38.05,1.57,9.33,12.17,1.66,0
2019-10-09 07:10:00+00:00,23.17,44.26,64.81,3.95,19.62,15.76,1.17,0
2019-10-09 08:10:00+00:00,41.1,92.98,80.17,6.12,28.8,19.25,1.31,0
2019-10-09 09:10:00+00:00,57.43,130.8,91.87,7.74,36.15,20.65,1.86,0
2019-10-09 10:10:00+00:00,66.98,154.35,96.32,8.74,40.77,21.45,2.14,0
2019-10-09 11:10:00+00:00,72.44,144.21,120.14,8.72,41.81,22.02,2.34,0
2019-10-09 12:10:00+00:00,73.0,107.67,154.21,7.76,39.05,22.34,2.76,0
2019-10-09 13:10:00+00:00,48.74,106.02,91.41,7.06,33.06,22.28,2.97,0
2019-10-09 14:10:00+00:00,30.86,61.0,77.88,5.17,24.77,21.97,2.97,0
2019-10-09 15:10:00+00:00,15.15,13.96,57.59,2.88,15.01,21.38,2.69,0
2019-10-09 16:10:00+00:00,4.3,0.0,24.97,0.38,4.38,20.4,2.14,0
2019-10-09 17:10:00+00:00,0.0,0.0,0.0,0.0,0.0,19.13,2.0,0
2019-10-09 18:10:00+00:00,0.0,0.0,0.0,0.0,0.0,18.29,2.0,0
2019-10-09 19:10:00+00:00,0.0,0.0,0.0,0.0,0.0,17.97,2.0,0
2019-10-09 20:10:00+00:00,0.0,0.0,0.0,0.0,0.0,16.96,1.59,0
2019-10-09 21:10:00+00:00,0.0,0.0,0.0,0.0,0.0,16.26,1.59,0
2019-10-09 22:10:00+00:00,0.0,0.0,0.0,0.0,0.0,15.74,1.86,0
2019-10-09 23:10:00+00:00,0.0,0.0,0.0,0.0,0.0,15.34,1.86,0
2019-10-10 00:10:00+00:00,0.0,0.0,0.0,0.0,0.0,14.92,1.66,0
2019-10-10 01:10:00+00:00,0.0,0.0,0.0,0.0,0.0,14.57,1.52,0
2019-10-10 02:10:00+00:00,0.0,0.0,0.0,0.0,0.0,14.62,1.45,0
2019-10-10 03:10:00+00:00,0.0,0.0,0.0,0.0,0.0,14.78,1.52,0
2019-10-10 04:10:00+00:00,0.0,0.0,0.0,0.0,0.0,15.02,1.52,0
2019-10-10 05:10:00+00:00,0.0,0.0,0.0,0.0,0.0,15.08,1.66,0
2019-10-10 06:10:00+00:00,12.43,0.0,51.72,0.78,9.11,15.47,1.59,0
2019-10-10 07:10:00+00:00,38.12,14.96,123.71,2.95,19.38,17.86,1.31,0
2019-10-10 08:10:00+00:00,58.66,42.72,165.17,4.9,28.52,19.8,1.93,0
2019-10-10 09:10:00+00:00,83.95,19.04,253.7,4.69,35.83,20.73,2.76,0
2019-10-10 10:10:00+00:00,95.26,20.82,285.63,5.21,40.41,21.44,3.45,0
2019-10-10 11:10:00+00:00,23.81,0.0,88.6,1.27,41.43,21.58,3.79,0
2019-10-10 12:10:00+00:00,88.78,14.22,271.65,4.69,38.67,21.51,3.59,0
2019-10-10 13:10:00+00:00,37.38,0.0,129.63,1.86,32.7,21.59,3.24,0
2019-10-10 14:10:00+00:00,43.96,32.64,132.54,4.33,24.43,21.44,2.69,0
2019-10-10 15:10:00+00:00,17.04,8.92,64.96,2.65,14.69,21.05,2.28,0
2019-10-10 16:10:00+00:00,3.83,0.0,23.18,0.35,4.08,20.51,1.79,0
2019-10-10 17:10:00+00:00,0.0,0.0,0.0,0.0,0.0,19.41,1.59,0
2019-10-10 18:10:00+00:00,0.0,0.0,0.0,0.0,0.0,18.2,1.24,0
2019-10-10 19:10:00+00:00,0.0,0.0,0.0,0.0,0.0,17.72,1.17,0
2019-10-10 20:10:00+00:00,0.0,0.0,0.0,0.0,0.0,16.57,1.59,0
2019-10-10 21:10:00+00:00,0.0,0.0,0.0,0.0,0.0,16.07,1.66,0
2019-10-10 22:10:00+00:00,0.0,0.0,0.0,0.0,0.0,15.69,1.72,0
2019-10-10 23:10:00+00:00,0.0,0.0,0.0,0.0,0.0,15.59,1.72,0
2019-10-11 00:10:00+00:00,0.0,0.0,0.0,0.0,0.0,15.19,1.79,0
2019-10-11 01:10:00+00:00,0.0,0.0,0.0,0.0,0.0,14.87,1.66,0
2019-10-11 02:10:00+00:00,0.0,0.0,0.0,0.0,0.0,14.46,1.66,0
2019-10-11 03:10:00+00:00,0.0,0.0,0.0,0.0,0.0,14.23,1.66,0
2019-10-11 04:10:00+00:00,0.0,0.0,0.0,0.0,0.0,13.92,1.72,0
2019-10-11 05:10:00+00:00,0.0,0.0,0.0,0.0,0.0,13.72,1.72,0
2019-10-11 06:10:00+00:00,11.4,0.0,48.15,0.72,8.89,13.99,1.66,0
2019-10-11 07:10:00+00:00,21.5,35.67,65.26,3.8,19.13,16.08,1.38,0
2019-10-11 08:10:00+00:00,37.48,83.33,78.12,5.96,28.24,18.83,1.03,0
2019-10-11 09:10:00+00:00,53.18,119.98,91.21,7.58,35.51,20.93,0.62,0
2019-10-11 10:10:00+00:00,62.76,140.21,99.82,8.51,40.05,22.23,0.62,0
2019-10-11 11:10:00+00:00,85.63,79.4,216.15,7.38,41.05,23.08,1.03,0
2019-10-11 12:10:00+00:00,77.1,75.85,195.26,7.05,38.29,23.5,1.45,0
2019-10-11 13:10:00+00:00,48.11,86.78,106.8,6.69,32.34,23.59,1.59,0
2019-10-11 14:10:00+00:00,24.19,56.75,62.95,5.13,24.1,23.35,1.66,0
2019-10-11 15:10:00+00:00,15.96,6.22,62.62,2.61,14.37,22.68,1.86,0
2019-10-11 16:10:00+00:00,3.34,0.0,21.4,0.32,3.77,21.57,1.66,0
2019-10-11 17:10:00+00:00,0.0,0.0,0.0,0.0,0.0,20.25,1.31,0
2019-10-11 18:10:00+00:00,0.0,0.0,0.0,0.0,0.0,19.7,0.41,0
2019-10-11 19:10:00+00:00,0.0,0.0,0.0,0.0,0.0,19.54,0.69,0
2019-10-11 20:10:00+00:00,0.0,0.0,0.0,0.0,0.0,17.67,1.17,0
2019-10-11 21:10:00+00:00,0.0,0.0,0.0,0.0,0.0,16.58,1.45,0
2019-10-11 22:10:00+00:00,0.0,0.0,0.0,0.0,0.0,15.73,1.59,0
2019-10-11 23:10:00+00:00,0.0,0.0,0.0,0.0,0.0,15.2,1.52,0
2019-10-12 00:10:00+00:00,0.0,0.0,0.0,0.0,0.0,14.73,1.45,0
2019-10-12 01:10:00+00:00,0.0,0.0,0.0,0.0,0.0,14.26,1.52,0
2019-10-12 02:10:00+00:00,0.0,0.0,0.0,0.0,0.0,13.9,1.59,0
2019-10-12 03:10:00+00:00,0.0,0.0,0.0,0.0,0.0,13.61,1.59,0
2019-10-12 04:10:00+00:00,0.0,0.0,0.0,0.0,0.0,13.4,1.66,0
2019-10-12 05:10:00+00:00,0.0,0.0,0.0,0.0,0.0,13.21,1.66,0
2019-10-12 06:10:00+00:00,12.85,0.0,52.61,0.79,8.66,13.31,1.52,0
2019-10-12 07:10:00+00:00,37.8,10.35,124.54,2.76,18.89,16.6,1.1,0
2019-10-12 08:10:00+00:00,37.28,76.61,83.24,5.88,27.96,19.76,1.52,0
2019-10-12 09:10:00+00:00,53.05,111.91,97.16,7.48,35.19,21.07,2.62,0
2019-10-12 10:10:00+00:00,77.79,90.7,181.62,7.56,39.69,21.87,2.97,0
2019-10-12 11:10:00+00:00,81.02,89.01,192.27,7.65,40.67,22.25,3.17,0
2019-10-12 12:10:00+00:00,76.82,71.98,195.28,6.97,37.92,22.41,3.38,0
2019-10-12 13:10:00+00:00,55.31,66.4,141.04,6.24,31.98,22.29,3.38,0
2019-10-12 14:10:00+00:00,25.7,48.56,71.74,4.97,23.76,21.59,3.1,0
2019-10-12 15:10:00+00:00,13.25,3.86,53.73,2.65,14.06,21.03,2.76,0
2019-10-12 16:10:00+00:00,2.92,0.0,19.62,0.29,3.47,20.17,2.0,0
2019-10-12 17:10:00+00:00,0.0,0.0,0.0,0.0,0.0,19.05,1.45,0
2019-10-12 18:10:00+00:00,0.0,0.0,0.0,0.0,0.0,18.21,0.83,0
2019-10-12 19:10:00+00:00,0.0,0.0,0.0,0.0,0.0,17.79,1.03,0
2019-10-12 20:10:00+00:00,0.0,0.0,0.0,0.0,0.0,16.89,1.24,0
2019-10-12 21:10:00+00:00,0.0,0.0,0.0,0.0,0.0,16.27,1.31,0
2019-10-12 22:10:00+00:00,0.0,0.0,0.0,0.0,0.0,15.5,1.45,0
2019-10-12 23:10:00+00:00,0.0,0.0,0.0,0.0,0.0,15.03,1.72,0
2019-10-13 00:10:00+00:00,0.0,0.0,0.0,0.0,0.0,14.83,1.79,0
2019-10-13 01:10:00+00:00,0.0,0.0,0.0,0.0,0.0,14.57,1.79,0
2019-10-13 02:10:00+00:00,0.0,0.0,0.0,0.0,0.0,14.41,1.79,0
2019-10-13 03:10:00+00:00,0.0,0.0,0.0,0.0,0.0,14.17,1.79,0
2019-10-13 04:10:00+00:00,0.0,0.0,0.0,0.0,0.0,14.07,1.72,0
2019-10-13 05:10:00+00:00,0.0,0.0,0.0,0.0,0.0,13.73,1.86,0
2019-10-13 06:10:00+00:00,11.98,0.0,49.93,0.75,8.44,13.65,1.79,0
2019-10-13 07:10:00+00:00,15.31,32.67,48.94,3.83,18.64,16.04,1.31,0
2019-10-13 08:10:00+00:00,39.57,64.46,97.89,5.6,27.68,18.85,1.31,0
2019-10-13 09:10:00+00:00,50.17,107.54,93.3,7.37,34.87,20.35,1.1,0
2019-10-13 10:10:00+00:00,64.66,112.96,128.58,8.01,39.33,21.5,0.41,0
2019-10-13 11:10:00+00:00,67.59,111.28,139.09,8.12,40.29,22.34,0.21,0
2019-10-13 12:10:00+00:00,64.41,90.47,148.42,7.41,37.54,22.9,0.62,0
2019-10-13 13:10:00+00:00,55.06,57.78,148.53,5.99,31.63,23.06,1.03,0
2019-10-13 14:10:00+00:00,23.69,44.08,69.38,4.86,23.43,22.94,1.1,0
2019-10-13 15:10:00+00:00,11.94,0.73,50.08,2.59,13.75,22.51,1.17,0
2019-10-13 16:10:00+00:00,0.0,0.0,5.35,0.08,3.17,21.51,1.45,0
2019-10-13 17:10:00+00:00,0.0,0.0,0.0,0.0,0.0,20.28,1.1,0
2019-10-13 18:10:00+00:00,0.0,0.0,0.0,0.0,0.0,19.91,0.62,0
2019-10-13 19:10:00+00:00,0.0,0.0,0.0,0.0,0.0,18.78,0.97,0
2019-10-13 20:10:00+00:00,0.0,0.0,0.0,0.0,0.0,17.92,1.17,0
2019-10-13 21:10:00+00:00,0.0,0.0,0.0,0.0,0.0,17.4,1.31,0
2019-10-13 22:10:00+00:00,0.0,0.0,0.0,0.0,0.0,16.96,1.45,0
2019-10-13 23:10:00+00:00,0.0,0.0,0.0,0.0,0.0,16.77,1.66,0
2019-10-14 00:10:00+00:00,0.0,0.0,0.0,0.0,0.0,16.62,1.66,0
2019-10-14 01:10:00+00:00,0.0,0.0,0.0,0.0,0.0,16.52,1.66,0
2019-10-14 02:10:00+00:00,0.0,0.0,0.0,0.0,0.0,16.34,1.66,0
2019-10-14 03:10:00+00:00,0.0,0.0,0.0,0.0,0.0,16.13,1.59,0
2019-10-14 04:10:00+00:00,0.0,0.0,0.0,0.0,0.0,15.87,1.52,0
2019-10-14 05:10:00+00:00,0.0,0.0,0.0,0.0,0.0,15.75,1.52,0
2019-10-14 06:10:00+00:00,11.58,0.0,49.04,0.74,8.22,15.66,1.52,0
2019-10-14 07:10:00+00:00,28.04,15.84,94.53,3.18,18.39,17.55,1.17,0
2019-10-14 08:10:00+00:00,48.54,42.07,138.86,4.97,27.4,19.95,1.24,0
2019-10-14 09:10:00+00:00,55.29,85.64,125.47,6.9,34.55,21.3,1.38,0
2019-10-14 10:10:00+00:00,72.55,83.77,174.78,7.36,38.98,22.09,1.38,0
2019-10-14 11:10:00+00:00,70.0,95.72,158.58,7.77,39.91,23.01,1.45,0
2019-10-14 12:10:00+00:00,69.41,70.62,178.31,6.9,37.17,23.38,1.59,0
2019-10-14 13:10:00+00:00,60.7,2.72,199.3,3.05,31.27,22.97,1.86,0
2019-10-14 14:10:00+00:00,48.3,9.47,159.23,3.27,23.1,22.71,2.14,0
2019-10-14 15:10:00+00:00,23.33,0.0,87.38,1.31,13.44,22.07,2.28,0
2019-10-14 16:10:00+00:00,1.83,0.0,15.16,0.23,2.88,21.26,1.86,0
2019-10-14 17:10:00+00:00,0.0,0.0,0.0,0.0,0.0,20.2,1.59,0
2019-10-14 18:10:00+00:00,0.0,0.0,0.0,0.0,0.0,19.44,1.24,0
2019-10-14 19:10:00+00:00,0.0,0.0,0.0,0.0,0.0,18.76,1.24,0
2019-10-14 20:10:00+00:00,0.0,0.0,0.0,0.0,0.0,18.43,1.45,0
2019-10-14 21:10:00+00:00,0.0,0.0,0.0,0.0,0.0,18.25,1.93,0
2019-10-14 22:10:00+00:00,0.0,0.0,0.0,0.0,0.0,17.8,1.93,0
2019-10-14 23:10:00+00:00,0.0,0.0,0.0,0.0,0.0,17.26,1.86,0
2019-10-15 00:10:00+00:00,0.0,0.0,0.0,0.0,0.0,16.31,1.86,0
2019-10-15 01:10:00+00:00,0.0,0.0,0.0,0.0,0.0,15.87,1.86,0
2019-10-15 02:10:00+00:00,0.0,0.0,0.0,0.0,0.0,15.48,1.93,0
2019-10-15 03:10:00+00:00,0.0,0.0,0.0,0.0,0.0,15.42,2.14,0
2019-10-15 04:10:00+00:00,0.0,0.0,0.0,0.0,0.0,15.48,2.34,0
2019-10-15 05:10:00+00:00,0.0,0.0,0.0,0.0,0.0,15.23,2.48,0
2019-10-15 06:10:00+00:00,10.49,0.0,45.47,0.68,7.99,15.37,2.41,0
2019-10-15 07:10:00+00:00,23.07,16.35,79.44,3.26,18.14,17.32,2.69,0
2019-10-15 08:10:00+00:00,48.64,36.32,141.85,4.76,27.12,19.15,2.83,0
2019-10-15 09:10:00+00:00,10.26,0.0,45.7,0.66,34.23,20.86,3.31,0
2019-10-15 10:10:00+00:00,23.46,0.0,87.66,1.26,38.62,22.08,4.34,0
2019-10-15 11:10:00+00:00,56.86,0.26,187.32,2.71,39.54,22.14,4.83,0
2019-10-15 12:10:00+00:00,67.85,1.99,218.79,3.27,36.8,22.45,5.31,0
2019-10-15 13:10:00+00:00,45.19,0.22,152.8,2.21,30.92,22.38,5.66,0
2019-10-15 14:10:00+00:00,38.43,0.73,132.46,1.98,22.77,22.22,5.59,0
2019-10-15 15:10:00+00:00,17.39,0.0,68.66,1.03,13.13,21.62,5.03,0
2019-10-15 16:10:00+00:00,0.08,0.0,6.24,0.09,2.59,20.86,4.62,0
2019-10-15 17:10:00+00:00,0.0,0.0,0.0,0.0,0.0,19.84,4.07,0
2019-10-15 18:10:00+00:00,0.0,0.0,0.0,0.0,0.0,19.07,3.52,0
2019-10-15 19:10:00+00:00,0.0,0.0,0.0,0.0,0.0,18.4,3.72,0
2019-10-15 20:10:00+00:00,0.0,0.0,0.0,0.0,0.0,18.12,3.52,0
2019-10-15 21:10:00+00:00,0.0,0.0,0.0,0.0,0.0,17.77,3.38,0
2019-10-15 22:10:00+00:00,0.0,0.0,0.0,0.0,0.0,17.72,3.03,0
2019-10-15 23:10:00+00:00,0.0,0.0,0.0,0.0,0.0,17.86,2.62,0
2019-10-16 00:10:00+00:00,0.0,0.0,0.0,0.0,0.0,17.81,2.21,0
2019-10-16 01:10:00+00:00,0.0,0.0,0.0,0.0,0.0,17.77,2.0,0
2019-10-16 02:10:00+00:00,0.0,0.0,0.0,0.0,0.0,17.41,1.93,0
2019-10-16 03:10:00+00:00,0.0,0.0,0.0,0.0,0.0,17.26,1.86,0
2019-10-16 04:10:00+00:00,0.0,0.0,0.0,0.0,0.0,17.16,1.72,0
2019-10-16 05:10:00+00:00,0.0,0.0,0.0,0.0,0.0,16.77,1.66,0
2019-10-16 06:10:00+00:00,9.34,0.0,41.91,0.63,7.77,16.14,1.66,0
2019-10-16 07:10:00+00:00,15.9,18.65,57.18,3.58,17.89,17.41,1.38,0
2019-10-16 08:10:00+00:00,30.58,60.84,76.45,5.68,26.84,18.87,1.93,0
2019-10-16 09:10:00+00:00,56.32,73.63,136.81,6.75,33.91,19.75,2.83,0
2019-10-16 10:10:00+00:00,90.31,28.45,266.12,5.65,38.27,20.49,2.9,0
2019-10-16 11:10:00+00:00,85.1,52.76,233.31,6.71,39.17,20.64,2.69,0
2019-10-16 12:10:00+00:00,61.76,77.12,150.08,7.19,36.43,20.96,2.48,0
2019-10-16 13:10:00+00:00,41.57,63.37,105.92,6.3,30.57,20.86,2.28,0
2019-10-16 14:10:00+00:00,23.42,29.09,76.09,4.58,22.45,20.75,2.0,0
2019-10-16 15:10:00+00:00,18.59,0.0,72.22,1.09,12.83,20.39,1.66,0
2019-10-16 16:10:00+00:00,0.88,0.0,10.7,0.16,2.3,19.58,1.31,0
2019-10-16 17:10:00+00:00,0.0,0.0,0.0,0.0,0.0,18.25,1.1,0
2019-10-16 18:10:00+00:00,0.0,0.0,0.0,0.0,0.0,18.45,0.55,0
2019-10-16 19:10:00+00:00,0.0,0.0,0.0,0.0,0.0,18.32,0.48,0
2019-10-16 20:10:00+00:00,0.0,0.0,0.0,0.0,0.0,17.22,0.83,0
2019-10-16 21:10:00+00:00,0.0,0.0,0.0,0.0,0.0,16.34,1.1,0
2019-10-16 22:10:00+00:00,0.0,0.0,0.0,0.0,0.0,15.77,1.17,0
2019-10-16 23:10:00+00:00,0.0,0.0,0.0,0.0,0.0,15.06,1.31,0
2019-10-17 00:10:00+00:00,0.0,0.0,0.0,0.0,0.0,14.44,1.45,0
2019-10-17 01:10:00+00:00,0.0,0.0,0.0,0.0,0.0,13.96,1.45,0
2019-10-17 02:10:00+00:00,0.0,0.0,0.0,0.0,0.0,13.51,1.52,0
2019-10-17 03:10:00+00:00,0.0,0.0,0.0,0.0,0.0,13.12,1.59,0
2019-10-17 04:10:00+00:00,0.0,0.0,0.0,0.0,0.0,12.82,1.52,0
2019-10-17 05:10:00+00:00,0.0,0.0,0.0,0.0,0.0,12.52,1.52,0
2019-10-17 06:10:00+00:00,9.25,0.0,41.02,0.62,7.54,12.49,1.45,0
2019-10-17 07:10:00+00:00,31.07,6.48,105.96,2.76,17.64,15.03,1.03,0
2019-10-17 08:10:00+00:00,28.53,56.95,73.19,5.6,26.55,17.8,0.83,0
2019-10-17 09:10:00+00:00,40.43,94.79,78.35,7.26,33.59,19.44,0.62,0
2019-10-17 10:10:00+00:00,50.2,112.57,90.15,8.13,37.91,20.52,0.9,0
2019-10-17 11:10:00+00:00,56.08,105.08,112.39,8.11,38.8,21.21,1.31,0
2019-10-17 12:10:00+00:00,47.05,95.98,96.11,7.66,36.06,21.61,1.59,0
2019-10-17 13:10:00+00:00,33.12,68.09,79.83,6.44,30.23,21.67,1.72,0
2019-10-17 14:10:00+00:00,19.77,26.74,66.5,4.56,22.13,21.46,2.0,0
2019-10-17 15:10:00+00:00,16.28,0.0,65.09,0.98,12.53,20.81,2.28,0
2019-10-17 16:10:00+00:00,0.0,0.0,0.0,0.0,0.0,19.71,1.86,0
2019-10-17 17:10:00+00:00,0.0,0.0,0.0,0.0,0.0,18.49,1.52,0
2019-10-17 18:10:00+00:00,0.0,0.0,0.0,0.0,0.0,17.26,1.1,0
2019-10-17 19:10:00+00:00,0.0,0.0,0.0,0.0,0.0,17.56,0.69,0
2019-10-17 20:10:00+00:00,0.0,0.0,0.0,0.0,0.0,16.97,0.76,0
2019-10-17 21:10:00+00:00,0.0,0.0,0.0,0.0,0.0,16.02,0.97,0
2019-10-17 22:10:00+00:00,0.0,0.0,0.0,0.0,0.0,15.12,1.17,0
2019-10-17 23:10:00+00:00,0.0,0.0,0.0,0.0,0.0,14.29,1.24,0
2019-10-18 00:10:00+00:00,0.0,0.0,0.0,0.0,0.0,13.76,1.31,0
2019-10-18 01:10:00+00:00,0.0,0.0,0.0,0.0,0.0,13.31,1.31,0
2019-10-18 02:10:00+00:00,0.0,0.0,0.0,0.0,0.0,12.8,1.45,0
2019-10-18 03:10:00+00:00,0.0,0.0,0.0,0.0,0.0,12.36,1.52,0
2019-10-18 04:10:00+00:00,0.0,0.0,0.0,0.0,0.0,12.05,1.59,0
2019-10-18 05:10:00+00:00,0.0,0.0,0.0,0.0,0.0,11.81,1.66,0
2019-10-18 06:10:00+00:00,9.28,0.0,41.02,0.62,7.32,11.78,1.59,0
2019-10-18 07:10:00+00:00,15.66,10.87,58.16,3.34,17.39,14.38,0.97,0
2019-10-18 08:10:00+00:00,27.55,50.73,74.21,5.4,26.27,17.45,0.69,0
2019-10-18 09:10:00+00:00,38.7,87.2,79.34,7.03,33.27,19.15,0.28,0
2019-10-18 10:10:00+00:00,46.43,108.52,83.21,7.98,37.56,20.15,0.48,0
2019-10-18 11:10:00+00:00,52.31,101.1,105.21,7.94,38.43,20.81,1.03,0
2019-10-18 12:10:00+00:00,43.21,92.06,88.38,7.5,35.7,21.17,1.59,0
2019-10-18 13:10:00+00:00,30.36,63.59,75.0,6.3,29.89,21.25,1.79,0
2019-10-18 14:10:00+00:00,20.83,20.95,72.06,4.33,21.81,20.99,1.79,0
2019-10-18 15:10:00+00:00,15.74,0.0,63.31,0.95,12.23,20.5,1.79,0
2019-10-18 16:10:00+00:00,0.0,0.0,0.0,0.0,0.0,19.55,1.72,0
2019-10-18 17:10:00+00:00,0.0,0.0,0.0,0.0,0.0,18.39,1.66,0
2019-10-18 18:10:00+00:00,0.0,0.0,0.0,0.0,0.0,17.26,1.31,0
2019-10-18 19:10:00+00:00,0.0,0.0,0.0,0.0,0.0,17.14,1.03,0
2019-10-18 20:10:00+00:00,0.0,0.0,0.0,0.0,0.0,17.75,0.69,0
2019-10-18 21:10:00+00:00,0.0,0.0,0.0,0.0,0.0,16.52,1.03,0
2019-10-18 22:10:00+00:00,0.0,0.0,0.0,0.0,0.0,15.43,1.31,0
2019-10-18 23:10:00+00:00,0.0,0.0,0.0,0.0,0.0,14.85,1.45,0
2019-10-19 00:10:00+00:00,0.0,0.0,0.0,0.0,0.0,14.43,1.52,0
2019-10-19 01:10:00+00:00,0.0,0.0,0.0,0.0,0.0,13.89,1.59,0
2019-10-19 02:10:00+00:00,0.0,0.0,0.0,0.0,0.0,13.46,1.59,0
2019-10-19 03:10:00+00:00,0.0,0.0,0.0,0.0,0.0,13.07,1.59,0
2019-10-19 04:10:00+00:00,0.0,0.0,0.0,0.0,0.0,12.86,1.59,0
2019-10-19 05:10:00+00:00,0.0,0.0,0.0,0.0,0.0,12.81,1.66,0
2019-10-19 06:10:00+00:00,8.69,0.0,39.23,0.59,7.09,12.75,1.66,0
2019-10-19 07:10:00+00:00,15.64,7.69,58.92,3.32,17.14,14.92,0.97,0
2019-10-19 08:10:00+00:00,25.72,48.31,71.08,5.45,25.99,18.26,0.97,0
2019-10-19 09:10:00+00:00,36.82,84.98,76.28,7.1,32.95,19.59,1.66,0
2019-10-19 10:10:00+00:00,50.72,94.6,106.01,7.8,37.21,20.35,2.28,0
2019-10-19 11:10:00+00:00,79.07,47.87,220.98,6.56,38.06,20.77,2.62,0
2019-10-19 12:10:00+00:00,76.12,32.99,223.96,5.76,35.34,21.0,2.62,0
2019-10-19 13:10:00+00:00,64.84,15.08,203.17,4.37,29.55,20.87,2.62,0
2019-10-19 14:10:00+00:00,18.29,18.64,65.06,4.41,21.49,20.95,2.76,0
2019-10-19 15:10:00+00:00,15.18,0.0,61.52,0.92,11.94,20.62,2.76,0
2019-10-19 16:10:00+00:00,0.0,0.0,0.0,0.0,0.0,19.67,2.28,0
2019-10-19 17:10:00+00:00,0.0,0.0,0.0,0.0,0.0,18.59,2.14,0
2019-10-19 18:10:00+00:00,0.0,0.0,0.0,0.0,0.0,17.83,2.14,0
2019-10-19 19:10:00+00:00,0.0,0.0,0.0,0.0,0.0,17.42,2.14,0
2019-10-19 20:10:00+00:00,0.0,0.0,0.0,0.0,0.0,16.87,2.28,0
2019-10-19 21:10:00+00:00,0.0,0.0,0.0,0.0,0.0,16.41,2.21,0
2019-10-19 22:10:00+00:00,0.0,0.0,0.0,0.0,0.0,15.92,2.21,0
2019-10-19 23:10:00+00:00,0.0,0.0,0.0,0.0,0.0,15.35,2.34,0
2019-10-20 00:10:00+00:00,0.0,0.0,0.0,0.0,0.0,14.78,2.48,0
2019-10-20 01:10:00+00:00,0.0,0.0,0.0,0.0,0.0,14.64,2.55,0
2019-10-20 02:10:00+00:00,0.0,0.0,0.0,0.0,0.0,14.69,2.69,0
2019-10-20 03:10:00+00:00,0.0,0.0,0.0,0.0,0.0,14.75,2.83,0
2019-10-20 04:10:00+00:00,0.0,0.0,0.0,0.0,0.0,14.91,2.83,0
2019-10-20 05:10:00+00:00,0.0,0.0,0.0,0.0,0.0,15.21,2.9,0
2019-10-20 06:10:00+00:00,8.57,0.0,39.23,0.59,6.86,15.52,2.9,0
2019-10-20 07:10:00+00:00,32.19,0.75,111.32,2.02,16.89,16.46,2.55,0
2019-10-20 08:10:00+00:00,40.64,0.31,137.69,2.01,25.71,18.82,2.69,0
2019-10-20 09:10:00+00:00,30.05,0.0,107.25,1.54,32.63,20.81,3.31,0
2019-10-20 10:10:00+00:00,80.56,7.94,252.96,4.22,36.86,22.02,4.0,0
2019-10-20 11:10:00+00:00,79.95,5.74,253.24,4.06,37.7,22.82,4.34,0
2019-10-20 12:10:00+00:00,73.78,30.16,220.64,5.6,34.99,23.38,4.55,0
2019-10-20 13:10:00+00:00,63.47,8.76,204.18,3.83,29.21,23.55,4.41,0
2019-10-20 14:10:00+00:00,36.49,6.48,125.48,3.4,21.18,23.42,4.28,0
2019-10-20 15:10:00+00:00,16.98,0.0,67.77,1.02,11.65,22.93,3.79,0
2019-10-20 16:10:00+00:00,0.0,0.0,0.0,0.0,0.0,21.88,3.45,0
2019-10-20 17:10:00+00:00,0.0,0.0,0.0,0.0,0.0,20.67,3.31,0
2019-10-20 18:10:00+00:00,0.0,0.0,0.0,0.0,0.0,19.96,3.24,0
2019-10-20 19:10:00+00:00,0.0,0.0,0.0,0.0,0.0,19.58,2.55,0
2019-10-20 20:10:00+00:00,0.0,0.0,0.0,0.0,0.0,19.06,2.41,0
2019-10-20 21:10:00+00:00,0.0,0.0,0.0,0.0,0.0,18.49,2.28,0
2019-10-20 22:10:00+00:00,0.0,0.0,0.0,0.0,0.0,17.92,2.28,0
2019-10-20 23:10:00+00:00,0.0,0.0,0.0,0.0,0.0,17.26,2.28,0
2019-10-21 00:10:00+00:00,0.0,0.0,0.0,0.0,0.0,16.69,2.28,0
2019-10-21 01:10:00+00:00,0.0,0.0,0.0,0.0,0.0,16.33,2.28,0
2019-10-21 02:10:00+00:00,0.0,0.0,0.0,0.0,0.0,15.99,2.21,0
2019-10-21 03:10:00+00:00,0.0,0.0,0.0,0.0,0.0,15.69,2.21,0
2019-10-21 04:10:00+00:00,0.0,0.0,0.0,0.0,0.0,15.55,2.21,0
2019-10-21 05:10:00+00:00,0.0,0.0,0.0,0.0,0.0,15.46,2.21,0
2019-10-21 06:10:00+00:00,8.3,0.0,38.34,0.58,6.63,15.53,2.21,0
2019-10-21 07:10:00+00:00,26.97,0.73,95.78,2.65,16.64,17.65,1.79,0
2019-10-21 08:10:00+00:00,25.69,37.35,78.48,5.21,25.42,21.15,1.66,0
2019-10-21 09:10:00+00:00,35.97,70.75,86.31,6.82,32.32,22.96,2.28,0
2019-10-21 10:10:00+00:00,39.26,97.53,75.11,7.92,36.52,23.93,2.69,0
2019-10-21 11:10:00+00:00,44.14,92.96,92.33,7.93,37.34,24.6,2.9,0
2019-10-21 12:10:00+00:00,35.38,82.7,76.73,7.48,34.63,24.94,3.03,0
2019-10-21 13:10:00+00:00,23.42,53.17,63.72,6.23,28.88,24.91,3.03,0
2019-10-21 14:10:00+00:00,16.43,10.91,62.49,4.23,20.88,24.45,2.9,0
2019-10-21 15:10:00+00:00,14.39,0.0,59.74,0.9,11.36,23.55,2.28,0
2019-10-21 16:10:00+00:00,0.0,0.0,0.0,0.0,0.0,22.23,1.66,0
2019-10-21 17:10:00+00:00,0.0,0.0,0.0,0.0,0.0,20.91,1.38,0
2019-10-21 18:10:00+00:00,0.0,0.0,0.0,0.0,0.0,19.65,1.31,0
2019-10-21 19:10:00+00:00,0.0,0.0,0.0,0.0,0.0,18.99,1.24,0
2019-10-21 20:10:00+00:00,0.0,0.0,0.0,0.0,0.0,18.25,1.31,0
2019-10-21 21:10:00+00:00,0.0,0.0,0.0,0.0,0.0,17.09,1.66,0
2019-10-21 22:10:00+00:00,0.0,0.0,0.0,0.0,0.0,16.67,1.86,0
2019-10-21 23:10:00+00:00,0.0,0.0,0.0,0.0,0.0,16.01,1.72,0
2019-10-22 00:10:00+00:00,0.0,0.0,0.0,0.0,0.0,15.45,1.66,0
2019-10-22 01:10:00+00:00,0.0,0.0,0.0,0.0,0.0,15.09,1.72,0
2019-10-22 02:10:00+00:00,0.0,0.0,0.0,0.0,0.0,14.82,1.79,0
2019-10-22 03:10:00+00:00,0.0,0.0,0.0,0.0,0.0,14.6,1.79,0
2019-10-22 04:10:00+00:00,0.0,0.0,0.0,0.0,0.0,14.47,1.79,0
2019-10-22 05:10:00+00:00,0.0,0.0,0.0,0.0,0.0,14.21,1.79,0
2019-10-22 06:10:00+00:00,8.09,0.0,37.45,0.56,6.41,14.01,1.72,0
2019-10-22 07:10:00+00:00,25.22,0.0,90.95,1.37,16.39,15.78,1.03,0
2019-10-22 08:10:00+00:00,30.19,29.39,95.69,4.98,25.14,20.02,0.83,0
2019-10-22 09:10:00+00:00,29.55,74.31,66.2,7.02,32.0,22.35,0.83,0
2019-10-22 10:10:00+00:00,40.24,88.88,85.51,7.81,36.17,24.04,0.83,0
2019-10-22 11:10:00+00:00,39.88,93.31,81.66,8.04,36.98,25.23,1.03,0
2019-10-22 12:10:00+00:00,34.34,77.65,78.67,7.45,34.28,25.82,1.38,0
2019-10-22 13:10:00+00:00,22.85,48.33,65.62,6.2,28.55,25.92,1.66,0
2019-10-22 14:10:00+00:00,27.64,4.81,99.77,3.74,20.57,25.29,1.93,0
2019-10-22 15:10:00+00:00,15.18,0.0,62.42,0.94,11.08,24.0,1.86,0
2019-10-22 16:10:00+00:00,0.0,0.0,0.0,0.0,0.0,22.34,1.59,0
2019-10-22 17:10:00+00:00,0.0,0.0,0.0,0.0,0.0,20.67,0.83,0
2019-10-22 18:10:00+00:00,0.0,0.0,0.0,0.0,0.0,20.52,0.69,0
2019-10-22 19:10:00+00:00,0.0,0.0,0.0,0.0,0.0,19.68,1.1,0
2019-10-22 20:10:00+00:00,0.0,0.0,0.0,0.0,0.0,18.09,1.52,0
2019-10-22 21:10:00+00:00,0.0,0.0,0.0,0.0,0.0,17.3,1.93,0
2019-10-22 22:10:00+00:00,0.0,0.0,0.0,0.0,0.0,16.9,2.07,0
2019-10-22 23:10:00+00:00,0.0,0.0,0.0,0.0,0.0,16.36,2.0,0
2019-10-23 00:10:00+00:00,0.0,0.0,0.0,0.0,0.0,15.8,1.93,0
2019-10-23 01:10:00+00:00,0.0,0.0,0.0,0.0,0.0,15.41,1.79,0
2019-10-23 02:10:00+00:00,0.0,0.0,0.0,0.0,0.0,15.11,1.79,0
2019-10-23 03:10:00+00:00,0.0,0.0,0.0,0.0,0.0,14.72,1.93,0
2019-10-23 04:10:00+00:00,0.0,0.0,0.0,0.0,0.0,14.52,2.0,0
2019-10-23 05:10:00+00:00,0.0,0.0,0.0,0.0,0.0,14.32,2.0,0
2019-10-23 06:10:00+00:00,7.28,0.0,34.77,0.52,6.18,14.16,1.79,0
2019-10-23 07:10:00+00:00,22.83,0.0,83.82,1.26,16.14,15.99,1.31,0
2019-10-23 08:10:00+00:00,20.86,32.45,66.66,5.25,24.86,20.32,1.52,0
2019-10-23 09:10:00+00:00,30.8,65.99,75.69,6.86,31.68,22.79,1.79,0
2019-10-23 10:10:00+00:00,38.51,84.48,84.2,7.76,35.83,24.35,1.79,0
2019-10-23 11:10:00+00:00,41.35,83.71,93.04,7.85,36.63,25.25,2.28,0
2019-10-23 12:10:00+00:00,28.92,78.83,62.36,7.56,33.94,25.56,2.83,0
2019-10-23 13:10:00+00:00,18.07,47.43,51.64,6.28,28.23,25.51,3.03,0
2019-10-23 14:10:00+00:00,16.38,3.55,63.75,4.13,20.27,25.09,2.9,0
2019-10-23 15:10:00+00:00,15.73,0.0,64.2,0.96,10.8,24.17,2.48,0
2019-10-23 16:10:00+00:00,0.0,0.0,0.0,0.0,0.0,22.7,2.21,0
2019-10-23 17:10:00+00:00,0.0,0.0,0.0,0.0,0.0,21.21,2.07,0
2019-10-23 18:10:00+00:00,0.0,0.0,0.0,0.0,0.0,20.02,2.0,0
2019-10-23 19:10:00+00:00,0.0,0.0,0.0,0.0,0.0,18.94,2.28,0
2019-10-23 20:10:00+00:00,0.0,0.0,0.0,0.0,0.0,18.17,2.34,0
2019-10-23 21:10:00+00:00,0.0,0.0,0.0,0.0,0.0,17.46,2.83,0
2019-10-23 22:10:00+00:00,0.0,0.0,0.0,0.0,0.0,16.86,3.17,0
2019-10-23 23:10:00+00:00,0.0,0.0,0.0,0.0,0.0,16.79,2.69,0
2019-10-24 00:10:00+00:00,0.0,0.0,0.0,0.0,0.0,16.46,2.07,0
2019-10-24 01:10:00+00:00,0.0,0.0,0.0,0.0,0.0,16.84,2.9,0
2019-10-24 02:10:00+00:00,0.0,0.0,0.0,0.0,0.0,16.4,2.69,0
2019-10-24 03:10:00+00:00,0.0,0.0,0.0,0.0,0.0,16.13,2.48,0
2019-10-24 04:10:00+00:00,0.0,0.0,0.0,0.0,0.0,15.79,2.55,0
2019-10-24 05:10:00+00:00,0.0,0.0,0.0,0.0,0.0,15.53,2.55,0
2019-10-24 06:10:00+00:00,6.19,0.0,31.21,0.47,5.95,15.56,2.62,0
2019-10-24 07:10:00+00:00,12.28,0.0,51.72,0.78,15.88,18.08,3.38,0
2019-10-24 08:10:00+00:00,51.81,4.46,169.7,3.16,24.58,20.11,3.38,0
2019-10-24 09:10:00+00:00,62.97,2.61,203.81,3.19,31.37,21.43,4.21,0
2019-10-24 10:10:00+00:00,47.52,63.2,123.41,7.07,35.49,22.93,4.48,0
2019-10-24 11:10:00+00:00,47.24,66.39,121.3,7.27,36.28,24.21,3.66,0
2019-10-24 12:10:00+00:00,71.44,5.0,231.31,3.82,33.6,24.61,3.38,0
2019-10-24 13:10:00+00:00,56.92,10.37,185.6,4.17,27.91,24.48,3.72,0
2019-10-24 14:10:00+00:00,26.23,0.0,96.81,1.41,19.98,23.75,4.14,0
2019-10-24 15:10:00+00:00,16.72,0.0,66.87,1.0,10.53,22.72,4.76,0
2019-10-24 16:10:00+00:00,0.0,0.0,0.0,0.0,0.0,21.34,5.17,0
2019-10-24 17:10:00+00:00,0.0,0.0,0.0,0.0,0.0,20.49,4.83,0
2019-10-24 18:10:00+00:00,0.0,0.0,0.0,0.0,0.0,19.79,4.48,0
2019-10-24 19:10:00+00:00,0.0,0.0,0.0,0.0,0.0,17.84,2.0,0
2019-10-24 20:10:00+00:00,0.0,0.0,0.0,0.0,0.0,17.13,1.31,0
2019-10-24 21:10:00+00:00,0.0,0.0,0.0,0.0,0.0,16.79,0.14,0
2019-10-24 22:10:00+00:00,0.0,0.0,0.0,0.0,0.0,16.55,1.38,0
2019-10-24 23:10:00+00:00,0.0,0.0,0.0,0.0,0.0,16.36,2.34,0
2019-10-25 00:10:00+00:00,0.0,0.0,0.0,0.0,0.0,16.23,2.83,0
2019-10-25 01:10:00+00:00,0.0,0.0,0.0,0.0,0.0,16.12,3.1,0
2019-10-25 02:10:00+00:00,0.0,0.0,0.0,0.0,0.0,16.19,2.97,0
2019-10-25 03:10:00+00:00,0.0,0.0,0.0,0.0,0.0,15.78,2.62,0
2019-10-25 04:10:00+00:00,0.0,0.0,0.0,0.0,0.0,15.29,2.07,0
2019-10-25 05:10:00+00:00,0.0,0.0,0.0,0.0,0.0,14.71,1.59,0
2019-10-25 06:10:00+00:00,5.96,0.0,30.32,0.46,5.72,14.64,1.38,0
2019-10-25 07:10:00+00:00,29.8,0.0,104.32,1.57,15.63,15.58,1.93,0
2019-10-25 08:10:00+00:00,22.28,22.13,74.67,4.9,24.3,17.69,1.79,0
2019-10-25 09:10:00+00:00,28.93,54.86,76.63,6.55,31.06,19.9,1.59,0
2019-10-25 10:10:00+00:00,35.22,73.99,81.18,7.48,35.15,21.0,1.72,0
2019-10-25 11:10:00+00:00,33.91,79.28,74.19,7.74,35.93,22.05,1.72,0
2019-10-25 12:10:00+00:00,33.78,57.93,89.73,6.95,33.26,23.01,1.66,0
2019-10-25 13:10:00+00:00,55.24,1.89,184.34,2.95,27.59,23.62,1.72,0
2019-10-25 14:10:00+00:00,28.61,0.0,104.32,1.57,19.69,23.59,1.38,0
2019-10-25 15:10:00+00:00,13.61,0.0,57.07,0.86,10.26,22.73,1.45,0
2019-10-25 16:10:00+00:00,0.0,0.0,0.0,0.0,0.0,21.37,1.45,0
2019-10-25 17:10:00+00:00,0.0,0.0,0.0,0.0,0.0,20.13,1.17,0
2019-10-25 18:10:00+00:00,0.0,0.0,0.0,0.0,0.0,19.38,0.76,0
2019-10-25 19:10:00+00:00,0.0,0.0,0.0,0.0,0.0,20.4,0.48,0
2019-10-25 20:10:00+00:00,0.0,0.0,0.0,0.0,0.0,20.02,0.34,0
2019-10-25 21:10:00+00:00,0.0,0.0,0.0,0.0,0.0,18.16,1.17,0
2019-10-25 22:10:00+00:00,0.0,0.0,0.0,0.0,0.0,17.09,1.72,0
2019-10-25 23:10:00+00:00,0.0,0.0,0.0,0.0,0.0,16.63,1.86,0
2019-10-26 00:10:00+00:00,0.0,0.0,0.0,0.0,0.0,16.2,1.93,0
2019-10-26 01:10:00+00:00,0.0,0.0,0.0,0.0,0.0,16.0,2.14,0
2019-10-26 02:10:00+00:00,0.0,0.0,0.0,0.0,0.0,15.8,2.34,0
2019-10-26 03:10:00+00:00,0.0,0.0,0.0,0.0,0.0,15.42,2.28,0
2019-10-26 04:10:00+00:00,0.0,0.0,0.0,0.0,0.0,15.03,2.07,0
2019-10-26 05:10:00+00:00,0.0,0.0,0.0,0.0,0.0,14.64,1.86,0
2019-10-26 06:10:00+00:00,6.49,0.0,32.1,0.48,5.49,14.34,1.72,0
2019-10-26 07:10:00+00:00,22.87,0.0,83.82,1.26,15.38,15.67,1.38,0
2019-10-26 08:10:00+00:00,18.96,20.04,65.68,4.98,24.01,18.26,1.38,0
2019-10-26 09:10:00+00:00,26.43,52.51,71.42,6.6,30.75,20.44,1.38,0
2019-10-26 10:10:00+00:00,31.24,73.28,71.59,7.57,34.81,22.25,1.24,0
2019-10-26 11:10:00+00:00,31.7,75.7,71.77,7.74,35.59,23.64,0.97,0
2019-10-26 12:10:00+00:00,24.81,62.5,61.99,7.23,32.92,24.55,0.34,0
2019-10-26 13:10:00+00:00,18.74,29.9,62.68,5.84,27.28,24.92,0.76,0
2019-10-26 14:10:00+00:00,25.31,0.0,94.52,1.42,19.4,24.56,1.72,0
2019-10-26 15:10:00+00:00,13.85,0.0,57.96,0.87,9.99,23.38,2.07,0
2019-10-26 16:10:00+00:00,0.0,0.0,0.0,0.0,0.0,21.59,2.14,0
2019-10-26 17:10:00+00:00,0.0,0.0,0.0,0.0,0.0,20.22,1.66,0
2019-10-26 18:10:00+00:00,0.0,0.0,0.0,0.0,0.0,19.52,0.76,0
2019-10-26 19:10:00+00:00,0.0,0.0,0.0,0.0,0.0,19.01,1.03,0
2019-10-26 20:10:00+00:00,0.0,0.0,0.0,0.0,0.0,19.4,0.9,0
2019-10-26 21:10:00+00:00,0.0,0.0,0.0,0.0,0.0,19.09,0.9,0
2019-10-26 22:10:00+00:00,0.0,0.0,0.0,0.0,0.0,18.27,0.97,0
2019-10-26 23:10:00+00:00,0.0,0.0,0.0,0.0,0.0,16.92,1.24,0
2019-10-27 00:10:00+00:00,0.0,0.0,0.0,0.0,0.0,15.44,1.59,0
2019-10-27 01:10:00+00:00,0.0,0.0,0.0,0.0,0.0,14.64,1.72,0
2019-10-27 02:10:00+00:00,0.0,0.0,0.0,0.0,0.0,14.07,1.66,0
2019-10-27 03:10:00+00:00,0.0,0.0,0.0,0.0,0.0,13.65,1.59,0
2019-10-27 04:10:00+00:00,0.0,0.0,0.0,0.0,0.0,13.26,1.59,0
2019-10-27 05:10:00+00:00,0.0,0.0,0.0,0.0,0.0,12.97,1.66,0
2019-10-27 06:10:00+00:00,5.76,0.0,29.42,0.44,5.26,12.75,1.59,0
2019-10-27 07:10:00+00:00,20.92,0.0,77.57,1.17,15.13,14.49,1.24,0
2019-10-27 08:10:00+00:00,16.65,17.37,59.57,5.09,23.73,18.74,0.9,0
2019-10-27 09:10:00+00:00,25.38,49.02,71.14,6.66,30.44,21.2,0.76,0
2019-10-27 10:10:00+00:00,30.19,69.82,71.77,7.65,34.48,22.69,0.83,0
2019-10-27 11:10:00+00:00,30.76,72.21,71.95,7.82,35.24,23.48,1.17,0
2019-10-27 12:10:00+00:00,24.1,58.67,62.24,7.3,32.59,23.82,1.72,0
2019-10-27 13:10:00+00:00,16.61,27.16,56.78,5.96,26.97,23.71,2.21,0
2019-10-27 14:10:00+00:00,22.05,0.0,83.82,1.26,19.12,23.16,2.34,0
2019-10-27 15:10:00+00:00,12.83,0.0,54.39,0.82,9.73,22.12,2.07,0
2019-10-27 16:10:00+00:00,0.0,0.0,0.0,0.0,0.0,20.71,1.66,0
2019-10-27 17:10:00+00:00,0.0,0.0,0.0,0.0,0.0,19.16,1.1,0
2019-10-27 18:10:00+00:00,0.0,0.0,0.0,0.0,0.0,18.48,0.83,0
2019-10-27 19:10:00+00:00,0.0,0.0,0.0,0.0,0.0,18.61,0.48,0
2019-10-27 20:10:00+00:00,0.0,0.0,0.0,0.0,0.0,17.53,0.9,0
2019-10-27 21:10:00+00:00,0.0,0.0,0.0,0.0,0.0,16.16,1.1,0
2019-10-27 22:10:00+00:00,0.0,0.0,0.0,0.0,0.0,15.42,1.17,0
2019-10-27 23:10:00+00:00,0.0,0.0,0.0,0.0,0.0,14.7,1.24,0
2019-10-28 00:10:00+00:00,0.0,0.0,0.0,0.0,0.0,13.95,1.31,0
2019-10-28 01:10:00+00:00,0.0,0.0,0.0,0.0,0.0,13.26,1.38,0
2019-10-28 02:10:00+00:00,0.0,0.0,0.0,0.0,0.0,12.86,1.31,0
2019-10-28 03:10:00+00:00,0.0,0.0,0.0,0.0,0.0,12.45,1.38,0
2019-10-28 04:10:00+00:00,0.0,0.0,0.0,0.0,0.0,12.12,1.45,0
2019-10-28 05:10:00+00:00,0.0,0.0,0.0,0.0,0.0,11.86,1.45,0
2019-10-28 06:10:00+00:00,5.54,0.0,28.53,0.43,5.03,11.72,1.45,0
2019-10-28 07:10:00+00:00,20.99,0.0,77.57,1.17,14.87,13.62,0.83,0
2019-10-28 08:10:00+00:00,16.93,13.1,61.31,4.97,23.45,17.27,0.41,0
2019-10-28 09:10:00+00:00,25.6,43.49,74.26,6.52,30.13,18.99,0.55,0
2019-10-28 10:10:00+00:00,32.37,61.04,82.76,7.41,34.15,20.08,1.03,0
2019-10-28 11:10:00+00:00,28.82,68.19,68.15,7.76,34.91,20.88,1.52,0
2019-10-28 12:10:00+00:00,23.27,53.49,62.14,7.19,32.27,21.29,1.93,0
2019-10-28 13:10:00+00:00,16.04,22.6,56.1,5.85,26.67,21.3,2.07,0
2019-10-28 14:10:00+00:00,24.62,0.0,90.95,1.37,18.84,20.98,2.0,0
2019-10-28 15:10:00+00:00,15.19,0.0,61.52,0.92,9.48,20.29,1.86,0
2019-10-28 16:10:00+00:00,0.0,0.0,0.0,0.0,0.0,19.19,1.66,0
2019-10-28 17:10:00+00:00,0.0,0.0,0.0,0.0,0.0,18.03,1.38,0
2019-10-28 18:10:00+00:00,0.0,0.0,0.0,0.0,0.0,16.85,1.24,0
2019-10-28 19:10:00+00:00,0.0,0.0,0.0,0.0,0.0,16.37,1.24,0
2019-10-28 20:10:00+00:00,0.0,0.0,0.0,0.0,0.0,17.09,0.76,0
2019-10-28 21:10:00+00:00,0.0,0.0,0.0,0.0,0.0,17.1,0.07,0
2019-10-28 22:10:00+00:00,0.0,0.0,0.0,0.0,0.0,16.03,0.69,0
2019-10-28 23:10:00+00:00,0.0,0.0,0.0,0.0,0.0,15.27,1.1,0
2019-10-29 00:10:00+00:00,0.0,0.0,0.0,0.0,0.0,14.63,1.24,0
2019-10-29 01:10:00+00:00,0.0,0.0,0.0,0.0,0.0,14.8,1.17,0
2019-10-29 02:10:00+00:00,0.0,0.0,0.0,0.0,0.0,14.68,1.17,0
2019-10-29 03:10:00+00:00,0.0,0.0,0.0,0.0,0.0,14.74,1.1,0
2019-10-29 04:10:00+00:00,0.0,0.0,0.0,0.0,0.0,14.74,1.17,0
2019-10-29 05:10:00+00:00,0.0,0.0,0.0,0.0,0.0,14.98,1.1,0
2019-10-29 06:10:00+00:00,4.69,0.0,25.86,0.39,4.8,14.76,1.24,0
2019-10-29 07:10:00+00:00,22.83,0.0,83.82,1.26,14.62,15.83,0.83,0
2019-10-29 08:10:00+00:00,24.39,7.51,85.69,4.6,23.18,17.4,0.69,0
2019-10-29 09:10:00+00:00,35.98,30.93,111.23,6.02,29.82,18.69,0.62,0
2019-10-29 10:10:00+00:00,34.34,53.23,93.44,7.19,33.82,19.74,0.9,0
2019-10-29 11:10:00+00:00,32.9,57.46,86.68,7.45,34.57,20.11,1.17,0
2019-10-29 12:10:00+00:00,36.46,37.1,109.87,6.56,31.94,20.61,1.52,0
2019-10-29 13:10:00+00:00,53.24,5.36,174.38,4.14,26.37,20.48,1.79,0
2019-10-29 14:10:00+00:00,38.34,0.0,131.97,1.98,18.56,20.23,1.86,0
2019-10-29 15:10:00+00:00,14.94,0.0,60.63,0.91,9.23,19.83,1.72,0
2019-10-29 16:10:00+00:00,0.0,0.0,0.0,0.0,0.0,19.07,1.38,0
2019-10-29 17:10:00+00:00,0.0,0.0,0.0,0.0,0.0,18.12,1.03,0
2019-10-29 18:10:00+00:00,0.0,0.0,0.0,0.0,0.0,18.31,0.48,0
2019-10-29 19:10:00+00:00,0.0,0.0,0.0,0.0,0.0,18.27,0.14,0
2019-10-29 20:10:00+00:00,0.0,0.0,0.0,0.0,0.0,17.76,0.55,0
2019-10-29 21:10:00+00:00,0.0,0.0,0.0,0.0,0.0,16.68,0.97,0
2019-10-29 22:10:00+00:00,0.0,0.0,0.0,0.0,0.0,16.04,1.03,0
2019-10-29 23:10:00+00:00,0.0,0.0,0.0,0.0,0.0,15.07,1.24,0
2019-10-30 00:10:00+00:00,0.0,0.0,0.0,0.0,0.0,14.22,1.45,0
2019-10-30 01:10:00+00:00,0.0,0.0,0.0,0.0,0.0,13.81,1.66,0
2019-10-30 02:10:00+00:00,0.0,0.0,0.0,0.0,0.0,13.57,1.59,0
2019-10-30 03:10:00+00:00,0.0,0.0,0.0,0.0,0.0,13.51,1.52,0
2019-10-30 04:10:00+00:00,0.0,0.0,0.0,0.0,0.0,13.37,1.52,0
2019-10-30 05:10:00+00:00,0.0,0.0,0.0,0.0,0.0,13.33,1.59,0
2019-10-30 06:10:00+00:00,2.36,0.0,16.94,0.25,4.57,13.32,1.66,0
2019-10-30 07:10:00+00:00,22.07,0.0,81.14,1.22,14.37,14.68,0.97,0
2019-10-30 08:10:00+00:00,46.9,0.56,154.97,2.65,22.9,16.53,0.97,0
2019-10-30 09:10:00+00:00,31.91,28.64,100.04,5.91,29.52,18.14,1.38,0
2019-10-30 10:10:00+00:00,46.82,36.2,138.93,6.42,33.5,18.9,1.38,0
2019-10-30 11:10:00+00:00,34.58,48.88,96.43,7.07,34.24,19.41,1.52,0
2019-10-30 12:10:00+00:00,66.74,10.94,210.98,4.74,31.62,19.47,1.72,0
2019-10-30 13:10:00+00:00,36.52,8.02,122.28,4.78,26.07,18.54,1.59,0
2019-10-30 14:10:00+00:00,36.48,0.0,125.72,1.89,18.29,18.42,0.76,0
2019-10-30 15:10:00+00:00,9.78,0.0,43.69,0.66,8.98,18.0,0.34,0
2019-10-30 16:10:00+00:00,0.0,0.0,0.0,0.0,0.0,17.3,0.07,0
2019-10-30 17:10:00+00:00,0.0,0.0,0.0,0.0,0.0,16.79,0.48,0
2019-10-30 18:10:00+00:00,0.0,0.0,0.0,0.0,0.0,15.75,0.9,0
2019-10-30 19:10:00+00:00,0.0,0.0,0.0,0.0,0.0,16.3,0.83,0
2019-10-30 20:10:00+00:00,0.0,0.0,0.0,0.0,0.0,15.53,0.97,0
2019-10-30 21:10:00+00:00,0.0,0.0,0.0,0.0,0.0,14.25,1.31,0
2019-10-30 22:10:00+00:00,0.0,0.0,0.0,0.0,0.0,13.31,1.59,0
2019-10-30 23:10:00+00:00,0.0,0.0,0.0,0.0,0.0,12.72,1.72,0
2019-10-31 00:10:00+00:00,0.0,0.0,0.0,0.0,0.0,12.38,1.66,0
2019-10-31 01:10:00+00:00,0.0,0.0,0.0,0.0,0.0,12.03,1.72,0
2019-10-31 02:10:00+00:00,0.0,0.0,0.0,0.0,0.0,12.02,1.79,0
2019-10-31 03:10:00+00:00,0.0,0.0,0.0,0.0,0.0,11.91,1.72,0
2019-10-31 04:10:00+00:00,0.0,0.0,0.0,0.0,0.0,11.96,1.66,0
2019-10-31 05:10:00+00:00,0.0,0.0,0.0,0.0,0.0,11.74,1.79,0
2019-10-31 06:10:00+00:00,4.02,0.0,23.18,0.35,4.34,11.84,1.66,0
2019-10-31 07:10:00+00:00,26.97,0.0,95.41,1.43,14.12,13.91,1.17,0
2019-10-31 08:10:00+00:00,13.72,2.02,52.97,4.73,22.62,17.48,0.9,0
2019-10-31 09:10:00+00:00,25.35,28.55,81.23,6.07,29.21,19.02,1.1,0
2019-10-31 10:10:00+00:00,28.26,46.99,79.84,7.03,33.17,19.69,1.1,0
2019-10-31 11:10:00+00:00,55.66,27.92,170.46,6.15,33.91,20.14,1.1,0
2019-10-31 12:10:00+00:00,18.77,39.43,56.42,6.85,31.31,20.36,1.38,0
2019-10-31 13:10:00+00:00,43.88,4.2,146.36,4.37,25.78,20.23,1.66,0
2019-10-31 14:10:00+00:00,36.46,0.0,125.72,1.89,18.03,18.9,1.52,0
2019-10-31 15:10:00+00:00,13.37,0.0,55.28,0.83,8.74,18.16,1.31,0
2019-10-31 16:10:00+00:00,0.0,0.0,0.0,0.0,0.0,17.21,0.97,0
2019-10-31 17:10:00+00:00,0.0,0.0,0.0,0.0,0.0,16.71,1.24,0
2019-10-31 18:10:00+00:00,0.0,0.0,0.0,0.0,0.0,16.54,1.24,0
2019-10-31 19:10:00+00:00,0.0,0.0,0.0,0.0,0.0,16.35,1.38,0
2019-10-31 20:10:00+00:00,0.0,0.0,0.0,0.0,0.0,16.01,1.24,0
2019-10-31 21:10:00+00:00,0.0,0.0,0.0,0.0,0.0,15.68,1.17,0
2019-10-31 22:10:00+00:00,0.0,0.0,0.0,0.0,0.0,15.03,1.17,0
2019-10-31 23:10:00+00:00,0.0,0.0,0.0,0.0,0.0,14.81,1.45,0
2019-11-01 00:10:00+00:00,0.0,0.0,0.0,0.0,0.0,14.92,1.66,0
2019-11-01 01:10:00+00:00,0.0,0.0,0.0,0.0,0.0,14.74,1.59,0
2019-11-01 02:10:00+00:00,0.0,0.0,0.0,0.0,0.0,14.6,1.31,0
2019-11-01 03:10:00+00:00,0.0,0.0,0.0,0.0,0.0,14.41,1.31,0
2019-11-01 04:10:00+00:00,0.0,0.0,0.0,0.0,0.0,14.37,1.45,0
2019-11-01 05:10:00+00:00,0.0,0.0,0.0,0.0,0.0,14.41,1.59,0
2019-11-01 06:10:00+00:00,3.02,0.0,19.62,0.29,4.11,14.37,1.66,0
2019-11-01 07:10:00+00:00,19.68,0.0,74.01,1.11,13.87,15.08,1.45,0
2019-11-01 08:10:00+00:00,47.86,0.0,157.82,2.37,22.35,16.4,1.38,0
2019-11-01 09:10:00+00:00,55.84,0.72,181.78,2.76,28.91,17.28,1.17,0
2019-11-01 10:10:00+00:00,25.69,43.86,73.69,6.98,32.85,18.25,0.9,0
2019-11-01 11:10:00+00:00,21.73,49.56,59.07,7.3,33.59,19.02,0.97,0
2019-11-01 12:10:00+00:00,46.68,18.99,148.47,5.68,31.0,18.97,0.9,0
2019-11-01 13:10:00+00:00,40.12,0.04,136.7,2.0,25.49,18.76,1.03,0
2019-11-01 14:10:00+00:00,23.97,0.0,88.27,1.33,17.77,18.74,1.03,0
2019-11-01 15:10:00+00:00,2.5,0.0,17.83,0.27,8.5,18.3,0.76,0
2019-11-01 16:10:00+00:00,0.0,0.0,0.0,0.0,0.0,17.84,0.69,0
2019-11-01 17:10:00+00:00,0.0,0.0,0.0,0.0,0.0,17.21,0.76,0
2019-11-01 18:10:00+00:00,0.0,0.0,0.0,0.0,0.0,16.88,1.24,0
2019-11-01 19:10:00+00:00,0.0,0.0,0.0,0.0,0.0,16.63,1.59,0
2019-11-01 20:10:00+00:00,0.0,0.0,0.0,0.0,0.0,16.25,1.79,0
2019-11-01 21:10:00+00:00,0.0,0.0,0.0,0.0,0.0,15.95,2.21,0
2019-11-01 22:10:00+00:00,0.0,0.0,0.0,0.0,0.0,15.88,2.41,0
2019-11-01 23:10:00+00:00,0.0,0.0,0.0,0.0,0.0,15.77,2.48,0
2019-11-02 00:10:00+00:00,0.0,0.0,0.0,0.0,0.0,15.8,2.62,0
2019-11-02 01:10:00+00:00,0.0,0.0,0.0,0.0,0.0,15.72,2.76,0
2019-11-02 02:10:00+00:00,0.0,0.0,0.0,0.0,0.0,15.55,2.55,0
2019-11-02 03:10:00+00:00,0.0,0.0,0.0,0.0,0.0,15.48,2.48,0
2019-11-02 04:10:00+00:00,0.0,0.0,0.0,0.0,0.0,15.5,2.55,0
2019-11-02 05:10:00+00:00,0.0,0.0,0.0,0.0,0.0,15.53,2.41,0
2019-11-02 06:10:00+00:00,0.0,0.0,5.35,0.08,3.88,15.48,2.34,0
2019-11-02 07:10:00+00:00,24.94,0.0,90.06,1.35,13.62,15.84,1.45,0
2019-11-02 08:10:00+00:00,37.11,0.0,126.62,1.9,22.07,16.99,1.52,0
2019-11-02 09:10:00+00:00,59.52,6.39,189.84,4.3,28.61,17.46,2.28,0
2019-11-02 10:10:00+00:00,65.28,1.35,208.88,3.22,32.54,18.11,2.97,0
2019-11-02 11:10:00+00:00,70.85,11.85,220.19,5.06,33.27,17.97,3.1,0
2019-11-02 12:10:00+00:00,59.18,10.65,187.27,5.0,30.69,18.42,3.52,0
2019-11-02 13:10:00+00:00,26.28,1.41,91.91,4.92,25.21,18.52,3.66,0
2019-11-02 14:10:00+00:00,22.34,0.0,82.92,1.25,17.51,18.25,3.59,0
2019-11-02 15:10:00+00:00,11.45,0.0,49.04,0.74,8.27,18.04,4.0,0
2019-11-02 16:10:00+00:00,0.0,0.0,0.0,0.0,0.0,17.87,4.0,0
2019-11-02 17:10:00+00:00,0.0,0.0,0.0,0.0,0.0,17.42,4.07,0
2019-11-02 18:10:00+00:00,0.0,0.0,0.0,0.0,0.0,17.05,4.28,0
2019-11-02 19:10:00+00:00,0.0,0.0,0.0,0.0,0.0,17.26,4.62,0
2019-11-02 20:10:00+00:00,0.0,0.0,0.0,0.0,0.0,17.07,4.69,0
2019-11-02 21:10:00+00:00,0.0,0.0,0.0,0.0,0.0,17.09,5.38,0
2019-11-02 22:10:00+00:00,0.0,0.0,0.0,0.0,0.0,17.29,6.0,0
2019-11-02 23:10:00+00:00,0.0,0.0,0.0,0.0,0.0,17.33,6.34,0
2019-11-03 00:10:00+00:00,0.0,0.0,0.0,0.0,0.0,17.4,5.59,0
2019-11-03 01:10:00+00:00,0.0,0.0,0.0,0.0,0.0,17.17,4.48,0
2019-11-03 02:10:00+00:00,0.0,0.0,0.0,0.0,0.0,17.22,3.59,0
2019-11-03 03:10:00+00:00,0.0,0.0,0.0,0.0,0.0,17.16,3.17,0
2019-11-03 04:10:00+00:00,0.0,0.0,0.0,0.0,0.0,16.86,2.69,0
2019-11-03 05:10:00+00:00,0.0,0.0,0.0,0.0,0.0,16.86,2.41,0
2019-11-03 06:10:00+00:00,2.53,0.0,17.83,0.27,3.65,16.87,2.62,0
2019-11-03 07:10:00+00:00,24.24,0.0,88.27,1.33,13.37,17.12,3.03,0
2019-11-03 08:10:00+00:00,45.93,0.0,152.47,2.29,21.8,17.92,3.66,0
2019-11-03 09:10:00+00:00,60.14,1.58,193.83,3.24,28.32,18.92,4.69,0
2019-11-03 10:10:00+00:00,71.9,4.9,226.65,4.14,32.23,19.32,5.72,0
2019-11-03 11:10:00+00:00,54.75,20.0,170.07,5.88,32.96,19.35,5.79,0
2019-11-03 12:10:00+00:00,64.18,6.21,203.86,4.49,30.39,19.4,5.52,0
2019-11-03 13:10:00+00:00,52.12,0.0,171.2,2.57,24.93,19.75,6.62,0
2019-11-03 14:10:00+00:00,22.02,0.0,82.03,1.23,17.26,19.04,7.1,0
2019-11-03 15:10:00+00:00,10.62,0.0,46.37,0.7,8.04,18.52,7.66,0
2019-11-03 16:10:00+00:00,0.0,0.0,0.0,0.0,0.0,17.95,6.9,0
2019-11-03 17:10:00+00:00,0.0,0.0,0.0,0.0,0.0,17.38,6.76,0
2019-11-03 18:10:00+00:00,0.0,0.0,0.0,0.0,0.0,17.46,5.86,0
2019-11-03 19:10:00+00:00,0.0,0.0,0.0,0.0,0.0,17.23,5.45,0
2019-11-03 20:10:00+00:00,0.0,0.0,0.0,0.0,0.0,16.67,4.41,0
2019-11-03 21:10:00+00:00,0.0,0.0,0.0,0.0,0.0,16.87,4.62,0
2019-11-03 22:10:00+00:00,0.0,0.0,0.0,0.0,0.0,16.36,4.97,0
2019-11-03 23:10:00+00:00,0.0,0.0,0.0,0.0,0.0,16.24,4.97,0
2019-11-04 00:10:00+00:00,0.0,0.0,0.0,0.0,0.0,16.25,4.55,0
2019-11-04 01:10:00+00:00,0.0,0.0,0.0,0.0,0.0,16.03,3.59,0
2019-11-04 02:10:00+00:00,0.0,0.0,0.0,0.0,0.0,15.81,2.55,0
2019-11-04 03:10:00+00:00,0.0,0.0,0.0,0.0,0.0,15.61,2.14,0
2019-11-04 04:10:00+00:00,0.0,0.0,0.0,0.0,0.0,15.1,1.66,0
2019-11-04 05:10:00+00:00,0.0,0.0,0.0,0.0,0.0,14.12,1.66,0
2019-11-04 06:10:00+00:00,2.57,0.0,17.83,0.27,3.42,14.15,1.86,0
2019-11-04 07:10:00+00:00,17.05,0.0,65.98,0.99,13.12,15.19,2.21,0
2019-11-04 08:10:00+00:00,21.89,0.0,81.14,1.22,21.53,16.77,2.55,0
2019-11-04 09:10:00+00:00,46.58,7.99,150.96,5.01,28.03,17.6,3.03,0
2019-11-04 10:10:00+00:00,52.6,17.64,164.81,5.84,31.92,18.1,3.38,0
2019-11-04 11:10:00+00:00,52.14,19.57,162.97,6.07,32.65,18.91,3.86,0
2019-11-04 12:10:00+00:00,18.05,21.66,61.56,6.62,30.1,19.28,4.14,0
2019-11-04 13:10:00+00:00,28.74,0.0,102.54,1.54,24.66,19.47,4.48,0
2019-11-04 14:10:00+00:00,32.37,0.0,113.24,1.7,17.01,19.23,4.48,0
2019-11-04 15:10:00+00:00,9.5,0.0,42.8,0.64,7.82,18.78,4.0,0
2019-11-04 16:10:00+00:00,0.0,0.0,0.0,0.0,0.0,17.99,3.17,0
2019-11-04 17:10:00+00:00,0.0,0.0,0.0,0.0,0.0,17.73,2.62,0
2019-11-04 18:10:00+00:00,0.0,0.0,0.0,0.0,0.0,17.16,2.41,0
2019-11-04 19:10:00+00:00,0.0,0.0,0.0,0.0,0.0,17.21,2.28,0
2019-11-04 20:10:00+00:00,0.0,0.0,0.0,0.0,0.0,17.19,2.62,0
2019-11-04 21:10:00+00:00,0.0,0.0,0.0,0.0,0.0,17.04,3.17,0
2019-11-04 22:10:00+00:00,0.0,0.0,0.0,0.0,0.0,17.19,3.52,0
2019-11-04 23:10:00+00:00,0.0,0.0,0.0,0.0,0.0,17.5,3.72,0
2019-11-05 00:10:00+00:00,0.0,0.0,0.0,0.0,0.0,17.67,4.21,0
2019-11-05 01:10:00+00:00,0.0,0.0,0.0,0.0,0.0,17.32,4.28,0
2019-11-05 02:10:00+00:00,0.0,0.0,0.0,0.0,0.0,17.48,4.28,0
2019-11-05 03:10:00+00:00,0.0,0.0,0.0,0.0,0.0,17.7,4.14,0
2019-11-05 04:10:00+00:00,0.0,0.0,0.0,0.0,0.0,18.01,4.41,0
2019-11-05 05:10:00+00:00,0.0,0.0,0.0,0.0,0.0,18.15,4.69,0
2019-11-05 06:10:00+00:00,1.87,0.0,15.16,0.23,3.19,17.52,4.97,0
2019-11-05 07:10:00+00:00,15.96,0.0,63.31,0.95,12.88,18.27,5.31,0
2019-11-05 08:10:00+00:00,40.79,0.0,137.32,2.06,21.26,18.32,6.28,0
2019-11-05 09:10:00+00:00,39.36,0.0,133.36,1.92,27.73,18.56,6.34,0
2019-11-05 10:10:00+00:00,45.45,0.0,151.08,2.17,31.61,18.71,7.31,0
2019-11-05 11:10:00+00:00,56.48,0.23,183.13,2.68,32.34,18.93,7.38,0
2019-11-05 12:10:00+00:00,63.55,3.98,202.48,4.34,29.81,19.36,6.62,0
2019-11-05 13:10:00+00:00,12.49,0.0,52.61,0.79,24.4,19.44,6.48,0
2019-11-05 14:10:00+00:00,2.94,0.0,19.62,0.29,16.77,19.36,6.14,0
2019-11-05 15:10:00+00:00,10.04,0.0,44.58,0.67,7.6,18.85,5.38,0
2019-11-05 16:10:00+00:00,0.0,0.0,0.0,0.0,0.0,18.07,5.24,0
2019-11-05 17:10:00+00:00,0.0,0.0,0.0,0.0,0.0,17.4,5.03,0
2019-11-05 18:10:00+00:00,0.0,0.0,0.0,0.0,0.0,16.7,4.48,0
2019-11-05 19:10:00+00:00,0.0,0.0,0.0,0.0,0.0,17.0,5.45,0
2019-11-05 20:10:00+00:00,0.0,0.0,0.0,0.0,0.0,16.67,5.66,0
2019-11-05 21:10:00+00:00,0.0,0.0,0.0,0.0,0.0,16.53,5.17,0
2019-11-05 22:10:00+00:00,0.0,0.0,0.0,0.0,0.0,16.13,4.34,0
2019-11-05 23:10:00+00:00,0.0,0.0,0.0,0.0,0.0,15.88,3.59,0
2019-11-06 00:10:00+00:00,0.0,0.0,0.0,0.0,0.0,15.62,3.31,0
2019-11-06 01:10:00+00:00,0.0,0.0,0.0,0.0,0.0,15.25,2.9,0
2019-11-06 02:10:00+00:00,0.0,0.0,0.0,0.0,0.0,14.91,2.62,0
2019-11-06 03:10:00+00:00,0.0,0.0,0.0,0.0,0.0,14.77,2.69,0
2019-11-06 04:10:00+00:00,0.0,0.0,0.0,0.0,0.0,14.49,2.48,0
2019-11-06 05:10:00+00:00,0.0,0.0,0.0,0.0,0.0,14.25,2.41,0
2019-11-06 06:10:00+00:00,1.91,0.0,15.16,0.23,2.97,14.16,2.48,0
2019-11-06 07:10:00+00:00,21.25,0.0,78.47,1.18,12.63,14.25,1.72,0
2019-11-06 08:10:00+00:00,21.72,0.0,80.25,1.21,20.99,15.49,2.0,0
2019-11-06 09:10:00+00:00,53.9,2.93,173.03,4.47,27.45,16.27,2.69,0
2019-11-06 10:10:00+00:00,25.72,22.82,83.34,6.65,31.31,16.56,3.59,0
2019-11-06 11:10:00+00:00,62.86,0.55,199.69,3.0,32.04,15.97,4.41,0
2019-11-06 12:10:00+00:00,22.33,12.38,76.6,6.27,29.52,16.55,4.07,0
2019-11-06 13:10:00+00:00,26.69,0.0,95.41,1.43,24.13,16.83,3.86,0
2019-11-06 14:10:00+00:00,28.21,0.0,99.87,1.5,16.54,16.77,4.0,0
2019-11-06 15:10:00+00:00,9.38,0.0,41.91,0.63,7.39,15.53,2.76,0
2019-11-06 16:10:00+00:00,0.0,0.0,0.0,0.0,0.0,15.12,2.14,0
2019-11-06 17:10:00+00:00,0.0,0.0,0.0,0.0,0.0,14.48,1.79,0
2019-11-06 18:10:00+00:00,0.0,0.0,0.0,0.0,0.0,13.7,1.79,0
2019-11-06 19:10:00+00:00,0.0,0.0,0.0,0.0,0.0,13.65,1.79,0
2019-11-06 20:10:00+00:00,0.0,0.0,0.0,0.0,0.0,12.88,1.72,0
2019-11-06 21:10:00+00:00,0.0,0.0,0.0,0.0,0.0,12.67,1.59,0
2019-11-06 22:10:00+00:00,0.0,0.0,0.0,0.0,0.0,12.56,1.66,0
2019-11-06 23:10:00+00:00,0.0,0.0,0.0,0.0,0.0,12.49,1.72,0
2019-11-07 00:10:00+00:00,0.0,0.0,0.0,0.0,0.0,12.8,1.52,0
2019-11-07 01:10:00+00:00,0.0,0.0,0.0,0.0,0.0,12.65,1.17,0
2019-11-07 02:10:00+00:00,0.0,0.0,0.0,0.0,0.0,12.72,0.76,0
2019-11-07 03:10:00+00:00,0.0,0.0,0.0,0.0,0.0,11.81,1.17,0
2019-11-07 04:10:00+00:00,0.0,0.0,0.0,0.0,0.0,11.01,1.59,0
2019-11-07 05:10:00+00:00,0.0,0.0,0.0,0.0,0.0,10.59,1.72,0
2019-11-07 06:10:00+00:00,1.53,0.0,13.37,0.2,2.74,10.65,1.79,0
2019-11-07 07:10:00+00:00,13.27,0.0,53.5,0.8,12.39,11.3,1.24,0
2019-11-07 08:10:00+00:00,22.15,0.0,81.14,1.22,20.73,13.95,0.97,0
2019-11-07 09:10:00+00:00,15.99,4.71,58.45,5.99,27.16,15.45,0.83,0
2019-11-07 10:10:00+00:00,15.71,23.15,53.05,7.02,31.01,16.29,0.48,0
2019-11-07 11:10:00+00:00,16.16,25.24,53.77,7.21,31.74,16.82,0.21,0
2019-11-07 12:10:00+00:00,11.96,10.96,44.73,6.67,29.24,17.34,0.48,0
2019-11-07 13:10:00+00:00,25.88,0.0,93.62,1.41,23.88,17.55,0.97,0
2019-11-07 14:10:00+00:00,20.04,0.0,75.79,1.14,16.31,17.39,1.45,0
2019-11-07 15:10:00+00:00,8.5,0.0,39.23,0.59,7.18,16.82,1.52,0
2019-11-07 16:10:00+00:00,0.0,0.0,0.0,0.0,0.0,15.85,1.45,0
2019-11-07 17:10:00+00:00,0.0,0.0,0.0,0.0,0.0,14.92,0.83,0
2019-11-07 18:10:00+00:00,0.0,0.0,0.0,0.0,0.0,15.22,0.48,0
2019-11-07 19:10:00+00:00,0.0,0.0,0.0,0.0,0.0,14.1,1.03,0
2019-11-07 20:10:00+00:00,0.0,0.0,0.0,0.0,0.0,12.35,1.31,0
2019-11-07 21:10:00+00:00,0.0,0.0,0.0,0.0,0.0,11.05,1.72,0
2019-11-07 22:10:00+00:00,0.0,0.0,0.0,0.0,0.0,10.82,2.07,0
2019-11-07 23:10:00+00:00,0.0,0.0,0.0,0.0,0.0,10.82,2.21,0
2019-11-08 00:10:00+00:00,0.0,0.0,0.0,0.0,0.0,11.5,2.34,0
2019-11-08 01:10:00+00:00,0.0,0.0,0.0,0.0,0.0,11.72,2.62,0
2019-11-08 02:10:00+00:00,0.0,0.0,0.0,0.0,0.0,12.32,2.9,0
2019-11-08 03:10:00+00:00,0.0,0.0,0.0,0.0,0.0,12.9,3.17,0
2019-11-08 04:10:00+00:00,0.0,0.0,0.0,0.0,0.0,13.05,3.59,0
2019-11-08 05:10:00+00:00,0.0,0.0,0.0,0.0,0.0,13.27,3.93,0
2019-11-08 06:10:00+00:00,0.74,0.0,9.81,0.15,2.51,13.23,4.14,0
2019-11-08 07:10:00+00:00,19.86,0.0,74.01,1.11,12.15,13.81,4.14,0
2019-11-08 08:10:00+00:00,4.7,0.0,25.86,0.39,20.46,14.48,4.21,0
2019-11-08 09:10:00+00:00,15.04,0.0,59.69,0.86,26.88,14.89,4.62,0
2019-11-08 10:10:00+00:00,31.58,0.0,109.11,1.57,30.72,15.27,4.69,0
2019-11-08 11:10:00+00:00,19.25,0.0,72.74,1.05,31.45,15.69,4.76,0
2019-11-08 12:10:00+00:00,64.58,1.02,203.58,3.95,28.96,15.77,4.97,0
2019-11-08 13:10:00+00:00,42.46,0.0,140.88,2.12,23.63,15.8,4.69,0
2019-11-08 14:10:00+00:00,3.0,0.0,19.62,0.29,16.08,15.46,4.55,0
2019-11-08 15:10:00+00:00,6.74,0.0,32.99,0.5,6.98,14.91,3.66,0
2019-11-08 16:10:00+00:00,0.0,0.0,0.0,0.0,0.0,14.25,2.34,0
2019-11-08 17:10:00+00:00,0.0,0.0,0.0,0.0,0.0,13.38,1.59,0
2019-11-08 18:10:00+00:00,0.0,0.0,0.0,0.0,0.0,13.11,1.79,0
2019-11-08 19:10:00+00:00,0.0,0.0,0.0,0.0,0.0,13.24,2.28,0
2019-11-08 20:10:00+00:00,0.0,0.0,0.0,0.0,0.0,13.43,2.55,0
2019-11-08 21:10:00+00:00,0.0,0.0,0.0,0.0,0.0,13.07,2.62,0
2019-11-08 22:10:00+00:00,0.0,0.0,0.0,0.0,0.0,12.59,2.41,0
2019-11-08 23:10:00+00:00,0.0,0.0,0.0,0.0,0.0,12.5,2.41,0
2019-11-09 00:10:00+00:00,0.0,0.0,0.0,0.0,0.0,12.39,2.34,0
2019-11-09 01:10:00+00:00,0.0,0.0,0.0,0.0,0.0,11.77,2.28,0
2019-11-09 02:10:00+00:00,0.0,0.0,0.0,0.0,0.0,11.57,2.14,0
2019-11-09 03:10:00+00:00,0.0,0.0,0.0,0.0,0.0,10.99,2.07,0
2019-11-09 04:10:00+00:00,0.0,0.0,0.0,0.0,0.0,10.86,1.72,0
2019-11-09 05:10:00+00:00,0.0,0.0,0.0,0.0,0.0,10.42,1.38,0
2019-11-09 06:10:00+00:00,0.94,0.0,10.7,0.16,2.29,10.1,1.38,0
2019-11-09 07:10:00+00:00,11.3,0.0,47.26,0.71,11.9,10.86,1.79,0
2019-11-09 08:10:00+00:00,30.17,0.0,104.32,1.57,20.2,13.07,1.93,0
2019-11-09 09:10:00+00:00,46.8,0.0,152.47,2.29,26.6,13.49,2.34,0
2019-11-09 10:10:00+00:00,69.26,2.37,215.46,4.21,30.43,13.64,3.24,0
2019-11-09 11:10:00+00:00,61.47,5.69,192.44,5.16,31.17,14.25,2.62,0
2019-11-09 12:10:00+00:00,24.33,0.0,87.66,1.26,28.69,14.34,2.34,0
2019-11-09 13:10:00+00:00,51.55,0.0,166.74,2.51,23.38,14.46,2.48,0
2019-11-09 14:10:00+00:00,32.3,0.0,110.57,1.66,15.86,13.53,2.9,0
2019-11-09 15:10:00+00:00,6.55,0.0,32.1,0.48,6.78,12.5,1.93,0
2019-11-09 16:10:00+00:00,0.0,0.0,0.0,0.0,0.0,12.13,2.14,0
2019-11-09 17:10:00+00:00,0.0,0.0,0.0,0.0,0.0,11.58,2.0,0
2019-11-09 18:10:00+00:00,0.0,0.0,0.0,0.0,0.0,11.23,1.79,0
2019-11-09 19:10:00+00:00,0.0,0.0,0.0,0.0,0.0,10.45,1.45,0
2019-11-09 20:10:00+00:00,0.0,0.0,0.0,0.0,0.0,9.91,1.72,0
2019-11-09 21:10:00+00:00,0.0,0.0,0.0,0.0,0.0,9.63,1.45,0
2019-11-09 22:10:00+00:00,0.0,0.0,0.0,0.0,0.0,8.82,1.1,0
2019-11-09 23:10:00+00:00,0.0,0.0,0.0,0.0,0.0,8.7,0.9,0
2019-11-10 00:10:00+00:00,0.0,0.0,0.0,0.0,0.0,7.85,1.38,0
2019-11-10 01:10:00+00:00,0.0,0.0,0.0,0.0,0.0,7.83,1.66,0
2019-11-10 02:10:00+00:00,0.0,0.0,0.0,0.0,0.0,7.48,1.66,0
2019-11-10 03:10:00+00:00,0.0,0.0,0.0,0.0,0.0,7.02,1.66,0
2019-11-10 04:10:00+00:00,0.0,0.0,0.0,0.0,0.0,7.14,1.59,0
2019-11-10 05:10:00+00:00,0.0,0.0,0.0,0.0,0.0,6.98,1.59,0
2019-11-10 06:10:00+00:00,0.0,0.0,0.0,0.0,0.0,6.28,1.52,0
2019-11-10 07:10:00+00:00,15.27,0.0,58.85,0.88,11.66,7.85,1.17,0
2019-11-10 08:10:00+00:00,23.66,0.0,84.71,1.27,19.95,11.27,1.03,0
2019-11-10 09:10:00+00:00,29.84,0.0,103.43,1.55,26.32,13.09,1.52,0
2019-11-10 10:10:00+00:00,18.02,10.08,63.09,6.62,30.14,14.23,2.41,0
2019-11-10 11:10:00+00:00,13.06,13.18,47.01,6.98,30.88,14.88,2.9,0
2019-11-10 12:10:00+00:00,24.77,0.0,89.17,1.34,28.43,15.27,3.24,0
2019-11-10 13:10:00+00:00,37.21,0.0,125.72,1.89,23.14,15.48,3.38,0
2019-11-10 14:10:00+00:00,23.61,0.0,85.6,1.29,15.65,14.91,3.1,0
2019-11-10 15:10:00+00:00,9.15,0.0,41.02,0.62,6.59,14.56,2.28,0
2019-11-10 16:10:00+00:00,0.0,0.0,0.0,0.0,0.0,13.89,2.55,0
2019-11-10 17:10:00+00:00,0.0,0.0,0.0,0.0,0.0,13.14,2.83,0
2019-11-10 18:10:00+00:00,0.0,0.0,0.0,0.0,0.0,12.75,2.97,0
2019-11-10 19:10:00+00:00,0.0,0.0,0.0,0.0,0.0,12.63,3.03,0
2019-11-10 20:10:00+00:00,0.0,0.0,0.0,0.0,0.0,12.13,3.45,0
2019-11-10 21:10:00+00:00,0.0,0.0,0.0,0.0,0.0,11.83,3.66,0
2019-11-10 22:10:00+00:00,0.0,0.0,0.0,0.0,0.0,11.8,3.86,0
2019-11-10 23:10:00+00:00,0.0,0.0,0.0,0.0,0.0,11.92,4.0,0
2019-11-11 00:10:00+00:00,0.0,0.0,0.0,0.0,0.0,12.01,4.21,0
2019-11-11 01:10:00+00:00,0.0,0.0,0.0,0.0,0.0,12.02,4.0,0
2019-11-11 02:10:00+00:00,0.0,0.0,0.0,0.0,0.0,12.13,3.93,0
2019-11-11 03:10:00+00:00,0.0,0.0,0.0,0.0,0.0,12.36,3.86,0
2019-11-11 04:10:00+00:00,0.0,0.0,0.0,0.0,0.0,12.61,3.79,0
2019-11-11 05:10:00+00:00,0.0,0.0,0.0,0.0,0.0,12.69,3.72,0
2019-11-11 06:10:00+00:00,0.0,0.0,0.0,0.0,0.0,12.83,3.72,0
2019-11-11 07:10:00+00:00,1.31,0.0,12.48,0.19,11.43,13.03,3.52,0
2019-11-11 08:10:00+00:00,42.87,0.0,140.88,2.12,19.69,13.42,3.38,0
2019-11-11 09:10:00+00:00,37.8,0.0,126.62,1.9,26.05,13.88,3.1,0
2019-11-11 10:10:00+00:00,46.41,0.02,151.82,2.2,29.86,14.52,3.24,0
2019-11-11 11:10:00+00:00,62.01,0.25,196.94,3.01,30.61,15.44,4.14,0
2019-11-11 12:10:00+00:00,21.7,0.0,80.25,1.21,28.17,16.22,4.41,0
2019-11-11 13:10:00+00:00,18.44,0.0,70.44,1.06,22.91,16.23,3.86,0
2019-11-11 14:10:00+00:00,0.0,0.0,0.0,0.0,0.0,16.3,3.31,0
2019-11-11 15:10:00+00:00,3.69,0.0,22.29,0.33,6.41,16.03,3.17,0
2019-11-11 16:10:00+00:00,0.0,0.0,0.0,0.0,0.0,15.42,3.03,0
2019-11-11 17:10:00+00:00,0.0,0.0,0.0,0.0,0.0,14.97,2.76,0
2019-11-11 18:10:00+00:00,0.0,0.0,0.0,0.0,0.0,14.41,2.0,0
2019-11-11 19:10:00+00:00,0.0,0.0,0.0,0.0,0.0,12.96,1.79,0
2019-11-11 20:10:00+00:00,0.0,0.0,0.0,0.0,0.0,12.42,2.14,0
2019-11-11 21:10:00+00:00,0.0,0.0,0.0,0.0,0.0,12.28,2.28,0
2019-11-11 22:10:00+00:00,0.0,0.0,0.0,0.0,0.0,12.15,2.34,0
2019-11-11 23:10:00+00:00,0.0,0.0,0.0,0.0,0.0,11.96,2.21,0
2019-11-12 00:10:00+00:00,0.0,0.0,0.0,0.0,0.0,11.49,2.62,0
2019-11-12 01:10:00+00:00,0.0,0.0,0.0,0.0,0.0,11.8,2.97,0
2019-11-12 02:10:00+00:00,0.0,0.0,0.0,0.0,0.0,12.11,3.1,0
2019-11-12 03:10:00+00:00,0.0,0.0,0.0,0.0,0.0,12.03,3.03,0
2019-11-12 04:10:00+00:00,0.0,0.0,0.0,0.0,0.0,12.02,3.03,0
2019-11-12 05:10:00+00:00,0.0,0.0,0.0,0.0,0.0,11.95,3.31,0
2019-11-12 06:10:00+00:00,0.0,0.0,0.0,0.0,0.0,11.81,3.59,0
2019-11-12 07:10:00+00:00,6.57,0.0,32.1,0.48,11.19,12.13,3.31,0
2019-11-12 08:10:00+00:00,25.37,0.0,90.06,1.35,19.44,12.71,2.76,0
2019-11-12 09:10:00+00:00,33.23,0.0,113.24,1.7,25.78,13.46,2.9,0
2019-11-12 10:10:00+00:00,35.25,0.0,119.37,1.71,29.58,14.02,3.24,0
2019-11-12 11:10:00+00:00,53.43,0.04,171.9,2.52,30.33,14.61,3.72,0
2019-11-12 12:10:00+00:00,61.13,0.0,194.38,2.92,27.91,14.83,3.03,0
2019-11-12 13:10:00+00:00,40.78,0.0,136.42,2.05,22.68,15.69,2.34,0
2019-11-12 14:10:00+00:00,8.84,0.0,40.12,0.6,15.24,15.32,1.72,0
2019-11-12 15:10:00+00:00,2.12,0.0,16.05,0.24,6.23,14.54,5.45,0
2019-11-12 16:10:00+00:00,0.0,0.0,0.0,0.0,0.0,13.84,6.07,0
2019-11-12 17:10:00+00:00,0.0,0.0,0.0,0.0,0.0,13.3,5.1,0
2019-11-12 18:10:00+00:00,0.0,0.0,0.0,0.0,0.0,12.87,5.24,0
2019-11-12 19:10:00+00:00,0.0,0.0,0.0,0.0,0.0,12.73,2.21,0
2019-11-12 20:10:00+00:00,0.0,0.0,0.0,0.0,0.0,12.08,2.41,0
2019-11-12 21:10:00+00:00,0.0,0.0,0.0,0.0,0.0,11.69,2.28,0
2019-11-12 22:10:00+00:00,0.0,0.0,0.0,0.0,0.0,11.3,2.14,0
2019-11-12 23:10:00+00:00,0.0,0.0,0.0,0.0,0.0,11.16,2.21,0
2019-11-13 00:10:00+00:00,0.0,0.0,0.0,0.0,0.0,10.94,2.21,0
2019-11-13 01:10:00+00:00,0.0,0.0,0.0,0.0,0.0,10.97,1.86,0
2019-11-13 02:10:00+00:00,0.0,0.0,0.0,0.0,0.0,10.69,1.72,0
2019-11-13 03:10:00+00:00,0.0,0.0,0.0,0.0,0.0,10.35,1.59,0
2019-11-13 04:10:00+00:00,0.0,0.0,0.0,0.0,0.0,10.31,1.1,0
2019-11-13 05:10:00+00:00,0.0,0.0,0.0,0.0,0.0,10.93,0.83,0
2019-11-13 06:10:00+00:00,0.0,0.0,0.0,0.0,0.0,11.71,0.55,0
2019-11-13 07:10:00+00:00,12.61,0.0,51.72,0.78,10.96,12.34,0.41,0
2019-11-13 08:10:00+00:00,36.79,0.0,123.94,1.86,19.18,13.42,0.97,0
2019-11-13 09:10:00+00:00,15.66,0.0,61.52,0.92,25.52,14.33,2.07,0
2019-11-13 10:10:00+00:00,66.62,0.0,210.43,3.16,29.31,14.89,2.69,0
2019-11-13 11:10:00+00:00,46.66,0.76,150.38,5.59,30.07,15.34,2.69,0
2019-11-13 12:10:00+00:00,7.76,0.0,36.56,0.55,27.66,15.44,2.28,0
2019-11-13 13:10:00+00:00,50.59,0.0,164.96,2.48,22.45,15.59,2.0,0
2019-11-13 14:10:00+00:00,17.05,0.0,65.98,0.99,15.04,15.28,2.69,0
2019-11-13 15:10:00+00:00,7.52,0.0,35.67,0.54,6.05,14.92,3.03,0
2019-11-13 16:10:00+00:00,0.0,0.0,0.0,0.0,0.0,14.27,3.24,0
2019-11-13 17:10:00+00:00,0.0,0.0,0.0,0.0,0.0,13.76,3.31,0
2019-11-13 18:10:00+00:00,0.0,0.0,0.0,0.0,0.0,13.56,2.9,0
2019-11-13 19:10:00+00:00,0.0,0.0,0.0,0.0,0.0,13.05,2.41,0
2019-11-13 20:10:00+00:00,0.0,0.0,0.0,0.0,0.0,12.45,1.93,0
2019-11-13 21:10:00+00:00,0.0,0.0,0.0,0.0,0.0,11.9,1.45,0
2019-11-13 22:10:00+00:00,0.0,0.0,0.0,0.0,0.0,11.59,1.31,0
2019-11-13 23:10:00+00:00,0.0,0.0,0.0,0.0,0.0,11.03,1.38,0
2019-11-14 00:10:00+00:00,0.0,0.0,0.0,0.0,0.0,10.92,1.45,0
2019-11-14 01:10:00+00:00,0.0,0.0,0.0,0.0,0.0,11.02,1.45,0
2019-11-14 02:10:00+00:00,0.0,0.0,0.0,0.0,0.0,11.41,1.66,0
2019-11-14 03:10:00+00:00,0.0,0.0,0.0,0.0,0.0,11.43,1.86,0
2019-11-14 04:10:00+00:00,0.0,0.0,0.0,0.0,0.0,11.25,1.79,0
2019-11-14 05:10:00+00:00,0.0,0.0,0.0,0.0,0.0,11.24,1.59,0
2019-11-14 06:10:00+00:00,0.0,0.0,0.0,0.0,0.0,10.81,1.79,0
2019-11-14 07:10:00+00:00,18.59,0.0,69.55,1.05,10.72,11.07,1.93,0
2019-11-14 08:10:00+00:00,33.34,0.0,113.24,1.7,18.94,12.29,1.59,0
2019-11-14 09:10:00+00:00,54.4,0.0,174.77,2.63,25.25,13.73,1.66,0
2019-11-14 10:10:00+00:00,59.82,0.0,190.82,2.87,29.04,14.35,1.79,0
2019-11-14 11:10:00+00:00,66.2,0.0,209.54,3.15,29.81,15.06,2.41,0
2019-11-14 12:10:00+00:00,53.96,0.0,173.87,2.61,27.42,14.86,2.76,0
2019-11-14 13:10:00+00:00,48.66,0.0,158.72,2.38,22.24,15.27,3.38,0
2019-11-14 14:10:00+00:00,19.42,0.0,73.12,1.1,14.85,15.18,3.31,0
2019-11-14 15:10:00+00:00,0.24,0.0,7.13,0.11,5.89,14.7,2.9,0
2019-11-14 16:10:00+00:00,0.0,0.0,0.0,0.0,0.0,14.06,3.17,0
2019-11-14 17:10:00+00:00,0.0,0.0,0.0,0.0,0.0,13.74,3.31,0
2019-11-14 18:10:00+00:00,0.0,0.0,0.0,0.0,0.0,13.5,3.59,0
2019-11-14 19:10:00+00:00,0.0,0.0,0.0,0.0,0.0,13.69,4.41,0
2019-11-14 20:10:00+00:00,0.0,0.0,0.0,0.0,0.0,13.66,4.69,0
2019-11-14 21:10:00+00:00,0.0,0.0,0.0,0.0,0.0,13.69,4.9,0
2019-11-14 22:10:00+00:00,0.0,0.0,0.0,0.0,0.0,13.73,5.1,0
2019-11-14 23:10:00+00:00,0.0,0.0,0.0,0.0,0.0,13.88,5.1,0
2019-11-15 00:10:00+00:00,0.0,0.0,0.0,0.0,0.0,14.13,5.17,0
2019-11-15 01:10:00+00:00,0.0,0.0,0.0,0.0,0.0,14.28,5.31,0
2019-11-15 02:10:00+00:00,0.0,0.0,0.0,0.0,0.0,14.27,5.24,0
2019-11-15 03:10:00+00:00,0.0,0.0,0.0,0.0,0.0,14.43,5.1,0
2019-11-15 04:10:00+00:00,0.0,0.0,0.0,0.0,0.0,14.5,5.1,0
2019-11-15 05:10:00+00:00,0.0,0.0,0.0,0.0,0.0,14.42,5.1,0
2019-11-15 06:10:00+00:00,0.0,0.0,0.0,0.0,0.0,14.67,5.52,0
2019-11-15 07:10:00+00:00,15.34,0.0,60.63,0.91,10.49,15.27,6.07,0
2019-11-15 08:10:00+00:00,31.73,0.0,109.67,1.65,18.69,16.02,6.76,0
2019-11-15 09:10:00+00:00,39.31,0.0,131.97,1.98,25.0,16.57,6.76,0
2019-11-15 10:10:00+00:00,55.97,0.0,180.12,2.71,28.78,16.97,7.31,0
2019-11-15 11:10:00+00:00,25.22,0.0,90.95,1.37,29.55,17.21,8.0,0
2019-11-15 12:10:00+00:00,62.08,0.0,197.95,2.97,27.18,17.48,8.07,0
2019-11-15 13:10:00+00:00,13.27,0.0,54.39,0.82,22.02,16.3,7.72,0
2019-11-15 14:10:00+00:00,15.06,0.0,59.74,0.9,14.67,15.35,7.45,0
2019-11-15 15:10:00+00:00,2.79,0.0,18.72,0.28,5.73,14.57,5.31,0
2019-11-15 16:10:00+00:00,0.0,0.0,0.0,0.0,0.0,14.24,4.0,0
2019-11-15 17:10:00+00:00,0.0,0.0,0.0,0.0,0.0,14.0,2.69,0
2019-11-15 18:10:00+00:00,0.0,0.0,0.0,0.0,0.0,13.74,2.0,0
2019-11-15 19:10:00+00:00,0.0,0.0,0.0,0.0,0.0,14.3,4.34,0
2019-11-15 20:10:00+00:00,0.0,0.0,0.0,0.0,0.0,14.45,4.07,0
2019-11-15 21:10:00+00:00,0.0,0.0,0.0,0.0,0.0,14.33,4.83,0
2019-11-15 22:10:00+00:00,0.0,0.0,0.0,0.0,0.0,14.21,4.62,0
2019-11-15 23:10:00+00:00,0.0,0.0,0.0,0.0,0.0,14.37,4.14,0
2019-11-16 00:10:00+00:00,0.0,0.0,0.0,0.0,0.0,13.8,4.14,0
2019-11-16 01:10:00+00:00,0.0,0.0,0.0,0.0,0.0,13.58,3.38,0
2019-11-16 02:10:00+00:00,0.0,0.0,0.0,0.0,0.0,13.6,3.1,0
2019-11-16 03:10:00+00:00,0.0,0.0,0.0,0.0,0.0,13.38,3.03,0
2019-11-16 04:10:00+00:00,0.0,0.0,0.0,0.0,0.0,13.02,2.83,0
2019-11-16 05:10:00+00:00,0.0,0.0,0.0,0.0,0.0,12.65,2.48,0
2019-11-16 06:10:00+00:00,0.0,0.0,0.0,0.0,0.0,12.3,2.0,0
2019-11-16 07:10:00+00:00,16.05,0.0,62.42,0.94,10.27,13.15,2.07,0
2019-11-16 08:10:00+00:00,38.01,0.0,127.51,1.92,18.45,14.03,2.07,0
2019-11-16 09:10:00+00:00,41.86,0.0,139.1,2.09,24.74,14.84,2.21,0
2019-11-16 10:10:00+00:00,22.3,0.0,82.03,1.23,28.52,15.78,2.48,0
2019-11-16 11:10:00+00:00,8.29,0.0,38.34,0.58,29.3,15.66,2.14,0
2019-11-16 12:10:00+00:00,7.25,0.0,34.77,0.52,26.95,14.81,0.76,0
2019-11-16 13:10:00+00:00,37.28,0.0,125.72,1.89,21.82,14.72,2.21,0
2019-11-16 14:10:00+00:00,16.78,0.0,65.09,0.98,14.49,14.87,2.21,0
2019-11-16 15:10:00+00:00,3.25,0.0,20.51,0.31,5.57,14.79,3.03,0
2019-11-16 16:10:00+00:00,0.0,0.0,0.0,0.0,0.0,14.48,4.48,0
2019-11-16 17:10:00+00:00,0.0,0.0,0.0,0.0,0.0,14.76,5.72,0
2019-11-16 18:10:00+00:00,0.0,0.0,0.0,0.0,0.0,15.37,6.14,0
2019-11-16 19:10:00+00:00,0.0,0.0,0.0,0.0,0.0,16.5,6.21,0
2019-11-16 20:10:00+00:00,0.0,0.0,0.0,0.0,0.0,16.98,7.24,0
2019-11-16 21:10:00+00:00,0.0,0.0,0.0,0.0,0.0,17.59,8.0,0
2019-11-16 22:10:00+00:00,0.0,0.0,0.0,0.0,0.0,17.28,8.34,0
2019-11-16 23:10:00+00:00,0.0,0.0,0.0,0.0,0.0,16.96,8.41,0
2019-11-17 00:10:00+00:00,0.0,0.0,0.0,0.0,0.0,16.53,8.07,0
2019-11-17 01:10:00+00:00,0.0,0.0,0.0,0.0,0.0,16.38,8.14,0
2019-11-17 02:10:00+00:00,0.0,0.0,0.0,0.0,0.0,16.17,8.21,0
2019-11-17 03:10:00+00:00,0.0,0.0,0.0,0.0,0.0,15.45,8.41,0
2019-11-17 04:10:00+00:00,0.0,0.0,0.0,0.0,0.0,15.42,8.0,0
2019-11-17 05:10:00+00:00,0.0,0.0,0.0,0.0,0.0,15.03,8.21,0
2019-11-17 06:10:00+00:00,0.0,0.0,0.0,0.0,0.0,14.89,8.48,0
2019-11-17 07:10:00+00:00,4.19,0.0,24.07,0.36,10.04,15.53,7.45,0
2019-11-17 08:10:00+00:00,38.66,0.0,129.29,1.94,18.21,15.23,7.52,0
2019-11-17 09:10:00+00:00,54.75,0.0,174.77,2.63,24.49,14.51,7.38,0
2019-11-17 10:10:00+00:00,62.05,0.0,195.27,2.93,28.27,14.12,6.69,0
2019-11-17 11:10:00+00:00,48.11,0.0,156.04,2.34,29.05,14.35,5.59,0
2019-11-17 12:10:00+00:00,57.54,0.0,182.79,2.75,26.73,13.82,4.41,0
2019-11-17 13:10:00+00:00,48.44,0.0,156.93,2.36,21.62,13.56,3.31,0
2019-11-17 14:10:00+00:00,28.4,0.0,98.97,1.49,14.32,12.96,3.1,0
2019-11-17 15:10:00+00:00,6.3,0.0,31.21,0.47,5.42,12.27,2.48,0
2019-11-17 16:10:00+00:00,0.0,0.0,0.0,0.0,0.0,12.08,1.59,0
2019-11-17 17:10:00+00:00,0.0,0.0,0.0,0.0,0.0,12.05,0.48,0
2019-11-17 18:10:00+00:00,0.0,0.0,0.0,0.0,0.0,11.45,0.62,0
2019-11-17 19:10:00+00:00,0.0,0.0,0.0,0.0,0.0,10.58,1.79,0
2019-11-17 20:10:00+00:00,0.0,0.0,0.0,0.0,0.0,10.36,1.59,0
2019-11-17 21:10:00+00:00,0.0,0.0,0.0,0.0,0.0,9.97,1.59,0
2019-11-17 22:10:00+00:00,0.0,0.0,0.0,0.0,0.0,9.96,1.45,0
2019-11-17 23:10:00+00:00,0.0,0.0,0.0,0.0,0.0,10.07,1.31,0
2019-11-18 00:10:00+00:00,0.0,0.0,0.0,0.0,0.0,10.06,1.24,0
2019-11-18 01:10:00+00:00,0.0,0.0,0.0,0.0,0.0,9.28,1.52,0
2019-11-18 02:10:00+00:00,0.0,0.0,0.0,0.0,0.0,9.21,1.52,0
2019-11-18 03:10:00+00:00,0.0,0.0,0.0,0.0,0.0,9.83,1.79,0
2019-11-18 04:10:00+00:00,0.0,0.0,0.0,0.0,0.0,10.64,1.93,0
2019-11-18 05:10:00+00:00,0.0,0.0,0.0,0.0,0.0,10.96,2.07,0
2019-11-18 06:10:00+00:00,0.0,0.0,0.0,0.0,0.0,10.78,2.07,0
2019-11-18 07:10:00+00:00,9.59,0.0,41.91,0.63,9.82,11.38,2.69,0
2019-11-18 08:10:00+00:00,11.52,0.0,48.15,0.72,17.97,12.09,2.83,0
2019-11-18 09:10:00+00:00,55.04,0.0,175.66,2.64,24.25,13.5,3.66,0
2019-11-18 10:10:00+00:00,56.82,0.0,181.01,2.72,28.02,14.21,4.48,0
2019-11-18 11:10:00+00:00,40.83,0.0,135.53,2.04,28.81,14.75,5.03,0
2019-11-18 12:10:00+00:00,17.97,0.0,68.66,1.03,26.51,15.21,5.45,0
2019-11-18 13:10:00+00:00,8.86,0.0,40.12,0.6,21.43,15.35,5.24,0
2019-11-18 14:10:00+00:00,27.63,0.0,97.19,1.46,14.15,14.53,4.83,0
2019-11-18 15:10:00+00:00,3.98,0.0,23.18,0.35,5.28,13.96,4.76,0
2019-11-18 16:10:00+00:00,0.0,0.0,0.0,0.0,0.0,13.19,4.76,0
2019-11-18 17:10:00+00:00,0.0,0.0,0.0,0.0,0.0,13.11,4.76,0
2019-11-18 18:10:00+00:00,0.0,0.0,0.0,0.0,0.0,13.04,4.83,0
2019-11-18 19:10:00+00:00,0.0,0.0,0.0,0.0,0.0,13.58,5.38,0
2019-11-18 20:10:00+00:00,0.0,0.0,0.0,0.0,0.0,13.42,5.52,0
2019-11-18 21:10:00+00:00,0.0,0.0,0.0,0.0,0.0,13.36,5.86,0
2019-11-18 22:10:00+00:00,0.0,0.0,0.0,0.0,0.0,13.28,5.79,0
2019-11-18 23:10:00+00:00,0.0,0.0,0.0,0.0,0.0,13.48,5.52,0
2019-11-19 00:10:00+00:00,0.0,0.0,0.0,0.0,0.0,13.59,5.45,0
2019-11-19 01:10:00+00:00,0.0,0.0,0.0,0.0,0.0,13.7,5.52,0
2019-11-19 02:10:00+00:00,0.0,0.0,0.0,0.0,0.0,13.37,5.59,0
2019-11-19 03:10:00+00:00,0.0,0.0,0.0,0.0,0.0,13.17,5.66,0
2019-11-19 04:10:00+00:00,0.0,0.0,0.0,0.0,0.0,13.15,5.93,0
2019-11-19 05:10:00+00:00,0.0,0.0,0.0,0.0,0.0,13.26,5.79,0
2019-11-19 06:10:00+00:00,0.0,0.0,0.0,0.0,0.0,13.38,5.59,0
2019-11-19 07:10:00+00:00,10.58,0.0,45.47,0.68,9.6,13.87,4.97,0
2019-11-19 08:10:00+00:00,35.34,0.0,119.48,1.8,17.74,14.28,5.03,0
2019-11-19 09:10:00+00:00,53.88,0.0,172.98,2.6,24.01,14.86,5.03,0
2019-11-19 10:10:00+00:00,62.47,0.0,197.95,2.97,27.78,15.27,4.83,0
2019-11-19 11:10:00+00:00,44.36,0.0,146.23,2.2,28.58,15.61,4.9,0
2019-11-19 12:10:00+00:00,34.8,0.0,118.59,1.78,26.29,15.74,5.24,0
2019-11-19 13:10:00+00:00,38.49,0.0,129.29,1.94,21.24,15.53,4.41,0
2019-11-19 14:10:00+00:00,26.56,0.0,94.52,1.42,13.99,15.62,4.21,0
2019-11-19 15:10:00+00:00,4.93,0.0,26.75,0.4,5.14,15.32,3.52,0
2019-11-19 16:10:00+00:00,0.0,0.0,0.0,0.0,0.0,14.66,3.24,0
2019-11-19 17:10:00+00:00,0.0,0.0,0.0,0.0,0.0,14.24,3.38,0
2019-11-19 18:10:00+00:00,0.0,0.0,0.0,0.0,0.0,13.69,3.59,0
2019-11-19 19:10:00+00:00,0.0,0.0,0.0,0.0,0.0,13.15,2.48,0
2019-11-19 20:10:00+00:00,0.0,0.0,0.0,0.0,0.0,12.8,2.21,0
2019-11-19 21:10:00+00:00,0.0,0.0,0.0,0.0,0.0,12.43,1.66,0
2019-11-19 22:10:00+00:00,0.0,0.0,0.0,0.0,0.0,12.16,1.17,0
2019-11-19 23:10:00+00:00,0.0,0.0,0.0,0.0,0.0,11.43,1.03,0
2019-11-20 00:10:00+00:00,0.0,0.0,0.0,0.0,0.0,10.98,1.1,0
2019-11-20 01:10:00+00:00,0.0,0.0,0.0,0.0,0.0,10.53,1.17,0
2019-11-20 02:10:00+00:00,0.0,0.0,0.0,0.0,0.0,10.21,1.17,0
2019-11-20 03:10:00+00:00,0.0,0.0,0.0,0.0,0.0,10.07,1.1,0
2019-11-20 04:10:00+00:00,0.0,0.0,0.0,0.0,0.0,9.81,1.1,0
2019-11-20 05:10:00+00:00,0.0,0.0,0.0,0.0,0.0,9.67,1.03,0
2019-11-20 06:10:00+00:00,0.0,0.0,0.0,0.0,0.0,9.34,1.03,0
2019-11-20 07:10:00+00:00,14.29,0.0,56.17,0.84,9.38,9.17,1.03,0
2019-11-20 08:10:00+00:00,29.98,0.0,103.43,1.55,17.51,11.73,0.62,0
2019-11-20 09:10:00+00:00,34.96,0.0,118.59,1.78,23.77,12.99,0.28,0
2019-11-20 10:10:00+00:00,57.9,0.0,185.47,2.79,27.54,13.82,0.76,0
2019-11-20 11:10:00+00:00,62.5,0.0,198.84,2.99,28.35,14.51,1.59,0
2019-11-20 12:10:00+00:00,35.43,0.0,120.37,1.81,26.09,14.72,2.07,0
2019-11-20 13:10:00+00:00,4.96,0.0,26.75,0.4,21.06,14.29,2.21,0
2019-11-20 14:10:00+00:00,4.22,0.0,24.07,0.36,13.83,13.9,2.14,0
2019-11-20 15:10:00+00:00,5.73,0.0,29.42,0.44,5.01,13.73,1.93,0
2019-11-20 16:10:00+00:00,0.0,0.0,0.0,0.0,0.0,12.57,1.59,0
2019-11-20 17:10:00+00:00,0.0,0.0,0.0,0.0,0.0,12.11,1.03,0
2019-11-20 18:10:00+00:00,0.0,0.0,0.0,0.0,0.0,11.46,1.03,0
2019-11-20 19:10:00+00:00,0.0,0.0,0.0,0.0,0.0,11.01,1.31,0
2019-11-20 20:10:00+00:00,0.0,0.0,0.0,0.0,0.0,11.03,1.24,0
2019-11-20 21:10:00+00:00,0.0,0.0,0.0,0.0,0.0,10.73,1.24,0
2019-11-20 22:10:00+00:00,0.0,0.0,0.0,0.0,0.0,10.24,1.31,0
2019-11-20 23:10:00+00:00,0.0,0.0,0.0,0.0,0.0,9.98,1.45,0
2019-11-21 00:10:00+00:00,0.0,0.0,0.0,0.0,0.0,9.88,1.59,0
2019-11-21 01:10:00+00:00,0.0,0.0,0.0,0.0,0.0,9.79,1.59,0
2019-11-21 02:10:00+00:00,0.0,0.0,0.0,0.0,0.0,9.86,1.86,0
2019-11-21 03:10:00+00:00,0.0,0.0,0.0,0.0,0.0,9.99,2.0,0
2019-11-21 04:10:00+00:00,0.0,0.0,0.0,0.0,0.0,10.0,2.0,0
2019-11-21 05:10:00+00:00,0.0,0.0,0.0,0.0,0.0,10.11,2.07,0
2019-11-21 06:10:00+00:00,0.0,0.0,0.0,0.0,0.0,10.28,2.14,0
2019-11-21 07:10:00+00:00,13.34,0.0,53.5,0.8,9.17,10.4,2.34,0
2019-11-21 08:10:00+00:00,29.85,0.0,102.54,1.54,17.29,11.22,2.34,0
2019-11-21 09:10:00+00:00,52.75,0.0,168.52,2.53,23.54,12.28,2.69,0
2019-11-21 10:10:00+00:00,55.44,0.0,176.55,2.65,27.31,12.96,3.17,0
2019-11-21 11:10:00+00:00,29.61,0.0,102.54,1.54,28.13,13.21,3.52,0
2019-11-21 12:10:00+00:00,50.05,0.0,161.39,2.42,25.89,13.42,3.52,0
2019-11-21 13:10:00+00:00,39.73,0.0,131.97,1.98,20.88,13.61,3.45,0
2019-11-21 14:10:00+00:00,25.61,0.0,90.95,1.37,13.68,13.38,3.24,0
2019-11-21 15:10:00+00:00,4.99,0.0,26.75,0.4,4.88,12.91,2.9,0
2019-11-21 16:10:00+00:00,0.0,0.0,0.0,0.0,0.0,12.19,3.03,0
2019-11-21 17:10:00+00:00,0.0,0.0,0.0,0.0,0.0,11.66,3.03,0
2019-11-21 18:10:00+00:00,0.0,0.0,0.0,0.0,0.0,11.27,2.9,0
2019-11-21 19:10:00+00:00,0.0,0.0,0.0,0.0,0.0,11.4,3.03,0
2019-11-21 20:10:00+00:00,0.0,0.0,0.0,0.0,0.0,10.83,2.97,0
2019-11-21 21:10:00+00:00,0.0,0.0,0.0,0.0,0.0,10.5,2.83,0
2019-11-21 22:10:00+00:00,0.0,0.0,0.0,0.0,0.0,10.43,2.62,0
2019-11-21 23:10:00+00:00,0.0,0.0,0.0,0.0,0.0,10.34,2.55,0
2019-11-22 00:10:00+00:00,0.0,0.0,0.0,0.0,0.0,10.22,2.62,0
2019-11-22 01:10:00+00:00,0.0,0.0,0.0,0.0,0.0,10.02,2.62,0
2019-11-22 02:10:00+00:00,0.0,0.0,0.0,0.0,0.0,9.9,2.48,0
2019-11-22 03:10:00+00:00,0.0,0.0,0.0,0.0,0.0,9.51,2.41,0
2019-11-22 04:10:00+00:00,0.0,0.0,0.0,0.0,0.0,9.59,2.41,0
2019-11-22 05:10:00+00:00,0.0,0.0,0.0,0.0,0.0,9.57,2.41,0
2019-11-22 06:10:00+00:00,0.0,0.0,0.0,0.0,0.0,9.64,2.41,0
2019-11-22 07:10:00+00:00,9.11,0.0,40.12,0.6,8.96,9.66,2.34,0
2019-11-22 08:10:00+00:00,36.04,0.0,120.37,1.81,17.07,11.26,2.14,0
2019-11-22 09:10:00+00:00,30.18,0.0,104.32,1.57,23.31,13.16,2.41,0
2019-11-22 10:10:00+00:00,19.49,0.0,73.12,1.1,27.08,14.4,3.31,0
2019-11-22 11:10:00+00:00,30.28,0.0,105.22,1.58,27.92,15.02,4.14,0
2019-11-22 12:10:00+00:00,33.36,0.0,114.13,1.71,25.69,14.88,4.0,0
2019-11-22 13:10:00+00:00,33.33,0.0,114.13,1.71,20.71,15.06,3.93,0
2019-11-22 14:10:00+00:00,20.1,0.0,74.9,1.13,13.54,14.32,3.66,0
2019-11-22 15:10:00+00:00,4.97,0.0,26.75,0.4,4.76,13.76,3.17,0
2019-11-22 16:10:00+00:00,0.0,0.0,0.0,0.0,0.0,13.0,3.24,0
2019-11-22 17:10:00+00:00,0.0,0.0,0.0,0.0,0.0,12.62,3.31,0
2019-11-22 18:10:00+00:00,0.0,0.0,0.0,0.0,0.0,12.4,3.38,0
2019-11-22 19:10:00+00:00,0.0,0.0,0.0,0.0,0.0,12.4,3.52,0
2019-11-22 20:10:00+00:00,0.0,0.0,0.0,0.0,0.0,12.09,3.52,0
2019-11-22 21:10:00+00:00,0.0,0.0,0.0,0.0,0.0,11.98,3.59,0
2019-11-22 22:10:00+00:00,0.0,0.0,0.0,0.0,0.0,11.92,3.72,0
2019-11-22 23:10:00+00:00,0.0,0.0,0.0,0.0,0.0,11.89,3.86,0
2019-11-23 00:10:00+00:00,0.0,0.0,0.0,0.0,0.0,11.78,4.07,0
2019-11-23 01:10:00+00:00,0.0,0.0,0.0,0.0,0.0,11.79,4.21,0
2019-11-23 02:10:00+00:00,0.0,0.0,0.0,0.0,0.0,11.77,4.34,0
2019-11-23 03:10:00+00:00,0.0,0.0,0.0,0.0,0.0,11.94,4.55,0
2019-11-23 04:10:00+00:00,0.0,0.0,0.0,0.0,0.0,12.18,5.1,0
2019-11-23 05:10:00+00:00,0.0,0.0,0.0,0.0,0.0,12.69,5.45,0
2019-11-23 06:10:00+00:00,0.0,0.0,0.0,0.0,0.0,12.86,5.72,0
2019-11-23 07:10:00+00:00,13.72,0.0,55.28,0.83,8.75,13.82,6.28,0
2019-11-23 08:10:00+00:00,31.3,0.0,107.89,1.62,16.85,14.81,6.76,0
2019-11-23 09:10:00+00:00,47.82,0.0,156.04,2.34,23.09,15.78,6.28,0
2019-11-23 10:10:00+00:00,53.3,0.0,172.09,2.59,26.86,16.27,6.41,0
2019-11-23 11:10:00+00:00,62.85,0.0,199.73,3.0,27.71,16.58,6.34,0
2019-11-23 12:10:00+00:00,56.55,0.0,181.9,2.73,25.5,16.94,6.62,0
2019-11-23 13:10:00+00:00,34.62,0.0,118.59,1.78,20.55,16.98,6.21,0
2019-11-23 14:10:00+00:00,24.94,0.0,90.06,1.35,13.41,17.0,7.31,0
2019-11-23 15:10:00+00:00,4.41,0.0,24.97,0.38,4.65,16.54,6.97,0
2019-11-23 16:10:00+00:00,0.0,0.0,0.0,0.0,0.0,16.3,6.69,0
2019-11-23 17:10:00+00:00,0.0,0.0,0.0,0.0,0.0,16.14,6.41,0
2019-11-23 18:10:00+00:00,0.0,0.0,0.0,0.0,0.0,15.85,6.48,0
2019-11-23 19:10:00+00:00,0.0,0.0,0.0,0.0,0.0,14.93,6.76,0
2019-11-23 20:10:00+00:00,0.0,0.0,0.0,0.0,0.0,14.17,6.9,0
2019-11-23 21:10:00+00:00,0.0,0.0,0.0,0.0,0.0,14.25,6.62,0
2019-11-23 22:10:00+00:00,0.0,0.0,0.0,0.0,0.0,14.29,6.97,0
2019-11-23 23:10:00+00:00,0.0,0.0,0.0,0.0,0.0,13.67,7.1,0
2019-11-24 00:10:00+00:00,0.0,0.0,0.0,0.0,0.0,13.27,6.83,0
2019-11-24 01:10:00+00:00,0.0,0.0,0.0,0.0,0.0,13.13,6.55,0
2019-11-24 02:10:00+00:00,0.0,0.0,0.0,0.0,0.0,13.01,6.21,0
2019-11-24 03:10:00+00:00,0.0,0.0,0.0,0.0,0.0,12.79,4.83,0
2019-11-24 04:10:00+00:00,0.0,0.0,0.0,0.0,0.0,12.48,4.28,0
2019-11-24 05:10:00+00:00,0.0,0.0,0.0,0.0,0.0,12.44,4.55,0
2019-11-24 06:10:00+00:00,0.0,0.0,0.0,0.0,0.0,12.56,4.48,0
2019-11-24 07:10:00+00:00,3.76,0.0,22.29,0.33,8.54,13.03,3.31,0
2019-11-24 08:10:00+00:00,15.73,0.0,61.52,0.92,16.64,13.61,2.76,0
2019-11-24 09:10:00+00:00,34.96,0.0,118.59,1.78,22.87,14.01,2.34,0
2019-11-24 10:10:00+00:00,41.96,0.0,139.1,2.09,26.65,14.24,2.0,0
2019-11-24 11:10:00+00:00,44.41,0.0,146.23,2.2,27.5,14.3,1.93,0
2019-11-24 12:10:00+00:00,43.75,0.0,144.45,2.17,25.32,14.34,1.59,0
2019-11-24 13:10:00+00:00,29.35,0.0,102.54,1.54,20.4,14.32,1.38,0
2019-11-24 14:10:00+00:00,20.08,0.0,74.9,1.13,13.28,14.19,2.0,0
2019-11-24 15:10:00+00:00,2.35,0.0,16.94,0.25,4.54,13.95,2.34,0
2019-11-24 16:10:00+00:00,0.0,0.0,0.0,0.0,0.0,13.63,2.28,0
2019-11-24 17:10:00+00:00,0.0,0.0,0.0,0.0,0.0,13.38,2.07,0
2019-11-24 18:10:00+00:00,0.0,0.0,0.0,0.0,0.0,13.29,1.79,0
2019-11-24 19:10:00+00:00,0.0,0.0,0.0,0.0,0.0,13.47,1.93,0
2019-11-24 20:10:00+00:00,0.0,0.0,0.0,0.0,0.0,13.2,1.72,0
2019-11-24 21:10:00+00:00,0.0,0.0,0.0,0.0,0.0,12.89,1.31,0
2019-11-24 22:10:00+00:00,0.0,0.0,0.0,0.0,0.0,12.37,1.1,0
2019-11-24 23:10:00+00:00,0.0,0.0,0.0,0.0,0.0,12.28,1.03,0
2019-11-25 00:10:00+00:00,0.0,0.0,0.0,0.0,0.0,12.39,1.24,0
2019-11-25 01:10:00+00:00,0.0,0.0,0.0,0.0,0.0,12.34,1.17,0
2019-11-25 02:10:00+00:00,0.0,0.0,0.0,0.0,0.0,11.95,1.17,0
2019-11-25 03:10:00+00:00,0.0,0.0,0.0,0.0,0.0,11.44,1.24,0
2019-11-25 04:10:00+00:00,0.0,0.0,0.0,0.0,0.0,11.4,1.17,0
2019-11-25 05:10:00+00:00,0.0,0.0,0.0,0.0,0.0,11.33,1.24,0
2019-11-25 06:10:00+00:00,0.0,0.0,0.0,0.0,0.0,11.1,1.38,0
2019-11-25 07:10:00+00:00,11.29,0.0,47.26,0.71,8.34,10.9,1.38,0
2019-11-25 08:10:00+00:00,32.84,0.0,112.35,1.69,16.43,13.14,0.76,0
2019-11-25 09:10:00+00:00,48.84,0.0,159.61,2.4,22.66,14.29,0.62,0
2019-11-25 10:10:00+00:00,47.06,0.0,155.15,2.33,26.44,15.61,0.97,0
2019-11-25 11:10:00+00:00,22.49,0.0,82.92,1.25,27.31,16.31,1.17,0
2019-11-25 12:10:00+00:00,19.49,0.0,74.01,1.11,25.15,16.97,1.45,0
2019-11-25 13:10:00+00:00,23.55,0.0,86.49,1.3,20.25,17.56,1.72,0
2019-11-25 14:10:00+00:00,16.26,0.0,64.2,0.96,13.15,17.68,2.0,0
2019-11-25 15:10:00+00:00,4.39,0.0,24.97,0.38,4.44,16.92,2.28,0
2019-11-25 16:10:00+00:00,0.0,0.0,0.0,0.0,0.0,15.89,2.34,0
2019-11-25 17:10:00+00:00,0.0,0.0,0.0,0.0,0.0,15.16,2.07,0
2019-11-25 18:10:00+00:00,0.0,0.0,0.0,0.0,0.0,14.52,1.86,0
2019-11-25 19:10:00+00:00,0.0,0.0,0.0,0.0,0.0,13.57,1.45,0
2019-11-25 20:10:00+00:00,0.0,0.0,0.0,0.0,0.0,12.46,1.59,0
2019-11-25 21:10:00+00:00,0.0,0.0,0.0,0.0,0.0,11.5,1.66,0
2019-11-25 22:10:00+00:00,0.0,0.0,0.0,0.0,0.0,10.82,1.66,0
2019-11-25 23:10:00+00:00,0.0,0.0,0.0,0.0,0.0,10.44,1.79,0
2019-11-26 00:10:00+00:00,0.0,0.0,0.0,0.0,0.0,10.08,1.79,0
2019-11-26 01:10:00+00:00,0.0,0.0,0.0,0.0,0.0,9.75,1.79,0
2019-11-26 02:10:00+00:00,0.0,0.0,0.0,0.0,0.0,9.4,1.79,0
2019-11-26 03:10:00+00:00,0.0,0.0,0.0,0.0,0.0,8.92,1.59,0
2019-11-26 04:10:00+00:00,0.0,0.0,0.0,0.0,0.0,8.44,1.52,0
2019-11-26 05:10:00+00:00,0.0,0.0,0.0,0.0,0.0,8.09,1.59,0
2019-11-26 06:10:00+00:00,0.0,0.0,0.0,0.0,0.0,7.73,1.72,0
2019-11-26 07:10:00+00:00,10.88,0.0,45.47,0.68,8.15,8.04,1.59,0
2019-11-26 08:10:00+00:00,21.66,0.0,78.47,1.18,16.23,10.31,1.31,0
2019-11-26 09:10:00+00:00,23.44,0.0,84.71,1.27,22.45,13.08,0.76,0
2019-11-26 10:10:00+00:00,24.09,0.0,87.38,1.31,26.23,15.09,0.55,0
2019-11-26 11:10:00+00:00,22.17,0.0,82.03,1.23,27.12,16.41,0.83,0
2019-11-26 12:10:00+00:00,18.87,0.0,72.22,1.09,24.98,17.21,0.97,0
2019-11-26 13:10:00+00:00,30.34,0.0,107.0,1.61,20.11,17.57,0.76,0
2019-11-26 14:10:00+00:00,23.53,0.0,86.49,1.3,13.04,17.48,1.03,0
2019-11-26 15:10:00+00:00,3.92,0.0,23.18,0.35,4.34,16.64,1.93,0
2019-11-26 16:10:00+00:00,0.0,0.0,0.0,0.0,0.0,15.31,2.14,0
2019-11-26 17:10:00+00:00,0.0,0.0,0.0,0.0,0.0,14.44,1.45,0
2019-11-26 18:10:00+00:00,0.0,0.0,0.0,0.0,0.0,14.6,0.55,0
2019-11-26 19:10:00+00:00,0.0,0.0,0.0,0.0,0.0,14.42,0.48,0
2019-11-26 20:10:00+00:00,0.0,0.0,0.0,0.0,0.0,13.5,0.9,0
2019-11-26 21:10:00+00:00,0.0,0.0,0.0,0.0,0.0,12.12,1.24,0
2019-11-26 22:10:00+00:00,0.0,0.0,0.0,0.0,0.0,11.75,1.52,0
2019-11-26 23:10:00+00:00,0.0,0.0,0.0,0.0,0.0,11.62,1.59,0
2019-11-27 00:10:00+00:00,0.0,0.0,0.0,0.0,0.0,11.4,1.72,0
2019-11-27 01:10:00+00:00,0.0,0.0,0.0,0.0,0.0,11.13,1.66,0
2019-11-27 02:10:00+00:00,0.0,0.0,0.0,0.0,0.0,10.96,1.59,0
2019-11-27 03:10:00+00:00,0.0,0.0,0.0,0.0,0.0,11.03,1.72,0
2019-11-27 04:10:00+00:00,0.0,0.0,0.0,0.0,0.0,11.25,1.79,0
2019-11-27 05:10:00+00:00,0.0,0.0,0.0,0.0,0.0,12.05,1.86,0
2019-11-27 06:10:00+00:00,0.0,0.0,0.0,0.0,0.0,12.36,1.86,0
2019-11-27 07:10:00+00:00,10.09,0.0,43.69,0.66,7.95,12.37,1.86,0
2019-11-27 08:10:00+00:00,25.47,0.0,90.95,1.37,16.03,14.13,1.86,0
2019-11-27 09:10:00+00:00,44.3,0.0,146.23,2.2,22.25,15.21,2.83,0
2019-11-27 10:10:00+00:00,47.94,0.0,156.93,2.36,26.04,16.02,4.21,0
2019-11-27 11:10:00+00:00,46.04,0.0,151.58,2.28,26.93,16.47,5.1,0
2019-11-27 12:10:00+00:00,55.02,0.0,177.44,2.67,24.82,16.73,6.0,0
2019-11-27 13:10:00+00:00,43.28,0.0,143.56,2.16,19.97,16.52,5.52,0
2019-11-27 14:10:00+00:00,24.13,0.0,87.38,1.31,12.93,16.0,5.45,0
2019-11-27 15:10:00+00:00,1.29,0.0,12.48,0.19,4.25,15.26,4.62,0
2019-11-27 16:10:00+00:00,0.0,0.0,0.0,0.0,0.0,14.83,4.9,0
2019-11-27 17:10:00+00:00,0.0,0.0,0.0,0.0,0.0,15.06,5.17,0
2019-11-27 18:10:00+00:00,0.0,0.0,0.0,0.0,0.0,15.38,5.31,0
2019-11-27 19:10:00+00:00,0.0,0.0,0.0,0.0,0.0,15.13,3.93,0
2019-11-27 20:10:00+00:00,0.0,0.0,0.0,0.0,0.0,15.25,3.52,0
2019-11-27 21:10:00+00:00,0.0,0.0,0.0,0.0,0.0,15.44,3.45,0
2019-11-27 22:10:00+00:00,0.0,0.0,0.0,0.0,0.0,15.47,3.17,0
2019-11-27 23:10:00+00:00,0.0,0.0,0.0,0.0,0.0,15.38,2.62,0
2019-11-28 00:10:00+00:00,0.0,0.0,0.0,0.0,0.0,14.81,2.07,0
2019-11-28 01:10:00+00:00,0.0,0.0,0.0,0.0,0.0,14.02,1.72,0
2019-11-28 02:10:00+00:00,0.0,0.0,0.0,0.0,0.0,12.99,1.52,0
2019-11-28 03:10:00+00:00,0.0,0.0,0.0,0.0,0.0,12.32,1.66,0
2019-11-28 04:10:00+00:00,0.0,0.0,0.0,0.0,0.0,12.0,2.0,0
2019-11-28 05:10:00+00:00,0.0,0.0,0.0,0.0,0.0,11.86,2.07,0
2019-11-28 06:10:00+00:00,0.0,0.0,0.0,0.0,0.0,11.84,2.07,0
2019-11-28 07:10:00+00:00,7.63,0.0,35.67,0.54,7.76,12.24,1.93,0
2019-11-28 08:10:00+00:00,12.5,0.0,51.72,0.78,15.83,14.39,2.14,0
2019-11-28 09:10:00+00:00,48.53,0.0,158.72,2.38,22.05,15.55,2.69,0
2019-11-28 10:10:00+00:00,17.34,0.0,66.87,1.0,25.84,15.4,3.38,0
2019-11-28 11:10:00+00:00,61.36,0.0,195.27,2.93,26.76,15.34,3.52,0
2019-11-28 12:10:00+00:00,28.66,0.0,100.76,1.51,24.66,15.67,4.07,0
2019-11-28 13:10:00+00:00,42.91,0.0,141.77,2.13,19.84,15.03,4.41,0
2019-11-28 14:10:00+00:00,1.69,0.0,14.27,0.21,12.82,15.09,3.79,0
2019-11-28 15:10:00+00:00,0.55,0.0,8.92,0.13,4.17,15.01,3.45,0
2019-11-28 16:10:00+00:00,0.0,0.0,0.0,0.0,0.0,14.48,3.17,0
2019-11-28 17:10:00+00:00,0.0,0.0,0.0,0.0,0.0,14.42,2.9,0
2019-11-28 18:10:00+00:00,0.0,0.0,0.0,0.0,0.0,14.26,2.07,0
2019-11-28 19:10:00+00:00,0.0,0.0,0.0,0.0,0.0,13.27,0.62,0
2019-11-28 20:10:00+00:00,0.0,0.0,0.0,0.0,0.0,13.25,0.55,0
2019-11-28 21:10:00+00:00,0.0,0.0,0.0,0.0,0.0,13.37,0.55,0
2019-11-28 22:10:00+00:00,0.0,0.0,0.0,0.0,0.0,12.32,0.9,0
2019-11-28 23:10:00+00:00,0.0,0.0,0.0,0.0,0.0,11.36,1.24,0
2019-11-29 00:10:00+00:00,0.0,0.0,0.0,0.0,0.0,11.04,1.31,0
2019-11-29 01:10:00+00:00,0.0,0.0,0.0,0.0,0.0,11.59,1.03,0
2019-11-29 02:10:00+00:00,0.0,0.0,0.0,0.0,0.0,12.21,0.76,0
2019-11-29 03:10:00+00:00,0.0,0.0,0.0,0.0,0.0,12.0,0.97,0
2019-11-29 04:10:00+00:00,0.0,0.0,0.0,0.0,0.0,11.74,1.1,0
2019-11-29 05:10:00+00:00,0.0,0.0,0.0,0.0,0.0,11.76,1.1,0
2019-11-29 06:10:00+00:00,0.0,0.0,0.0,0.0,0.0,11.98,1.03,0
2019-11-29 07:10:00+00:00,10.95,0.0,46.37,0.7,7.58,11.82,1.1,0
2019-11-29 08:10:00+00:00,27.1,0.0,95.41,1.43,15.64,12.94,1.17,0
2019-11-29 09:10:00+00:00,15.86,0.0,62.42,0.94,21.86,15.44,1.93,0
2019-11-29 10:10:00+00:00,19.32,0.0,73.12,1.1,25.66,16.2,3.24,0
2019-11-29 11:10:00+00:00,60.9,0.0,194.38,2.92,26.59,16.27,4.48,0
2019-11-29 12:10:00+00:00,35.71,0.0,121.27,1.82,24.52,15.86,5.59,0
2019-11-29 13:10:00+00:00,13.55,0.0,55.28,0.83,19.72,16.13,5.52,0
2019-11-29 14:10:00+00:00,1.68,0.0,14.27,0.21,12.72,16.03,4.97,0
2019-11-29 15:10:00+00:00,2.77,0.0,18.72,0.28,4.1,15.75,4.97,0
2019-11-29 16:10:00+00:00,0.0,0.0,0.0,0.0,0.0,15.17,3.86,0
2019-11-29 17:10:00+00:00,0.0,0.0,0.0,0.0,0.0,14.78,3.1,0
2019-11-29 18:10:00+00:00,0.0,0.0,0.0,0.0,0.0,14.15,2.62,0
2019-11-29 19:10:00+00:00,0.0,0.0,0.0,0.0,0.0,14.5,2.69,0
2019-11-29 20:10:00+00:00,0.0,0.0,0.0,0.0,0.0,13.75,1.93,0
2019-11-29 21:10:00+00:00,0.0,0.0,0.0,0.0,0.0,13.23,1.45,0
2019-11-29 22:10:00+00:00,0.0,0.0,0.0,0.0,0.0,12.05,1.45,0
2019-11-29 23:10:00+00:00,0.0,0.0,0.0,0.0,0.0,10.84,1.31,0
2019-11-30 00:10:00+00:00,0.0,0.0,0.0,0.0,0.0,10.2,1.17,0
2019-11-30 01:10:00+00:00,0.0,0.0,0.0,0.0,0.0,9.74,1.1,0
2019-11-30 02:10:00+00:00,0.0,0.0,0.0,0.0,0.0,9.41,1.17,0
2019-11-30 03:10:00+00:00,0.0,0.0,0.0,0.0,0.0,8.82,1.38,0
2019-11-30 04:10:00+00:00,0.0,0.0,0.0,0.0,0.0,8.85,1.38,0
2019-11-30 05:10:00+00:00,0.0,0.0,0.0,0.0,0.0,8.35,1.52,0
2019-11-30 06:10:00+00:00,0.0,0.0,0.0,0.0,0.0,8.17,1.59,0
2019-11-30 07:10:00+00:00,10.89,0.0,45.47,0.68,7.39,7.99,1.59,0
2019-11-30 08:10:00+00:00,24.21,0.0,85.6,1.29,15.45,9.25,1.24,0
2019-11-30 09:10:00+00:00,26.01,0.0,91.84,1.38,21.67,11.94,1.1,0
2019-11-30 10:10:00+00:00,25.78,0.0,91.84,1.38,25.48,13.84,1.31,0
2019-11-30 11:10:00+00:00,23.85,0.0,86.49,1.3,26.42,14.96,1.45,0
2019-11-30 12:10:00+00:00,20.51,0.0,76.68,1.15,24.38,15.63,1.45,0
2019-11-30 13:10:00+00:00,21.37,0.0,79.36,1.19,19.61,15.92,1.79,0
2019-11-30 14:10:00+00:00,16.12,0.0,63.31,0.95,12.63,15.77,1.72,0
2019-11-30 15:10:00+00:00,3.47,0.0,21.4,0.32,4.03,15.2,1.31,0
2019-11-30 16:10:00+00:00,0.0,0.0,0.0,0.0,0.0,13.82,1.17,0
2019-11-30 17:10:00+00:00,0.0,0.0,0.0,0.0,0.0,13.11,0.9,0
2019-11-30 18:10:00+00:00,0.0,0.0,0.0,0.0,0.0,11.49,1.31,0
2019-11-30 19:10:00+00:00,0.0,0.0,0.0,0.0,0.0,10.35,1.52,0
2019-11-30 20:10:00+00:00,0.0,0.0,0.0,0.0,0.0,9.5,1.52,0
2019-11-30 21:10:00+00:00,0.0,0.0,0.0,0.0,0.0,8.87,1.38,0
2019-11-30 22:10:00+00:00,0.0,0.0,0.0,0.0,0.0,8.01,1.45,0
2019-11-30 23:10:00+00:00,0.0,0.0,0.0,0.0,0.0,7.28,1.52,0
2019-12-01 00:10:00+00:00,0.0,0.0,0.0,0.0,0.0,6.83,1.72,0
2019-12-01 01:10:00+00:00,0.0,0.0,0.0,0.0,0.0,6.78,1.93,0
2019-12-01 02:10:00+00:00,0.0,0.0,0.0,0.0,0.0,7.0,2.07,0
2019-12-01 03:10:00+00:00,0.0,0.0,0.0,0.0,0.0,7.1,2.07,0
2019-12-01 04:10:00+00:00,0.0,0.0,0.0,0.0,0.0,7.42,2.07,0
2019-12-01 05:10:00+00:00,0.0,0.0,0.0,0.0,0.0,7.54,2.21,0
2019-12-01 06:10:00+00:00,0.0,0.0,0.0,0.0,0.0,7.82,2.28,0
2019-12-01 07:10:00+00:00,10.31,0.0,43.69,0.66,7.22,8.21,2.14,0
2019-12-01 08:10:00+00:00,22.0,0.0,79.36,1.19,15.27,10.1,1.86,0
2019-12-01 09:10:00+00:00,32.06,0.0,109.67,1.65,21.49,12.82,2.0,0
2019-12-01 10:10:00+00:00,53.72,0.0,172.98,2.6,25.31,14.64,2.83,0
2019-12-01 11:10:00+00:00,46.5,0.0,152.47,2.29,26.27,15.53,4.07,0
2019-12-01 12:10:00+00:00,36.01,0.0,122.16,1.84,24.24,15.72,4.83,0
2019-12-01 13:10:00+00:00,42.19,0.0,139.99,2.1,19.5,15.69,4.97,0
2019-12-01 14:10:00+00:00,18.82,0.0,71.33,1.07,12.55,15.45,4.55,0
2019-12-01 15:10:00+00:00,3.48,0.0,21.4,0.32,3.96,14.8,3.79,0
2019-12-01 16:10:00+00:00,0.0,0.0,0.0,0.0,0.0,14.13,3.59,0
2019-12-01 17:10:00+00:00,0.0,0.0,0.0,0.0,0.0,13.63,3.52,0
2019-12-01 18:10:00+00:00,0.0,0.0,0.0,0.0,0.0,13.4,3.45,0
2019-12-01 19:10:00+00:00,0.0,0.0,0.0,0.0,0.0,13.75,3.93,0
2019-12-01 20:10:00+00:00,0.0,0.0,0.0,0.0,0.0,13.85,3.93,0
2019-12-01 21:10:00+00:00,0.0,0.0,0.0,0.0,0.0,13.73,3.79,0
2019-12-01 22:10:00+00:00,0.0,0.0,0.0,0.0,0.0,13.6,3.72,0
2019-12-01 23:10:00+00:00,0.0,0.0,0.0,0.0,0.0,13.58,3.79,0
2019-12-02 00:10:00+00:00,0.0,0.0,0.0,0.0,0.0,13.41,3.79,0
2019-12-02 01:10:00+00:00,0.0,0.0,0.0,0.0,0.0,13.58,3.93,0
2019-12-02 02:10:00+00:00,0.0,0.0,0.0,0.0,0.0,13.8,4.21,0
2019-12-02 03:10:00+00:00,0.0,0.0,0.0,0.0,0.0,13.84,4.28,0
2019-12-02 04:10:00+00:00,0.0,0.0,0.0,0.0,0.0,13.81,4.21,0
2019-12-02 05:10:00+00:00,0.0,0.0,0.0,0.0,0.0,13.8,4.07,0
2019-12-02 06:10:00+00:00,0.0,0.0,0.0,0.0,0.0,13.52,3.79,0
2019-12-02 07:10:00+00:00,4.71,0.0,25.86,0.39,7.04,14.12,4.62,0
2019-12-02 08:10:00+00:00,13.67,0.0,55.28,0.83,15.1,14.37,4.97,0
2019-12-02 09:10:00+00:00,33.39,0.0,114.13,1.71,21.32,14.87,4.83,0
2019-12-02 10:10:00+00:00,11.92,0.0,49.93,0.75,25.14,15.12,4.97,0
2019-12-02 11:10:00+00:00,6.99,0.0,33.88,0.51,26.12,15.15,5.03,0
2019-12-02 12:10:00+00:00,9.12,0.0,41.02,0.62,24.12,15.46,4.9,0
2019-12-02 13:10:00+00:00,5.43,0.0,28.53,0.43,19.4,15.53,4.62,0
2019-12-02 14:10:00+00:00,12.18,0.0,50.82,0.76,12.47,15.39,4.41,0
2019-12-02 15:10:00+00:00,1.1,0.0,11.59,0.17,3.91,14.97,4.28,0
2019-12-02 16:10:00+00:00,0.0,0.0,0.0,0.0,0.0,14.75,4.0,0
2019-12-02 17:10:00+00:00,0.0,0.0,0.0,0.0,0.0,14.55,3.59,0
2019-12-02 18:10:00+00:00,0.0,0.0,0.0,0.0,0.0,14.46,2.97,0
2019-12-02 19:10:00+00:00,0.0,0.0,0.0,0.0,0.0,14.5,3.03,0
2019-12-02 20:10:00+00:00,0.0,0.0,0.0,0.0,0.0,14.36,2.69,0
2019-12-02 21:10:00+00:00,0.0,0.0,0.0,0.0,0.0,14.23,2.41,0
2019-12-02 22:10:00+00:00,0.0,0.0,0.0,0.0,0.0,13.98,2.21,0
2019-12-02 23:10:00+00:00,0.0,0.0,0.0,0.0,0.0,13.79,2.21,0
2019-12-03 00:10:00+00:00,0.0,0.0,0.0,0.0,0.0,13.62,2.28,0
2019-12-03 01:10:00+00:00,0.0,0.0,0.0,0.0,0.0,13.51,2.34,0
2019-12-03 02:10:00+00:00,0.0,0.0,0.0,0.0,0.0,13.47,2.28,0
2019-12-03 03:10:00+00:00,0.0,0.0,0.0,0.0,0.0,13.4,2.07,0
2019-12-03 04:10:00+00:00,0.0,0.0,0.0,0.0,0.0,13.06,1.93,0
2019-12-03 05:10:00+00:00,0.0,0.0,0.0,0.0,0.0,12.39,1.93,0
2019-12-03 06:10:00+00:00,0.0,0.0,0.0,0.0,0.0,12.12,1.86,0
2019-12-03 07:10:00+00:00,8.75,0.0,39.23,0.59,6.87,11.38,1.66,0
2019-12-03 08:10:00+00:00,18.73,0.0,70.44,1.06,14.92,12.67,1.38,0
2019-12-03 09:10:00+00:00,43.98,0.0,145.34,2.18,21.15,14.53,1.31,0
2019-12-03 10:10:00+00:00,56.04,0.0,181.01,2.72,24.98,15.68,1.66,0
2019-12-03 11:10:00+00:00,58.62,0.0,189.03,2.84,25.97,16.31,1.66,0
2019-12-03 12:10:00+00:00,53.62,0.0,174.77,2.63,24.0,16.63,1.52,0
2019-12-03 13:10:00+00:00,41.12,0.0,138.21,2.08,19.3,16.75,1.66,0
2019-12-03 14:10:00+00:00,19.26,0.0,73.12,1.1,12.4,16.42,1.52,0
2019-12-03 15:10:00+00:00,1.89,0.0,15.16,0.23,3.86,15.69,1.59,0
2019-12-03 16:10:00+00:00,0.0,0.0,0.0,0.0,0.0,14.89,2.21,0
2019-12-03 17:10:00+00:00,0.0,0.0,0.0,0.0,0.0,13.97,2.76,0
2019-12-03 18:10:00+00:00,0.0,0.0,0.0,0.0,0.0,13.4,2.9,0
2019-12-03 19:10:00+00:00,0.0,0.0,0.0,0.0,0.0,12.72,2.48,0
2019-12-03 20:10:00+00:00,0.0,0.0,0.0,0.0,0.0,12.06,2.62,0
2019-12-03 21:10:00+00:00,0.0,0.0,0.0,0.0,0.0,11.16,2.97,0
2019-12-03 22:10:00+00:00,0.0,0.0,0.0,0.0,0.0,10.57,2.97,0
2019-12-03 23:10:00+00:00,0.0,0.0,0.0,0.0,0.0,10.02,2.83,0
2019-12-04 00:10:00+00:00,0.0,0.0,0.0,0.0,0.0,9.63,2.62,0
2019-12-04 01:10:00+00:00,0.0,0.0,0.0,0.0,0.0,9.06,2.69,0
2019-12-04 02:10:00+00:00,0.0,0.0,0.0,0.0,0.0,8.72,2.76,0
2019-12-04 03:10:00+00:00,0.0,0.0,0.0,0.0,0.0,8.51,2.69,0
2019-12-04 04:10:00+00:00,0.0,0.0,0.0,0.0,0.0,8.04,2.76,0
2019-12-04 05:10:00+00:00,0.0,0.0,0.0,0.0,0.0,7.63,2.76,0
2019-12-04 06:10:00+00:00,0.0,0.0,0.0,0.0,0.0,7.19,2.69,0
2019-12-04 07:10:00+00:00,9.24,0.0,40.12,0.6,6.71,7.03,2.55,0
2019-12-04 08:10:00+00:00,20.09,0.0,73.12,1.1,14.76,8.11,2.34,0
2019-12-04 09:10:00+00:00,22.95,0.0,82.03,1.23,20.98,9.9,2.28,0
2019-12-04 10:10:00+00:00,27.01,0.0,94.52,1.42,24.83,11.72,2.21,0
2019-12-04 11:10:00+00:00,26.2,0.0,92.73,1.39,25.84,13.27,2.21,0
2019-12-04 12:10:00+00:00,23.65,0.0,85.6,1.29,23.88,14.35,2.21,0
2019-12-04 13:10:00+00:00,17.66,0.0,67.77,1.02,19.21,14.94,2.34,0
2019-12-04 14:10:00+00:00,15.62,0.0,61.52,0.92,12.34,14.89,2.14,0
2019-12-04 15:10:00+00:00,3.26,0.0,20.51,0.31,3.81,13.96,1.79,0
2019-12-04 16:10:00+00:00,0.0,0.0,0.0,0.0,0.0,12.46,0.76,0
2019-12-04 17:10:00+00:00,0.0,0.0,0.0,0.0,0.0,12.22,0.28,0
2019-12-04 18:10:00+00:00,0.0,0.0,0.0,0.0,0.0,10.01,2.14,0
2019-12-04 19:10:00+00:00,0.0,0.0,0.0,0.0,0.0,9.05,2.21,0
2019-12-04 20:10:00+00:00,0.0,0.0,0.0,0.0,0.0,8.47,2.21,0
2019-12-04 21:10:00+00:00,0.0,0.0,0.0,0.0,0.0,7.85,2.14,0
2019-12-04 22:10:00+00:00,0.0,0.0,0.0,0.0,0.0,7.25,2.07,0
2019-12-04 23:10:00+00:00,0.0,0.0,0.0,0.0,0.0,6.79,2.0,0
2019-12-05 00:10:00+00:00,0.0,0.0,0.0,0.0,0.0,6.69,2.14,0
2019-12-05 01:10:00+00:00,0.0,0.0,0.0,0.0,0.0,6.67,2.41,0
2019-12-05 02:10:00+00:00,0.0,0.0,0.0,0.0,0.0,6.87,2.69,0
2019-12-05 03:10:00+00:00,0.0,0.0,0.0,0.0,0.0,6.98,2.28,0
2019-12-05 04:10:00+00:00,0.0,0.0,0.0,0.0,0.0,7.16,1.86,0
2019-12-05 05:10:00+00:00,0.0,0.0,0.0,0.0,0.0,7.38,1.93,0
2019-12-05 06:10:00+00:00,0.0,0.0,0.0,0.0,0.0,7.39,2.14,0
2019-12-05 07:10:00+00:00,9.21,0.0,40.12,0.6,6.55,7.54,2.14,0
2019-12-05 08:10:00+00:00,28.63,0.0,98.08,1.47,14.6,8.88,2.34,0
2019-12-05 09:10:00+00:00,45.78,0.0,148.02,2.22,20.83,11.08,2.34,0
2019-12-05 10:10:00+00:00,52.35,0.0,168.52,2.53,24.68,13.4,1.86,0
2019-12-05 11:10:00+00:00,57.02,0.0,183.68,2.76,25.71,15.21,1.31,0
2019-12-05 12:10:00+00:00,50.07,0.0,164.07,2.47,23.78,15.82,0.97,0
2019-12-05 13:10:00+00:00,39.57,0.0,133.75,2.01,19.13,16.33,0.69,0
2019-12-05 14:10:00+00:00,20.14,0.0,75.79,1.14,12.28,15.98,0.41,0
2019-12-05 15:10:00+00:00,2.33,0.0,16.94,0.25,3.78,14.94,0.41,0
2019-12-05 16:10:00+00:00,0.0,0.0,0.0,0.0,0.0,13.34,0.97,0
2019-12-05 17:10:00+00:00,0.0,0.0,0.0,0.0,0.0,11.86,1.24,0
2019-12-05 18:10:00+00:00,0.0,0.0,0.0,0.0,0.0,10.93,1.45,0
2019-12-05 19:10:00+00:00,0.0,0.0,0.0,0.0,0.0,10.08,1.79,0
2019-12-05 20:10:00+00:00,0.0,0.0,0.0,0.0,0.0,9.94,1.86,0
2019-12-05 21:10:00+00:00,0.0,0.0,0.0,0.0,0.0,9.63,1.79,0
2019-12-05 22:10:00+00:00,0.0,0.0,0.0,0.0,0.0,9.11,1.72,0
2019-12-05 23:10:00+00:00,0.0,0.0,0.0,0.0,0.0,8.69,1.72,0
2019-12-06 00:10:00+00:00,0.0,0.0,0.0,0.0,0.0,8.37,1.72,0
2019-12-06 01:10:00+00:00,0.0,0.0,0.0,0.0,0.0,8.33,1.66,0
2019-12-06 02:10:00+00:00,0.0,0.0,0.0,0.0,0.0,8.67,1.66,0
2019-12-06 03:10:00+00:00,0.0,0.0,0.0,0.0,0.0,8.46,1.72,0
2019-12-06 04:10:00+00:00,0.0,0.0,0.0,0.0,0.0,8.21,1.72,0
2019-12-06 05:10:00+00:00,0.0,0.0,0.0,0.0,0.0,8.14,1.79,0
2019-12-06 06:10:00+00:00,0.0,0.0,0.0,0.0,0.0,8.13,1.79,0
2019-12-06 07:10:00+00:00,7.49,0.0,34.77,0.52,6.39,8.75,1.52,0
2019-12-06 08:10:00+00:00,16.88,0.0,64.2,0.96,14.44,10.07,1.17,0
2019-12-06 09:10:00+00:00,39.88,0.0,132.86,2.0,20.68,13.24,0.83,0
2019-12-06 10:10:00+00:00,40.81,0.0,136.42,2.05,24.54,14.53,0.48,0
2019-12-06 11:10:00+00:00,57.81,0.0,186.36,2.8,25.59,15.21,0.76,0
2019-12-06 12:10:00+00:00,34.34,0.0,117.7,1.77,23.68,15.41,1.31,0
2019-12-06 13:10:00+00:00,39.53,0.0,132.86,2.0,19.06,15.49,1.59,0
2019-12-06 14:10:00+00:00,12.45,0.0,51.72,0.78,12.23,15.14,1.59,0
2019-12-06 15:10:00+00:00,2.56,0.0,17.83,0.27,3.74,14.61,1.17,0
2019-12-06 16:10:00+00:00,0.0,0.0,0.0,0.0,0.0,13.64,0.97,0
2019-12-06 17:10:00+00:00,0.0,0.0,0.0,0.0,0.0,12.9,0.9,0
2019-12-06 18:10:00+00:00,0.0,0.0,0.0,0.0,0.0,12.33,0.9,0
2019-12-06 19:10:00+00:00,0.0,0.0,0.0,0.0,0.0,11.15,1.31,0
2019-12-06 20:10:00+00:00,0.0,0.0,0.0,0.0,0.0,10.76,1.59,0
2019-12-06 21:10:00+00:00,0.0,0.0,0.0,0.0,0.0,10.88,1.38,0
2019-12-06 22:10:00+00:00,0.0,0.0,0.0,0.0,0.0,11.2,1.17,0
2019-12-06 23:10:00+00:00,0.0,0.0,0.0,0.0,0.0,11.61,1.1,0
2019-12-07 00:10:00+00:00,0.0,0.0,0.0,0.0,0.0,11.09,1.45,0
2019-12-07 01:10:00+00:00,0.0,0.0,0.0,0.0,0.0,11.25,1.38,0
2019-12-07 02:10:00+00:00,0.0,0.0,0.0,0.0,0.0,10.7,1.24,0
2019-12-07 03:10:00+00:00,0.0,0.0,0.0,0.0,0.0,11.05,1.03,0
2019-12-07 04:10:00+00:00,0.0,0.0,0.0,0.0,0.0,10.92,1.03,0
2019-12-07 05:10:00+00:00,0.0,0.0,0.0,0.0,0.0,10.55,1.1,0
2019-12-07 06:10:00+00:00,0.0,0.0,0.0,0.0,0.0,11.08,1.03,0
2019-12-07 07:10:00+00:00,5.28,0.0,27.64,0.42,6.24,11.52,0.9,0
2019-12-07 08:10:00+00:00,17.26,0.0,65.98,0.99,14.29,12.43,0.76,0
2019-12-07 09:10:00+00:00,35.53,0.0,120.37,1.81,20.53,13.59,0.9,0
2019-12-07 10:10:00+00:00,50.15,0.0,163.17,2.45,24.41,14.27,1.03,0
2019-12-07 11:10:00+00:00,43.94,0.0,145.34,2.18,25.47,14.75,1.31,0
2019-12-07 12:10:00+00:00,42.98,0.0,142.67,2.14,23.59,15.1,1.59,0
2019-12-07 13:10:00+00:00,39.61,0.0,132.86,2.0,18.99,15.09,1.66,0
2019-12-07 14:10:00+00:00,20.88,0.0,77.57,1.17,12.19,14.93,1.59,0
2019-12-07 15:10:00+00:00,3.02,0.0,19.62,0.29,3.72,14.34,0.83,0
2019-12-07 16:10:00+00:00,0.0,0.0,0.0,0.0,0.0,13.41,1.03,0
2019-12-07 17:10:00+00:00,0.0,0.0,0.0,0.0,0.0,12.55,1.24,0
2019-12-07 18:10:00+00:00,0.0,0.0,0.0,0.0,0.0,12.0,1.24,0
2019-12-07 19:10:00+00:00,0.0,0.0,0.0,0.0,0.0,12.81,0.48,0
2019-12-07 20:10:00+00:00,0.0,0.0,0.0,0.0,0.0,12.57,0.62,0
2019-12-07 21:10:00+00:00,0.0,0.0,0.0,0.0,0.0,12.59,0.69,0
2019-12-07 22:10:00+00:00,0.0,0.0,0.0,0.0,0.0,11.96,0.9,0
2019-12-07 23:10:00+00:00,0.0,0.0,0.0,0.0,0.0,11.26,1.03,0
2019-12-08 00:10:00+00:00,0.0,0.0,0.0,0.0,0.0,10.78,1.1,0
2019-12-08 01:10:00+00:00,0.0,0.0,0.0,0.0,0.0,10.45,1.17,0
2019-12-08 02:10:00+00:00,0.0,0.0,0.0,0.0,0.0,9.95,1.24,0
2019-12-08 03:10:00+00:00,0.0,0.0,0.0,0.0,0.0,9.63,1.31,0
2019-12-08 04:10:00+00:00,0.0,0.0,0.0,0.0,0.0,9.05,1.52,0
2019-12-08 05:10:00+00:00,0.0,0.0,0.0,0.0,0.0,9.02,1.52,0
2019-12-08 06:10:00+00:00,0.0,0.0,0.0,0.0,0.0,8.49,1.66,0
2019-12-08 07:10:00+00:00,8.04,0.0,36.56,0.55,6.09,8.93,1.72,0
2019-12-08 08:10:00+00:00,19.49,0.0,72.22,1.09,14.15,10.96,1.59,0
2019-12-08 09:10:00+00:00,31.37,0.0,107.89,1.62,20.39,13.17,1.66,0
2019-12-08 10:10:00+00:00,55.23,0.0,177.44,2.67,24.28,14.36,2.07,0
2019-12-08 11:10:00+00:00,39.08,0.0,131.07,1.97,25.37,15.18,2.9,0
2019-12-08 12:10:00+00:00,50.78,0.0,164.96,2.48,23.5,15.38,3.17,0
2019-12-08 13:10:00+00:00,32.35,0.0,111.46,1.67,18.93,15.17,3.03,0
2019-12-08 14:10:00+00:00,19.43,0.0,73.12,1.1,12.15,14.91,2.55,0
2019-12-08 15:10:00+00:00,1.1,0.0,11.59,0.17,3.7,14.38,2.07,0
2019-12-08 16:10:00+00:00,0.0,0.0,0.0,0.0,0.0,13.65,1.79,0
2019-12-08 17:10:00+00:00,0.0,0.0,0.0,0.0,0.0,13.21,1.72,0
2019-12-08 18:10:00+00:00,0.0,0.0,0.0,0.0,0.0,12.81,1.59,0
2019-12-08 19:10:00+00:00,0.0,0.0,0.0,0.0,0.0,11.6,1.17,0
2019-12-08 20:10:00+00:00,0.0,0.0,0.0,0.0,0.0,11.3,1.1,0
2019-12-08 21:10:00+00:00,0.0,0.0,0.0,0.0,0.0,10.58,1.38,0
2019-12-08 22:10:00+00:00,0.0,0.0,0.0,0.0,0.0,10.84,1.45,0
2019-12-08 23:10:00+00:00,0.0,0.0,0.0,0.0,0.0,10.57,1.52,0
2019-12-09 00:10:00+00:00,0.0,0.0,0.0,0.0,0.0,10.44,1.45,0
2019-12-09 01:10:00+00:00,0.0,0.0,0.0,0.0,0.0,10.46,1.52,0
2019-12-09 02:10:00+00:00,0.0,0.0,0.0,0.0,0.0,10.96,1.72,0
2019-12-09 03:10:00+00:00,0.0,0.0,0.0,0.0,0.0,11.59,1.79,0
2019-12-09 04:10:00+00:00,0.0,0.0,0.0,0.0,0.0,11.88,1.86,0
2019-12-09 05:10:00+00:00,0.0,0.0,0.0,0.0,0.0,11.46,1.72,0
2019-12-09 06:10:00+00:00,0.0,0.0,0.0,0.0,0.0,11.12,1.86,0
2019-12-09 07:10:00+00:00,7.38,0.0,34.77,0.52,5.95,11.64,2.14,0
2019-12-09 08:10:00+00:00,19.95,0.0,74.01,1.11,14.01,12.55,2.21,0
2019-12-09 09:10:00+00:00,44.64,0.0,146.23,2.2,20.26,13.59,2.69,0
2019-12-09 10:10:00+00:00,26.4,0.0,93.62,1.41,24.16,14.08,2.48,0
2019-12-09 11:10:00+00:00,37.66,0.0,126.62,1.9,25.27,14.63,3.03,0
2019-12-09 12:10:00+00:00,52.26,0.0,168.52,2.53,23.43,14.42,3.17,0
2019-12-09 13:10:00+00:00,34.12,0.0,115.92,1.74,18.88,13.47,2.28,0
2019-12-09 14:10:00+00:00,18.08,0.0,68.66,1.03,12.12,13.01,0.55,0
2019-12-09 15:10:00+00:00,3.04,0.0,19.62,0.29,3.69,12.85,0.55,0
2019-12-09 16:10:00+00:00,0.0,0.0,0.0,0.0,0.0,12.34,0.41,0
2019-12-09 17:10:00+00:00,0.0,0.0,0.0,0.0,0.0,11.53,0.69,0
2019-12-09 18:10:00+00:00,0.0,0.0,0.0,0.0,0.0,10.7,0.83,0
2019-12-09 19:10:00+00:00,0.0,0.0,0.0,0.0,0.0,9.47,1.1,0
2019-12-09 20:10:00+00:00,0.0,0.0,0.0,0.0,0.0,8.82,1.17,0
2019-12-09 21:10:00+00:00,0.0,0.0,0.0,0.0,0.0,8.09,1.24,0
2019-12-09 22:10:00+00:00,0.0,0.0,0.0,0.0,0.0,7.53,1.17,0
2019-12-09 23:10:00+00:00,0.0,0.0,0.0,0.0,0.0,7.44,1.03,0
2019-12-10 00:10:00+00:00,0.0,0.0,0.0,0.0,0.0,7.06,1.24,0
2019-12-10 01:10:00+00:00,0.0,0.0,0.0,0.0,0.0,7.2,1.45,0
2019-12-10 02:10:00+00:00,0.0,0.0,0.0,0.0,0.0,7.22,1.72,0
2019-12-10 03:10:00+00:00,0.0,0.0,0.0,0.0,0.0,7.04,1.93,0
2019-12-10 04:10:00+00:00,0.0,0.0,0.0,0.0,0.0,6.6,2.21,0
2019-12-10 05:10:00+00:00,0.0,0.0,0.0,0.0,0.0,6.57,2.83,0
2019-12-10 06:10:00+00:00,0.0,0.0,0.0,0.0,0.0,6.5,3.52,0
2019-12-10 07:10:00+00:00,7.06,0.0,32.99,0.5,5.81,6.2,3.66,0
2019-12-10 08:10:00+00:00,15.64,0.0,59.74,0.9,13.87,7.38,3.72,0
2019-12-10 09:10:00+00:00,21.81,0.0,78.47,1.18,20.14,9.52,3.86,0
2019-12-10 10:10:00+00:00,24.38,0.0,86.49,1.3,24.05,11.27,4.55,0
2019-12-10 11:10:00+00:00,23.92,0.0,85.6,1.29,25.18,12.57,5.1,0
2019-12-10 12:10:00+00:00,20.81,0.0,76.68,1.15,23.36,13.41,4.97,0
2019-12-10 13:10:00+00:00,21.09,0.0,77.57,1.17,18.84,13.68,5.31,0
2019-12-10 14:10:00+00:00,14.34,0.0,57.07,0.86,12.1,13.19,5.45,0
2019-12-10 15:10:00+00:00,3.06,0.0,19.62,0.29,3.68,12.2,5.45,0
2019-12-10 16:10:00+00:00,0.0,0.0,0.0,0.0,0.0,11.09,5.24,0
2019-12-10 17:10:00+00:00,0.0,0.0,0.0,0.0,0.0,10.28,5.1,0
2019-12-10 18:10:00+00:00,0.0,0.0,0.0,0.0,0.0,9.66,5.03,0
2019-12-10 19:10:00+00:00,0.0,0.0,0.0,0.0,0.0,9.86,4.41,0
2019-12-10 20:10:00+00:00,0.0,0.0,0.0,0.0,0.0,9.47,4.0,0
2019-12-10 21:10:00+00:00,0.0,0.0,0.0,0.0,0.0,8.96,3.93,0
2019-12-10 22:10:00+00:00,0.0,0.0,0.0,0.0,0.0,8.5,4.0,0
2019-12-10 23:10:00+00:00,0.0,0.0,0.0,0.0,0.0,8.13,4.28,0
2019-12-11 00:10:00+00:00,0.0,0.0,0.0,0.0,0.0,7.73,4.48,0
2019-12-11 01:10:00+00:00,0.0,0.0,0.0,0.0,0.0,7.25,4.48,0
2019-12-11 02:10:00+00:00,0.0,0.0,0.0,0.0,0.0,6.83,4.34,0
2019-12-11 03:10:00+00:00,0.0,0.0,0.0,0.0,0.0,6.42,4.28,0
2019-12-11 04:10:00+00:00,0.0,0.0,0.0,0.0,0.0,5.98,4.34,0
2019-12-11 05:10:00+00:00,0.0,0.0,0.0,0.0,0.0,5.57,4.48,0
2019-12-11 06:10:00+00:00,0.0,0.0,0.0,0.0,0.0,5.2,4.41,0
2019-12-11 07:10:00+00:00,7.09,0.0,32.99,0.5,5.68,5.2,3.66,0
2019-12-11 08:10:00+00:00,15.74,0.0,59.74,0.9,13.75,6.02,2.97,0
2019-12-11 09:10:00+00:00,21.37,0.0,76.68,1.15,20.02,7.67,2.9,0
2019-12-11 10:10:00+00:00,25.18,0.0,88.27,1.33,23.95,9.29,2.62,0
2019-12-11 11:10:00+00:00,24.7,0.0,87.38,1.31,25.09,10.64,2.21,0
2019-12-11 12:10:00+00:00,23.35,0.0,83.82,1.26,23.3,11.53,1.52,0
2019-12-11 13:10:00+00:00,21.48,0.0,78.47,1.18,18.8,11.91,1.03,0
2019-12-11 14:10:00+00:00,14.1,0.0,56.17,0.84,12.08,11.8,1.17,0
2019-12-11 15:10:00+00:00,3.08,0.0,19.62,0.29,3.68,11.01,1.38,0
2019-12-11 16:10:00+00:00,0.0,0.0,0.0,0.0,0.0,9.65,1.66,0
2019-12-11 17:10:00+00:00,0.0,0.0,0.0,0.0,0.0,8.21,1.72,0
2019-12-11 18:10:00+00:00,0.0,0.0,0.0,0.0,0.0,7.0,1.59,0
2019-12-11 19:10:00+00:00,0.0,0.0,0.0,0.0,0.0,6.25,1.72,0
2019-12-11 20:10:00+00:00,0.0,0.0,0.0,0.0,0.0,5.44,1.52,0
2019-12-11 21:10:00+00:00,0.0,0.0,0.0,0.0,0.0,5.27,1.17,0
2019-12-11 22:10:00+00:00,0.0,0.0,0.0,0.0,0.0,4.47,1.38,0
2019-12-11 23:10:00+00:00,0.0,0.0,0.0,0.0,0.0,4.06,1.38,0
2019-12-12 00:10:00+00:00,0.0,0.0,0.0,0.0,0.0,3.82,1.38,0
2019-12-12 01:10:00+00:00,0.0,0.0,0.0,0.0,0.0,3.9,1.24,0
2019-12-12 02:10:00+00:00,0.0,0.0,0.0,0.0,0.0,4.42,1.03,0
2019-12-12 03:10:00+00:00,0.0,0.0,0.0,0.0,0.0,3.86,1.45,0
2019-12-12 04:10:00+00:00,0.0,0.0,0.0,0.0,0.0,4.27,1.72,0
2019-12-12 05:10:00+00:00,0.0,0.0,0.0,0.0,0.0,4.69,1.72,0
2019-12-12 06:10:00+00:00,0.0,0.0,0.0,0.0,0.0,5.24,1.66,0
2019-12-12 07:10:00+00:00,6.78,0.0,32.1,0.48,5.55,6.18,1.79,0
2019-12-12 08:10:00+00:00,22.0,0.0,78.47,1.18,13.63,7.21,1.66,0
2019-12-12 09:10:00+00:00,37.05,0.0,122.16,1.84,19.91,8.8,1.59,0
2019-12-12 10:10:00+00:00,55.34,0.0,174.77,2.63,23.85,10.45,2.14,0
2019-12-12 11:10:00+00:00,57.04,0.0,180.12,2.71,25.01,11.07,2.0,0
2019-12-12 12:10:00+00:00,26.14,0.0,91.84,1.38,23.24,11.23,1.79,0
2019-12-12 13:10:00+00:00,36.02,0.0,120.37,1.81,18.77,11.05,1.45,0
2019-12-12 14:10:00+00:00,14.22,0.0,56.17,0.84,12.07,10.41,2.21,0
2019-12-12 15:10:00+00:00,0.41,0.0,8.02,0.12,3.69,9.93,1.93,0
2019-12-12 16:10:00+00:00,0.0,0.0,0.0,0.0,0.0,9.27,1.72,0
2019-12-12 17:10:00+00:00,0.0,0.0,0.0,0.0,0.0,8.27,1.1,0
2019-12-12 18:10:00+00:00,0.0,0.0,0.0,0.0,0.0,8.14,0.76,0
2019-12-12 19:10:00+00:00,0.0,0.0,0.0,0.0,0.0,8.81,0.34,0
2019-12-12 20:10:00+00:00,0.0,0.0,0.0,0.0,0.0,8.09,0.28,0
2019-12-12 21:10:00+00:00,0.0,0.0,0.0,0.0,0.0,7.48,0.28,0
2019-12-12 22:10:00+00:00,0.0,0.0,0.0,0.0,0.0,7.14,0.41,0
2019-12-12 23:10:00+00:00,0.0,0.0,0.0,0.0,0.0,6.03,0.83,0
2019-12-13 00:10:00+00:00,0.0,0.0,0.0,0.0,0.0,5.44,1.17,0
2019-12-13 01:10:00+00:00,0.0,0.0,0.0,0.0,0.0,4.53,1.59,0
2019-12-13 02:10:00+00:00,0.0,0.0,0.0,0.0,0.0,4.55,2.34,0
2019-12-13 03:10:00+00:00,0.0,0.0,0.0,0.0,0.0,5.27,2.55,0
2019-12-13 04:10:00+00:00,0.0,0.0,0.0,0.0,0.0,5.28,2.48,0
2019-12-13 05:10:00+00:00,0.0,0.0,0.0,0.0,0.0,5.96,2.76,0
2019-12-13 06:10:00+00:00,0.0,0.0,0.0,0.0,0.0,7.14,3.03,0
2019-12-13 07:10:00+00:00,3.87,0.0,22.29,0.33,5.43,7.76,3.45,0
2019-12-13 08:10:00+00:00,5.9,0.0,29.42,0.44,13.51,8.68,4.21,0
2019-12-13 09:10:00+00:00,15.18,0.0,58.85,0.88,19.8,9.6,4.48,0
2019-12-13 10:10:00+00:00,41.69,0.0,135.53,2.04,23.76,10.39,4.76,0
2019-12-13 11:10:00+00:00,13.03,0.0,52.61,0.79,24.94,11.13,4.97,0
2019-12-13 12:10:00+00:00,14.45,0.0,57.07,0.86,23.2,11.58,5.59,0
2019-12-13 13:10:00+00:00,25.55,0.0,90.06,1.35,18.75,11.92,6.0,0
2019-12-13 14:10:00+00:00,3.06,0.0,19.62,0.29,12.07,12.37,6.83,0
2019-12-13 15:10:00+00:00,0.4,0.0,8.02,0.12,3.7,13.36,7.66,0
2019-12-13 16:10:00+00:00,0.0,0.0,0.0,0.0,0.0,12.39,7.79,0
2019-12-13 17:10:00+00:00,0.0,0.0,0.0,0.0,0.0,10.77,6.9,0
2019-12-13 18:10:00+00:00,0.0,0.0,0.0,0.0,0.0,10.55,6.48,0
2019-12-13 19:10:00+00:00,0.0,0.0,0.0,0.0,0.0,10.5,6.48,0
2019-12-13 20:10:00+00:00,0.0,0.0,0.0,0.0,0.0,10.16,6.28,0
2019-12-13 21:10:00+00:00,0.0,0.0,0.0,0.0,0.0,9.69,5.93,0
2019-12-13 22:10:00+00:00,0.0,0.0,0.0,0.0,0.0,9.38,5.52,0
2019-12-13 23:10:00+00:00,0.0,0.0,0.0,0.0,0.0,8.93,4.76,0
2019-12-14 00:10:00+00:00,0.0,0.0,0.0,0.0,0.0,8.41,4.55,0
2019-12-14 01:10:00+00:00,0.0,0.0,0.0,0.0,0.0,7.78,4.62,0
2019-12-14 02:10:00+00:00,0.0,0.0,0.0,0.0,0.0,7.27,4.34,0
2019-12-14 03:10:00+00:00,0.0,0.0,0.0,0.0,0.0,6.67,4.14,0
2019-12-14 04:10:00+00:00,0.0,0.0,0.0,0.0,0.0,6.3,3.79,0
2019-12-14 05:10:00+00:00,0.0,0.0,0.0,0.0,0.0,5.77,3.31,0
2019-12-14 06:10:00+00:00,0.0,0.0,0.0,0.0,0.0,5.15,3.03,0
2019-12-14 07:10:00+00:00,6.52,0.0,31.21,0.47,5.32,5.8,2.97,0
2019-12-14 08:10:00+00:00,15.67,0.0,59.74,0.9,13.4,6.84,2.55,0
2019-12-14 09:10:00+00:00,20.61,0.0,74.9,1.13,19.7,8.92,2.07,0
2019-12-14 10:10:00+00:00,24.04,0.0,85.6,1.29,23.68,10.86,1.59,0
2019-12-14 11:10:00+00:00,24.77,0.0,88.27,1.33,24.88,12.23,1.31,0
2019-12-14 12:10:00+00:00,21.36,0.0,78.47,1.18,23.16,13.14,1.24,0
2019-12-14 13:10:00+00:00,20.7,0.0,76.68,1.15,18.73,13.7,1.24,0
2019-12-14 14:10:00+00:00,13.96,0.0,56.17,0.84,12.07,13.76,1.17,0
2019-12-14 15:10:00+00:00,3.04,0.0,19.62,0.29,3.72,13.21,0.97,0
2019-12-14 16:10:00+00:00,0.0,0.0,0.0,0.0,0.0,12.73,0.48,0
2019-12-14 17:10:00+00:00,0.0,0.0,0.0,0.0,0.0,12.65,0.21,0
2019-12-14 18:10:00+00:00,0.0,0.0,0.0,0.0,0.0,12.37,0.28,0
2019-12-14 19:10:00+00:00,0.0,0.0,0.0,0.0,0.0,9.91,1.24,0
2019-12-14 20:10:00+00:00,0.0,0.0,0.0,0.0,0.0,8.18,1.79,0
2019-12-14 21:10:00+00:00,0.0,0.0,0.0,0.0,0.0,7.48,1.59,0
2019-12-14 22:10:00+00:00,0.0,0.0,0.0,0.0,0.0,7.12,1.52,0
2019-12-14 23:10:00+00:00,0.0,0.0,0.0,0.0,0.0,6.68,1.66,0
2019-12-15 00:10:00+00:00,0.0,0.0,0.0,0.0,0.0,6.82,1.45,0
2019-12-15 01:10:00+00:00,0.0,0.0,0.0,0.0,0.0,6.61,1.59,0
2019-12-15 02:10:00+00:00,0.0,0.0,0.0,0.0,0.0,6.35,1.86,0
2019-12-15 03:10:00+00:00,0.0,0.0,0.0,0.0,0.0,5.92,1.79,0
2019-12-15 04:10:00+00:00,0.0,0.0,0.0,0.0,0.0,5.86,1.86,0
2019-12-15 05:10:00+00:00,0.0,0.0,0.0,0.0,0.0,6.17,2.21,0
2019-12-15 06:10:00+00:00,0.0,0.0,0.0,0.0,0.0,6.8,2.28,0
2019-12-15 07:10:00+00:00,6.19,0.0,30.32,0.46,5.21,7.59,2.21,0
2019-12-15 08:10:00+00:00,26.31,0.0,91.84,1.38,13.3,9.96,2.14,0
2019-12-15 09:10:00+00:00,42.89,0.0,140.88,2.12,19.61,12.84,2.21,0
2019-12-15 10:10:00+00:00,50.39,0.0,163.17,2.45,23.6,14.37,2.97,0
2019-12-15 11:10:00+00:00,25.95,0.0,92.73,1.39,24.83,15.5,3.45,0
2019-12-15 12:10:00+00:00,35.3,0.0,120.37,1.81,23.13,15.97,3.52,0
2019-12-15 13:10:00+00:00,29.84,0.0,104.32,1.57,18.72,15.77,3.31,0
2019-12-15 14:10:00+00:00,18.19,0.0,69.55,1.05,12.08,15.66,3.03,0
2019-12-15 15:10:00+00:00,2.56,0.0,17.83,0.27,3.75,14.63,2.62,0
2019-12-15 16:10:00+00:00,0.0,0.0,0.0,0.0,0.0,13.7,2.62,0
2019-12-15 17:10:00+00:00,0.0,0.0,0.0,0.0,0.0,13.0,2.69,0
2019-12-15 18:10:00+00:00,0.0,0.0,0.0,0.0,0.0,12.52,2.76,0
2019-12-15 19:10:00+00:00,0.0,0.0,0.0,0.0,0.0,12.6,2.97,0
2019-12-15 20:10:00+00:00,0.0,0.0,0.0,0.0,0.0,12.36,2.97,0
2019-12-15 21:10:00+00:00,0.0,0.0,0.0,0.0,0.0,12.13,2.9,0
2019-12-15 22:10:00+00:00,0.0,0.0,0.0,0.0,0.0,11.94,2.9,0
2019-12-15 23:10:00+00:00,0.0,0.0,0.0,0.0,0.0,11.73,2.9,0
2019-12-16 00:10:00+00:00,0.0,0.0,0.0,0.0,0.0,11.74,3.03,0
2019-12-16 01:10:00+00:00,0.0,0.0,0.0,0.0,0.0,11.98,3.17,0
2019-12-16 02:10:00+00:00,0.0,0.0,0.0,0.0,0.0,12.15,3.24,0
2019-12-16 03:10:00+00:00,0.0,0.0,0.0,0.0,0.0,12.27,3.1,0
2019-12-16 04:10:00+00:00,0.0,0.0,0.0,0.0,0.0,12.25,3.1,0
2019-12-16 05:10:00+00:00,0.0,0.0,0.0,0.0,0.0,12.17,3.1,0
2019-12-16 06:10:00+00:00,0.0,0.0,0.0,0.0,0.0,12.24,3.03,0
2019-12-16 07:10:00+00:00,4.28,0.0,24.07,0.36,5.1,11.63,2.9,0
2019-12-16 08:10:00+00:00,25.1,0.0,89.17,1.34,13.2,12.46,2.83,0
2019-12-16 09:10:00+00:00,42.18,0.0,139.1,2.09,19.52,13.6,3.03,0
2019-12-16 10:10:00+00:00,51.01,0.0,164.96,2.48,23.53,14.53,3.38,0
2019-12-16 11:10:00+00:00,50.48,0.0,164.07,2.47,24.78,15.64,3.93,0
2019-12-16 12:10:00+00:00,42.34,0.0,140.88,2.12,23.1,16.21,4.21,0
2019-12-16 13:10:00+00:00,30.42,0.0,106.11,1.59,18.72,16.08,3.79,0
2019-12-16 14:10:00+00:00,10.46,0.0,45.47,0.68,12.1,15.98,3.52,0
2019-12-16 15:10:00+00:00,3.0,0.0,19.62,0.29,3.78,15.4,3.38,0
2019-12-16 16:10:00+00:00,0.0,0.0,0.0,0.0,0.0,14.43,3.31,0
2019-12-16 17:10:00+00:00,0.0,0.0,0.0,0.0,0.0,13.86,3.38,0
2019-12-16 18:10:00+00:00,0.0,0.0,0.0,0.0,0.0,13.36,3.52,0
2019-12-16 19:10:00+00:00,0.0,0.0,0.0,0.0,0.0,13.22,3.59,0
2019-12-16 20:10:00+00:00,0.0,0.0,0.0,0.0,0.0,13.14,3.79,0
2019-12-16 21:10:00+00:00,0.0,0.0,0.0,0.0,0.0,13.08,3.86,0
2019-12-16 22:10:00+00:00,0.0,0.0,0.0,0.0,0.0,13.09,4.0,0
2019-12-16 23:10:00+00:00,0.0,0.0,0.0,0.0,0.0,13.17,4.14,0
2019-12-17 00:10:00+00:00,0.0,0.0,0.0,0.0,0.0,13.26,4.28,0
2019-12-17 01:10:00+00:00,0.0,0.0,0.0,0.0,0.0,13.38,4.28,0
2019-12-17 02:10:00+00:00,0.0,0.0,0.0,0.0,0.0,13.37,4.21,0
2019-12-17 03:10:00+00:00,0.0,0.0,0.0,0.0,0.0,13.3,4.14,0
2019-12-17 04:10:00+00:00,0.0,0.0,0.0,0.0,0.0,13.21,4.21,0
2019-12-17 05:10:00+00:00,0.0,0.0,0.0,0.0,0.0,13.09,4.14,0
2019-12-17 06:10:00+00:00,0.0,0.0,0.0,0.0,0.0,12.88,4.0,0
2019-12-17 07:10:00+00:00,5.5,0.0,28.53,0.43,5.0,13.07,4.0,0
2019-12-17 08:10:00+00:00,19.85,0.0,74.01,1.11,13.11,13.89,4.0,0
2019-12-17 09:10:00+00:00,42.18,0.0,139.99,2.1,19.44,15.48,4.07,0
2019-12-17 10:10:00+00:00,26.42,0.0,94.52,1.42,23.47,16.72,4.34,0
2019-12-17 11:10:00+00:00,36.37,0.0,123.94,1.86,24.74,17.21,5.03,0
2019-12-17 12:10:00+00:00,39.39,0.0,132.86,2.0,23.09,17.35,4.9,0
2019-12-17 13:10:00+00:00,39.39,0.0,132.86,2.0,18.72,17.28,4.55,0
2019-12-17 14:10:00+00:00,22.2,0.0,82.03,1.23,12.12,16.95,4.0,0
2019-12-17 15:10:00+00:00,2.76,0.0,18.72,0.28,3.82,16.13,3.38,0
2019-12-17 16:10:00+00:00,0.0,0.0,0.0,0.0,0.0,15.03,3.17,0
2019-12-17 17:10:00+00:00,0.0,0.0,0.0,0.0,0.0,14.39,3.1,0
2019-12-17 18:10:00+00:00,0.0,0.0,0.0,0.0,0.0,13.83,3.03,0
2019-12-17 19:10:00+00:00,0.0,0.0,0.0,0.0,0.0,13.95,3.17,0
2019-12-17 20:10:00+00:00,0.0,0.0,0.0,0.0,0.0,13.55,2.97,0
2019-12-17 21:10:00+00:00,0.0,0.0,0.0,0.0,0.0,13.11,2.83,0
2019-12-17 22:10:00+00:00,0.0,0.0,0.0,0.0,0.0,12.61,2.69,0
2019-12-17 23:10:00+00:00,0.0,0.0,0.0,0.0,0.0,12.18,2.55,0
2019-12-18 00:10:00+00:00,0.0,0.0,0.0,0.0,0.0,11.9,2.55,0
2019-12-18 01:10:00+00:00,0.0,0.0,0.0,0.0,0.0,11.88,2.62,0
2019-12-18 02:10:00+00:00,0.0,0.0,0.0,0.0,0.0,11.81,2.55,0
2019-12-18 03:10:00+00:00,0.0,0.0,0.0,0.0,0.0,11.6,2.55,0
2019-12-18 04:10:00+00:00,0.0,0.0,0.0,0.0,0.0,11.29,2.55,0
2019-12-18 05:10:00+00:00,0.0,0.0,0.0,0.0,0.0,10.98,2.55,0
2019-12-18 06:10:00+00:00,0.0,0.0,0.0,0.0,0.0,10.86,2.48,0
2019-12-18 07:10:00+00:00,3.8,0.0,22.29,0.33,4.91,11.22,2.48,0
2019-12-18 08:10:00+00:00,20.88,0.0,76.68,1.15,13.02,12.25,2.21,0
2019-12-18 09:10:00+00:00,34.94,0.0,118.59,1.78,19.37,14.0,2.14,0
2019-12-18 10:10:00+00:00,39.88,0.0,133.75,2.01,23.42,15.57,2.21,0
2019-12-18 11:10:00+00:00,48.56,0.0,159.61,2.4,24.71,16.61,2.48,0
2019-12-18 12:10:00+00:00,50.92,0.0,166.74,2.51,23.08,17.01,2.55,0
2019-12-18 13:10:00+00:00,31.69,0.0,110.57,1.66,18.74,17.18,2.21,0
2019-12-18 14:10:00+00:00,17.77,0.0,68.66,1.03,12.15,16.8,1.79,0
2019-12-18 15:10:00+00:00,1.89,0.0,15.16,0.23,3.86,16.3,1.86,0
2019-12-18 16:10:00+00:00,0.0,0.0,0.0,0.0,0.0,15.38,2.14,0
2019-12-18 17:10:00+00:00,0.0,0.0,0.0,0.0,0.0,14.62,2.48,0
2019-12-18 18:10:00+00:00,0.0,0.0,0.0,0.0,0.0,13.98,2.76,0
2019-12-18 19:10:00+00:00,0.0,0.0,0.0,0.0,0.0,13.41,2.21,0
2019-12-18 20:10:00+00:00,0.0,0.0,0.0,0.0,0.0,13.05,2.34,0
2019-12-18 21:10:00+00:00,0.0,0.0,0.0,0.0,0.0,12.63,2.41,0
2019-12-18 22:10:00+00:00,0.0,0.0,0.0,0.0,0.0,12.43,2.21,0
2019-12-18 23:10:00+00:00,0.0,0.0,0.0,0.0,0.0,12.28,2.07,0
2019-12-19 00:10:00+00:00,0.0,0.0,0.0,0.0,0.0,11.96,2.21,0
2019-12-19 01:10:00+00:00,0.0,0.0,0.0,0.0,0.0,11.66,2.28,0
2019-12-19 02:10:00+00:00,0.0,0.0,0.0,0.0,0.0,11.33,2.28,0
2019-12-19 03:10:00+00:00,0.0,0.0,0.0,0.0,0.0,10.96,2.34,0
2019-12-19 04:10:00+00:00,0.0,0.0,0.0,0.0,0.0,11.19,2.48,0
2019-12-19 05:10:00+00:00,0.0,0.0,0.0,0.0,0.0,11.25,2.48,0
2019-12-19 06:10:00+00:00,0.0,0.0,0.0,0.0,0.0,11.55,2.55,0
2019-12-19 07:10:00+00:00,2.16,0.0,16.05,0.24,4.82,12.09,2.69,0
2019-12-19 08:10:00+00:00,12.06,0.0,49.93,0.75,12.94,12.48,2.55,0
2019-12-19 09:10:00+00:00,18.99,0.0,71.33,1.07,19.31,13.27,2.48,0
2019-12-19 10:10:00+00:00,15.14,0.0,59.74,0.9,23.37,13.72,2.34,0
2019-12-19 11:10:00+00:00,24.27,0.0,87.38,1.31,24.68,14.05,1.72,0
2019-12-19 12:10:00+00:00,30.86,0.0,107.0,1.61,23.08,14.32,1.31,0
2019-12-19 13:10:00+00:00,26.05,0.0,92.73,1.39,18.76,13.99,1.1,0
2019-12-19 14:10:00+00:00,20.43,0.0,75.79,1.14,12.19,13.45,1.24,0
2019-12-19 15:10:00+00:00,3.05,0.0,19.62,0.29,3.91,12.86,1.72,0
2019-12-19 16:10:00+00:00,0.0,0.0,0.0,0.0,0.0,12.44,2.0,0
2019-12-19 17:10:00+00:00,0.0,0.0,0.0,0.0,0.0,12.03,1.79,0
2019-12-19 18:10:00+00:00,0.0,0.0,0.0,0.0,0.0,10.77,1.17,0
2019-12-19 19:10:00+00:00,0.0,0.0,0.0,0.0,0.0,9.77,2.07,0
2019-12-19 20:10:00+00:00,0.0,0.0,0.0,0.0,0.0,8.86,2.07,0
2019-12-19 21:10:00+00:00,0.0,0.0,0.0,0.0,0.0,8.23,2.21,0
2019-12-19 22:10:00+00:00,0.0,0.0,0.0,0.0,0.0,7.74,2.07,0
2019-12-19 23:10:00+00:00,0.0,0.0,0.0,0.0,0.0,7.38,1.79,0
2019-12-20 00:10:00+00:00,0.0,0.0,0.0,0.0,0.0,7.5,1.86,0
2019-12-20 01:10:00+00:00,0.0,0.0,0.0,0.0,0.0,7.45,1.79,0
2019-12-20 02:10:00+00:00,0.0,0.0,0.0,0.0,0.0,7.75,1.79,0
2019-12-20 03:10:00+00:00,0.0,0.0,0.0,0.0,0.0,8.3,2.0,0
2019-12-20 04:10:00+00:00,0.0,0.0,0.0,0.0,0.0,8.3,2.14,0
2019-12-20 05:10:00+00:00,0.0,0.0,0.0,0.0,0.0,8.51,2.21,0
2019-12-20 06:10:00+00:00,0.0,0.0,0.0,0.0,0.0,8.64,2.28,0
2019-12-20 07:10:00+00:00,5.08,0.0,26.75,0.4,4.74,9.81,2.07,0
2019-12-20 08:10:00+00:00,24.68,0.0,87.38,1.31,12.87,10.94,2.69,0
2019-12-20 09:10:00+00:00,40.28,0.0,132.86,2.0,19.25,12.24,3.1,0
2019-12-20 10:10:00+00:00,45.67,0.0,148.91,2.24,23.33,13.59,3.86,0
2019-12-20 11:10:00+00:00,56.57,0.0,180.12,2.71,24.67,14.3,5.52,0
2019-12-20 12:10:00+00:00,18.32,0.0,69.55,1.05,23.08,14.7,6.21,0
2019-12-20 13:10:00+00:00,37.41,0.0,125.72,1.89,18.78,15.05,6.0,0
2019-12-20 14:10:00+00:00,6.22,0.0,31.21,0.47,12.23,14.86,5.93,0
2019-12-20 15:10:00+00:00,2.56,0.0,17.83,0.27,3.97,14.57,6.07,0
2019-12-20 16:10:00+00:00,0.0,0.0,0.0,0.0,0.0,14.05,6.21,0
2019-12-20 17:10:00+00:00,0.0,0.0,0.0,0.0,0.0,13.95,6.55,0
2019-12-20 18:10:00+00:00,0.0,0.0,0.0,0.0,0.0,14.03,6.69,0
2019-12-20 19:10:00+00:00,0.0,0.0,0.0,0.0,0.0,14.23,6.69,0
2019-12-20 20:10:00+00:00,0.0,0.0,0.0,0.0,0.0,14.32,6.83,0
2019-12-20 21:10:00+00:00,0.0,0.0,0.0,0.0,0.0,14.33,6.76,0
2019-12-20 22:10:00+00:00,0.0,0.0,0.0,0.0,0.0,14.27,6.28,0
2019-12-20 23:10:00+00:00,0.0,0.0,0.0,0.0,0.0,14.1,5.86,0
2019-12-21 00:10:00+00:00,0.0,0.0,0.0,0.0,0.0,13.9,5.72,0
2019-12-21 01:10:00+00:00,0.0,0.0,0.0,0.0,0.0,13.88,5.66,0
2019-12-21 02:10:00+00:00,0.0,0.0,0.0,0.0,0.0,13.98,5.72,0
2019-12-21 03:10:00+00:00,0.0,0.0,0.0,0.0,0.0,14.19,5.86,0
2019-12-21 04:10:00+00:00,0.0,0.0,0.0,0.0,0.0,14.47,6.55,0
2019-12-21 05:10:00+00:00,0.0,0.0,0.0,0.0,0.0,14.67,7.17,0
2019-12-21 06:10:00+00:00,0.0,0.0,0.0,0.0,0.0,14.81,7.72,0
2019-12-21 07:10:00+00:00,3.02,0.0,19.62,0.29,4.66,14.56,8.83,0
2019-12-21 08:10:00+00:00,14.84,0.0,58.85,0.88,12.81,14.56,9.59,0
2019-12-21 09:10:00+00:00,14.54,0.0,57.96,0.87,19.2,14.61,9.03,0
2019-12-21 10:10:00+00:00,14.52,0.0,57.96,0.87,23.3,14.89,8.34,0
2019-12-21 11:10:00+00:00,55.5,0.0,177.44,2.67,24.66,15.46,8.48,0
2019-12-21 12:10:00+00:00,51.92,0.0,167.63,2.52,23.1,15.77,7.24,0
2019-12-21 13:10:00+00:00,26.82,0.0,95.41,1.43,18.82,16.25,6.28,0
2019-12-21 14:10:00+00:00,2.32,0.0,16.94,0.25,12.28,16.23,6.41,0
2019-12-21 15:10:00+00:00,3.24,0.0,20.51,0.31,4.03,15.42,5.31,0
2019-12-21 16:10:00+00:00,0.0,0.0,0.0,0.0,0.0,14.43,4.34,0
2019-12-21 17:10:00+00:00,0.0,0.0,0.0,0.0,0.0,13.74,3.86,0
2019-12-21 18:10:00+00:00,0.0,0.0,0.0,0.0,0.0,13.4,3.45,0
2019-12-21 19:10:00+00:00,0.0,0.0,0.0,0.0,0.0,12.96,2.97,0
2019-12-21 20:10:00+00:00,0.0,0.0,0.0,0.0,0.0,12.63,2.76,0
2019-12-21 21:10:00+00:00,0.0,0.0,0.0,0.0,0.0,12.42,2.97,0
2019-12-21 22:10:00+00:00,0.0,0.0,0.0,0.0,0.0,12.16,3.1,0
2019-12-21 23:10:00+00:00,0.0,0.0,0.0,0.0,0.0,12.69,3.66,0
2019-12-22 00:10:00+00:00,0.0,0.0,0.0,0.0,0.0,13.31,4.34,0
2019-12-22 01:10:00+00:00,0.0,0.0,0.0,0.0,0.0,13.81,5.24,0
2019-12-22 02:10:00+00:00,0.0,0.0,0.0,0.0,0.0,14.62,6.69,0
2019-12-22 03:10:00+00:00,0.0,0.0,0.0,0.0,0.0,15.31,7.79,0
2019-12-22 04:10:00+00:00,0.0,0.0,0.0,0.0,0.0,15.41,8.76,0
2019-12-22 05:10:00+00:00,0.0,0.0,0.0,0.0,0.0,14.36,9.31,0
2019-12-22 06:10:00+00:00,0.0,0.0,0.0,0.0,0.0,14.08,7.52,0
2019-12-22 07:10:00+00:00,2.35,0.0,16.94,0.25,4.59,14.29,7.59,0
2019-12-22 08:10:00+00:00,18.06,0.0,68.66,1.03,12.75,14.5,8.28,0
2019-12-22 09:10:00+00:00,37.56,0.0,125.72,1.89,19.16,14.67,8.76,0
2019-12-22 10:10:00+00:00,35.07,0.0,118.59,1.78,23.28,14.7,9.17,0
2019-12-22 11:10:00+00:00,25.88,0.0,91.84,1.38,24.66,14.4,8.41,0
2019-12-22 12:10:00+00:00,5.97,0.0,30.32,0.46,23.12,14.64,7.03,0
2019-12-22 13:10:00+00:00,6.74,0.0,32.99,0.5,18.86,14.9,7.38,0
2019-12-22 14:10:00+00:00,10.82,0.0,46.37,0.7,12.34,14.74,7.1,0
2019-12-22 15:10:00+00:00,3.73,0.0,22.29,0.33,4.1,14.32,5.93,0
2019-12-22 16:10:00+00:00,0.0,0.0,0.0,0.0,0.0,13.99,5.1,0
2019-12-22 17:10:00+00:00,0.0,0.0,0.0,0.0,0.0,13.71,4.76,0
2019-12-22 18:10:00+00:00,0.0,0.0,0.0,0.0,0.0,13.5,4.48,0
2019-12-22 19:10:00+00:00,0.0,0.0,0.0,0.0,0.0,13.38,4.97,0
2019-12-22 20:10:00+00:00,0.0,0.0,0.0,0.0,0.0,13.22,4.83,0
2019-12-22 21:10:00+00:00,0.0,0.0,0.0,0.0,0.0,13.14,5.03,0
2019-12-22 22:10:00+00:00,0.0,0.0,0.0,0.0,0.0,13.08,5.38,0
2019-12-22 23:10:00+00:00,0.0,0.0,0.0,0.0,0.0,13.0,5.17,0
2019-12-23 00:10:00+00:00,0.0,0.0,0.0,0.0,0.0,12.89,4.83,0
2019-12-23 01:10:00+00:00,0.0,0.0,0.0,0.0,0.0,12.67,3.52,0
2019-12-23 02:10:00+00:00,0.0,0.0,0.0,0.0,0.0,11.81,3.17,0
2019-12-23 03:10:00+00:00,0.0,0.0,0.0,0.0,0.0,10.88,3.1,0
2019-12-23 04:10:00+00:00,0.0,0.0,0.0,0.0,0.0,10.23,3.31,0
2019-12-23 05:10:00+00:00,0.0,0.0,0.0,0.0,0.0,9.89,2.9,0
2019-12-23 06:10:00+00:00,0.0,0.0,0.0,0.0,0.0,10.25,2.76,0
2019-12-23 07:10:00+00:00,4.56,0.0,24.97,0.38,4.52,10.32,3.17,0
2019-12-23 08:10:00+00:00,13.6,0.0,54.39,0.82,12.69,10.92,3.03,0
2019-12-23 09:10:00+00:00,21.47,0.0,78.47,1.18,19.12,12.48,2.83,0
2019-12-23 10:10:00+00:00,23.76,0.0,85.6,1.29,23.26,13.7,3.52,0
2019-12-23 11:10:00+00:00,25.81,0.0,91.84,1.38,24.66,14.57,5.17,0
2019-12-23 12:10:00+00:00,24.27,0.0,87.38,1.31,23.15,14.86,5.52,0
2019-12-23 13:10:00+00:00,22.43,0.0,82.03,1.23,18.91,15.09,5.38,0
2019-12-23 14:10:00+00:00,16.52,0.0,64.2,0.96,12.4,15.02,4.9,0
2019-12-23 15:10:00+00:00,3.97,0.0,23.18,0.35,4.17,14.39,4.14,0
2019-12-23 16:10:00+00:00,0.0,0.0,0.0,0.0,0.0,13.44,3.79,0
2019-12-23 17:10:00+00:00,0.0,0.0,0.0,0.0,0.0,12.75,3.93,0
2019-12-23 18:10:00+00:00,0.0,0.0,0.0,0.0,0.0,12.29,4.0,0
2019-12-23 19:10:00+00:00,0.0,0.0,0.0,0.0,0.0,11.93,3.31,0
2019-12-23 20:10:00+00:00,0.0,0.0,0.0,0.0,0.0,11.41,2.9,0
2019-12-23 21:10:00+00:00,0.0,0.0,0.0,0.0,0.0,11.02,2.48,0
2019-12-23 22:10:00+00:00,0.0,0.0,0.0,0.0,0.0,10.53,2.21,0
2019-12-23 23:10:00+00:00,0.0,0.0,0.0,0.0,0.0,9.75,2.07,0
2019-12-24 00:10:00+00:00,0.0,0.0,0.0,0.0,0.0,8.87,2.07,0
2019-12-24 01:10:00+00:00,0.0,0.0,0.0,0.0,0.0,8.06,2.0,0
2019-12-24 02:10:00+00:00,0.0,0.0,0.0,0.0,0.0,7.24,1.86,0
2019-12-24 03:10:00+00:00,0.0,0.0,0.0,0.0,0.0,6.59,1.86,0
2019-12-24 04:10:00+00:00,0.0,0.0,0.0,0.0,0.0,6.1,1.93,0
2019-12-24 05:10:00+00:00,0.0,0.0,0.0,0.0,0.0,5.72,1.93,0
2019-12-24 06:10:00+00:00,0.0,0.0,0.0,0.0,0.0,5.3,1.93,0
2019-12-24 07:10:00+00:00,4.42,0.0,24.07,0.36,4.47,5.59,2.0,0
2019-12-24 08:10:00+00:00,15.08,0.0,57.96,0.87,12.65,6.5,1.52,0
2019-12-24 09:10:00+00:00,22.0,0.0,79.36,1.19,19.09,9.88,1.24,0
2019-12-24 10:10:00+00:00,27.5,0.0,96.3,1.45,23.25,12.17,0.97,0
2019-12-24 11:10:00+00:00,25.19,0.0,90.06,1.35,24.68,13.56,0.9,0
2019-12-24 12:10:00+00:00,25.11,0.0,90.06,1.35,23.18,14.28,0.97,0
2019-12-24 13:10:00+00:00,21.2,0.0,78.47,1.18,18.96,14.55,1.03,0
2019-12-24 14:10:00+00:00,17.39,0.0,66.87,1.0,12.47,14.35,1.1,0
2019-12-24 15:10:00+00:00,4.23,0.0,24.07,0.36,4.25,13.51,1.72,0
2019-12-24 16:10:00+00:00,0.0,0.0,0.0,0.0,0.0,12.18,1.59,0
2019-12-24 17:10:00+00:00,0.0,0.0,0.0,0.0,0.0,12.34,0.21,0
2019-12-24 18:10:00+00:00,0.0,0.0,0.0,0.0,0.0,9.42,1.52,0
2019-12-24 19:10:00+00:00,0.0,0.0,0.0,0.0,0.0,10.61,0.9,0
2019-12-24 20:10:00+00:00,0.0,0.0,0.0,0.0,0.0,7.94,1.52,0
2019-12-24 21:10:00+00:00,0.0,0.0,0.0,0.0,0.0,6.77,1.72,0
2019-12-24 22:10:00+00:00,0.0,0.0,0.0,0.0,0.0,6.0,1.79,0
2019-12-24 23:10:00+00:00,0.0,0.0,0.0,0.0,0.0,5.59,1.79,0
2019-12-25 00:10:00+00:00,0.0,0.0,0.0,0.0,0.0,5.24,1.86,0
2019-12-25 01:10:00+00:00,0.0,0.0,0.0,0.0,0.0,5.13,2.0,0
2019-12-25 02:10:00+00:00,0.0,0.0,0.0,0.0,0.0,5.13,2.0,0
2019-12-25 03:10:00+00:00,0.0,0.0,0.0,0.0,0.0,5.15,2.14,0
2019-12-25 04:10:00+00:00,0.0,0.0,0.0,0.0,0.0,4.84,1.93,0
2019-12-25 05:10:00+00:00,0.0,0.0,0.0,0.0,0.0,4.25,1.66,0
2019-12-25 06:10:00+00:00,0.0,0.0,0.0,0.0,0.0,4.09,1.86,0
2019-12-25 07:10:00+00:00,4.7,0.0,24.97,0.38,4.41,4.63,2.0,0
2019-12-25 08:10:00+00:00,14.82,0.0,57.07,0.86,12.61,6.07,1.66,0
2019-12-25 09:10:00+00:00,22.98,0.0,82.03,1.23,19.07,9.44,1.45,0
2019-12-25 10:10:00+00:00,23.65,0.0,84.71,1.27,23.25,11.47,1.38,0
2019-12-25 11:10:00+00:00,26.5,0.0,93.62,1.41,24.7,12.92,1.17,0
2019-12-25 12:10:00+00:00,25.16,0.0,90.06,1.35,23.23,13.87,0.9,0
2019-12-25 13:10:00+00:00,22.1,0.0,81.14,1.22,19.02,14.3,0.62,0
2019-12-25 14:10:00+00:00,16.81,0.0,65.09,0.98,12.55,14.22,0.97,0
2019-12-25 15:10:00+00:00,4.23,0.0,24.07,0.36,4.34,13.45,1.38,0
2019-12-25 16:10:00+00:00,0.0,0.0,0.0,0.0,0.0,11.74,0.9,0
2019-12-25 17:10:00+00:00,0.0,0.0,0.0,0.0,0.0,11.91,0.48,0
2019-12-25 18:10:00+00:00,0.0,0.0,0.0,0.0,0.0,9.28,1.38,0
2019-12-25 19:10:00+00:00,0.0,0.0,0.0,0.0,0.0,7.38,1.86,0
2019-12-25 20:10:00+00:00,0.0,0.0,0.0,0.0,0.0,6.42,1.79,0
2019-12-25 21:10:00+00:00,0.0,0.0,0.0,0.0,0.0,5.64,1.86,0
2019-12-25 22:10:00+00:00,0.0,0.0,0.0,0.0,0.0,5.07,2.0,0
2019-12-25 23:10:00+00:00,0.0,0.0,0.0,0.0,0.0,4.53,1.86,0
2019-12-26 00:10:00+00:00,0.0,0.0,0.0,0.0,0.0,4.02,1.79,0
2019-12-26 01:10:00+00:00,0.0,0.0,0.0,0.0,0.0,3.66,1.79,0
2019-12-26 02:10:00+00:00,0.0,0.0,0.0,0.0,0.0,3.49,1.86,0
2019-12-26 03:10:00+00:00,0.0,0.0,0.0,0.0,0.0,3.41,1.93,0
2019-12-26 04:10:00+00:00,0.0,0.0,0.0,0.0,0.0,3.5,2.0,0
2019-12-26 05:10:00+00:00,0.0,0.0,0.0,0.0,0.0,3.36,2.14,0
2019-12-26 06:10:00+00:00,0.0,0.0,0.0,0.0,0.0,3.31,2.28,0
2019-12-26 07:10:00+00:00,4.47,0.0,24.07,0.36,4.37,3.67,2.14,0
2019-12-26 08:10:00+00:00,14.6,0.0,56.17,0.84,12.58,5.09,1.93,0
2019-12-26 09:10:00+00:00,22.46,0.0,80.25,1.21,19.05,8.59,1.66,0
2019-12-26 10:10:00+00:00,22.72,0.0,82.03,1.23,23.26,11.63,1.31,0
2019-12-26 11:10:00+00:00,24.28,0.0,87.38,1.31,24.73,13.62,0.76,0
2019-12-26 12:10:00+00:00,24.44,0.0,88.27,1.33,23.28,14.57,0.28,0
2019-12-26 13:10:00+00:00,19.97,0.0,74.9,1.13,19.09,14.87,0.76,0
2019-12-26 14:10:00+00:00,16.78,0.0,65.09,0.98,12.63,14.64,1.03,0
2019-12-26 15:10:00+00:00,4.22,0.0,24.07,0.36,4.43,13.87,1.24,0
2019-12-26 16:10:00+00:00,0.0,0.0,0.0,0.0,0.0,12.08,1.38,0
2019-12-26 17:10:00+00:00,0.0,0.0,0.0,0.0,0.0,10.86,1.31,0
2019-12-26 18:10:00+00:00,0.0,0.0,0.0,0.0,0.0,10.33,1.38,0
2019-12-26 19:10:00+00:00,0.0,0.0,0.0,0.0,0.0,9.92,1.31,0
2019-12-26 20:10:00+00:00,0.0,0.0,0.0,0.0,0.0,8.6,1.59,0
2019-12-26 21:10:00+00:00,0.0,0.0,0.0,0.0,0.0,8.65,1.38,0
2019-12-26 22:10:00+00:00,0.0,0.0,0.0,0.0,0.0,8.18,1.31,0
2019-12-26 23:10:00+00:00,0.0,0.0,0.0,0.0,0.0,7.47,1.45,0
2019-12-27 00:10:00+00:00,0.0,0.0,0.0,0.0,0.0,7.75,1.31,0
2019-12-27 01:10:00+00:00,0.0,0.0,0.0,0.0,0.0,7.99,1.31,0
2019-12-27 02:10:00+00:00,0.0,0.0,0.0,0.0,0.0,7.78,1.38,0
2019-12-27 03:10:00+00:00,0.0,0.0,0.0,0.0,0.0,7.53,1.38,0
2019-12-27 04:10:00+00:00,0.0,0.0,0.0,0.0,0.0,7.2,1.45,0
2019-12-27 05:10:00+00:00,0.0,0.0,0.0,0.0,0.0,7.16,1.38,0
2019-12-27 06:10:00+00:00,0.0,0.0,0.0,0.0,0.0,6.83,1.66,0
2019-12-27 07:10:00+00:00,4.14,0.0,23.18,0.35,4.32,6.53,1.86,0
2019-12-27 08:10:00+00:00,20.42,0.0,74.01,1.11,12.55,7.63,1.52,0
2019-12-27 09:10:00+00:00,23.78,0.0,84.71,1.27,19.04,10.44,1.45,0
2019-12-27 10:10:00+00:00,26.88,0.0,94.52,1.42,23.27,12.43,1.52,0
2019-12-27 11:10:00+00:00,35.61,0.0,120.37,1.81,24.76,13.32,1.31,0
2019-12-27 12:10:00+00:00,14.24,0.0,57.07,0.86,23.34,13.82,0.9,0
2019-12-27 13:10:00+00:00,24.25,0.0,87.38,1.31,19.17,13.88,0.83,0
2019-12-27 14:10:00+00:00,16.27,0.0,63.31,0.95,12.72,13.64,0.62,0
2019-12-27 15:10:00+00:00,4.48,0.0,24.97,0.38,4.53,13.09,0.21,0
2019-12-27 16:10:00+00:00,0.0,0.0,0.0,0.0,0.0,12.21,0.69,0
2019-12-27 17:10:00+00:00,0.0,0.0,0.0,0.0,0.0,10.36,1.59,0
2019-12-27 18:10:00+00:00,0.0,0.0,0.0,0.0,0.0,9.05,1.86,0
2019-12-27 19:10:00+00:00,0.0,0.0,0.0,0.0,0.0,8.18,1.86,0
2019-12-27 20:10:00+00:00,0.0,0.0,0.0,0.0,0.0,7.39,2.0,0
2019-12-27 21:10:00+00:00,0.0,0.0,0.0,0.0,0.0,6.73,2.0,0
2019-12-27 22:10:00+00:00,0.0,0.0,0.0,0.0,0.0,6.34,2.0,0
2019-12-27 23:10:00+00:00,0.0,0.0,0.0,0.0,0.0,6.08,2.0,0
2019-12-28 00:10:00+00:00,0.0,0.0,0.0,0.0,0.0,5.65,2.07,0
2019-12-28 01:10:00+00:00,0.0,0.0,0.0,0.0,0.0,5.47,2.48,0
2019-12-28 02:10:00+00:00,0.0,0.0,0.0,0.0,0.0,5.49,2.97,0
2019-12-28 03:10:00+00:00,0.0,0.0,0.0,0.0,0.0,5.51,3.31,0
2019-12-28 04:10:00+00:00,0.0,0.0,0.0,0.0,0.0,5.51,3.59,0
2019-12-28 05:10:00+00:00,0.0,0.0,0.0,0.0,0.0,5.5,3.66,0
2019-12-28 06:10:00+00:00,0.0,0.0,0.0,0.0,0.0,5.3,3.52,0
2019-12-28 07:10:00+00:00,4.18,0.0,23.18,0.35,4.29,5.42,3.59,0
2019-12-28 08:10:00+00:00,13.92,0.0,54.39,0.82,12.53,6.48,3.45,0
2019-12-28 09:10:00+00:00,20.38,0.0,74.01,1.11,19.04,8.52,3.38,0
2019-12-28 10:10:00+00:00,21.44,0.0,77.57,1.17,23.29,10.07,3.59,0
2019-12-28 11:10:00+00:00,24.76,0.0,87.38,1.31,24.81,10.52,3.79,0
2019-12-28 12:10:00+00:00,31.55,0.0,107.0,1.61,23.4,10.63,3.86,0
2019-12-28 13:10:00+00:00,20.48,0.0,74.9,1.13,19.25,10.66,4.14,0
2019-12-28 14:10:00+00:00,10.5,0.0,44.58,0.67,12.81,10.2,3.86,0
2019-12-28 15:10:00+00:00,4.84,0.0,25.86,0.39,4.63,9.17,3.66,0
2019-12-28 16:10:00+00:00,0.0,0.0,0.0,0.0,0.0,7.73,3.72,0
2019-12-28 17:10:00+00:00,0.0,0.0,0.0,0.0,0.0,6.62,3.86,0
2019-12-28 18:10:00+00:00,0.0,0.0,0.0,0.0,0.0,5.84,4.34,0
2019-12-28 19:10:00+00:00,0.0,0.0,0.0,0.0,0.0,5.97,3.93,0
2019-12-28 20:10:00+00:00,0.0,0.0,0.0,0.0,0.0,5.56,4.0,0
2019-12-28 21:10:00+00:00,0.0,0.0,0.0,0.0,0.0,5.2,3.86,0
2019-12-28 22:10:00+00:00,0.0,0.0,0.0,0.0,0.0,4.86,3.59,0
2019-12-28 23:10:00+00:00,0.0,0.0,0.0,0.0,0.0,4.54,3.38,0
2019-12-29 00:10:00+00:00,0.0,0.0,0.0,0.0,0.0,4.2,3.31,0
2019-12-29 01:10:00+00:00,0.0,0.0,0.0,0.0,0.0,3.74,3.24,0
2019-12-29 02:10:00+00:00,0.0,0.0,0.0,0.0,0.0,3.38,3.17,0
2019-12-29 03:10:00+00:00,0.0,0.0,0.0,0.0,0.0,2.97,3.1,0
2019-12-29 04:10:00+00:00,0.0,0.0,0.0,0.0,0.0,2.57,3.24,0
2019-12-29 05:10:00+00:00,0.0,0.0,0.0,0.0,0.0,2.32,3.52,0
2019-12-29 06:10:00+00:00,0.0,0.0,0.0,0.0,0.0,2.14,3.79,0
2019-12-29 07:10:00+00:00,4.24,0.0,23.18,0.35,4.26,2.8,3.93,0
2019-12-29 08:10:00+00:00,15.62,0.0,58.85,0.88,12.52,3.78,3.93,0
2019-12-29 09:10:00+00:00,21.62,0.0,76.68,1.15,19.05,5.58,4.41,0
2019-12-29 10:10:00+00:00,22.69,0.0,80.25,1.21,23.32,7.19,4.76,0
2019-12-29 11:10:00+00:00,23.5,0.0,82.92,1.25,24.86,8.24,4.83,0
2019-12-29 12:10:00+00:00,27.16,0.0,93.62,1.41,23.48,8.84,4.76,0
2019-12-29 13:10:00+00:00,21.56,0.0,77.57,1.17,19.34,9.11,4.62,0
2019-12-29 14:10:00+00:00,17.02,0.0,64.2,0.96,12.92,8.94,4.21,0
2019-12-29 15:10:00+00:00,5.39,0.0,27.64,0.42,4.74,8.01,4.0,0
2019-12-29 16:10:00+00:00,0.0,0.0,0.0,0.0,0.0,6.57,4.21,0
2019-12-29 17:10:00+00:00,0.0,0.0,0.0,0.0,0.0,5.57,4.34,0
2019-12-29 18:10:00+00:00,0.0,0.0,0.0,0.0,0.0,4.96,3.93,0
2019-12-29 19:10:00+00:00,0.0,0.0,0.0,0.0,0.0,5.19,3.93,0
2019-12-29 20:10:00+00:00,0.0,0.0,0.0,0.0,0.0,4.73,3.45,0
2019-12-29 21:10:00+00:00,0.0,0.0,0.0,0.0,0.0,4.34,3.31,0
2019-12-29 22:10:00+00:00,0.0,0.0,0.0,0.0,0.0,3.96,3.31,0
2019-12-29 23:10:00+00:00,0.0,0.0,0.0,0.0,0.0,3.65,3.52,0
2019-12-30 00:10:00+00:00,0.0,0.0,0.0,0.0,0.0,3.27,3.59,0
2019-12-30 01:10:00+00:00,0.0,0.0,0.0,0.0,0.0,2.83,3.38,0
2019-12-30 02:10:00+00:00,0.0,0.0,0.0,0.0,0.0,2.43,3.24,0
2019-12-30 03:10:00+00:00,0.0,0.0,0.0,0.0,0.0,2.06,3.24,0
2019-12-30 04:10:00+00:00,0.0,0.0,0.0,0.0,0.0,1.75,3.31,0
2019-12-30 05:10:00+00:00,0.0,0.0,0.0,0.0,0.0,1.53,3.52,0
2019-12-30 06:10:00+00:00,0.0,0.0,0.0,0.0,0.0,1.47,3.79,0
2019-12-30 07:10:00+00:00,4.25,0.0,23.18,0.35,4.24,2.12,4.34,0
2019-12-30 08:10:00+00:00,14.46,0.0,55.28,0.83,12.51,3.21,4.07,0
2019-12-30 09:10:00+00:00,22.59,0.0,79.36,1.19,19.06,5.25,4.28,0
2019-12-30 10:10:00+00:00,24.23,0.0,84.71,1.27,23.36,7.23,4.28,0
2019-12-30 11:10:00+00:00,24.68,0.0,86.49,1.3,24.92,8.61,4.0,0
2019-12-30 12:10:00+00:00,26.12,0.0,90.95,1.37,23.56,9.46,3.59,0
2019-12-30 13:10:00+00:00,20.84,0.0,75.79,1.14,19.44,9.93,3.03,0
2019-12-30 14:10:00+00:00,17.5,0.0,65.98,0.99,13.02,9.92,2.14,0
2019-12-30 15:10:00+00:00,5.35,0.0,27.64,0.42,4.86,9.19,1.45,0
2019-12-30 16:10:00+00:00,0.0,0.0,0.0,0.0,0.0,8.02,1.93,0
2019-12-30 17:10:00+00:00,0.0,0.0,0.0,0.0,0.0,6.71,2.76,0
2019-12-30 18:10:00+00:00,0.0,0.0,0.0,0.0,0.0,5.69,3.24,0
2019-12-30 19:10:00+00:00,0.0,0.0,0.0,0.0,0.0,5.15,3.72,0
2019-12-30 20:10:00+00:00,0.0,0.0,0.0,0.0,0.0,4.57,3.24,0
2019-12-30 21:10:00+00:00,0.0,0.0,0.0,0.0,0.0,3.94,2.76,0
2019-12-30 22:10:00+00:00,0.0,0.0,0.0,0.0,0.0,3.21,2.21,0
2019-12-30 23:10:00+00:00,0.0,0.0,0.0,0.0,0.0,2.56,2.07,0
2019-12-31 00:10:00+00:00,0.0,0.0,0.0,0.0,0.0,2.16,2.21,0
2019-12-31 01:10:00+00:00,0.0,0.0,0.0,0.0,0.0,1.7,2.28,0
2019-12-31 02:10:00+00:00,0.0,0.0,0.0,0.0,0.0,1.43,2.21,0
2019-12-31 03:10:00+00:00,0.0,0.0,0.0,0.0,0.0,1.2,2.07,0
2019-12-31 04:10:00+00:00,0.0,0.0,0.0,0.0,0.0,1.05,2.07,0
2019-12-31 05:10:00+00:00,0.0,0.0,0.0,0.0,0.0,1.03,2.14,0
2019-12-31 06:10:00+00:00,0.0,0.0,0.0,0.0,0.0,1.01,2.14,0
2019-12-31 07:10:00+00:00,4.27,0.0,23.18,0.35,4.22,1.21,2.07,0
2019-12-31 08:10:00+00:00,15.41,0.0,57.96,0.87,12.51,2.16,1.59,0
2019-12-31 09:10:00+00:00,21.87,0.0,77.57,1.17,19.08,5.41,1.17,0
2019-12-31 10:10:00+00:00,22.83,0.0,81.14,1.22,23.4,7.86,0.97,0
2019-12-31 11:10:00+00:00,25.13,0.0,88.27,1.33,24.99,9.21,1.03,0
2019-12-31 12:10:00+00:00,25.08,0.0,88.27,1.33,23.65,9.78,1.52,0
2019-12-31 13:10:00+00:00,20.81,0.0,75.79,1.14,19.54,9.92,2.0,0
2019-12-31 14:10:00+00:00,17.52,0.0,65.98,0.99,13.14,9.75,2.0,0
2019-12-31 15:10:00+00:00,5.88,0.0,29.42,0.44,4.97,9.11,1.59,0
2019-12-31 16:10:00+00:00,0.0,0.0,0.0,0.0,0.0,7.85,1.38,0
2019-12-31 17:10:00+00:00,0.0,0.0,0.0,0.0,0.0,6.59,1.17,0
2019-12-31 18:10:00+00:00,0.0,0.0,0.0,0.0,0.0,6.11,1.17,0
2019-12-31 19:10:00+00:00,0.0,0.0,0.0,0.0,0.0,5.23,1.31,0
2019-12-31 20:10:00+00:00,0.0,0.0,0.0,0.0,0.0,4.4,1.38,0
2019-12-31 21:10:00+00:00,0.0,0.0,0.0,0.0,0.0,3.41,1.45,0
2019-12-31 22:10:00+00:00,0.0,0.0,0.0,0.0,0.0,2.51,1.66,0
2019-12-31 23:10:00+00:00,0.0,0.0,0.0,0.0,0.0,1.86,1.86,0
