time,P,poa_direct,poa_sky_diffuse,poa_ground_diffuse,solar_elevation,temp_air,wind_speed,Int
2019-01-01 00:10:00+00:00,0.0,0.0,0.0,0.0,0.0,6.27,4.34,0
2019-01-01 01:10:00+00:00,0.0,0.0,0.0,0.0,0.0,6.17,4.48,0
2019-01-01 02:10:00+00:00,0.0,0.0,0.0,0.0,0.0,6.0,4.41,0
2019-01-01 03:10:00+00:00,0.0,0.0,0.0,0.0,0.0,5.79,4.28,0
2019-01-01 04:10:00+00:00,0.0,0.0,0.0,0.0,0.0,5.5,4.14,0
2019-01-01 05:10:00+00:00,0.0,0.0,0.0,0.0,0.0,5.25,3.93,0
2019-01-01 06:10:00+00:00,0.0,0.0,0.0,0.0,0.0,4.9,3.66,0
2019-01-01 07:10:00+00:00,3.19,0.0,19.62,0.29,4.22,5.25,4.14,0
2019-01-01 08:10:00+00:00,12.78,0.0,50.82,0.76,12.53,5.81,3.79,0
2019-01-01 09:10:00+00:00,16.24,0.0,61.52,0.92,19.13,7.32,3.31,0
2019-01-01 10:10:00+00:00,17.34,0.0,65.09,0.98,23.48,8.67,3.52,0
2019-01-01 11:10:00+00:00,17.84,0.0,66.87,1.0,25.1,9.65,3.24,0
2019-01-01 12:10:00+00:00,17.49,0.0,65.98,0.99,23.78,10.27,2.9,0
2019-01-01 13:10:00+00:00,18.06,0.0,67.77,1.02,19.69,10.52,2.55,0
2019-01-01 14:10:00+00:00,10.19,0.0,43.69,0.66,13.3,10.53,2.28,0
2019-01-01 15:10:00+00:00,4.57,0.0,24.97,0.38,5.14,9.93,1.93,0
2019-01-01 16:10:00+00:00,0.0,0.0,0.0,0.0,0.0,8.73,2.21,0
2019-01-01 17:10:00+00:00,0.0,0.0,0.0,0.0,0.0,7.66,2.34,0
2019-01-01 18:10:00+00:00,0.0,0.0,0.0,0.0,0.0,6.59,2.21,0
2019-01-01 19:10:00+00:00,0.0,0.0,0.0,0.0,0.0,5.66,2.07,0
2019-01-01 20:10:00+00:00,0.0,0.0,0.0,0.0,0.0,5.44,1.52,0
2019-01-01 21:10:00+00:00,0.0,0.0,0.0,0.0,0.0,5.15,1.38,0
2019-01-01 22:10:00+00:00,0.0,0.0,0.0,0.0,0.0,4.16,1.52,0
2019-01-01 23:10:00+00:00,0.0,0.0,0.0,0.0,0.0,3.15,1.59,0
2019-01-02 00:10:00+00:00,0.0,0.0,0.0,0.0,0.0,2.52,1.59,0
2019-01-02 01:10:00+00:00,0.0,0.0,0.0,0.0,0.0,2.34,1.52,0
2019-01-02 02:10:00+00:00,0.0,0.0,0.0,0.0,0.0,2.24,1.59,0
2019-01-02 03:10:00+00:00,0.0,0.0,0.0,0.0,0.0,1.9,1.72,0
2019-01-02 04:10:00+00:00,0.0,0.0,0.0,0.0,0.0,1.47,1.93,0
2019-01-02 05:10:00+00:00,0.0,0.0,0.0,0.0,0.0,1.47,2.07,0
2019-01-02 06:10:00+00:00,0.0,0.0,0.0,0.0,0.0,1.86,2.21,0
2019-01-02 07:10:00+00:00,4.24,0.0,23.18,0.35,4.21,2.75,2.07,0
2019-01-02 08:10:00+00:00,24.78,0.0,85.6,1.29,12.54,4.7,2.0,0
2019-01-02 09:10:00+00:00,18.3,0.0,67.77,1.02,19.17,7.72,2.0,0
2019-01-02 10:10:00+00:00,18.84,0.0,69.55,1.05,23.54,8.5,2.62,0
2019-01-02 11:10:00+00:00,53.53,0.0,168.52,2.53,25.18,9.78,4.07,0
2019-01-02 12:10:00+00:00,17.51,0.0,65.98,0.99,23.88,10.33,5.38,0
2019-01-02 13:10:00+00:00,14.79,0.0,57.96,0.87,19.81,11.06,6.34,0
2019-01-02 14:10:00+00:00,13.61,0.0,54.39,0.82,13.43,11.24,6.83,0
2019-01-02 15:10:00+00:00,3.1,0.0,19.62,0.29,5.27,10.39,6.62,0
2019-01-02 16:10:00+00:00,0.0,0.0,0.0,0.0,0.0,8.72,6.48,0
2019-01-02 17:10:00+00:00,0.0,0.0,0.0,0.0,0.0,7.38,6.62,0
2019-01-02 18:10:00+00:00,0.0,0.0,0.0,0.0,0.0,6.42,6.55,0
2019-01-02 19:10:00+00:00,0.0,0.0,0.0,0.0,0.0,6.72,6.34,0
2019-01-02 20:10:00+00:00,0.0,0.0,0.0,0.0,0.0,6.32,6.62,0
2019-01-02 21:10:00+00:00,0.0,0.0,0.0,0.0,0.0,5.7,6.28,0
2019-01-02 22:10:00+00:00,0.0,0.0,0.0,0.0,0.0,5.18,5.93,0
2019-01-02 23:10:00+00:00,0.0,0.0,0.0,0.0,0.0,4.75,5.86,0
2019-01-03 00:10:00+00:00,0.0,0.0,0.0,0.0,0.0,4.5,6.28,0
2019-01-03 01:10:00+00:00,0.0,0.0,0.0,0.0,0.0,4.28,6.76,0
2019-01-03 02:10:00+00:00,0.0,0.0,0.0,0.0,0.0,3.92,6.83,0
2019-01-03 03:10:00+00:00,0.0,0.0,0.0,0.0,0.0,3.52,6.55,0
2019-01-03 04:10:00+00:00,0.0,0.0,0.0,0.0,0.0,3.19,6.34,0
2019-01-03 05:10:00+00:00,0.0,0.0,0.0,0.0,0.0,2.93,6.34,0
2019-01-03 06:10:00+00:00,0.0,0.0,0.0,0.0,0.0,2.69,6.28,0
2019-01-03 07:10:00+00:00,3.24,0.0,19.62,0.29,4.22,2.77,5.79,0
2019-01-03 08:10:00+00:00,13.25,0.0,51.72,0.78,12.56,3.34,5.79,0
2019-01-03 09:10:00+00:00,16.5,0.0,61.52,0.92,19.21,4.49,5.59,0
2019-01-03 10:10:00+00:00,18.86,0.0,68.66,1.03,23.61,5.56,6.14,0
2019-01-03 11:10:00+00:00,57.87,0.0,177.44,2.67,25.27,6.22,6.41,0
2019-01-03 12:10:00+00:00,46.43,0.0,146.23,2.2,23.99,6.51,6.48,0
2019-01-03 13:10:00+00:00,23.11,0.0,81.14,1.22,19.94,6.48,6.55,0
2019-01-03 14:10:00+00:00,24.4,0.0,84.71,1.27,13.56,6.04,6.14,0
2019-01-03 15:10:00+00:00,4.95,0.0,25.86,0.39,5.41,5.34,5.59,0
2019-01-03 16:10:00+00:00,0.0,0.0,0.0,0.0,0.0,4.26,5.66,0
2019-01-03 17:10:00+00:00,0.0,0.0,0.0,0.0,0.0,3.46,5.59,0
2019-01-03 18:10:00+00:00,0.0,0.0,0.0,0.0,0.0,2.86,5.31,0
2019-01-03 19:10:00+00:00,0.0,0.0,0.0,0.0,0.0,2.73,5.17,0
2019-01-03 20:10:00+00:00,0.0,0.0,0.0,0.0,0.0,2.39,5.03,0
2019-01-03 21:10:00+00:00,0.0,0.0,0.0,0.0,0.0,2.13,4.83,0
2019-01-03 22:10:00+00:00,0.0,0.0,0.0,0.0,0.0,1.87,4.62,0
2019-01-03 23:10:00+00:00,0.0,0.0,0.0,0.0,0.0,1.63,4.34,0
2019-01-04 00:10:00+00:00,0.0,0.0,0.0,0.0,0.0,1.44,4.48,0
2019-01-04 01:10:00+00:00,0.0,0.0,0.0,0.0,0.0,1.31,4.69,0
2019-01-04 02:10:00+00:00,0.0,0.0,0.0,0.0,0.0,1.25,4.83,0
2019-01-04 03:10:00+00:00,0.0,0.0,0.0,0.0,0.0,1.13,4.9,0
2019-01-04 04:10:00+00:00,0.0,0.0,0.0,0.0,0.0,0.92,4.76,0
2019-01-04 05:10:00+00:00,0.0,0.0,0.0,0.0,0.0,0.73,4.62,0
2019-01-04 06:10:00+00:00,0.0,0.0,0.0,0.0,0.0,0.55,4.62,0
2019-01-04 07:10:00+00:00,3.03,0.0,18.72,0.28,4.23,0.48,4.55,0
2019-01-04 08:10:00+00:00,13.08,0.0,50.82,0.76,12.59,1.34,4.55,0
2019-01-04 09:10:00+00:00,17.85,0.0,65.09,0.98,19.26,2.85,4.41,0
2019-01-04 10:10:00+00:00,19.0,0.0,68.66,1.03,23.68,3.96,5.17,0
2019-01-04 11:10:00+00:00,19.56,0.0,70.44,1.06,25.37,4.53,5.31,0
2019-01-04 12:10:00+00:00,24.21,0.0,83.82,1.26,24.11,4.96,5.79,0
2019-01-04 13:10:00+00:00,8.78,0.0,38.34,0.58,20.07,5.13,5.79,0
2019-01-04 14:10:00+00:00,7.66,0.0,34.77,0.52,13.7,4.91,6.0,0
2019-01-04 15:10:00+00:00,4.2,0.0,23.18,0.35,5.55,4.25,5.93,0
2019-01-04 16:10:00+00:00,0.0,0.0,0.0,0.0,0.0,3.08,5.72,0
2019-01-04 17:10:00+00:00,0.0,0.0,0.0,0.0,0.0,2.2,5.59,0
2019-01-04 18:10:00+00:00,0.0,0.0,0.0,0.0,0.0,1.62,5.38,0
2019-01-04 19:10:00+00:00,0.0,0.0,0.0,0.0,0.0,1.41,4.62,0
2019-01-04 20:10:00+00:00,0.0,0.0,0.0,0.0,0.0,1.03,4.14,0
2019-01-04 21:10:00+00:00,0.0,0.0,0.0,0.0,0.0,0.8,4.0,0
2019-01-04 22:10:00+00:00,0.0,0.0,0.0,0.0,0.0,0.68,4.07,0
2019-01-04 23:10:00+00:00,0.0,0.0,0.0,0.0,0.0,0.54,3.93,0
2019-01-05 00:10:00+00:00,0.0,0.0,0.0,0.0,0.0,0.39,3.86,0
2019-01-05 01:10:00+00:00,0.0,0.0,0.0,0.0,0.0,0.28,3.79,0
2019-01-05 02:10:00+00:00,0.0,0.0,0.0,0.0,0.0,0.28,3.79,0
2019-01-05 03:10:00+00:00,0.0,0.0,0.0,0.0,0.0,0.19,3.72,0
2019-01-05 04:10:00+00:00,0.0,0.0,0.0,0.0,0.0,0.13,3.59,0
2019-01-05 05:10:00+00:00,0.0,0.0,0.0,0.0,0.0,0.09,3.45,0
2019-01-05 06:10:00+00:00,0.0,0.0,0.0,0.0,0.0,0.0,3.24,0
2019-01-05 07:10:00+00:00,4.56,0.0,24.07,0.36,4.25,0.31,3.24,0
2019-01-05 08:10:00+00:00,13.66,0.0,52.61,0.79,12.63,1.36,2.9,0
2019-01-05 09:10:00+00:00,17.17,0.0,63.31,0.95,19.32,3.36,2.83,0
2019-01-05 10:10:00+00:00,18.24,0.0,66.87,1.0,23.77,5.11,2.9,0
2019-01-05 11:10:00+00:00,18.74,0.0,68.66,1.03,25.48,6.51,3.31,0
2019-01-05 12:10:00+00:00,33.6,0.0,111.46,1.67,24.24,7.48,3.45,0
2019-01-05 13:10:00+00:00,41.12,0.0,132.86,2.0,20.21,8.01,3.31,0
2019-01-05 14:10:00+00:00,17.98,0.0,66.87,1.0,13.84,8.06,2.97,0
2019-01-05 15:10:00+00:00,6.99,0.0,32.99,0.5,5.7,7.78,2.55,0
2019-01-05 16:10:00+00:00,0.0,0.0,0.0,0.0,0.0,6.91,2.14,0
2019-01-05 17:10:00+00:00,0.0,0.0,0.0,0.0,0.0,6.06,1.66,0
2019-01-05 18:10:00+00:00,0.0,0.0,0.0,0.0,0.0,5.5,1.66,0
2019-01-05 19:10:00+00:00,0.0,0.0,0.0,0.0,0.0,5.63,2.41,0
2019-01-05 20:10:00+00:00,0.0,0.0,0.0,0.0,0.0,5.11,2.41,0
2019-01-05 21:10:00+00:00,0.0,0.0,0.0,0.0,0.0,5.09,2.14,0
2019-01-05 22:10:00+00:00,0.0,0.0,0.0,0.0,0.0,5.11,2.0,0
2019-01-05 23:10:00+00:00,0.0,0.0,0.0,0.0,0.0,5.16,2.07,0
2019-01-06 00:10:00+00:00,0.0,0.0,0.0,0.0,0.0,5.36,2.21,0
2019-01-06 01:10:00+00:00,0.0,0.0,0.0,0.0,0.0,5.4,2.34,0
2019-01-06 02:10:00+00:00,0.0,0.0,0.0,0.0,0.0,5.11,2.34,0
2019-01-06 03:10:00+00:00,0.0,0.0,0.0,0.0,0.0,4.62,2.41,0
2019-01-06 04:10:00+00:00,0.0,0.0,0.0,0.0,0.0,3.73,2.41,0
2019-01-06 05:10:00+00:00,0.0,0.0,0.0,0.0,0.0,2.91,2.28,0
2019-01-06 06:10:00+00:00,0.0,0.0,0.0,0.0,0.0,2.16,2.21,0
2019-01-06 07:10:00+00:00,4.26,0.0,23.18,0.35,4.27,1.63,2.0,0
2019-01-06 08:10:00+00:00,13.85,0.0,53.5,0.8,12.67,2.94,1.93,0
2019-01-06 09:10:00+00:00,16.91,0.0,63.31,0.95,19.39,6.23,1.66,0
2019-01-06 10:10:00+00:00,19.13,0.0,70.44,1.06,23.86,8.5,1.86,0
2019-01-06 11:10:00+00:00,17.2,0.0,65.09,0.98,25.59,9.94,2.21,0
2019-01-06 12:10:00+00:00,18.02,0.0,67.77,1.02,24.37,10.89,2.48,0
2019-01-06 13:10:00+00:00,17.97,0.0,67.77,1.02,20.35,11.5,2.62,0
2019-01-06 14:10:00+00:00,14.72,0.0,57.96,0.87,13.99,11.59,2.76,0
2019-01-06 15:10:00+00:00,4.04,0.0,23.18,0.35,5.85,10.98,2.69,0
2019-01-06 16:10:00+00:00,0.0,0.0,0.0,0.0,0.0,9.69,2.83,0
2019-01-06 17:10:00+00:00,0.0,0.0,0.0,0.0,0.0,8.46,2.83,0
2019-01-06 18:10:00+00:00,0.0,0.0,0.0,0.0,0.0,7.26,2.76,0
2019-01-06 19:10:00+00:00,0.0,0.0,0.0,0.0,0.0,6.73,2.83,0
2019-01-06 20:10:00+00:00,0.0,0.0,0.0,0.0,0.0,5.56,2.55,0
2019-01-06 21:10:00+00:00,0.0,0.0,0.0,0.0,0.0,4.32,2.34,0
2019-01-06 22:10:00+00:00,0.0,0.0,0.0,0.0,0.0,3.24,2.21,0
2019-01-06 23:10:00+00:00,0.0,0.0,0.0,0.0,0.0,2.52,2.14,0
2019-01-07 00:10:00+00:00,0.0,0.0,0.0,0.0,0.0,1.96,2.07,0
2019-01-07 01:10:00+00:00,0.0,0.0,0.0,0.0,0.0,1.55,2.07,0
2019-01-07 02:10:00+00:00,0.0,0.0,0.0,0.0,0.0,1.18,2.0,0
2019-01-07 03:10:00+00:00,0.0,0.0,0.0,0.0,0.0,0.9,2.0,0
2019-01-07 04:10:00+00:00,0.0,0.0,0.0,0.0,0.0,0.8,1.93,0
2019-01-07 05:10:00+00:00,0.0,0.0,0.0,0.0,0.0,0.66,2.0,0
2019-01-07 06:10:00+00:00,0.0,0.0,0.0,0.0,0.0,0.6,2.14,0
2019-01-07 07:10:00+00:00,3.52,0.0,20.51,0.31,4.3,0.53,2.0,0
2019-01-07 08:10:00+00:00,13.28,0.0,51.72,0.78,12.72,2.34,1.59,0
2019-01-07 09:10:00+00:00,16.88,0.0,63.31,0.95,19.46,6.55,1.38,0
2019-01-07 10:10:00+00:00,19.35,0.0,71.33,1.07,23.95,9.25,1.38,0
2019-01-07 11:10:00+00:00,16.84,0.0,64.2,0.96,25.71,10.53,1.59,0
2019-01-07 12:10:00+00:00,17.97,0.0,67.77,1.02,24.51,11.32,1.79,0
2019-01-07 13:10:00+00:00,14.98,0.0,58.85,0.88,20.5,11.71,1.24,0
2019-01-07 14:10:00+00:00,14.38,0.0,57.07,0.86,14.15,11.7,0.34,0
2019-01-07 15:10:00+00:00,3.79,0.0,22.29,0.33,6.01,11.24,0.21,0
2019-01-07 16:10:00+00:00,0.0,0.0,0.0,0.0,0.0,10.45,0.34,0
2019-01-07 17:10:00+00:00,0.0,0.0,0.0,0.0,0.0,9.59,0.69,0
2019-01-07 18:10:00+00:00,0.0,0.0,0.0,0.0,0.0,8.92,1.03,0
2019-01-07 19:10:00+00:00,0.0,0.0,0.0,0.0,0.0,8.73,1.03,0
2019-01-07 20:10:00+00:00,0.0,0.0,0.0,0.0,0.0,5.81,1.66,0
2019-01-07 21:10:00+00:00,0.0,0.0,0.0,0.0,0.0,4.13,1.93,0
2019-01-07 22:10:00+00:00,0.0,0.0,0.0,0.0,0.0,3.13,2.0,0
2019-01-07 23:10:00+00:00,0.0,0.0,0.0,0.0,0.0,2.4,2.0,0
2019-01-08 00:10:00+00:00,0.0,0.0,0.0,0.0,0.0,1.94,2.07,0
2019-01-08 01:10:00+00:00,0.0,0.0,0.0,0.0,0.0,1.7,2.21,0
2019-01-08 02:10:00+00:00,0.0,0.0,0.0,0.0,0.0,1.63,2.28,0
2019-01-08 03:10:00+00:00,0.0,0.0,0.0,0.0,0.0,1.59,2.34,0
2019-01-08 04:10:00+00:00,0.0,0.0,0.0,0.0,0.0,1.59,2.34,0
2019-01-08 05:10:00+00:00,0.0,0.0,0.0,0.0,0.0,1.5,2.28,0
2019-01-08 06:10:00+00:00,0.0,0.0,0.0,0.0,0.0,1.68,2.28,0
2019-01-08 07:10:00+00:00,1.83,0.0,14.27,0.21,4.34,2.84,2.55,0
2019-01-08 08:10:00+00:00,25.38,0.0,87.38,1.31,12.78,5.1,2.48,0
2019-01-08 09:10:00+00:00,31.59,0.0,106.11,1.59,19.54,7.96,2.48,0
2019-01-08 10:10:00+00:00,35.43,0.0,117.7,1.77,24.06,9.59,2.9,0
2019-01-08 11:10:00+00:00,58.62,0.0,183.68,2.76,25.84,10.44,2.97,0
2019-01-08 12:10:00+00:00,48.1,0.0,154.26,2.32,24.66,10.87,3.1,0
2019-01-08 13:10:00+00:00,28.69,0.0,98.97,1.49,20.66,10.96,3.24,0
2019-01-08 14:10:00+00:00,17.13,0.0,65.09,0.98,14.31,10.9,2.83,0
2019-01-08 15:10:00+00:00,7.69,0.0,35.67,0.54,6.17,10.76,2.41,0
2019-01-08 16:10:00+00:00,0.0,0.0,0.0,0.0,0.0,9.94,2.0,0
2019-01-08 17:10:00+00:00,0.0,0.0,0.0,0.0,0.0,9.32,1.93,0
2019-01-08 18:10:00+00:00,0.0,0.0,0.0,0.0,0.0,8.4,2.0,0
2019-01-08 19:10:00+00:00,0.0,0.0,0.0,0.0,0.0,8.36,1.66,0
2019-01-08 20:10:00+00:00,0.0,0.0,0.0,0.0,0.0,8.36,1.79,0
2019-01-08 21:10:00+00:00,0.0,0.0,0.0,0.0,0.0,8.4,2.14,0
2019-01-08 22:10:00+00:00,0.0,0.0,0.0,0.0,0.0,8.21,2.48,0
2019-01-08 23:10:00+00:00,0.0,0.0,0.0,0.0,0.0,7.47,2.69,0
2019-01-09 00:10:00+00:00,0.0,0.0,0.0,0.0,0.0,7.25,2.55,0
2019-01-09 01:10:00+00:00,0.0,0.0,0.0,0.0,0.0,6.88,2.55,0
2019-01-09 02:10:00+00:00,0.0,0.0,0.0,0.0,0.0,6.93,2.62,0
2019-01-09 03:10:00+00:00,0.0,0.0,0.0,0.0,0.0,6.86,2.48,0
2019-01-09 04:10:00+00:00,0.0,0.0,0.0,0.0,0.0,6.65,2.34,0
2019-01-09 05:10:00+00:00,0.0,0.0,0.0,0.0,0.0,6.57,2.48,0
2019-01-09 06:10:00+00:00,0.0,0.0,0.0,0.0,0.0,6.11,2.9,0
2019-01-09 07:10:00+00:00,4.65,0.0,24.97,0.38,4.38,6.64,3.1,0
2019-01-09 08:10:00+00:00,26.1,0.0,90.06,1.35,12.84,7.03,3.1,0
2019-01-09 09:10:00+00:00,9.76,0.0,41.91,0.63,19.62,7.93,3.31,0
2019-01-09 10:10:00+00:00,12.88,0.0,51.72,0.78,24.17,8.89,3.72,0
2019-01-09 11:10:00+00:00,14.27,0.0,56.17,0.84,25.98,9.85,3.52,0
2019-01-09 12:10:00+00:00,18.05,0.0,67.77,1.02,24.81,10.7,3.31,0
2019-01-09 13:10:00+00:00,16.23,0.0,62.42,0.94,20.82,11.14,2.97,0
2019-01-09 14:10:00+00:00,16.24,0.0,62.42,0.94,14.48,10.98,2.62,0
2019-01-09 15:10:00+00:00,8.26,0.0,37.45,0.56,6.34,10.06,2.28,0
2019-01-09 16:10:00+00:00,0.0,0.0,0.0,0.0,0.0,9.11,2.76,0
2019-01-09 17:10:00+00:00,0.0,0.0,0.0,0.0,0.0,8.05,3.17,0
2019-01-09 18:10:00+00:00,0.0,0.0,0.0,0.0,0.0,7.3,2.83,0
2019-01-09 19:10:00+00:00,0.0,0.0,0.0,0.0,0.0,6.73,2.83,0
2019-01-09 20:10:00+00:00,0.0,0.0,0.0,0.0,0.0,6.09,2.97,0
2019-01-09 21:10:00+00:00,0.0,0.0,0.0,0.0,0.0,5.57,3.66,0
2019-01-09 22:10:00+00:00,0.0,0.0,0.0,0.0,0.0,5.07,4.41,0
2019-01-09 23:10:00+00:00,0.0,0.0,0.0,0.0,0.0,4.67,4.62,0
2019-01-10 00:10:00+00:00,0.0,0.0,0.0,0.0,0.0,4.32,4.83,0
2019-01-10 01:10:00+00:00,0.0,0.0,0.0,0.0,0.0,4.07,5.17,0
2019-01-10 02:10:00+00:00,0.0,0.0,0.0,0.0,0.0,3.78,5.24,0
2019-01-10 03:10:00+00:00,0.0,0.0,0.0,0.0,0.0,3.61,5.17,0
2019-01-10 04:10:00+00:00,0.0,0.0,0.0,0.0,0.0,3.59,5.24,0
2019-01-10 05:10:00+00:00,0.0,0.0,0.0,0.0,0.0,3.62,5.24,0
2019-01-10 06:10:00+00:00,0.0,0.0,0.0,0.0,0.0,3.71,5.24,0
2019-01-10 07:10:00+00:00,4.48,0.0,24.07,0.36,4.43,3.54,5.03,0
2019-01-10 08:10:00+00:00,26.2,0.0,89.17,1.34,12.91,4.1,4.97,0
2019-01-10 09:10:00+00:00,40.44,0.0,129.29,1.94,19.72,5.37,4.97,0
2019-01-10 10:10:00+00:00,59.57,0.0,182.79,2.75,24.29,6.8,5.24,0
2019-01-10 11:10:00+00:00,40.31,0.0,130.18,1.96,26.12,7.79,5.24,0
2019-01-10 12:10:00+00:00,30.03,0.0,101.65,1.53,24.97,8.55,5.45,0
2019-01-10 13:10:00+00:00,45.19,0.0,144.45,2.17,20.99,8.98,5.38,0
2019-01-10 14:10:00+00:00,8.33,0.0,37.45,0.56,14.65,8.83,5.38,0
2019-01-10 15:10:00+00:00,4.12,0.0,23.18,0.35,6.51,8.05,5.72,0
2019-01-10 16:10:00+00:00,0.0,0.0,0.0,0.0,0.0,6.69,5.86,0
2019-01-10 17:10:00+00:00,0.0,0.0,0.0,0.0,0.0,5.58,6.0,0
2019-01-10 18:10:00+00:00,0.0,0.0,0.0,0.0,0.0,4.79,5.93,0
2019-01-10 19:10:00+00:00,0.0,0.0,0.0,0.0,0.0,4.35,5.31,0
2019-01-10 20:10:00+00:00,0.0,0.0,0.0,0.0,0.0,3.86,5.1,0
2019-01-10 21:10:00+00:00,0.0,0.0,0.0,0.0,0.0,3.42,4.9,0
2019-01-10 22:10:00+00:00,0.0,0.0,0.0,0.0,0.0,3.05,4.9,0
2019-01-10 23:10:00+00:00,0.0,0.0,0.0,0.0,0.0,2.71,4.9,0
2019-01-11 00:10:00+00:00,0.0,0.0,0.0,0.0,0.0,2.41,4.9,0
2019-01-11 01:10:00+00:00,0.0,0.0,0.0,0.0,0.0,2.16,4.83,0
2019-01-11 02:10:00+00:00,0.0,0.0,0.0,0.0,0.0,1.96,4.76,0
2019-01-11 03:10:00+00:00,0.0,0.0,0.0,0.0,0.0,1.79,4.69,0
2019-01-11 04:10:00+00:00,0.0,0.0,0.0,0.0,0.0,1.63,4.48,0
2019-01-11 05:10:00+00:00,0.0,0.0,0.0,0.0,0.0,1.51,4.34,0
2019-01-11 06:10:00+00:00,0.0,0.0,0.0,0.0,0.0,1.4,4.21,0
2019-01-11 07:10:00+00:00,2.54,0.0,16.94,0.25,4.48,1.25,3.31,0
2019-01-11 08:10:00+00:00,11.81,0.0,47.26,0.71,12.99,2.27,2.97,0
2019-01-11 09:10:00+00:00,17.08,0.0,63.31,0.95,19.82,4.44,2.97,0
2019-01-11 10:10:00+00:00,15.42,0.0,58.85,0.88,24.42,6.3,2.9,0
2019-01-11 11:10:00+00:00,15.6,0.0,59.74,0.9,26.27,7.69,2.55,0
2019-01-11 12:10:00+00:00,17.93,0.0,66.87,1.0,25.14,8.52,2.28,0
2019-01-11 13:10:00+00:00,15.2,0.0,58.85,0.88,21.17,8.96,2.07,0
2019-01-11 14:10:00+00:00,13.72,0.0,54.39,0.82,14.83,9.06,2.14,0
2019-01-11 15:10:00+00:00,4.1,0.0,23.18,0.35,6.68,8.64,2.21,0
2019-01-11 16:10:00+00:00,0.0,0.0,0.0,0.0,0.0,7.4,2.69,0
2019-01-11 17:10:00+00:00,0.0,0.0,0.0,0.0,0.0,5.97,3.52,0
2019-01-11 18:10:00+00:00,0.0,0.0,0.0,0.0,0.0,4.79,4.07,0
2019-01-11 19:10:00+00:00,0.0,0.0,0.0,0.0,0.0,4.21,3.93,0
2019-01-11 20:10:00+00:00,0.0,0.0,0.0,0.0,0.0,3.5,3.72,0
2019-01-11 21:10:00+00:00,0.0,0.0,0.0,0.0,0.0,2.82,3.45,0
2019-01-11 22:10:00+00:00,0.0,0.0,0.0,0.0,0.0,2.21,3.31,0
2019-01-11 23:10:00+00:00,0.0,0.0,0.0,0.0,0.0,1.73,3.31,0
2019-01-12 00:10:00+00:00,0.0,0.0,0.0,0.0,0.0,1.33,3.38,0
2019-01-12 01:10:00+00:00,0.0,0.0,0.0,0.0,0.0,1.03,3.45,0
2019-01-12 02:10:00+00:00,0.0,0.0,0.0,0.0,0.0,0.79,3.38,0
2019-01-12 03:10:00+00:00,0.0,0.0,0.0,0.0,0.0,0.51,3.1,0
2019-01-12 04:10:00+00:00,0.0,0.0,0.0,0.0,0.0,0.25,3.03,0
2019-01-12 05:10:00+00:00,0.0,0.0,0.0,0.0,0.0,0.08,3.24,0
2019-01-12 06:10:00+00:00,0.0,0.0,0.0,0.0,0.0,0.01,3.31,0
2019-01-12 07:10:00+00:00,3.04,0.0,18.72,0.28,4.54,0.08,3.38,0
2019-01-12 08:10:00+00:00,12.47,0.0,49.04,0.74,13.07,1.24,3.03,0
2019-01-12 09:10:00+00:00,19.33,0.0,69.55,1.05,19.93,3.38,2.9,0
2019-01-12 10:10:00+00:00,19.47,0.0,70.44,1.06,24.55,5.19,2.97,0
2019-01-12 11:10:00+00:00,20.25,0.0,73.12,1.1,26.43,6.62,3.03,0
2019-01-12 12:10:00+00:00,19.54,0.0,71.33,1.07,25.31,7.65,2.97,0
2019-01-12 13:10:00+00:00,17.66,0.0,65.98,0.99,21.35,8.34,2.97,0
2019-01-12 14:10:00+00:00,15.84,0.0,60.63,0.91,15.01,8.63,3.03,0
2019-01-12 15:10:00+00:00,6.98,0.0,32.99,0.5,6.86,8.21,2.69,0
2019-01-12 16:10:00+00:00,0.0,0.0,0.0,0.0,0.0,7.09,2.83,0
2019-01-12 17:10:00+00:00,0.0,0.0,0.0,0.0,0.0,5.91,2.9,0
2019-01-12 18:10:00+00:00,0.0,0.0,0.0,0.0,0.0,4.84,2.76,0
2019-01-12 19:10:00+00:00,0.0,0.0,0.0,0.0,0.0,3.96,2.55,0
2019-01-12 20:10:00+00:00,0.0,0.0,0.0,0.0,0.0,2.75,2.21,0
2019-01-12 21:10:00+00:00,0.0,0.0,0.0,0.0,0.0,1.67,1.79,0
2019-01-12 22:10:00+00:00,0.0,0.0,0.0,0.0,0.0,1.31,1.59,0
2019-01-12 23:10:00+00:00,0.0,0.0,0.0,0.0,0.0,1.43,1.38,0
2019-01-13 00:10:00+00:00,0.0,0.0,0.0,0.0,0.0,1.54,1.38,0
2019-01-13 01:10:00+00:00,0.0,0.0,0.0,0.0,0.0,0.96,1.59,0
2019-01-13 02:10:00+00:00,0.0,0.0,0.0,0.0,0.0,0.3,1.86,0
2019-01-13 03:10:00+00:00,0.0,0.0,0.0,0.0,0.0,0.06,2.07,0
2019-01-13 04:10:00+00:00,0.0,0.0,0.0,0.0,0.0,0.36,2.14,0
2019-01-13 05:10:00+00:00,0.0,0.0,0.0,0.0,0.0,1.27,2.14,0
2019-01-13 06:10:00+00:00,0.0,0.0,0.0,0.0,0.0,2.06,2.14,0
2019-01-13 07:10:00+00:00,5.0,0.0,25.86,0.39,4.61,3.34,1.45,0
2019-01-13 08:10:00+00:00,22.26,0.0,78.47,1.18,13.16,4.71,1.24,0
2019-01-13 09:10:00+00:00,45.6,0.0,145.34,2.18,20.04,6.87,1.03,0
2019-01-13 10:10:00+00:00,33.5,0.0,112.35,1.69,24.69,9.34,1.38,0
2019-01-13 11:10:00+00:00,53.53,0.0,169.42,2.55,26.59,10.04,1.93,0
2019-01-13 12:10:00+00:00,48.13,0.0,154.26,2.32,25.49,10.55,2.62,0
2019-01-13 13:10:00+00:00,16.82,0.0,64.2,0.96,21.54,11.0,2.34,0
2019-01-13 14:10:00+00:00,14.75,0.0,57.96,0.87,15.2,11.07,1.93,0
2019-01-13 15:10:00+00:00,5.56,0.0,28.53,0.43,7.05,10.71,1.45,0
2019-01-13 16:10:00+00:00,0.0,0.0,0.0,0.0,0.0,9.65,1.38,0
2019-01-13 17:10:00+00:00,0.0,0.0,0.0,0.0,0.0,8.08,1.45,0
2019-01-13 18:10:00+00:00,0.0,0.0,0.0,0.0,0.0,6.79,1.66,0
2019-01-13 19:10:00+00:00,0.0,0.0,0.0,0.0,0.0,8.19,1.1,0
2019-01-13 20:10:00+00:00,0.0,0.0,0.0,0.0,0.0,6.68,1.38,0
2019-01-13 21:10:00+00:00,0.0,0.0,0.0,0.0,0.0,4.74,1.86,0
2019-01-13 22:10:00+00:00,0.0,0.0,0.0,0.0,0.0,5.15,1.45,0
2019-01-13 23:10:00+00:00,0.0,0.0,0.0,0.0,0.0,4.67,1.59,0
2019-01-14 00:10:00+00:00,0.0,0.0,0.0,0.0,0.0,3.39,2.14,0
2019-01-14 01:10:00+00:00,0.0,0.0,0.0,0.0,0.0,4.21,2.14,0
2019-01-14 02:10:00+00:00,0.0,0.0,0.0,0.0,0.0,4.67,2.48,0
2019-01-14 03:10:00+00:00,0.0,0.0,0.0,0.0,0.0,4.88,2.69,0
2019-01-14 04:10:00+00:00,0.0,0.0,0.0,0.0,0.0,6.13,2.55,0
2019-01-14 05:10:00+00:00,0.0,0.0,0.0,0.0,0.0,6.86,2.83,0
2019-01-14 06:10:00+00:00,0.0,0.0,0.0,0.0,0.0,7.12,3.66,0
2019-01-14 07:10:00+00:00,4.63,0.0,24.97,0.38,4.69,7.58,2.41,0
2019-01-14 08:10:00+00:00,14.38,0.0,56.17,0.84,13.25,8.18,2.69,0
2019-01-14 09:10:00+00:00,20.6,0.0,74.9,1.13,20.16,9.11,2.41,0
2019-01-14 10:10:00+00:00,41.85,0.0,136.42,2.05,24.84,10.27,2.14,0
2019-01-14 11:10:00+00:00,16.24,0.0,62.42,0.94,26.76,10.94,2.41,0
2019-01-14 12:10:00+00:00,18.57,0.0,69.55,1.05,25.68,11.69,3.86,0
2019-01-14 13:10:00+00:00,23.71,0.0,84.71,1.27,21.73,11.89,5.45,0
2019-01-14 14:10:00+00:00,14.43,0.0,57.07,0.86,15.39,11.86,5.59,0
2019-01-14 15:10:00+00:00,5.82,0.0,29.42,0.44,7.23,11.27,4.97,0
2019-01-14 16:10:00+00:00,0.0,0.0,0.0,0.0,0.0,10.03,4.41,0
2019-01-14 17:10:00+00:00,0.0,0.0,0.0,0.0,0.0,9.0,4.14,0
2019-01-14 18:10:00+00:00,0.0,0.0,0.0,0.0,0.0,8.21,4.0,0
2019-01-14 19:10:00+00:00,0.0,0.0,0.0,0.0,0.0,8.78,3.1,0
2019-01-14 20:10:00+00:00,0.0,0.0,0.0,0.0,0.0,7.84,2.97,0
2019-01-14 21:10:00+00:00,0.0,0.0,0.0,0.0,0.0,6.88,2.76,0
2019-01-14 22:10:00+00:00,0.0,0.0,0.0,0.0,0.0,6.02,2.76,0
2019-01-14 23:10:00+00:00,0.0,0.0,0.0,0.0,0.0,5.44,2.76,0
2019-01-15 00:10:00+00:00,0.0,0.0,0.0,0.0,0.0,5.25,3.1,0
2019-01-15 01:10:00+00:00,0.0,0.0,0.0,0.0,0.0,5.57,3.79,0
2019-01-15 02:10:00+00:00,0.0,0.0,0.0,0.0,0.0,5.85,4.28,0
2019-01-15 03:10:00+00:00,0.0,0.0,0.0,0.0,0.0,5.74,4.34,0
2019-01-15 04:10:00+00:00,0.0,0.0,0.0,0.0,0.0,5.23,4.21,0
2019-01-15 05:10:00+00:00,0.0,0.0,0.0,0.0,0.0,4.81,4.21,0
2019-01-15 06:10:00+00:00,0.0,0.0,0.0,0.0,0.0,4.49,4.14,0
2019-01-15 07:10:00+00:00,3.21,0.0,19.62,0.29,4.77,4.13,3.72,0
2019-01-15 08:10:00+00:00,12.83,0.0,50.82,0.76,13.36,4.95,2.97,0
2019-01-15 09:10:00+00:00,16.84,0.0,63.31,0.95,20.29,7.31,2.83,0
2019-01-15 10:10:00+00:00,16.37,0.0,62.42,0.94,25.0,9.31,2.83,0
2019-01-15 11:10:00+00:00,19.85,0.0,73.12,1.1,26.94,10.67,2.76,0
2019-01-15 12:10:00+00:00,20.38,0.0,74.9,1.13,25.87,11.37,2.55,0
2019-01-15 13:10:00+00:00,15.0,0.0,58.85,0.88,21.93,11.64,2.0,0
2019-01-15 14:10:00+00:00,14.12,0.0,56.17,0.84,15.59,11.67,1.52,0
2019-01-15 15:10:00+00:00,5.8,0.0,29.42,0.44,7.43,11.4,0.97,0
2019-01-15 16:10:00+00:00,0.0,0.0,0.0,0.0,0.0,10.63,0.69,0
2019-01-15 17:10:00+00:00,0.0,0.0,0.0,0.0,0.0,10.07,0.48,0
2019-01-15 18:10:00+00:00,0.0,0.0,0.0,0.0,0.0,9.53,0.76,0
2019-01-15 19:10:00+00:00,0.0,0.0,0.0,0.0,0.0,9.9,0.28,0
2019-01-15 20:10:00+00:00,0.0,0.0,0.0,0.0,0.0,9.19,0.97,0
2019-01-15 21:10:00+00:00,0.0,0.0,0.0,0.0,0.0,7.48,1.45,0
2019-01-15 22:10:00+00:00,0.0,0.0,0.0,0.0,0.0,6.0,1.66,0
2019-01-15 23:10:00+00:00,0.0,0.0,0.0,0.0,0.0,5.26,1.72,0
2019-01-16 00:10:00+00:00,0.0,0.0,0.0,0.0,0.0,4.81,1.66,0
2019-01-16 01:10:00+00:00,0.0,0.0,0.0,0.0,0.0,4.16,1.66,0
2019-01-16 02:10:00+00:00,0.0,0.0,0.0,0.0,0.0,3.67,1.66,0
2019-01-16 03:10:00+00:00,0.0,0.0,0.0,0.0,0.0,4.0,1.59,0
2019-01-16 04:10:00+00:00,0.0,0.0,0.0,0.0,0.0,3.89,1.66,0
2019-01-16 05:10:00+00:00,0.0,0.0,0.0,0.0,0.0,3.69,1.66,0
2019-01-16 06:10:00+00:00,0.0,0.0,0.0,0.0,0.0,3.65,1.72,0
2019-01-16 07:10:00+00:00,3.96,0.0,22.29,0.33,4.85,3.79,1.66,0
2019-01-16 08:10:00+00:00,13.36,0.0,52.61,0.79,13.47,5.69,1.52,0
2019-01-16 09:10:00+00:00,19.1,0.0,70.44,1.06,20.43,8.69,1.45,0
2019-01-16 10:10:00+00:00,55.56,0.0,175.66,2.64,25.16,10.57,1.72,0
2019-01-16 11:10:00+00:00,27.01,0.0,94.52,1.42,27.13,11.83,2.55,0
2019-01-16 12:10:00+00:00,42.14,0.0,138.21,2.08,26.07,12.4,3.38,0
2019-01-16 13:10:00+00:00,50.0,0.0,160.5,2.41,22.13,12.36,3.59,0
2019-01-16 14:10:00+00:00,33.16,0.0,112.35,1.69,15.79,12.21,3.52,0
2019-01-16 15:10:00+00:00,5.28,0.0,27.64,0.42,7.62,11.73,3.03,0
2019-01-16 16:10:00+00:00,0.0,0.0,0.0,0.0,0.0,10.58,2.9,0
2019-01-16 17:10:00+00:00,0.0,0.0,0.0,0.0,0.0,9.6,2.83,0
2019-01-16 18:10:00+00:00,0.0,0.0,0.0,0.0,0.0,8.77,2.83,0
2019-01-16 19:10:00+00:00,0.0,0.0,0.0,0.0,0.0,8.45,2.83,0
2019-01-16 20:10:00+00:00,0.0,0.0,0.0,0.0,0.0,7.9,2.9,0
2019-01-16 21:10:00+00:00,0.0,0.0,0.0,0.0,0.0,7.42,2.97,0
2019-01-16 22:10:00+00:00,0.0,0.0,0.0,0.0,0.0,6.88,3.03,0
2019-01-16 23:10:00+00:00,0.0,0.0,0.0,0.0,0.0,6.49,3.1,0
2019-01-17 00:10:00+00:00,0.0,0.0,0.0,0.0,0.0,6.2,3.1,0
2019-01-17 01:10:00+00:00,0.0,0.0,0.0,0.0,0.0,6.38,3.1,0
2019-01-17 02:10:00+00:00,0.0,0.0,0.0,0.0,0.0,6.61,3.24,0
2019-01-17 03:10:00+00:00,0.0,0.0,0.0,0.0,0.0,6.43,3.17,0
2019-01-17 04:10:00+00:00,0.0,0.0,0.0,0.0,0.0,6.28,3.31,0
2019-01-17 05:10:00+00:00,0.0,0.0,0.0,0.0,0.0,6.21,3.45,0
2019-01-17 06:10:00+00:00,0.0,0.0,0.0,0.0,0.0,6.49,3.72,0
2019-01-17 07:10:00+00:00,4.9,0.0,25.86,0.39,4.95,7.16,4.28,0
2019-01-17 08:10:00+00:00,26.94,0.0,92.73,1.39,13.58,8.09,4.41,0
2019-01-17 09:10:00+00:00,42.52,0.0,137.32,2.06,20.57,9.29,4.41,0
2019-01-17 10:10:00+00:00,59.46,0.0,185.47,2.79,25.33,10.57,5.1,0
2019-01-17 11:10:00+00:00,48.47,0.0,155.15,2.33,27.32,11.5,5.86,0
2019-01-17 12:10:00+00:00,41.13,0.0,134.64,2.02,26.27,11.92,6.28,0
2019-01-17 13:10:00+00:00,13.86,0.0,55.28,0.83,22.34,11.85,6.21,0
2019-01-17 14:10:00+00:00,9.32,0.0,41.02,0.62,16.0,11.52,5.79,0
2019-01-17 15:10:00+00:00,7.14,0.0,33.88,0.51,7.82,11.2,5.59,0
2019-01-17 16:10:00+00:00,0.0,0.0,0.0,0.0,0.0,10.69,5.17,0
2019-01-17 17:10:00+00:00,0.0,0.0,0.0,0.0,0.0,10.5,4.55,0
2019-01-17 18:10:00+00:00,0.0,0.0,0.0,0.0,0.0,10.39,3.93,0
2019-01-17 19:10:00+00:00,0.0,0.0,0.0,0.0,0.0,10.31,3.72,0
2019-01-17 20:10:00+00:00,0.0,0.0,0.0,0.0,0.0,9.92,3.1,0
2019-01-17 21:10:00+00:00,0.0,0.0,0.0,0.0,0.0,9.69,2.62,0
2019-01-17 22:10:00+00:00,0.0,0.0,0.0,0.0,0.0,9.28,2.34,0
2019-01-17 23:10:00+00:00,0.0,0.0,0.0,0.0,0.0,9.37,2.07,0
2019-01-18 00:10:00+00:00,0.0,0.0,0.0,0.0,0.0,8.63,2.28,0
2019-01-18 01:10:00+00:00,0.0,0.0,0.0,0.0,0.0,8.2,2.34,0
2019-01-18 02:10:00+00:00,0.0,0.0,0.0,0.0,0.0,7.73,2.21,0
2019-01-18 03:10:00+00:00,0.0,0.0,0.0,0.0,0.0,8.38,1.86,0
2019-01-18 04:10:00+00:00,0.0,0.0,0.0,0.0,0.0,8.27,2.14,0
2019-01-18 05:10:00+00:00,0.0,0.0,0.0,0.0,0.0,7.31,2.07,0
2019-01-18 06:10:00+00:00,0.0,0.0,0.0,0.0,0.0,7.35,2.14,0
2019-01-18 07:10:00+00:00,4.38,0.0,24.07,0.36,5.05,7.25,2.21,0
2019-01-18 08:10:00+00:00,14.92,0.0,57.96,0.87,13.71,8.81,2.21,0
2019-01-18 09:10:00+00:00,9.92,0.0,42.8,0.64,20.72,10.33,2.28,0
2019-01-18 10:10:00+00:00,7.41,0.0,34.77,0.52,25.5,11.07,2.9,0
2019-01-18 11:10:00+00:00,16.19,0.0,62.42,0.94,27.51,11.67,3.31,0
2019-01-18 12:10:00+00:00,43.21,0.0,140.88,2.12,26.49,11.84,3.52,0
2019-01-18 13:10:00+00:00,45.69,0.0,148.02,2.22,22.56,11.9,3.38,0
2019-01-18 14:10:00+00:00,33.81,0.0,114.13,1.71,16.21,11.89,3.17,0
2019-01-18 15:10:00+00:00,11.83,0.0,49.04,0.74,8.03,11.63,3.1,0
2019-01-18 16:10:00+00:00,0.0,0.0,0.0,0.0,0.0,10.7,2.55,0
2019-01-18 17:10:00+00:00,0.0,0.0,0.0,0.0,0.0,9.7,2.21,0
2019-01-18 18:10:00+00:00,0.0,0.0,0.0,0.0,0.0,8.47,2.07,0
2019-01-18 19:10:00+00:00,0.0,0.0,0.0,0.0,0.0,7.65,1.79,0
2019-01-18 20:10:00+00:00,0.0,0.0,0.0,0.0,0.0,7.58,1.45,0
2019-01-18 21:10:00+00:00,0.0,0.0,0.0,0.0,0.0,6.86,1.52,0
2019-01-18 22:10:00+00:00,0.0,0.0,0.0,0.0,0.0,5.84,1.66,0
2019-01-18 23:10:00+00:00,0.0,0.0,0.0,0.0,0.0,5.59,1.79,0
2019-01-19 00:10:00+00:00,0.0,0.0,0.0,0.0,0.0,5.07,1.93,0
2019-01-19 01:10:00+00:00,0.0,0.0,0.0,0.0,0.0,4.78,2.0,0
2019-01-19 02:10:00+00:00,0.0,0.0,0.0,0.0,0.0,4.9,1.93,0
2019-01-19 03:10:00+00:00,0.0,0.0,0.0,0.0,0.0,4.76,1.93,0
2019-01-19 04:10:00+00:00,0.0,0.0,0.0,0.0,0.0,4.33,2.0,0
2019-01-19 05:10:00+00:00,0.0,0.0,0.0,0.0,0.0,4.68,1.86,0
2019-01-19 06:10:00+00:00,0.0,0.0,0.0,0.0,0.0,4.87,1.86,0
2019-01-19 07:10:00+00:00,5.48,0.0,27.64,0.42,5.15,4.78,1.72,0
2019-01-19 08:10:00+00:00,7.58,0.0,34.77,0.52,13.83,6.51,1.38,0
2019-01-19 09:10:00+00:00,37.31,0.0,123.05,1.85,20.87,9.21,1.79,0
2019-01-19 10:10:00+00:00,58.98,0.0,184.57,2.77,25.68,9.86,2.21,0
2019-01-19 11:10:00+00:00,49.1,0.0,156.93,2.36,27.72,10.44,2.55,0
2019-01-19 12:10:00+00:00,62.9,0.0,196.17,2.95,26.7,10.78,2.69,0
2019-01-19 13:10:00+00:00,44.61,0.0,144.45,2.17,22.78,10.9,2.83,0
2019-01-19 14:10:00+00:00,34.94,0.0,116.81,1.76,16.42,10.59,2.83,0
2019-01-19 15:10:00+00:00,0.94,0.0,10.7,0.16,8.23,9.98,2.55,0
2019-01-19 16:10:00+00:00,0.0,0.0,0.0,0.0,0.0,9.46,1.93,0
2019-01-19 17:10:00+00:00,0.0,0.0,0.0,0.0,0.0,8.23,1.24,0
2019-01-19 18:10:00+00:00,0.0,0.0,0.0,0.0,0.0,8.48,0.83,0
2019-01-19 19:10:00+00:00,0.0,0.0,0.0,0.0,0.0,7.57,1.03,0
2019-01-19 20:10:00+00:00,0.0,0.0,0.0,0.0,0.0,7.31,1.03,0
2019-01-19 21:10:00+00:00,0.0,0.0,0.0,0.0,0.0,6.37,1.24,0
2019-01-19 22:10:00+00:00,0.0,0.0,0.0,0.0,0.0,5.64,1.45,0
2019-01-19 23:10:00+00:00,0.0,0.0,0.0,0.0,0.0,5.38,1.66,0
2019-01-20 00:10:00+00:00,0.0,0.0,0.0,0.0,0.0,5.43,1.93,0
2019-01-20 01:10:00+00:00,0.0,0.0,0.0,0.0,0.0,5.4,2.0,0
2019-01-20 02:10:00+00:00,0.0,0.0,0.0,0.0,0.0,5.71,2.21,0
2019-01-20 03:10:00+00:00,0.0,0.0,0.0,0.0,0.0,5.71,2.41,0
2019-01-20 04:10:00+00:00,0.0,0.0,0.0,0.0,0.0,6.14,2.41,0
2019-01-20 05:10:00+00:00,0.0,0.0,0.0,0.0,0.0,6.19,2.9,0
2019-01-20 06:10:00+00:00,0.0,0.0,0.0,0.0,0.0,6.38,3.17,0
2019-01-20 07:10:00+00:00,5.43,0.0,27.64,0.42,5.26,6.76,3.03,0
2019-01-20 08:10:00+00:00,26.42,0.0,90.95,1.37,13.97,6.98,3.17,0
2019-01-20 09:10:00+00:00,32.29,0.0,107.89,1.62,21.04,7.76,3.45,0
2019-01-20 10:10:00+00:00,57.7,0.0,179.22,2.69,25.87,8.4,3.79,0
2019-01-20 11:10:00+00:00,54.02,0.0,169.42,2.55,27.93,9.04,3.86,0
2019-01-20 12:10:00+00:00,26.47,0.0,91.84,1.38,26.92,9.1,3.52,0
2019-01-20 13:10:00+00:00,37.06,0.0,122.16,1.84,23.0,9.51,3.59,0
2019-01-20 14:10:00+00:00,6.4,0.0,31.21,0.47,16.64,9.38,2.9,0
2019-01-20 15:10:00+00:00,8.31,0.0,37.45,0.56,8.44,9.11,2.62,0
2019-01-20 16:10:00+00:00,0.0,0.0,0.0,0.0,0.0,8.63,2.76,0
2019-01-20 17:10:00+00:00,0.0,0.0,0.0,0.0,0.0,8.08,2.69,0
2019-01-20 18:10:00+00:00,0.0,0.0,0.0,0.0,0.0,7.92,2.48,0
2019-01-20 19:10:00+00:00,0.0,0.0,0.0,0.0,0.0,7.56,2.55,0
2019-01-20 20:10:00+00:00,0.0,0.0,0.0,0.0,0.0,7.09,2.69,0
2019-01-20 21:10:00+00:00,0.0,0.0,0.0,0.0,0.0,7.17,2.83,0
2019-01-20 22:10:00+00:00,0.0,0.0,0.0,0.0,0.0,7.05,2.97,0
2019-01-20 23:10:00+00:00,0.0,0.0,0.0,0.0,0.0,6.92,3.03,0
2019-01-21 00:10:00+00:00,0.0,0.0,0.0,0.0,0.0,6.88,3.03,0
2019-01-21 01:10:00+00:00,0.0,0.0,0.0,0.0,0.0,6.8,3.03,0
2019-01-21 02:10:00+00:00,0.0,0.0,0.0,0.0,0.0,6.66,2.97,0
2019-01-21 03:10:00+00:00,0.0,0.0,0.0,0.0,0.0,6.53,2.83,0
2019-01-21 04:10:00+00:00,0.0,0.0,0.0,0.0,0.0,6.1,2.62,0
2019-01-21 05:10:00+00:00,0.0,0.0,0.0,0.0,0.0,6.43,2.76,0
2019-01-21 06:10:00+00:00,0.0,0.0,0.0,0.0,0.0,6.54,2.9,0
2019-01-21 07:10:00+00:00,3.16,0.0,19.62,0.29,5.38,6.61,2.28,0
2019-01-21 08:10:00+00:00,6.47,0.0,31.21,0.47,14.11,7.15,2.14,0
2019-01-21 09:10:00+00:00,32.79,0.0,109.67,1.65,21.2,8.15,1.93,0
2019-01-21 10:10:00+00:00,55.28,0.0,173.87,2.61,26.07,9.53,2.21,0
2019-01-21 11:10:00+00:00,56.04,0.0,176.55,2.65,28.15,10.37,2.41,0
2019-01-21 12:10:00+00:00,64.19,0.0,199.73,3.0,27.15,10.5,2.34,0
2019-01-21 13:10:00+00:00,49.36,0.0,157.82,2.37,23.23,10.57,2.34,0
2019-01-21 14:10:00+00:00,31.51,0.0,107.0,1.61,16.86,10.46,2.34,0
2019-01-21 15:10:00+00:00,9.1,0.0,40.12,0.6,8.66,10.0,2.62,0
2019-01-21 16:10:00+00:00,0.0,0.0,0.0,0.0,0.0,9.27,2.83,0
2019-01-21 17:10:00+00:00,0.0,0.0,0.0,0.0,0.0,8.71,2.83,0
2019-01-21 18:10:00+00:00,0.0,0.0,0.0,0.0,0.0,8.34,2.69,0
2019-01-21 19:10:00+00:00,0.0,0.0,0.0,0.0,0.0,7.96,3.31,0
2019-01-21 20:10:00+00:00,0.0,0.0,0.0,0.0,0.0,7.55,3.72,0
2019-01-21 21:10:00+00:00,0.0,0.0,0.0,0.0,0.0,7.14,4.21,0
2019-01-21 22:10:00+00:00,0.0,0.0,0.0,0.0,0.0,6.9,4.55,0
2019-01-21 23:10:00+00:00,0.0,0.0,0.0,0.0,0.0,6.71,4.9,0
2019-01-22 00:10:00+00:00,0.0,0.0,0.0,0.0,0.0,6.48,5.03,0
2019-01-22 01:10:00+00:00,0.0,0.0,0.0,0.0,0.0,6.29,4.9,0
2019-01-22 02:10:00+00:00,0.0,0.0,0.0,0.0,0.0,6.15,4.55,0
2019-01-22 03:10:00+00:00,0.0,0.0,0.0,0.0,0.0,6.03,4.14,0
2019-01-22 04:10:00+00:00,0.0,0.0,0.0,0.0,0.0,5.82,4.0,0
2019-01-22 05:10:00+00:00,0.0,0.0,0.0,0.0,0.0,5.63,3.72,0
2019-01-22 06:10:00+00:00,0.0,0.0,0.0,0.0,0.0,5.52,3.79,0
2019-01-22 07:10:00+00:00,0.6,0.0,8.92,0.13,5.51,6.05,3.38,0
2019-01-22 08:10:00+00:00,13.05,0.0,51.72,0.78,14.26,6.11,3.24,0
2019-01-22 09:10:00+00:00,24.63,0.0,85.6,1.29,21.38,6.29,3.03,0
2019-01-22 10:10:00+00:00,26.78,0.0,91.84,1.38,26.27,6.5,2.62,0
2019-01-22 11:10:00+00:00,62.51,0.0,191.71,2.88,28.37,6.56,2.34,0
2019-01-22 12:10:00+00:00,18.09,0.0,66.87,1.0,27.39,6.74,2.14,0
2019-01-22 13:10:00+00:00,42.87,0.0,137.32,2.06,23.46,6.9,2.34,0
2019-01-22 14:10:00+00:00,22.97,0.0,81.14,1.22,17.09,7.08,2.76,0
2019-01-22 15:10:00+00:00,8.4,0.0,37.45,0.56,8.87,6.94,2.9,0
2019-01-22 16:10:00+00:00,0.0,0.0,0.0,0.0,0.0,6.66,2.83,0
2019-01-22 17:10:00+00:00,0.0,0.0,0.0,0.0,0.0,6.25,2.55,0
2019-01-22 18:10:00+00:00,0.0,0.0,0.0,0.0,0.0,5.88,2.34,0
2019-01-22 19:10:00+00:00,0.0,0.0,0.0,0.0,0.0,5.65,1.24,0
2019-01-22 20:10:00+00:00,0.0,0.0,0.0,0.0,0.0,5.64,0.83,0
2019-01-22 21:10:00+00:00,0.0,0.0,0.0,0.0,0.0,5.78,0.76,0
2019-01-22 22:10:00+00:00,0.0,0.0,0.0,0.0,0.0,4.89,1.03,0
2019-01-22 23:10:00+00:00,0.0,0.0,0.0,0.0,0.0,3.99,1.38,0
2019-01-23 00:10:00+00:00,0.0,0.0,0.0,0.0,0.0,3.33,1.59,0
2019-01-23 01:10:00+00:00,0.0,0.0,0.0,0.0,0.0,3.59,1.59,0
2019-01-23 02:10:00+00:00,0.0,0.0,0.0,0.0,0.0,3.05,1.79,0
2019-01-23 03:10:00+00:00,0.0,0.0,0.0,0.0,0.0,2.97,1.66,0
2019-01-23 04:10:00+00:00,0.0,0.0,0.0,0.0,0.0,2.09,1.72,0
2019-01-23 05:10:00+00:00,0.0,0.0,0.0,0.0,0.0,1.47,1.72,0
2019-01-23 06:10:00+00:00,0.0,0.0,0.0,0.0,0.0,0.76,1.93,0
2019-01-23 07:10:00+00:00,3.74,0.0,21.4,0.32,5.64,2.26,2.48,0
2019-01-23 08:10:00+00:00,11.09,0.0,45.47,0.68,14.41,4.59,2.97,0
2019-01-23 09:10:00+00:00,21.24,0.0,75.79,1.14,21.56,6.21,4.21,0
2019-01-23 10:10:00+00:00,29.57,0.0,99.87,1.5,26.48,7.21,4.48,0
2019-01-23 11:10:00+00:00,21.36,0.0,76.68,1.15,28.6,8.02,4.41,0
2019-01-23 12:10:00+00:00,29.4,0.0,99.87,1.5,27.63,8.39,4.28,0
2019-01-23 13:10:00+00:00,54.13,0.0,169.42,2.55,23.7,8.78,4.34,0
2019-01-23 14:10:00+00:00,24.7,0.0,86.49,1.3,17.32,8.5,4.41,0
2019-01-23 15:10:00+00:00,9.75,0.0,41.91,0.63,9.09,8.32,4.14,0
2019-01-23 16:10:00+00:00,0.0,0.0,0.0,0.0,0.0,7.41,3.79,0
2019-01-23 17:10:00+00:00,0.0,0.0,0.0,0.0,0.0,6.79,3.72,0
2019-01-23 18:10:00+00:00,0.0,0.0,0.0,0.0,0.0,6.42,3.66,0
2019-01-23 19:10:00+00:00,0.0,0.0,0.0,0.0,0.0,6.41,3.38,0
2019-01-23 20:10:00+00:00,0.0,0.0,0.0,0.0,0.0,6.24,3.38,0
2019-01-23 21:10:00+00:00,0.0,0.0,0.0,0.0,0.0,5.64,3.66,0
2019-01-23 22:10:00+00:00,0.0,0.0,0.0,0.0,0.0,5.63,4.0,0
2019-01-23 23:10:00+00:00,0.0,0.0,0.0,0.0,0.0,5.34,4.55,0
2019-01-24 00:10:00+00:00,0.0,0.0,0.0,0.0,0.0,5.27,4.9,0
2019-01-24 01:10:00+00:00,0.0,0.0,0.0,0.0,0.0,5.04,4.9,0
2019-01-24 02:10:00+00:00,0.0,0.0,0.0,0.0,0.0,4.44,4.41,0
2019-01-24 03:10:00+00:00,0.0,0.0,0.0,0.0,0.0,4.17,4.14,0
2019-01-24 04:10:00+00:00,0.0,0.0,0.0,0.0,0.0,3.87,4.0,0
2019-01-24 05:10:00+00:00,0.0,0.0,0.0,0.0,0.0,3.53,3.86,0
2019-01-24 06:10:00+00:00,0.0,0.0,0.0,0.0,0.0,3.19,3.59,0
2019-01-24 07:10:00+00:00,2.5,0.0,16.94,0.25,5.77,3.8,3.24,0
2019-01-24 08:10:00+00:00,30.58,0.0,101.65,1.53,14.57,4.27,2.9,0
2019-01-24 09:10:00+00:00,28.56,0.0,96.3,1.45,21.75,5.07,3.17,0
2019-01-24 10:10:00+00:00,17.54,0.0,65.09,0.98,26.69,6.28,3.24,0
2019-01-24 11:10:00+00:00,42.44,0.0,136.42,2.05,28.83,7.75,3.17,0
2019-01-24 12:10:00+00:00,24.64,0.0,86.49,1.3,27.87,8.82,3.31,0
2019-01-24 13:10:00+00:00,17.86,0.0,66.87,1.0,23.95,9.6,3.66,0
2019-01-24 14:10:00+00:00,34.5,0.0,115.02,1.73,17.56,9.8,3.86,0
2019-01-24 15:10:00+00:00,8.3,0.0,37.45,0.56,9.32,9.44,3.59,0
2019-01-24 16:10:00+00:00,0.0,0.0,0.0,0.0,0.0,8.86,3.17,0
2019-01-24 17:10:00+00:00,0.0,0.0,0.0,0.0,0.0,8.16,3.59,0
2019-01-24 18:10:00+00:00,0.0,0.0,0.0,0.0,0.0,7.42,4.14,0
2019-01-24 19:10:00+00:00,0.0,0.0,0.0,0.0,0.0,6.67,4.83,0
2019-01-24 20:10:00+00:00,0.0,0.0,0.0,0.0,0.0,6.17,5.17,0
2019-01-24 21:10:00+00:00,0.0,0.0,0.0,0.0,0.0,5.81,5.1,0
2019-01-24 22:10:00+00:00,0.0,0.0,0.0,0.0,0.0,5.51,5.1,0
2019-01-24 23:10:00+00:00,0.0,0.0,0.0,0.0,0.0,5.34,5.17,0
2019-01-25 00:10:00+00:00,0.0,0.0,0.0,0.0,0.0,5.2,5.38,0
2019-01-25 01:10:00+00:00,0.0,0.0,0.0,0.0,0.0,4.87,5.66,0
2019-01-25 02:10:00+00:00,0.0,0.0,0.0,0.0,0.0,4.56,5.86,0
2019-01-25 03:10:00+00:00,0.0,0.0,0.0,0.0,0.0,4.37,5.93,0
2019-01-25 04:10:00+00:00,0.0,0.0,0.0,0.0,0.0,4.27,5.86,0
2019-01-25 05:10:00+00:00,0.0,0.0,0.0,0.0,0.0,4.2,5.72,0
2019-01-25 06:10:00+00:00,0.0,0.0,0.0,0.0,0.0,3.98,5.59,0
2019-01-25 07:10:00+00:00,7.96,0.0,35.67,0.54,5.92,4.52,5.24,0
2019-01-25 08:10:00+00:00,12.82,0.0,50.82,0.76,14.74,5.38,5.17,0
2019-01-25 09:10:00+00:00,16.92,0.0,63.31,0.95,21.94,6.69,5.72,0
2019-01-25 10:10:00+00:00,27.29,0.0,93.62,1.41,26.91,8.07,6.14,0
2019-01-25 11:10:00+00:00,41.72,0.0,134.64,2.02,29.07,8.97,6.41,0
2019-01-25 12:10:00+00:00,69.84,0.0,213.11,3.2,28.12,9.57,6.69,0
2019-01-25 13:10:00+00:00,57.88,0.0,180.12,2.71,24.2,9.85,6.76,0
2019-01-25 14:10:00+00:00,38.14,0.0,124.83,1.88,17.8,9.47,6.76,0
2019-01-25 15:10:00+00:00,6.71,0.0,32.1,0.48,9.54,8.43,6.83,0
2019-01-25 16:10:00+00:00,0.0,0.0,0.0,0.0,0.0,6.91,6.9,0
2019-01-25 17:10:00+00:00,0.0,0.0,0.0,0.0,0.0,5.7,6.69,0
2019-01-25 18:10:00+00:00,0.0,0.0,0.0,0.0,0.0,4.78,6.69,0
2019-01-25 19:10:00+00:00,0.0,0.0,0.0,0.0,0.0,4.51,6.34,0
2019-01-25 20:10:00+00:00,0.0,0.0,0.0,0.0,0.0,4.06,6.14,0
2019-01-25 21:10:00+00:00,0.0,0.0,0.0,0.0,0.0,3.75,6.14,0
2019-01-25 22:10:00+00:00,0.0,0.0,0.0,0.0,0.0,3.42,6.21,0
2019-01-25 23:10:00+00:00,0.0,0.0,0.0,0.0,0.0,3.47,6.28,0
2019-01-26 00:10:00+00:00,0.0,0.0,0.0,0.0,0.0,3.55,6.21,0
2019-01-26 01:10:00+00:00,0.0,0.0,0.0,0.0,0.0,3.56,6.0,0
2019-01-26 02:10:00+00:00,0.0,0.0,0.0,0.0,0.0,3.64,5.79,0
2019-01-26 03:10:00+00:00,0.0,0.0,0.0,0.0,0.0,3.65,5.86,0
2019-01-26 04:10:00+00:00,0.0,0.0,0.0,0.0,0.0,3.43,6.0,0
2019-01-26 05:10:00+00:00,0.0,0.0,0.0,0.0,0.0,2.96,5.86,0
2019-01-26 06:10:00+00:00,0.0,0.0,0.0,0.0,0.0,2.57,5.59,0
2019-01-26 07:10:00+00:00,3.74,0.0,21.4,0.32,6.06,2.45,4.9,0
2019-01-26 08:10:00+00:00,12.95,0.0,50.82,0.76,14.91,3.32,4.76,0
2019-01-26 09:10:00+00:00,21.4,0.0,75.79,1.14,22.14,4.87,5.31,0
2019-01-26 10:10:00+00:00,23.07,0.0,81.14,1.22,27.14,6.59,4.69,0
2019-01-26 11:10:00+00:00,27.24,0.0,93.62,1.41,29.32,8.13,4.21,0
2019-01-26 12:10:00+00:00,30.83,0.0,104.32,1.57,28.38,9.22,4.0,0
2019-01-26 13:10:00+00:00,23.6,0.0,83.82,1.26,24.45,9.88,3.66,0
2019-01-26 14:10:00+00:00,17.51,0.0,65.98,0.99,18.04,10.12,3.79,0
2019-01-26 15:10:00+00:00,16.36,0.0,62.42,0.94,9.77,9.63,3.79,0
2019-01-26 16:10:00+00:00,0.0,0.0,0.0,0.0,0.0,8.19,4.07,0
2019-01-26 17:10:00+00:00,0.0,0.0,0.0,0.0,0.0,6.74,4.07,0
2019-01-26 18:10:00+00:00,0.0,0.0,0.0,0.0,0.0,5.8,3.86,0
2019-01-26 19:10:00+00:00,0.0,0.0,0.0,0.0,0.0,5.71,3.59,0
2019-01-26 20:10:00+00:00,0.0,0.0,0.0,0.0,0.0,4.95,2.97,0
2019-01-26 21:10:00+00:00,0.0,0.0,0.0,0.0,0.0,3.99,2.21,0
2019-01-26 22:10:00+00:00,0.0,0.0,0.0,0.0,0.0,2.99,1.66,0
2019-01-26 23:10:00+00:00,0.0,0.0,0.0,0.0,0.0,2.9,1.38,0
2019-01-27 00:10:00+00:00,0.0,0.0,0.0,0.0,0.0,3.04,1.24,0
2019-01-27 01:10:00+00:00,0.0,0.0,0.0,0.0,0.0,2.77,1.31,0
2019-01-27 02:10:00+00:00,0.0,0.0,0.0,0.0,0.0,2.43,1.52,0
2019-01-27 03:10:00+00:00,0.0,0.0,0.0,0.0,0.0,1.64,1.93,0
2019-01-27 04:10:00+00:00,0.0,0.0,0.0,0.0,0.0,1.34,2.28,0
2019-01-27 05:10:00+00:00,0.0,0.0,0.0,0.0,0.0,1.41,2.34,0
2019-01-27 06:10:00+00:00,0.0,0.0,0.0,0.0,0.0,1.87,2.48,0
2019-01-27 07:10:00+00:00,7.72,0.0,34.77,0.52,6.22,3.12,3.1,0
2019-01-27 08:10:00+00:00,27.2,0.0,92.73,1.39,15.09,5.81,3.31,0
2019-01-27 09:10:00+00:00,20.66,0.0,74.9,1.13,22.35,8.7,3.38,0
2019-01-27 10:10:00+00:00,22.33,0.0,80.25,1.21,27.37,10.3,3.86,0
2019-01-27 11:10:00+00:00,17.43,0.0,65.98,0.99,29.57,11.13,4.55,0
2019-01-27 12:10:00+00:00,8.48,0.0,38.34,0.58,28.64,11.69,5.52,0
2019-01-27 13:10:00+00:00,14.46,0.0,57.07,0.86,24.71,11.49,5.03,0
2019-01-27 14:10:00+00:00,9.58,0.0,41.91,0.63,18.28,11.79,5.79,0
2019-01-27 15:10:00+00:00,15.02,0.0,58.85,0.88,10.0,11.78,5.72,0
2019-01-27 16:10:00+00:00,0.0,0.0,0.0,0.0,0.0,11.2,5.72,0
2019-01-27 17:10:00+00:00,0.0,0.0,0.0,0.0,0.0,10.9,6.0,0
2019-01-27 18:10:00+00:00,0.0,0.0,0.0,0.0,0.0,10.84,6.07,0
2019-01-27 19:10:00+00:00,0.0,0.0,0.0,0.0,0.0,10.72,5.45,0
2019-01-27 20:10:00+00:00,0.0,0.0,0.0,0.0,0.0,10.57,4.97,0
2019-01-27 21:10:00+00:00,0.0,0.0,0.0,0.0,0.0,10.58,4.83,0
2019-01-27 22:10:00+00:00,0.0,0.0,0.0,0.0,0.0,10.75,4.97,0
2019-01-27 23:10:00+00:00,0.0,0.0,0.0,0.0,0.0,10.86,5.31,0
2019-01-28 00:10:00+00:00,0.0,0.0,0.0,0.0,0.0,10.58,5.38,0
2019-01-28 01:10:00+00:00,0.0,0.0,0.0,0.0,0.0,10.16,5.45,0
2019-01-28 02:10:00+00:00,0.0,0.0,0.0,0.0,0.0,9.93,6.0,0
2019-01-28 03:10:00+00:00,0.0,0.0,0.0,0.0,0.0,9.65,6.07,0
2019-01-28 04:10:00+00:00,0.0,0.0,0.0,0.0,0.0,9.36,6.14,0
2019-01-28 05:10:00+00:00,0.0,0.0,0.0,0.0,0.0,8.76,6.28,0
2019-01-28 06:10:00+00:00,0.0,0.0,0.0,0.0,0.0,8.5,6.14,0
2019-01-28 07:10:00+00:00,8.63,0.0,38.34,0.58,6.38,8.26,4.0,0
2019-01-28 08:10:00+00:00,24.98,0.0,87.38,1.31,15.27,8.61,3.24,0
2019-01-28 09:10:00+00:00,51.58,0.0,163.17,2.45,22.56,9.43,2.76,0
2019-01-28 10:10:00+00:00,53.6,0.0,169.42,2.55,27.61,10.04,2.48,0
2019-01-28 11:10:00+00:00,65.22,0.0,202.41,3.04,29.83,10.46,2.76,0
2019-01-28 12:10:00+00:00,67.31,0.0,207.76,3.12,28.91,10.33,3.66,0
2019-01-28 13:10:00+00:00,56.45,0.0,176.55,2.65,24.97,9.66,4.28,0
2019-01-28 14:10:00+00:00,28.92,0.0,98.97,1.49,18.53,9.5,4.21,0
2019-01-28 15:10:00+00:00,12.88,0.0,51.72,0.78,10.24,8.81,4.0,0
2019-01-28 16:10:00+00:00,0.0,0.0,0.0,0.0,0.0,8.46,3.31,0
2019-01-28 17:10:00+00:00,0.0,0.0,0.0,0.0,0.0,7.67,2.34,0
2019-01-28 18:10:00+00:00,0.0,0.0,0.0,0.0,0.0,6.51,1.66,0
2019-01-28 19:10:00+00:00,0.0,0.0,0.0,0.0,0.0,7.25,0.97,0
2019-01-28 20:10:00+00:00,0.0,0.0,0.0,0.0,0.0,5.48,1.52,0
2019-01-28 21:10:00+00:00,0.0,0.0,0.0,0.0,0.0,3.96,2.0,0
2019-01-28 22:10:00+00:00,0.0,0.0,0.0,0.0,0.0,3.01,2.21,0
2019-01-28 23:10:00+00:00,0.0,0.0,0.0,0.0,0.0,2.5,2.0,0
2019-01-29 00:10:00+00:00,0.0,0.0,0.0,0.0,0.0,1.9,2.0,0
2019-01-29 01:10:00+00:00,0.0,0.0,0.0,0.0,0.0,1.22,2.0,0
2019-01-29 02:10:00+00:00,0.0,0.0,0.0,0.0,0.0,0.63,2.0,0
2019-01-29 03:10:00+00:00,0.0,0.0,0.0,0.0,0.0,0.22,2.0,0
2019-01-29 04:10:00+00:00,0.0,0.0,0.0,0.0,0.0,0.0,2.07,0
2019-01-29 05:10:00+00:00,0.0,0.0,0.0,0.0,0.0,-0.22,2.0,0
2019-01-29 06:10:00+00:00,0.0,0.0,0.0,0.0,0.0,-0.39,2.14,0
2019-01-29 07:10:00+00:00,4.56,0.0,24.07,0.36,6.54,-0.02,2.28,0
2019-01-29 08:10:00+00:00,12.66,0.0,49.93,0.75,15.46,2.82,2.07,0
2019-01-29 09:10:00+00:00,17.26,0.0,64.2,0.96,22.78,5.74,2.14,0
2019-01-29 10:10:00+00:00,15.91,0.0,60.63,0.91,27.85,7.59,2.21,0
2019-01-29 11:10:00+00:00,8.95,2.65,33.98,7.09,30.1,8.77,2.14,0
2019-01-29 12:10:00+00:00,22.38,0.0,80.25,1.21,29.18,9.53,2.28,0
2019-01-29 13:10:00+00:00,16.62,0.0,63.31,0.95,25.23,9.89,2.55,0
2019-01-29 14:10:00+00:00,18.12,0.0,67.77,1.02,18.79,9.89,2.62,0
2019-01-29 15:10:00+00:00,6.66,0.0,32.1,0.48,10.47,9.63,2.48,0
2019-01-29 16:10:00+00:00,0.0,0.0,0.0,0.0,0.0,8.75,2.41,0
2019-01-29 17:10:00+00:00,0.0,0.0,0.0,0.0,0.0,7.55,2.55,0
2019-01-29 18:10:00+00:00,0.0,0.0,0.0,0.0,0.0,6.47,2.62,0
2019-01-29 19:10:00+00:00,0.0,0.0,0.0,0.0,0.0,5.59,2.76,0
2019-01-29 20:10:00+00:00,0.0,0.0,0.0,0.0,0.0,4.61,2.55,0
2019-01-29 21:10:00+00:00,0.0,0.0,0.0,0.0,0.0,3.63,2.28,0
2019-01-29 22:10:00+00:00,0.0,0.0,0.0,0.0,0.0,2.76,1.93,0
2019-01-29 23:10:00+00:00,0.0,0.0,0.0,0.0,0.0,2.29,1.72,0
2019-01-30 00:10:00+00:00,0.0,0.0,0.0,0.0,0.0,2.01,1.52,0
2019-01-30 01:10:00+00:00,0.0,0.0,0.0,0.0,0.0,1.62,1.59,0
2019-01-30 02:10:00+00:00,0.0,0.0,0.0,0.0,0.0,1.16,1.79,0
2019-01-30 03:10:00+00:00,0.0,0.0,0.0,0.0,0.0,0.97,1.86,0
2019-01-30 04:10:00+00:00,0.0,0.0,0.0,0.0,0.0,1.17,1.93,0
2019-01-30 05:10:00+00:00,0.0,0.0,0.0,0.0,0.0,1.34,1.93,0
2019-01-30 06:10:00+00:00,0.0,0.0,0.0,0.0,0.0,1.54,1.93,0
2019-01-30 07:10:00+00:00,6.38,0.0,30.32,0.46,6.72,1.92,2.07,0
2019-01-30 08:10:00+00:00,33.84,0.0,110.57,1.66,15.66,3.51,1.86,0
2019-01-30 09:10:00+00:00,51.74,0.0,161.39,2.42,23.0,5.73,1.93,0
2019-01-30 10:10:00+00:00,29.16,0.0,98.97,1.49,28.1,7.48,2.69,0
2019-01-30 11:10:00+00:00,24.53,0.0,85.8,1.23,30.37,7.62,3.38,0
2019-01-30 12:10:00+00:00,9.2,0.0,40.12,0.6,29.45,8.06,4.28,0
2019-01-30 13:10:00+00:00,61.1,0.0,188.14,2.83,25.5,8.23,5.17,0
2019-01-30 14:10:00+00:00,4.37,0.0,24.07,0.36,19.04,7.82,4.62,0
2019-01-30 15:10:00+00:00,7.27,0.0,33.88,0.51,10.71,7.7,3.31,0
2019-01-30 16:10:00+00:00,0.0,0.0,0.0,0.0,0.0,7.3,3.17,0
2019-01-30 17:10:00+00:00,0.0,0.0,0.0,0.0,0.0,6.49,3.52,0
2019-01-30 18:10:00+00:00,0.0,0.0,0.0,0.0,0.0,5.77,2.0,0
2019-01-30 19:10:00+00:00,0.0,0.0,0.0,0.0,0.0,5.07,0.62,0
2019-01-30 20:10:00+00:00,0.0,0.0,0.0,0.0,0.0,4.55,0.34,0
2019-01-30 21:10:00+00:00,0.0,0.0,0.0,0.0,0.0,2.53,1.86,0
2019-01-30 22:10:00+00:00,0.0,0.0,0.0,0.0,0.0,3.1,3.38,0
2019-01-30 23:10:00+00:00,0.0,0.0,0.0,0.0,0.0,4.0,4.0,0
2019-01-31 00:10:00+00:00,0.0,0.0,0.0,0.0,0.0,4.58,4.34,0
2019-01-31 01:10:00+00:00,0.0,0.0,0.0,0.0,0.0,4.9,4.48,0
2019-01-31 02:10:00+00:00,0.0,0.0,0.0,0.0,0.0,4.6,4.28,0
2019-01-31 03:10:00+00:00,0.0,0.0,0.0,0.0,0.0,4.22,3.45,0
2019-01-31 04:10:00+00:00,0.0,0.0,0.0,0.0,0.0,3.67,2.76,0
2019-01-31 05:10:00+00:00,0.0,0.0,0.0,0.0,0.0,2.85,2.0,0
2019-01-31 06:10:00+00:00,0.0,0.0,0.0,0.0,0.0,1.69,1.72,0
2019-01-31 07:10:00+00:00,5.06,0.0,25.86,0.39,6.89,1.22,1.86,0
2019-01-31 08:10:00+00:00,9.68,0.0,41.02,0.62,15.86,3.81,1.79,0
2019-01-31 09:10:00+00:00,18.12,0.0,66.87,1.0,23.23,6.32,2.21,0
2019-01-31 10:10:00+00:00,13.46,0.19,48.7,6.34,28.36,8.03,2.76,0
2019-01-31 11:10:00+00:00,35.03,6.93,111.97,6.2,30.64,9.22,3.66,0
2019-01-31 12:10:00+00:00,16.96,3.46,59.42,6.54,29.73,9.66,4.34,0
2019-01-31 13:10:00+00:00,61.16,0.0,189.92,2.85,25.77,10.1,4.76,0
2019-01-31 14:10:00+00:00,37.96,0.0,124.83,1.88,19.3,10.03,4.62,0
2019-01-31 15:10:00+00:00,19.04,0.0,70.44,1.06,10.95,10.0,4.62,0
2019-01-31 16:10:00+00:00,0.0,0.0,0.0,0.0,0.0,9.57,5.1,0
2019-01-31 17:10:00+00:00,0.0,0.0,0.0,0.0,0.0,9.14,4.83,0
2019-01-31 18:10:00+00:00,0.0,0.0,0.0,0.0,0.0,8.88,4.69,0
2019-01-31 19:10:00+00:00,0.0,0.0,0.0,0.0,0.0,9.06,5.31,0
2019-01-31 20:10:00+00:00,0.0,0.0,0.0,0.0,0.0,9.43,5.59,0
2019-01-31 21:10:00+00:00,0.0,0.0,0.0,0.0,0.0,9.65,5.93,0
2019-01-31 22:10:00+00:00,0.0,0.0,0.0,0.0,0.0,9.84,5.38,0
2019-01-31 23:10:00+00:00,0.0,0.0,0.0,0.0,0.0,10.12,4.21,0
2019-02-01 00:10:00+00:00,0.0,0.0,0.0,0.0,0.0,10.26,3.24,0
2019-02-01 01:10:00+00:00,0.0,0.0,0.0,0.0,0.0,10.24,3.17,0
2019-02-01 02:10:00+00:00,0.0,0.0,0.0,0.0,0.0,10.21,3.38,0
2019-02-01 03:10:00+00:00,0.0,0.0,0.0,0.0,0.0,10.25,3.31,0
2019-02-01 04:10:00+00:00,0.0,0.0,0.0,0.0,0.0,10.08,3.24,0
2019-02-01 05:10:00+00:00,0.0,0.0,0.0,0.0,0.0,10.53,3.31,0
2019-02-01 06:10:00+00:00,0.0,0.0,0.0,0.0,0.0,10.87,3.52,0
2019-02-01 07:10:00+00:00,8.46,0.0,38.34,0.58,7.08,11.99,4.62,0
2019-02-01 08:10:00+00:00,18.79,0.0,70.44,1.06,16.07,12.67,5.24,0
2019-02-01 09:10:00+00:00,12.04,0.0,49.93,0.75,23.46,13.08,5.66,0
2019-02-01 10:10:00+00:00,31.58,0.0,108.18,1.55,28.62,13.43,6.28,0
2019-02-01 11:10:00+00:00,25.13,0.0,89.53,1.29,30.92,13.79,6.83,0
2019-02-01 12:10:00+00:00,20.4,0.0,75.54,1.09,30.02,13.79,7.24,0
2019-02-01 13:10:00+00:00,34.53,0.0,116.81,1.76,26.05,14.03,7.31,0
2019-02-01 14:10:00+00:00,16.9,0.0,65.09,0.98,19.56,14.1,7.17,0
2019-02-01 15:10:00+00:00,18.4,0.0,69.55,1.05,11.2,13.82,6.83,0
2019-02-01 16:10:00+00:00,0.0,0.0,0.0,0.0,0.0,13.31,6.83,0
2019-02-01 17:10:00+00:00,0.0,0.0,0.0,0.0,0.0,12.92,7.1,0
2019-02-01 18:10:00+00:00,0.0,0.0,0.0,0.0,0.0,12.81,7.38,0
2019-02-01 19:10:00+00:00,0.0,0.0,0.0,0.0,0.0,13.06,6.76,0
2019-02-01 20:10:00+00:00,0.0,0.0,0.0,0.0,0.0,13.02,6.83,0
2019-02-01 21:10:00+00:00,0.0,0.0,0.0,0.0,0.0,12.9,6.97,0
2019-02-01 22:10:00+00:00,0.0,0.0,0.0,0.0,0.0,12.88,6.62,0
2019-02-01 23:10:00+00:00,0.0,0.0,0.0,0.0,0.0,12.96,6.97,0
2019-02-02 00:10:00+00:00,0.0,0.0,0.0,0.0,0.0,13.01,6.97,0
2019-02-02 01:10:00+00:00,0.0,0.0,0.0,0.0,0.0,12.88,7.59,0
2019-02-02 02:10:00+00:00,0.0,0.0,0.0,0.0,0.0,12.81,7.66,0
2019-02-02 03:10:00+00:00,0.0,0.0,0.0,0.0,0.0,12.93,6.9,0
2019-02-02 04:10:00+00:00,0.0,0.0,0.0,0.0,0.0,12.78,6.41,0
2019-02-02 05:10:00+00:00,0.0,0.0,0.0,0.0,0.0,12.58,6.14,0
2019-02-02 06:10:00+00:00,0.0,0.0,0.0,0.0,0.0,12.46,6.07,0
2019-02-02 07:10:00+00:00,7.1,0.0,33.88,0.51,7.26,12.36,6.14,0
2019-02-02 08:10:00+00:00,3.05,0.0,19.62,0.29,16.28,12.74,6.83,0
2019-02-02 09:10:00+00:00,17.88,0.0,67.77,1.02,23.71,12.99,6.07,0
2019-02-02 10:10:00+00:00,13.72,0.0,55.02,0.79,28.89,12.42,5.72,0
2019-02-02 11:10:00+00:00,17.12,0.0,65.28,0.94,31.2,12.06,5.66,0
2019-02-02 12:10:00+00:00,22.17,0.0,80.2,1.15,30.31,11.68,4.97,0
2019-02-02 13:10:00+00:00,51.26,0.0,163.17,2.45,26.33,11.25,4.14,0
2019-02-02 14:10:00+00:00,10.74,0.0,45.47,0.68,19.82,10.84,3.38,0
2019-02-02 15:10:00+00:00,12.18,0.0,49.93,0.75,11.44,10.57,2.62,0
2019-02-02 16:10:00+00:00,0.0,0.0,0.0,0.0,0.0,10.19,1.93,0
2019-02-02 17:10:00+00:00,0.0,0.0,0.0,0.0,0.0,9.91,1.66,0
2019-02-02 18:10:00+00:00,0.0,0.0,0.0,0.0,0.0,9.79,2.0,0
2019-02-02 19:10:00+00:00,0.0,0.0,0.0,0.0,0.0,10.46,4.55,0
2019-02-02 20:10:00+00:00,0.0,0.0,0.0,0.0,0.0,10.02,4.34,0
2019-02-02 21:10:00+00:00,0.0,0.0,0.0,0.0,0.0,9.86,4.48,0
2019-02-02 22:10:00+00:00,0.0,0.0,0.0,0.0,0.0,9.47,4.21,0
2019-02-02 23:10:00+00:00,0.0,0.0,0.0,0.0,0.0,9.04,3.1,0
2019-02-03 00:10:00+00:00,0.0,0.0,0.0,0.0,0.0,8.62,2.07,0
2019-02-03 01:10:00+00:00,0.0,0.0,0.0,0.0,0.0,8.84,2.0,0
2019-02-03 02:10:00+00:00,0.0,0.0,0.0,0.0,0.0,8.81,2.0,0
2019-02-03 03:10:00+00:00,0.0,0.0,0.0,0.0,0.0,8.3,2.41,0
2019-02-03 04:10:00+00:00,0.0,0.0,0.0,0.0,0.0,7.87,2.14,0
2019-02-03 05:10:00+00:00,0.0,0.0,0.0,0.0,0.0,7.69,2.14,0
2019-02-03 06:10:00+00:00,0.0,0.0,0.0,0.0,0.0,7.47,2.69,0
2019-02-03 07:10:00+00:00,9.77,0.0,41.91,0.63,7.46,7.87,3.72,0
2019-02-03 08:10:00+00:00,34.32,0.0,114.13,1.71,16.5,8.93,3.59,0
2019-02-03 09:10:00+00:00,35.42,0.0,117.7,1.77,23.95,9.96,4.0,0
2019-02-03 10:10:00+00:00,66.62,0.74,205.45,3.36,29.16,10.46,4.14,0
2019-02-03 11:10:00+00:00,15.85,22.33,52.22,7.15,31.49,11.21,4.34,0
2019-02-03 12:10:00+00:00,61.31,5.64,188.88,5.21,30.6,11.47,4.55,0
2019-02-03 13:10:00+00:00,7.66,0.0,35.67,0.54,26.62,11.75,4.55,0
2019-02-03 14:10:00+00:00,44.27,0.0,143.56,2.16,20.09,11.5,4.28,0
2019-02-03 15:10:00+00:00,3.08,0.0,19.62,0.29,11.69,11.04,3.86,0
2019-02-03 16:10:00+00:00,0.0,0.0,0.0,0.0,0.0,10.13,3.45,0
2019-02-03 17:10:00+00:00,0.0,0.0,0.0,0.0,0.0,9.51,2.55,0
2019-02-03 18:10:00+00:00,0.0,0.0,0.0,0.0,0.0,8.53,2.21,0
2019-02-03 19:10:00+00:00,0.0,0.0,0.0,0.0,0.0,8.33,2.62,0
2019-02-03 20:10:00+00:00,0.0,0.0,0.0,0.0,0.0,7.87,2.76,0
2019-02-03 21:10:00+00:00,0.0,0.0,0.0,0.0,0.0,7.79,2.97,0
2019-02-03 22:10:00+00:00,0.0,0.0,0.0,0.0,0.0,7.61,3.1,0
2019-02-03 23:10:00+00:00,0.0,0.0,0.0,0.0,0.0,7.45,3.24,0
2019-02-04 00:10:00+00:00,0.0,0.0,0.0,0.0,0.0,7.4,3.17,0
2019-02-04 01:10:00+00:00,0.0,0.0,0.0,0.0,0.0,6.79,2.9,0
2019-02-04 02:10:00+00:00,0.0,0.0,0.0,0.0,0.0,6.02,2.62,0
2019-02-04 03:10:00+00:00,0.0,0.0,0.0,0.0,0.0,5.32,2.48,0
2019-02-04 04:10:00+00:00,0.0,0.0,0.0,0.0,0.0,4.55,2.69,0
2019-02-04 05:10:00+00:00,0.0,0.0,0.0,0.0,0.0,4.03,2.76,0
2019-02-04 06:10:00+00:00,0.0,0.0,0.0,0.0,0.0,3.65,2.76,0
2019-02-04 07:10:00+00:00,7.7,0.0,34.77,0.52,7.66,3.82,2.69,0
2019-02-04 08:10:00+00:00,16.04,0.0,60.63,0.91,16.73,5.98,2.83,0
2019-02-04 09:10:00+00:00,22.5,0.0,80.25,1.21,24.2,8.64,3.31,0
2019-02-04 10:10:00+00:00,11.69,16.98,41.17,6.79,29.44,10.76,3.59,0
2019-02-04 11:10:00+00:00,10.1,29.85,32.12,7.48,31.79,12.73,3.45,0
2019-02-04 12:10:00+00:00,10.16,22.17,35.22,7.22,30.9,13.97,3.24,0
2019-02-04 13:10:00+00:00,34.58,0.0,117.7,1.77,26.9,14.72,3.24,0
2019-02-04 14:10:00+00:00,20.92,0.0,77.57,1.17,20.36,14.96,3.45,0
2019-02-04 15:10:00+00:00,10.82,0.0,46.37,0.7,11.94,14.45,3.72,0
2019-02-04 16:10:00+00:00,0.0,0.0,0.0,0.0,0.0,12.92,4.34,0
2019-02-04 17:10:00+00:00,0.0,0.0,0.0,0.0,0.0,11.03,4.62,0
2019-02-04 18:10:00+00:00,0.0,0.0,0.0,0.0,0.0,9.74,5.03,0
2019-02-04 19:10:00+00:00,0.0,0.0,0.0,0.0,0.0,9.24,4.55,0
2019-02-04 20:10:00+00:00,0.0,0.0,0.0,0.0,0.0,8.59,4.41,0
2019-02-04 21:10:00+00:00,0.0,0.0,0.0,0.0,0.0,8.17,4.28,0
2019-02-04 22:10:00+00:00,0.0,0.0,0.0,0.0,0.0,7.76,3.93,0
2019-02-04 23:10:00+00:00,0.0,0.0,0.0,0.0,0.0,7.36,3.93,0
2019-02-05 00:10:00+00:00,0.0,0.0,0.0,0.0,0.0,6.92,4.21,0
2019-02-05 01:10:00+00:00,0.0,0.0,0.0,0.0,0.0,6.78,4.34,0
2019-02-05 02:10:00+00:00,0.0,0.0,0.0,0.0,0.0,6.25,4.41,0
2019-02-05 03:10:00+00:00,0.0,0.0,0.0,0.0,0.0,5.98,4.21,0
2019-02-05 04:10:00+00:00,0.0,0.0,0.0,0.0,0.0,5.91,4.07,0
2019-02-05 05:10:00+00:00,0.0,0.0,0.0,0.0,0.0,5.84,3.93,0
2019-02-05 06:10:00+00:00,0.0,0.0,0.0,0.0,0.0,5.67,3.66,0
2019-02-05 07:10:00+00:00,8.46,0.0,37.45,0.56,7.86,5.63,2.76,0
2019-02-05 08:10:00+00:00,17.78,0.0,65.98,0.99,16.96,6.97,2.97,0
2019-02-05 09:10:00+00:00,25.18,0.0,88.27,1.33,24.46,9.3,2.76,0
2019-02-05 10:10:00+00:00,12.5,21.12,42.72,6.79,29.72,11.47,2.28,0
2019-02-05 11:10:00+00:00,14.06,32.49,43.51,7.37,32.09,13.21,1.72,0
2019-02-05 12:10:00+00:00,10.0,27.08,33.21,7.26,31.2,14.29,1.24,0
2019-02-05 13:10:00+00:00,8.69,2.3,34.79,6.23,27.19,14.81,1.45,0
2019-02-05 14:10:00+00:00,19.7,0.0,74.01,1.11,20.63,14.98,1.86,0
2019-02-05 15:10:00+00:00,11.08,0.0,47.26,0.71,12.19,14.64,1.93,0
2019-02-05 16:10:00+00:00,0.4,0.0,8.02,0.12,2.47,13.46,2.14,0
2019-02-05 17:10:00+00:00,0.0,0.0,0.0,0.0,0.0,11.89,2.69,0
2019-02-05 18:10:00+00:00,0.0,0.0,0.0,0.0,0.0,10.51,3.1,0
2019-02-05 19:10:00+00:00,0.0,0.0,0.0,0.0,0.0,9.41,3.17,0
2019-02-05 20:10:00+00:00,0.0,0.0,0.0,0.0,0.0,8.64,3.17,0
2019-02-05 21:10:00+00:00,0.0,0.0,0.0,0.0,0.0,7.98,3.38,0
2019-02-05 22:10:00+00:00,0.0,0.0,0.0,0.0,0.0,7.36,3.59,0
2019-02-05 23:10:00+00:00,0.0,0.0,0.0,0.0,0.0,6.76,3.79,0
2019-02-06 00:10:00+00:00,0.0,0.0,0.0,0.0,0.0,6.21,3.93,0
2019-02-06 01:10:00+00:00,0.0,0.0,0.0,0.0,0.0,5.75,4.0,0
2019-02-06 02:10:00+00:00,0.0,0.0,0.0,0.0,0.0,5.42,4.21,0
2019-02-06 03:10:00+00:00,0.0,0.0,0.0,0.0,0.0,5.17,4.41,0
2019-02-06 04:10:00+00:00,0.0,0.0,0.0,0.0,0.0,4.94,4.62,0
2019-02-06 05:10:00+00:00,0.0,0.0,0.0,0.0,0.0,4.75,4.76,0
2019-02-06 06:10:00+00:00,0.0,0.0,0.0,0.0,0.0,4.53,4.69,0
2019-02-06 07:10:00+00:00,7.94,0.0,35.67,0.54,8.07,4.98,4.69,0
2019-02-06 08:10:00+00:00,18.46,0.0,67.77,1.02,17.19,6.38,4.14,0
2019-02-06 09:10:00+00:00,24.99,0.0,87.38,1.31,24.72,8.57,3.79,0
2019-02-06 10:10:00+00:00,12.78,26.1,41.72,6.95,30.01,10.65,3.38,0
2019-02-06 11:10:00+00:00,15.9,37.06,46.77,7.5,32.39,12.32,2.76,0
2019-02-06 12:10:00+00:00,8.71,33.71,26.36,7.52,31.5,13.42,2.0,0
2019-02-06 13:10:00+00:00,8.74,6.92,34.38,6.39,27.48,14.11,1.59,0
2019-02-06 14:10:00+00:00,18.56,0.0,70.44,1.06,20.9,14.56,1.86,0
2019-02-06 15:10:00+00:00,10.54,0.0,45.47,0.68,12.44,14.28,1.86,0
2019-02-06 16:10:00+00:00,0.74,0.0,9.81,0.15,2.7,12.97,1.79,0
2019-02-06 17:10:00+00:00,0.0,0.0,0.0,0.0,0.0,11.36,2.0,0
2019-02-06 18:10:00+00:00,0.0,0.0,0.0,0.0,0.0,9.93,2.55,0
2019-02-06 19:10:00+00:00,0.0,0.0,0.0,0.0,0.0,9.51,1.38,0
2019-02-06 20:10:00+00:00,0.0,0.0,0.0,0.0,0.0,7.51,2.0,0
2019-02-06 21:10:00+00:00,0.0,0.0,0.0,0.0,0.0,6.52,2.34,0
2019-02-06 22:10:00+00:00,0.0,0.0,0.0,0.0,0.0,5.71,2.34,0
2019-02-06 23:10:00+00:00,0.0,0.0,0.0,0.0,0.0,5.05,2.34,0
2019-02-07 00:10:00+00:00,0.0,0.0,0.0,0.0,0.0,4.58,2.34,0
2019-02-07 01:10:00+00:00,0.0,0.0,0.0,0.0,0.0,4.23,2.34,0
2019-02-07 02:10:00+00:00,0.0,0.0,0.0,0.0,0.0,3.94,2.34,0
2019-02-07 03:10:00+00:00,0.0,0.0,0.0,0.0,0.0,3.67,2.34,0
2019-02-07 04:10:00+00:00,0.0,0.0,0.0,0.0,0.0,3.45,2.34,0
2019-02-07 05:10:00+00:00,0.0,0.0,0.0,0.0,0.0,3.2,2.28,0
2019-02-07 06:10:00+00:00,0.0,0.0,0.0,0.0,0.0,2.92,2.21,0
2019-02-07 07:10:00+00:00,8.56,0.0,37.45,0.56,8.29,3.25,1.93,0
2019-02-07 08:10:00+00:00,18.75,0.0,68.66,1.03,17.43,5.98,1.38,0
2019-02-07 09:10:00+00:00,12.81,2.77,47.67,5.59,24.99,9.69,0.83,0
2019-02-07 10:10:00+00:00,14.59,30.04,46.06,6.97,30.3,11.6,0.48,0
2019-02-07 11:10:00+00:00,16.78,41.69,47.32,7.56,32.7,12.67,1.03,0
2019-02-07 12:10:00+00:00,13.16,36.16,39.24,7.41,31.81,13.23,1.24,0
2019-02-07 13:10:00+00:00,9.9,11.36,37.48,6.4,27.78,13.52,1.31,0
2019-02-07 14:10:00+00:00,20.13,0.0,74.9,1.13,21.18,13.54,1.59,0
2019-02-07 15:10:00+00:00,11.17,0.0,47.26,0.71,12.69,13.1,1.93,0
2019-02-07 16:10:00+00:00,0.93,0.0,10.7,0.16,2.94,12.05,1.93,0
2019-02-07 17:10:00+00:00,0.0,0.0,0.0,0.0,0.0,10.74,1.86,0
2019-02-07 18:10:00+00:00,0.0,0.0,0.0,0.0,0.0,9.2,1.52,0
2019-02-07 19:10:00+00:00,0.0,0.0,0.0,0.0,0.0,8.53,1.93,0
2019-02-07 20:10:00+00:00,0.0,0.0,0.0,0.0,0.0,8.26,1.72,0
2019-02-07 21:10:00+00:00,0.0,0.0,0.0,0.0,0.0,9.56,1.17,0
2019-02-07 22:10:00+00:00,0.0,0.0,0.0,0.0,0.0,9.5,0.48,0
2019-02-07 23:10:00+00:00,0.0,0.0,0.0,0.0,0.0,9.15,0.62,0
2019-02-08 00:10:00+00:00,0.0,0.0,0.0,0.0,0.0,8.72,0.69,0
2019-02-08 01:10:00+00:00,0.0,0.0,0.0,0.0,0.0,8.53,0.55,0
2019-02-08 02:10:00+00:00,0.0,0.0,0.0,0.0,0.0,8.57,0.55,0
2019-02-08 03:10:00+00:00,0.0,0.0,0.0,0.0,0.0,7.8,1.03,0
2019-02-08 04:10:00+00:00,0.0,0.0,0.0,0.0,0.0,6.42,1.59,0
2019-02-08 05:10:00+00:00,0.0,0.0,0.0,0.0,0.0,5.81,1.72,0
2019-02-08 06:10:00+00:00,0.0,0.0,0.0,0.0,0.0,5.4,2.0,0
2019-02-08 07:10:00+00:00,7.66,0.0,34.77,0.52,8.51,4.72,1.86,0
2019-02-08 08:10:00+00:00,17.7,0.0,65.98,0.99,17.67,7.53,1.45,0
2019-02-08 09:10:00+00:00,15.9,6.37,57.16,5.49,25.26,10.5,1.31,0
2019-02-08 10:10:00+00:00,15.73,34.2,47.68,6.97,30.6,11.58,1.03,0
2019-02-08 11:10:00+00:00,16.97,46.69,45.21,7.58,33.02,12.37,0.62,0
2019-02-08 12:10:00+00:00,43.08,24.18,132.09,6.39,32.13,12.92,0.21,0
2019-02-08 13:10:00+00:00,42.24,8.03,136.35,5.29,28.08,13.26,0.14,0
2019-02-08 14:10:00+00:00,23.69,0.0,85.6,1.29,21.45,13.42,0.55,0
2019-02-08 15:10:00+00:00,12.84,0.0,52.61,0.79,12.95,13.33,1.1,0
2019-02-08 16:10:00+00:00,1.31,0.0,12.48,0.19,3.17,12.58,1.66,0
2019-02-08 17:10:00+00:00,0.0,0.0,0.0,0.0,0.0,11.25,1.52,0
2019-02-08 18:10:00+00:00,0.0,0.0,0.0,0.0,0.0,11.04,0.76,0
2019-02-08 19:10:00+00:00,0.0,0.0,0.0,0.0,0.0,11.18,0.07,0
2019-02-08 20:10:00+00:00,0.0,0.0,0.0,0.0,0.0,10.67,0.34,0
2019-02-08 21:10:00+00:00,0.0,0.0,0.0,0.0,0.0,10.1,1.03,0
2019-02-08 22:10:00+00:00,0.0,0.0,0.0,0.0,0.0,8.53,1.24,0
2019-02-08 23:10:00+00:00,0.0,0.0,0.0,0.0,0.0,7.65,1.31,0
2019-02-09 00:10:00+00:00,0.0,0.0,0.0,0.0,0.0,7.41,1.24,0
2019-02-09 01:10:00+00:00,0.0,0.0,0.0,0.0,0.0,6.56,1.38,0
2019-02-09 02:10:00+00:00,0.0,0.0,0.0,0.0,0.0,5.37,1.72,0
2019-02-09 03:10:00+00:00,0.0,0.0,0.0,0.0,0.0,4.55,1.79,0
2019-02-09 04:10:00+00:00,0.0,0.0,0.0,0.0,0.0,4.34,1.66,0
2019-02-09 05:10:00+00:00,0.0,0.0,0.0,0.0,0.0,4.29,1.66,0
2019-02-09 06:10:00+00:00,0.0,0.0,0.0,0.0,0.0,3.99,1.72,0
2019-02-09 07:10:00+00:00,12.55,0.0,49.93,0.75,8.74,4.42,1.38,0
2019-02-09 08:10:00+00:00,38.77,0.0,126.62,1.9,17.92,7.56,0.76,0
2019-02-09 09:10:00+00:00,35.58,6.53,115.89,4.89,25.54,10.52,0.48,0
2019-02-09 10:10:00+00:00,16.57,38.86,48.11,7.03,30.9,11.98,0.76,0
2019-02-09 11:10:00+00:00,16.04,53.55,38.76,7.74,33.33,12.77,1.31,0
2019-02-09 12:10:00+00:00,28.58,36.26,84.29,7.01,32.44,13.13,1.93,0
2019-02-09 13:10:00+00:00,47.62,9.24,150.82,5.18,28.38,13.22,2.41,0
2019-02-09 14:10:00+00:00,44.75,0.0,146.23,2.2,21.73,13.01,2.48,0
2019-02-09 15:10:00+00:00,23.56,0.0,84.71,1.27,13.2,12.57,2.28,0
2019-02-09 16:10:00+00:00,1.32,0.0,12.48,0.19,3.41,11.86,1.66,0
2019-02-09 17:10:00+00:00,0.0,0.0,0.0,0.0,0.0,10.8,1.24,0
2019-02-09 18:10:00+00:00,0.0,0.0,0.0,0.0,0.0,10.81,0.76,0
2019-02-09 19:10:00+00:00,0.0,0.0,0.0,0.0,0.0,10.52,0.76,0
2019-02-09 20:10:00+00:00,0.0,0.0,0.0,0.0,0.0,10.48,0.9,0
2019-02-09 21:10:00+00:00,0.0,0.0,0.0,0.0,0.0,8.77,1.31,0
2019-02-09 22:10:00+00:00,0.0,0.0,0.0,0.0,0.0,7.98,1.45,0
2019-02-09 23:10:00+00:00,0.0,0.0,0.0,0.0,0.0,7.72,1.31,0
2019-02-10 00:10:00+00:00,0.0,0.0,0.0,0.0,0.0,7.63,1.24,0
2019-02-10 01:10:00+00:00,0.0,0.0,0.0,0.0,0.0,8.08,1.31,0
2019-02-10 02:10:00+00:00,0.0,0.0,0.0,0.0,0.0,8.68,1.52,0
2019-02-10 03:10:00+00:00,0.0,0.0,0.0,0.0,0.0,8.8,1.79,0
2019-02-10 04:10:00+00:00,0.0,0.0,0.0,0.0,0.0,8.61,2.14,0
2019-02-10 05:10:00+00:00,0.0,0.0,0.0,0.0,0.0,8.37,2.48,0
2019-02-10 06:10:00+00:00,0.0,0.0,0.0,0.0,0.0,8.29,2.76,0
2019-02-10 07:10:00+00:00,13.11,0.0,52.61,0.79,8.97,9.65,3.17,0
2019-02-10 08:10:00+00:00,31.17,0.0,106.11,1.59,18.18,11.0,3.38,0
2019-02-10 09:10:00+00:00,43.37,7.27,138.23,4.65,25.82,12.14,4.97,0
2019-02-10 10:10:00+00:00,73.22,4.36,224.35,3.95,31.21,13.0,5.79,0
2019-02-10 11:10:00+00:00,36.46,42.27,102.52,7.09,33.66,13.3,6.14,0
2019-02-10 12:10:00+00:00,37.84,34.81,110.72,6.77,32.76,13.41,6.14,0
2019-02-10 13:10:00+00:00,66.06,2.64,205.45,3.67,28.68,13.75,6.28,0
2019-02-10 14:10:00+00:00,45.8,0.0,148.91,2.24,22.01,13.53,5.72,0
2019-02-10 15:10:00+00:00,19.94,0.0,74.01,1.11,13.46,13.24,5.45,0
2019-02-10 16:10:00+00:00,1.51,0.0,13.37,0.2,3.65,12.78,5.03,0
2019-02-10 17:10:00+00:00,0.0,0.0,0.0,0.0,0.0,12.05,4.97,0
2019-02-10 18:10:00+00:00,0.0,0.0,0.0,0.0,0.0,11.53,5.1,0
2019-02-10 19:10:00+00:00,0.0,0.0,0.0,0.0,0.0,11.67,5.79,0
2019-02-10 20:10:00+00:00,0.0,0.0,0.0,0.0,0.0,11.58,5.45,0
2019-02-10 21:10:00+00:00,0.0,0.0,0.0,0.0,0.0,11.46,5.17,0
2019-02-10 22:10:00+00:00,0.0,0.0,0.0,0.0,0.0,11.29,4.83,0
2019-02-10 23:10:00+00:00,0.0,0.0,0.0,0.0,0.0,11.27,3.38,0
2019-02-11 00:10:00+00:00,0.0,0.0,0.0,0.0,0.0,11.12,2.34,0
2019-02-11 01:10:00+00:00,0.0,0.0,0.0,0.0,0.0,10.93,2.62,0
2019-02-11 02:10:00+00:00,0.0,0.0,0.0,0.0,0.0,11.24,3.59,0
2019-02-11 03:10:00+00:00,0.0,0.0,0.0,0.0,0.0,11.3,3.24,0
2019-02-11 04:10:00+00:00,0.0,0.0,0.0,0.0,0.0,11.42,2.69,0
2019-02-11 05:10:00+00:00,0.0,0.0,0.0,0.0,0.0,11.43,2.69,0
2019-02-11 06:10:00+00:00,0.0,0.0,0.0,0.0,0.0,11.48,4.0,0
2019-02-11 07:10:00+00:00,14.78,0.0,57.96,0.87,9.2,11.11,5.45,0
2019-02-11 08:10:00+00:00,40.89,0.0,133.75,2.01,18.44,11.37,5.45,0
2019-02-11 09:10:00+00:00,60.99,2.68,189.23,3.51,26.11,11.62,6.76,0
2019-02-11 10:10:00+00:00,73.28,11.58,218.89,4.92,31.52,11.04,7.03,0
2019-02-11 11:10:00+00:00,82.31,5.22,246.55,4.23,33.98,10.88,7.24,0
2019-02-11 12:10:00+00:00,43.74,0.0,141.75,2.04,33.09,11.55,7.31,0
2019-02-11 13:10:00+00:00,18.36,27.49,58.3,6.52,28.99,11.64,7.17,0
2019-02-11 14:10:00+00:00,5.56,0.0,28.53,0.43,22.29,11.11,6.62,0
2019-02-11 15:10:00+00:00,24.76,0.0,87.38,1.31,13.72,10.72,5.24,0
2019-02-11 16:10:00+00:00,1.14,0.0,11.59,0.17,3.88,9.45,5.24,0
2019-02-11 17:10:00+00:00,0.0,0.0,0.0,0.0,0.0,8.17,4.69,0
2019-02-11 18:10:00+00:00,0.0,0.0,0.0,0.0,0.0,7.57,4.21,0
2019-02-11 19:10:00+00:00,0.0,0.0,0.0,0.0,0.0,7.96,3.38,0
2019-02-11 20:10:00+00:00,0.0,0.0,0.0,0.0,0.0,7.75,3.45,0
2019-02-11 21:10:00+00:00,0.0,0.0,0.0,0.0,0.0,7.25,3.52,0
2019-02-11 22:10:00+00:00,0.0,0.0,0.0,0.0,0.0,6.76,3.93,0
2019-02-11 23:10:00+00:00,0.0,0.0,0.0,0.0,0.0,6.52,4.41,0
2019-02-12 00:10:00+00:00,0.0,0.0,0.0,0.0,0.0,6.34,4.48,0
2019-02-12 01:10:00+00:00,0.0,0.0,0.0,0.0,0.0,6.04,4.14,0
2019-02-12 02:10:00+00:00,0.0,0.0,0.0,0.0,0.0,5.74,3.93,0
2019-02-12 03:10:00+00:00,0.0,0.0,0.0,0.0,0.0,5.4,3.79,0
2019-02-12 04:10:00+00:00,0.0,0.0,0.0,0.0,0.0,5.06,3.79,0
2019-02-12 05:10:00+00:00,0.0,0.0,0.0,0.0,0.0,4.77,3.86,0
2019-02-12 06:10:00+00:00,0.0,0.0,0.0,0.0,0.0,4.47,3.66,0
2019-02-12 07:10:00+00:00,8.5,0.0,37.45,0.56,9.44,4.65,3.45,0
2019-02-12 08:10:00+00:00,16.63,0.0,62.42,0.94,18.7,6.32,3.59,0
2019-02-12 09:10:00+00:00,12.28,26.21,40.24,6.15,26.4,8.39,4.14,0
2019-02-12 10:10:00+00:00,18.34,56.87,42.95,7.53,31.84,10.3,4.41,0
2019-02-12 11:10:00+00:00,18.33,73.8,32.65,8.27,34.31,11.7,4.69,0
2019-02-12 12:10:00+00:00,17.34,64.76,35.84,8.0,33.42,12.49,5.17,0
2019-02-12 13:10:00+00:00,10.92,37.95,31.77,6.99,29.3,12.77,5.45,0
2019-02-12 14:10:00+00:00,19.39,0.0,72.22,1.09,22.58,12.7,5.72,0
2019-02-12 15:10:00+00:00,12.67,0.0,51.72,0.78,13.98,12.26,5.31,0
2019-02-12 16:10:00+00:00,3.32,0.0,20.51,0.31,4.12,11.17,4.55,0
2019-02-12 17:10:00+00:00,0.0,0.0,0.0,0.0,0.0,9.69,3.72,0
2019-02-12 18:10:00+00:00,0.0,0.0,0.0,0.0,0.0,8.38,3.1,0
2019-02-12 19:10:00+00:00,0.0,0.0,0.0,0.0,0.0,7.51,2.62,0
2019-02-12 20:10:00+00:00,0.0,0.0,0.0,0.0,0.0,6.09,2.28,0
2019-02-12 21:10:00+00:00,0.0,0.0,0.0,0.0,0.0,5.22,2.0,0
2019-02-12 22:10:00+00:00,0.0,0.0,0.0,0.0,0.0,4.61,1.86,0
2019-02-12 23:10:00+00:00,0.0,0.0,0.0,0.0,0.0,3.63,2.07,0
2019-02-13 00:10:00+00:00,0.0,0.0,0.0,0.0,0.0,2.92,2.28,0
2019-02-13 01:10:00+00:00,0.0,0.0,0.0,0.0,0.0,2.58,2.41,0
2019-02-13 02:10:00+00:00,0.0,0.0,0.0,0.0,0.0,2.4,2.62,0
2019-02-13 03:10:00+00:00,0.0,0.0,0.0,0.0,0.0,2.45,2.83,0
2019-02-13 04:10:00+00:00,0.0,0.0,0.0,0.0,0.0,2.44,2.9,0
2019-02-13 05:10:00+00:00,0.0,0.0,0.0,0.0,0.0,2.23,2.83,0
2019-02-13 06:10:00+00:00,0.0,0.0,0.0,0.0,0.0,1.97,2.69,0
2019-02-13 07:10:00+00:00,10.92,0.0,44.58,0.67,9.69,2.38,2.41,0
2019-02-13 08:10:00+00:00,19.14,0.0,69.55,1.05,18.97,5.22,1.93,0
2019-02-13 09:10:00+00:00,15.37,29.31,48.28,6.06,26.7,8.02,2.41,0
2019-02-13 10:10:00+00:00,22.32,58.46,52.76,7.4,32.16,9.75,3.45,0
2019-02-13 11:10:00+00:00,21.24,76.39,38.39,8.16,34.65,10.73,3.72,0
2019-02-13 12:10:00+00:00,21.31,66.36,45.46,7.86,33.75,11.5,3.66,0
2019-02-13 13:10:00+00:00,20.39,36.5,60.43,6.67,29.61,12.12,3.93,0
2019-02-13 14:10:00+00:00,10.48,1.06,41.19,5.12,22.86,12.46,4.07,0
2019-02-13 15:10:00+00:00,14.68,0.0,57.96,0.87,14.24,12.27,3.93,0
2019-02-13 16:10:00+00:00,3.8,0.0,22.29,0.33,4.36,11.14,3.93,0
2019-02-13 17:10:00+00:00,0.0,0.0,0.0,0.0,0.0,9.5,4.28,0
2019-02-13 18:10:00+00:00,0.0,0.0,0.0,0.0,0.0,8.28,4.62,0
2019-02-13 19:10:00+00:00,0.0,0.0,0.0,0.0,0.0,7.75,4.97,0
2019-02-13 20:10:00+00:00,0.0,0.0,0.0,0.0,0.0,7.06,4.76,0
2019-02-13 21:10:00+00:00,0.0,0.0,0.0,0.0,0.0,6.44,4.62,0
2019-02-13 22:10:00+00:00,0.0,0.0,0.0,0.0,0.0,5.83,4.34,0
2019-02-13 23:10:00+00:00,0.0,0.0,0.0,0.0,0.0,5.26,4.07,0
2019-02-14 00:10:00+00:00,0.0,0.0,0.0,0.0,0.0,4.69,3.86,0
2019-02-14 01:10:00+00:00,0.0,0.0,0.0,0.0,0.0,4.09,3.59,0
2019-02-14 02:10:00+00:00,0.0,0.0,0.0,0.0,0.0,3.46,3.38,0
2019-02-14 03:10:00+00:00,0.0,0.0,0.0,0.0,0.0,3.0,3.17,0
2019-02-14 04:10:00+00:00,0.0,0.0,0.0,0.0,0.0,2.61,2.9,0
2019-02-14 05:10:00+00:00,0.0,0.0,0.0,0.0,0.0,2.23,2.55,0
2019-02-14 06:10:00+00:00,0.0,0.0,0.0,0.0,0.0,1.85,2.34,0
2019-02-14 07:10:00+00:00,10.61,0.0,43.69,0.66,9.94,2.71,2.69,0
2019-02-14 08:10:00+00:00,17.92,0.0,65.98,0.99,19.25,5.09,2.0,0
2019-02-14 09:10:00+00:00,15.7,35.07,46.86,6.26,27.0,8.09,1.31,0
2019-02-14 10:10:00+00:00,21.12,67.88,44.09,7.72,32.49,10.13,0.41,0
2019-02-14 11:10:00+00:00,23.26,82.84,40.14,8.36,34.99,11.5,0.28,0
2019-02-14 12:10:00+00:00,23.18,72.38,47.33,8.05,34.08,12.37,0.69,0
2019-02-14 13:10:00+00:00,17.56,44.87,48.41,6.99,29.92,12.93,0.9,0
2019-02-14 14:10:00+00:00,7.79,5.98,32.0,5.39,23.15,13.12,1.31,0
2019-02-14 15:10:00+00:00,15.19,0.0,59.74,0.9,14.5,12.86,1.79,0
2019-02-14 16:10:00+00:00,4.02,0.0,23.18,0.35,4.6,11.79,1.93,0
2019-02-14 17:10:00+00:00,0.0,0.0,0.0,0.0,0.0,10.59,1.86,0
2019-02-14 18:10:00+00:00,0.0,0.0,0.0,0.0,0.0,9.38,1.24,0
2019-02-14 19:10:00+00:00,0.0,0.0,0.0,0.0,0.0,10.76,0.97,0
2019-02-14 20:10:00+00:00,0.0,0.0,0.0,0.0,0.0,10.41,0.55,0
2019-02-14 21:10:00+00:00,0.0,0.0,0.0,0.0,0.0,9.6,1.17,0
2019-02-14 22:10:00+00:00,0.0,0.0,0.0,0.0,0.0,6.59,1.93,0
2019-02-14 23:10:00+00:00,0.0,0.0,0.0,0.0,0.0,5.27,2.48,0
2019-02-15 00:10:00+00:00,0.0,0.0,0.0,0.0,0.0,4.82,2.55,0
2019-02-15 01:10:00+00:00,0.0,0.0,0.0,0.0,0.0,4.42,2.48,0
2019-02-15 02:10:00+00:00,0.0,0.0,0.0,0.0,0.0,4.31,2.69,0
2019-02-15 03:10:00+00:00,0.0,0.0,0.0,0.0,0.0,4.27,2.9,0
2019-02-15 04:10:00+00:00,0.0,0.0,0.0,0.0,0.0,3.95,2.76,0
2019-02-15 05:10:00+00:00,0.0,0.0,0.0,0.0,0.0,3.73,2.83,0
2019-02-15 06:10:00+00:00,0.0,0.0,0.0,0.0,0.0,3.55,2.9,0
2019-02-15 07:10:00+00:00,10.82,0.0,44.58,0.67,10.19,4.22,2.76,0
2019-02-15 08:10:00+00:00,19.28,0.0,70.44,1.06,19.52,7.01,2.48,0
2019-02-15 09:10:00+00:00,16.32,39.48,46.99,6.23,27.3,10.48,2.48,0
2019-02-15 10:10:00+00:00,22.66,71.35,46.37,7.62,32.82,12.87,2.41,0
2019-02-15 11:10:00+00:00,25.15,86.02,43.35,8.27,35.33,14.38,1.86,0
2019-02-15 12:10:00+00:00,25.03,75.63,50.72,7.97,34.41,15.38,2.07,0
2019-02-15 13:10:00+00:00,25.23,43.16,72.18,6.69,30.24,16.14,2.76,0
2019-02-15 14:10:00+00:00,11.67,9.77,44.92,5.23,23.43,16.65,3.31,0
2019-02-15 15:10:00+00:00,13.82,0.0,56.17,0.84,14.76,16.22,3.86,0
2019-02-15 16:10:00+00:00,4.45,0.0,24.97,0.38,4.84,14.68,4.48,0
2019-02-15 17:10:00+00:00,0.0,0.0,0.0,0.0,0.0,12.61,4.21,0
2019-02-15 18:10:00+00:00,0.0,0.0,0.0,0.0,0.0,10.89,3.52,0
2019-02-15 19:10:00+00:00,0.0,0.0,0.0,0.0,0.0,10.12,3.52,0
2019-02-15 20:10:00+00:00,0.0,0.0,0.0,0.0,0.0,9.11,3.59,0
2019-02-15 21:10:00+00:00,0.0,0.0,0.0,0.0,0.0,8.19,3.45,0
2019-02-15 22:10:00+00:00,0.0,0.0,0.0,0.0,0.0,7.35,3.31,0
2019-02-15 23:10:00+00:00,0.0,0.0,0.0,0.0,0.0,6.6,3.03,0
2019-02-16 00:10:00+00:00,0.0,0.0,0.0,0.0,0.0,5.93,2.9,0
2019-02-16 01:10:00+00:00,0.0,0.0,0.0,0.0,0.0,5.43,2.62,0
2019-02-16 02:10:00+00:00,0.0,0.0,0.0,0.0,0.0,4.62,2.34,0
2019-02-16 03:10:00+00:00,0.0,0.0,0.0,0.0,0.0,3.93,2.14,0
2019-02-16 04:10:00+00:00,0.0,0.0,0.0,0.0,0.0,3.37,2.07,0
2019-02-16 05:10:00+00:00,0.0,0.0,0.0,0.0,0.0,2.92,2.14,0
2019-02-16 06:10:00+00:00,0.0,0.0,0.0,0.0,0.0,2.6,2.21,0
2019-02-16 07:10:00+00:00,10.58,0.0,43.69,0.66,10.45,3.16,2.14,0
2019-02-16 08:10:00+00:00,9.92,3.25,38.86,4.41,19.81,6.14,1.93,0
2019-02-16 09:10:00+00:00,17.31,45.38,46.53,6.4,27.61,8.88,1.52,0
2019-02-16 10:10:00+00:00,25.22,76.87,49.22,7.77,33.15,10.92,0.76,0
2019-02-16 11:10:00+00:00,27.92,91.91,46.03,8.43,35.67,12.03,0.34,0
2019-02-16 12:10:00+00:00,27.77,81.13,53.59,8.12,34.75,12.73,1.1,0
2019-02-16 13:10:00+00:00,23.28,51.65,60.86,6.98,30.55,12.99,1.59,0
2019-02-16 14:10:00+00:00,12.05,14.58,44.39,5.39,23.72,12.95,1.79,0
2019-02-16 15:10:00+00:00,13.19,0.0,53.5,0.8,15.02,12.6,1.72,0
2019-02-16 16:10:00+00:00,5.02,0.0,26.75,0.4,5.08,11.87,1.31,0
2019-02-16 17:10:00+00:00,0.0,0.0,0.0,0.0,0.0,10.76,1.03,0
2019-02-16 18:10:00+00:00,0.0,0.0,0.0,0.0,0.0,10.43,0.48,0
2019-02-16 19:10:00+00:00,0.0,0.0,0.0,0.0,0.0,9.79,0.76,0
2019-02-16 20:10:00+00:00,0.0,0.0,0.0,0.0,0.0,9.82,0.34,0
2019-02-16 21:10:00+00:00,0.0,0.0,0.0,0.0,0.0,9.56,0.14,0
2019-02-16 22:10:00+00:00,0.0,0.0,0.0,0.0,0.0,9.02,0.62,0
2019-02-16 23:10:00+00:00,0.0,0.0,0.0,0.0,0.0,8.39,1.1,0
2019-02-17 00:10:00+00:00,0.0,0.0,0.0,0.0,0.0,6.46,1.38,0
2019-02-17 01:10:00+00:00,0.0,0.0,0.0,0.0,0.0,5.16,1.52,0
2019-02-17 02:10:00+00:00,0.0,0.0,0.0,0.0,0.0,4.33,1.59,0
2019-02-17 03:10:00+00:00,0.0,0.0,0.0,0.0,0.0,3.88,1.52,0
2019-02-17 04:10:00+00:00,0.0,0.0,0.0,0.0,0.0,3.56,1.45,0
2019-02-17 05:10:00+00:00,0.0,0.0,0.0,0.0,0.0,3.17,1.52,0
2019-02-17 06:10:00+00:00,0.0,0.0,0.0,0.0,0.0,2.74,1.59,0
2019-02-17 07:10:00+00:00,12.32,0.0,49.04,0.74,10.71,3.43,1.38,0
2019-02-17 08:10:00+00:00,10.1,7.64,39.13,4.43,20.09,6.78,0.76,0
2019-02-17 09:10:00+00:00,19.52,48.68,51.25,6.35,27.93,10.12,1.03,0
2019-02-17 10:10:00+00:00,25.1,84.0,43.83,7.84,33.49,11.62,1.59,0
2019-02-17 11:10:00+00:00,28.92,97.72,44.02,8.44,36.02,12.69,2.0,0
2019-02-17 12:10:00+00:00,28.56,86.7,51.51,8.13,35.09,13.41,2.28,0
2019-02-17 13:10:00+00:00,22.93,57.55,56.34,7.03,30.87,13.74,2.48,0
2019-02-17 14:10:00+00:00,11.3,19.54,40.79,5.43,24.01,13.7,2.69,0
2019-02-17 15:10:00+00:00,14.88,0.0,58.85,0.88,15.28,13.27,2.76,0
2019-02-17 16:10:00+00:00,4.26,0.0,24.07,0.36,5.32,12.33,2.41,0
2019-02-17 17:10:00+00:00,0.0,0.0,0.0,0.0,0.0,11.02,2.21,0
2019-02-17 18:10:00+00:00,0.0,0.0,0.0,0.0,0.0,9.9,1.72,0
2019-02-17 19:10:00+00:00,0.0,0.0,0.0,0.0,0.0,8.86,1.72,0
2019-02-17 20:10:00+00:00,0.0,0.0,0.0,0.0,0.0,9.75,1.1,0
2019-02-17 21:10:00+00:00,0.0,0.0,0.0,0.0,0.0,9.49,0.69,0
2019-02-17 22:10:00+00:00,0.0,0.0,0.0,0.0,0.0,9.11,0.69,0
2019-02-17 23:10:00+00:00,0.0,0.0,0.0,0.0,0.0,8.4,0.76,0
2019-02-18 00:10:00+00:00,0.0,0.0,0.0,0.0,0.0,7.37,1.03,0
2019-02-18 01:10:00+00:00,0.0,0.0,0.0,0.0,0.0,4.93,1.31,0
2019-02-18 02:10:00+00:00,0.0,0.0,0.0,0.0,0.0,4.09,1.1,0
2019-02-18 03:10:00+00:00,0.0,0.0,0.0,0.0,0.0,4.0,1.24,0
2019-02-18 04:10:00+00:00,0.0,0.0,0.0,0.0,0.0,4.44,1.45,0
2019-02-18 05:10:00+00:00,0.0,0.0,0.0,0.0,0.0,4.45,1.45,0
2019-02-18 06:10:00+00:00,0.0,0.0,0.0,0.0,0.0,4.42,1.38,0
2019-02-18 07:10:00+00:00,18.92,0.0,69.55,1.05,10.98,7.21,0.62,0
2019-02-18 08:10:00+00:00,44.55,2.03,142.66,2.79,20.38,8.01,0.28,0
2019-02-18 09:10:00+00:00,62.72,2.69,194.52,3.11,28.24,8.81,0.21,0
2019-02-18 10:10:00+00:00,69.42,1.61,214.65,3.23,33.83,10.13,0.76,0
2019-02-18 11:10:00+00:00,79.01,3.04,242.09,3.74,36.37,11.33,1.17,0
2019-02-18 12:10:00+00:00,71.74,1.63,223.05,3.35,35.44,12.42,1.24,0
2019-02-18 13:10:00+00:00,63.15,1.34,198.72,3.0,31.19,12.8,1.52,0
2019-02-18 14:10:00+00:00,53.18,5.15,168.7,3.6,24.3,12.84,1.79,0
2019-02-18 15:10:00+00:00,31.51,0.0,107.89,1.62,15.54,12.42,2.07,0
2019-02-18 16:10:00+00:00,6.58,0.0,32.1,0.48,5.56,11.61,1.93,0
2019-02-18 17:10:00+00:00,0.0,0.0,0.0,0.0,0.0,10.41,1.93,0
2019-02-18 18:10:00+00:00,0.0,0.0,0.0,0.0,0.0,9.4,1.66,0
2019-02-18 19:10:00+00:00,0.0,0.0,0.0,0.0,0.0,8.92,1.1,0
2019-02-18 20:10:00+00:00,0.0,0.0,0.0,0.0,0.0,8.94,1.03,0
2019-02-18 21:10:00+00:00,0.0,0.0,0.0,0.0,0.0,9.27,0.9,0
2019-02-18 22:10:00+00:00,0.0,0.0,0.0,0.0,0.0,9.08,0.76,0
2019-02-18 23:10:00+00:00,0.0,0.0,0.0,0.0,0.0,8.81,0.9,0
2019-02-19 00:10:00+00:00,0.0,0.0,0.0,0.0,0.0,8.18,0.9,0
2019-02-19 01:10:00+00:00,0.0,0.0,0.0,0.0,0.0,8.17,0.76,0
2019-02-19 02:10:00+00:00,0.0,0.0,0.0,0.0,0.0,8.17,0.62,0
2019-02-19 03:10:00+00:00,0.0,0.0,0.0,0.0,0.0,7.91,0.69,0
2019-02-19 04:10:00+00:00,0.0,0.0,0.0,0.0,0.0,6.9,0.97,0
2019-02-19 05:10:00+00:00,0.0,0.0,0.0,0.0,0.0,6.43,0.97,0
2019-02-19 06:10:00+00:00,0.0,0.0,0.0,0.0,0.0,5.99,1.03,0
2019-02-19 07:10:00+00:00,17.95,0.0,66.87,1.0,11.25,7.87,0.76,0
2019-02-19 08:10:00+00:00,38.93,0.32,127.65,1.92,20.68,8.75,0.76,0
2019-02-19 09:10:00+00:00,45.6,0.15,147.19,2.13,28.56,9.96,1.24,0
2019-02-19 10:10:00+00:00,54.21,0.19,172.38,2.49,34.17,10.91,1.1,0
2019-02-19 11:10:00+00:00,73.97,1.39,229.07,3.4,36.73,11.64,0.97,0
2019-02-19 12:10:00+00:00,56.24,0.0,179.06,2.57,35.78,12.07,1.31,0
2019-02-19 13:10:00+00:00,53.6,0.16,171.43,2.48,31.51,12.27,1.59,0
2019-02-19 14:10:00+00:00,47.42,0.53,153.56,2.3,24.59,12.26,1.66,0
2019-02-19 15:10:00+00:00,29.09,0.0,100.76,1.51,15.8,11.99,1.72,0
2019-02-19 16:10:00+00:00,7.12,0.0,33.88,0.51,5.8,11.33,1.52,0
2019-02-19 17:10:00+00:00,0.0,0.0,0.0,0.0,0.0,10.3,1.52,0
2019-02-19 18:10:00+00:00,0.0,0.0,0.0,0.0,0.0,8.83,1.17,0
2019-02-19 19:10:00+00:00,0.0,0.0,0.0,0.0,0.0,7.54,1.45,0
2019-02-19 20:10:00+00:00,0.0,0.0,0.0,0.0,0.0,7.09,1.45,0
2019-02-19 21:10:00+00:00,0.0,0.0,0.0,0.0,0.0,6.82,1.38,0
2019-02-19 22:10:00+00:00,0.0,0.0,0.0,0.0,0.0,6.7,1.31,0
2019-02-19 23:10:00+00:00,0.0,0.0,0.0,0.0,0.0,6.68,1.24,0
2019-02-20 00:10:00+00:00,0.0,0.0,0.0,0.0,0.0,6.49,1.24,0
2019-02-20 01:10:00+00:00,0.0,0.0,0.0,0.0,0.0,5.75,1.38,0
2019-02-20 02:10:00+00:00,0.0,0.0,0.0,0.0,0.0,4.85,1.59,0
2019-02-20 03:10:00+00:00,0.0,0.0,0.0,0.0,0.0,4.08,1.72,0
2019-02-20 04:10:00+00:00,0.0,0.0,0.0,0.0,0.0,3.56,1.86,0
2019-02-20 05:10:00+00:00,0.0,0.0,0.0,0.0,0.0,3.3,1.86,0
2019-02-20 06:10:00+00:00,0.0,0.0,0.0,0.0,0.0,3.19,1.86,0
2019-02-20 07:10:00+00:00,13.72,0.0,53.5,0.8,11.53,4.73,1.79,0
2019-02-20 08:10:00+00:00,12.46,21.05,43.33,4.62,20.98,7.65,1.52,0
2019-02-20 09:10:00+00:00,23.1,65.1,50.94,6.62,28.89,10.05,1.52,0
2019-02-20 10:10:00+00:00,29.68,103.07,41.36,8.11,34.52,11.39,1.72,0
2019-02-20 11:10:00+00:00,34.03,117.41,41.49,8.72,37.09,12.35,2.14,0
2019-02-20 12:10:00+00:00,33.34,105.21,49.51,8.4,36.13,12.88,2.48,0
2019-02-20 13:10:00+00:00,25.41,75.75,50.77,7.33,31.84,13.19,2.83,0
2019-02-20 14:10:00+00:00,13.94,34.04,43.31,5.64,24.88,13.18,3.1,0
2019-02-20 15:10:00+00:00,14.34,0.0,57.07,0.86,16.06,12.86,3.31,0
2019-02-20 16:10:00+00:00,4.52,0.0,24.97,0.38,6.03,12.05,2.97,0
2019-02-20 17:10:00+00:00,0.0,0.0,0.0,0.0,0.0,10.85,2.83,0
2019-02-20 18:10:00+00:00,0.0,0.0,0.0,0.0,0.0,9.91,2.48,0
2019-02-20 19:10:00+00:00,0.0,0.0,0.0,0.0,0.0,9.12,2.34,0
2019-02-20 20:10:00+00:00,0.0,0.0,0.0,0.0,0.0,8.24,2.14,0
2019-02-20 21:10:00+00:00,0.0,0.0,0.0,0.0,0.0,7.36,2.07,0
2019-02-20 22:10:00+00:00,0.0,0.0,0.0,0.0,0.0,7.01,1.86,0
2019-02-20 23:10:00+00:00,0.0,0.0,0.0,0.0,0.0,6.53,1.79,0
2019-02-21 00:10:00+00:00,0.0,0.0,0.0,0.0,0.0,5.64,2.0,0
2019-02-21 01:10:00+00:00,0.0,0.0,0.0,0.0,0.0,4.82,2.0,0
2019-02-21 02:10:00+00:00,0.0,0.0,0.0,0.0,0.0,4.24,2.0,0
2019-02-21 03:10:00+00:00,0.0,0.0,0.0,0.0,0.0,3.71,1.93,0
2019-02-21 04:10:00+00:00,0.0,0.0,0.0,0.0,0.0,3.16,1.86,0
2019-02-21 05:10:00+00:00,0.0,0.0,0.0,0.0,0.0,2.71,1.79,0
2019-02-21 06:10:00+00:00,0.0,0.0,0.0,0.0,0.0,2.32,1.79,0
2019-02-21 07:10:00+00:00,13.18,0.0,51.72,0.78,11.81,3.86,1.38,0
2019-02-21 08:10:00+00:00,12.81,25.85,42.63,4.68,21.28,7.46,1.03,0
2019-02-21 09:10:00+00:00,23.7,71.09,48.39,6.67,29.22,9.86,1.03,0
2019-02-21 10:10:00+00:00,30.83,109.94,38.95,8.17,34.87,11.46,1.03,0
2019-02-21 11:10:00+00:00,36.96,120.1,46.62,8.68,37.45,12.63,1.45,0
2019-02-21 12:10:00+00:00,37.48,105.92,59.55,8.33,36.48,13.33,2.07,0
2019-02-21 13:10:00+00:00,27.34,80.25,52.82,7.36,32.16,13.62,2.48,0
2019-02-21 14:10:00+00:00,15.11,38.57,44.77,5.67,25.17,13.63,2.69,0
2019-02-21 15:10:00+00:00,16.34,0.0,63.31,0.95,16.32,13.31,2.83,0
2019-02-21 16:10:00+00:00,5.0,0.0,26.75,0.4,6.27,12.57,2.62,0
2019-02-21 17:10:00+00:00,0.0,0.0,0.0,0.0,0.0,11.39,2.41,0
2019-02-21 18:10:00+00:00,0.0,0.0,0.0,0.0,0.0,10.42,2.0,0
2019-02-21 19:10:00+00:00,0.0,0.0,0.0,0.0,0.0,9.28,1.93,0
2019-02-21 20:10:00+00:00,0.0,0.0,0.0,0.0,0.0,8.51,1.79,0
2019-02-21 21:10:00+00:00,0.0,0.0,0.0,0.0,0.0,8.1,1.66,0
2019-02-21 22:10:00+00:00,0.0,0.0,0.0,0.0,0.0,8.09,1.38,0
2019-02-21 23:10:00+00:00,0.0,0.0,0.0,0.0,0.0,8.22,1.17,0
2019-02-22 00:10:00+00:00,0.0,0.0,0.0,0.0,0.0,7.54,1.17,0
2019-02-22 01:10:00+00:00,0.0,0.0,0.0,0.0,0.0,6.54,1.38,0
2019-02-22 02:10:00+00:00,0.0,0.0,0.0,0.0,0.0,5.67,1.66,0
2019-02-22 03:10:00+00:00,0.0,0.0,0.0,0.0,0.0,5.07,1.66,0
2019-02-22 04:10:00+00:00,0.0,0.0,0.0,0.0,0.0,4.63,1.59,0
2019-02-22 05:10:00+00:00,0.0,0.0,0.0,0.0,0.0,4.23,1.59,0
2019-02-22 06:10:00+00:00,0.0,0.0,0.0,0.0,0.0,3.82,1.59,0
2019-02-22 07:10:00+00:00,14.31,0.0,55.28,0.83,12.09,4.77,1.45,0
2019-02-22 08:10:00+00:00,14.71,29.86,46.74,4.72,21.59,8.3,1.66,0
2019-02-22 09:10:00+00:00,24.56,77.6,46.19,6.77,29.55,10.46,2.07,0
2019-02-22 10:10:00+00:00,33.73,113.49,43.26,8.17,35.23,11.98,2.34,0
2019-02-22 11:10:00+00:00,38.41,127.74,43.92,8.79,37.81,13.22,3.03,0
2019-02-22 12:10:00+00:00,39.39,111.01,60.25,8.37,36.84,14.13,3.79,0
2019-02-22 13:10:00+00:00,39.01,70.51,90.91,7.01,32.48,14.83,4.14,0
2019-02-22 14:10:00+00:00,19.54,40.12,57.22,5.59,25.46,15.25,4.41,0
2019-02-22 15:10:00+00:00,12.75,0.0,52.61,0.79,16.58,15.26,4.28,0
2019-02-22 16:10:00+00:00,5.97,0.0,30.32,0.46,6.51,14.48,4.07,0
2019-02-22 17:10:00+00:00,0.0,0.0,0.0,0.0,0.0,13.22,4.34,0
2019-02-22 18:10:00+00:00,0.0,0.0,0.0,0.0,0.0,12.3,4.69,0
2019-02-22 19:10:00+00:00,0.0,0.0,0.0,0.0,0.0,11.87,4.55,0
2019-02-22 20:10:00+00:00,0.0,0.0,0.0,0.0,0.0,11.18,4.41,0
2019-02-22 21:10:00+00:00,0.0,0.0,0.0,0.0,0.0,10.46,3.93,0
2019-02-22 22:10:00+00:00,0.0,0.0,0.0,0.0,0.0,9.78,3.93,0
2019-02-22 23:10:00+00:00,0.0,0.0,0.0,0.0,0.0,9.29,4.21,0
2019-02-23 00:10:00+00:00,0.0,0.0,0.0,0.0,0.0,8.87,4.55,0
2019-02-23 01:10:00+00:00,0.0,0.0,0.0,0.0,0.0,8.52,4.76,0
2019-02-23 02:10:00+00:00,0.0,0.0,0.0,0.0,0.0,8.07,5.1,0
2019-02-23 03:10:00+00:00,0.0,0.0,0.0,0.0,0.0,7.44,5.31,0
2019-02-23 04:10:00+00:00,0.0,0.0,0.0,0.0,0.0,6.91,5.38,0
2019-02-23 05:10:00+00:00,0.0,0.0,0.0,0.0,0.0,6.33,5.45,0
2019-02-23 06:10:00+00:00,0.0,0.0,0.0,0.0,0.0,5.46,5.17,0
2019-02-23 07:10:00+00:00,11.33,0.0,46.37,0.7,12.38,5.64,5.03,0
2019-02-23 08:10:00+00:00,13.23,38.96,37.77,5.1,21.9,5.52,3.72,0
2019-02-23 09:10:00+00:00,27.18,87.45,45.09,7.14,29.89,5.99,4.14,0
2019-02-23 10:10:00+00:00,37.64,125.21,42.17,8.6,35.59,6.77,4.21,0
2019-02-23 11:10:00+00:00,47.06,129.96,61.25,9.04,38.18,7.6,4.62,0
2019-02-23 12:10:00+00:00,50.46,108.69,86.94,8.51,37.19,7.78,5.72,0
2019-02-23 13:10:00+00:00,34.55,91.67,60.9,7.72,32.81,7.52,6.97,0
2019-02-23 14:10:00+00:00,17.92,51.01,44.76,6.06,25.75,7.1,7.31,0
2019-02-23 15:10:00+00:00,13.62,0.0,53.5,0.8,16.84,6.71,6.41,0
2019-02-23 16:10:00+00:00,5.45,0.0,27.64,0.42,6.75,6.11,4.41,0
2019-02-23 17:10:00+00:00,0.0,0.0,0.0,0.0,0.0,5.23,3.38,0
2019-02-23 18:10:00+00:00,0.0,0.0,0.0,0.0,0.0,4.33,3.45,0
2019-02-23 19:10:00+00:00,0.0,0.0,0.0,0.0,0.0,4.14,3.59,0
2019-02-23 20:10:00+00:00,0.0,0.0,0.0,0.0,0.0,3.62,3.72,0
2019-02-23 21:10:00+00:00,0.0,0.0,0.0,0.0,0.0,3.34,4.28,0
2019-02-23 22:10:00+00:00,0.0,0.0,0.0,0.0,0.0,3.07,4.9,0
2019-02-23 23:10:00+00:00,0.0,0.0,0.0,0.0,0.0,2.87,5.24,0
2019-02-24 00:10:00+00:00,0.0,0.0,0.0,0.0,0.0,2.69,5.31,0
2019-02-24 01:10:00+00:00,0.0,0.0,0.0,0.0,0.0,2.51,5.24,0
2019-02-24 02:10:00+00:00,0.0,0.0,0.0,0.0,0.0,2.35,5.17,0
2019-02-24 03:10:00+00:00,0.0,0.0,0.0,0.0,0.0,2.22,5.1,0
2019-02-24 04:10:00+00:00,0.0,0.0,0.0,0.0,0.0,2.09,5.17,0
2019-02-24 05:10:00+00:00,0.0,0.0,0.0,0.0,0.0,2.0,5.17,0
2019-02-24 06:10:00+00:00,0.0,0.0,0.0,0.0,0.0,1.95,5.17,0
2019-02-24 07:10:00+00:00,14.17,0.0,54.39,0.82,12.67,2.99,3.86,0
2019-02-24 08:10:00+00:00,15.55,42.6,42.33,5.08,22.21,4.85,4.0,0
2019-02-24 09:10:00+00:00,29.15,91.79,46.83,7.13,30.23,6.55,3.59,0
2019-02-24 10:10:00+00:00,40.81,126.9,48.77,8.53,35.95,8.09,3.1,0
2019-02-24 11:10:00+00:00,47.7,136.06,58.56,9.04,38.55,9.48,2.9,0
2019-02-24 12:10:00+00:00,53.86,107.91,97.91,8.39,37.55,10.64,2.97,0
2019-02-24 13:10:00+00:00,34.9,97.18,59.32,7.73,33.14,11.46,3.1,0
2019-02-24 14:10:00+00:00,19.03,55.27,46.59,6.04,26.04,11.9,3.03,0
2019-02-24 15:10:00+00:00,7.19,3.89,31.26,3.79,17.11,11.89,2.97,0
2019-02-24 16:10:00+00:00,5.55,0.0,28.53,0.43,6.99,11.19,2.62,0
2019-02-24 17:10:00+00:00,0.0,0.0,0.0,0.0,0.0,9.72,2.76,0
2019-02-24 18:10:00+00:00,0.0,0.0,0.0,0.0,0.0,8.05,2.9,0
2019-02-24 19:10:00+00:00,0.0,0.0,0.0,0.0,0.0,6.64,2.97,0
2019-02-24 20:10:00+00:00,0.0,0.0,0.0,0.0,0.0,5.62,3.03,0
2019-02-24 21:10:00+00:00,0.0,0.0,0.0,0.0,0.0,4.82,3.17,0
2019-02-24 22:10:00+00:00,0.0,0.0,0.0,0.0,0.0,4.08,3.1,0
2019-02-24 23:10:00+00:00,0.0,0.0,0.0,0.0,0.0,3.53,3.17,0
2019-02-25 00:10:00+00:00,0.0,0.0,0.0,0.0,0.0,3.19,3.52,0
2019-02-25 01:10:00+00:00,0.0,0.0,0.0,0.0,0.0,2.99,3.86,0
2019-02-25 02:10:00+00:00,0.0,0.0,0.0,0.0,0.0,2.84,4.07,0
2019-02-25 03:10:00+00:00,0.0,0.0,0.0,0.0,0.0,2.73,4.14,0
2019-02-25 04:10:00+00:00,0.0,0.0,0.0,0.0,0.0,2.59,4.14,0
2019-02-25 05:10:00+00:00,0.0,0.0,0.0,0.0,0.0,2.43,4.14,0
2019-02-25 06:10:00+00:00,0.0,0.0,0.0,0.0,0.0,2.3,4.07,0
2019-02-25 07:10:00+00:00,10.84,0.0,44.58,0.67,12.96,3.94,5.17,0
2019-02-25 08:10:00+00:00,31.09,32.1,90.36,4.53,22.52,6.13,5.17,0
2019-02-25 09:10:00+00:00,69.17,34.7,190.52,5.33,30.57,8.61,5.17,0
2019-02-25 10:10:00+00:00,64.69,84.07,143.56,7.45,36.31,10.71,4.9,0
2019-02-25 11:10:00+00:00,63.74,105.78,124.46,8.27,38.92,12.29,4.62,0
2019-02-25 12:10:00+00:00,47.06,128.03,64.94,8.67,37.91,13.4,4.55,0
2019-02-25 13:10:00+00:00,35.68,101.86,58.09,7.69,33.46,14.01,4.83,0
2019-02-25 14:10:00+00:00,19.73,59.74,46.06,6.0,26.34,14.03,4.97,0
2019-02-25 15:10:00+00:00,8.06,8.15,33.94,3.76,17.37,13.37,4.55,0
2019-02-25 16:10:00+00:00,9.55,0.0,41.91,0.63,7.22,12.26,3.79,0
2019-02-25 17:10:00+00:00,0.0,0.0,0.0,0.0,0.0,10.67,3.86,0
2019-02-25 18:10:00+00:00,0.0,0.0,0.0,0.0,0.0,9.17,2.69,0
2019-02-25 19:10:00+00:00,0.0,0.0,0.0,0.0,0.0,9.85,0.69,0
2019-02-25 20:10:00+00:00,0.0,0.0,0.0,0.0,0.0,6.42,1.66,0
2019-02-25 21:10:00+00:00,0.0,0.0,0.0,0.0,0.0,5.28,1.79,0
2019-02-25 22:10:00+00:00,0.0,0.0,0.0,0.0,0.0,4.35,2.0,0
2019-02-25 23:10:00+00:00,0.0,0.0,0.0,0.0,0.0,4.1,1.86,0
2019-02-26 00:10:00+00:00,0.0,0.0,0.0,0.0,0.0,5.97,1.1,0
2019-02-26 01:10:00+00:00,0.0,0.0,0.0,0.0,0.0,4.95,1.17,0
2019-02-26 02:10:00+00:00,0.0,0.0,0.0,0.0,0.0,2.83,1.59,0
2019-02-26 03:10:00+00:00,0.0,0.0,0.0,0.0,0.0,1.91,1.72,0
2019-02-26 04:10:00+00:00,0.0,0.0,0.0,0.0,0.0,1.47,1.86,0
2019-02-26 05:10:00+00:00,0.0,0.0,0.0,0.0,0.0,1.38,1.86,0
2019-02-26 06:10:00+00:00,0.81,0.0,9.81,0.15,2.75,1.17,1.86,0
2019-02-26 07:10:00+00:00,17.05,0.63,62.0,2.32,13.26,3.86,1.17,0
2019-02-26 08:10:00+00:00,24.49,43.68,66.73,4.85,22.84,6.98,0.97,0
2019-02-26 09:10:00+00:00,40.31,85.29,80.5,6.77,30.91,9.27,1.17,0
2019-02-26 10:10:00+00:00,91.29,28.7,258.21,5.57,36.68,10.81,1.72,0
2019-02-26 11:10:00+00:00,96.1,39.68,264.54,6.31,39.3,12.08,2.07,0
2019-02-26 12:10:00+00:00,95.39,17.78,279.09,5.17,38.27,12.62,2.28,0
2019-02-26 13:10:00+00:00,61.07,0.68,192.57,2.81,33.79,13.09,2.69,0
2019-02-26 14:10:00+00:00,61.37,6.4,190.8,3.34,26.63,13.36,3.03,0
2019-02-26 15:10:00+00:00,13.09,0.0,53.16,0.76,17.63,12.46,3.1,0
2019-02-26 16:10:00+00:00,6.59,0.0,32.1,0.48,7.46,11.5,2.97,0
2019-02-26 17:10:00+00:00,0.0,0.0,0.0,0.0,0.0,11.04,2.41,0
2019-02-26 18:10:00+00:00,0.0,0.0,0.0,0.0,0.0,10.5,1.72,0
2019-02-26 19:10:00+00:00,0.0,0.0,0.0,0.0,0.0,10.73,1.17,0
2019-02-26 20:10:00+00:00,0.0,0.0,0.0,0.0,0.0,10.93,1.03,0
2019-02-26 21:10:00+00:00,0.0,0.0,0.0,0.0,0.0,8.81,1.72,0
2019-02-26 22:10:00+00:00,0.0,0.0,0.0,0.0,0.0,8.01,2.21,0
2019-02-26 23:10:00+00:00,0.0,0.0,0.0,0.0,0.0,7.55,2.28,0
2019-02-27 00:10:00+00:00,0.0,0.0,0.0,0.0,0.0,7.13,2.41,0
2019-02-27 01:10:00+00:00,0.0,0.0,0.0,0.0,0.0,6.53,2.62,0
2019-02-27 02:10:00+00:00,0.0,0.0,0.0,0.0,0.0,6.46,2.83,0
2019-02-27 03:10:00+00:00,0.0,0.0,0.0,0.0,0.0,6.5,3.17,0
2019-02-27 04:10:00+00:00,0.0,0.0,0.0,0.0,0.0,6.61,3.31,0
2019-02-27 05:10:00+00:00,0.0,0.0,0.0,0.0,0.0,6.43,3.45,0
2019-02-27 06:10:00+00:00,0.78,0.0,9.81,0.15,3.03,6.17,3.52,0
2019-02-27 07:10:00+00:00,12.92,4.07,49.84,2.6,13.56,7.48,3.38,0
2019-02-27 08:10:00+00:00,50.94,17.7,153.86,3.78,23.17,10.45,3.31,0
2019-02-27 09:10:00+00:00,42.84,90.32,84.71,6.91,31.26,13.21,3.72,0
2019-02-27 10:10:00+00:00,57.65,113.78,104.63,8.09,37.05,15.6,4.21,0
2019-02-27 11:10:00+00:00,55.91,143.23,76.18,9.0,39.68,17.34,4.69,0
2019-02-27 12:10:00+00:00,59.35,118.48,106.93,8.44,38.63,18.34,4.9,0
2019-02-27 13:10:00+00:00,38.82,113.97,58.7,7.88,34.12,18.85,4.76,0
2019-02-27 14:10:00+00:00,24.76,66.95,56.69,6.08,26.92,18.79,4.55,0
2019-02-27 15:10:00+00:00,9.28,17.04,36.74,3.9,17.88,18.16,3.93,0
2019-02-27 16:10:00+00:00,6.41,0.0,32.1,0.48,7.7,16.65,3.66,0
2019-02-27 17:10:00+00:00,0.0,0.0,0.0,0.0,0.0,14.39,3.52,0
2019-02-27 18:10:00+00:00,0.0,0.0,0.0,0.0,0.0,12.51,3.52,0
2019-02-27 19:10:00+00:00,0.0,0.0,0.0,0.0,0.0,11.81,3.31,0
2019-02-27 20:10:00+00:00,0.0,0.0,0.0,0.0,0.0,10.62,3.31,0
2019-02-27 21:10:00+00:00,0.0,0.0,0.0,0.0,0.0,9.36,3.03,0
2019-02-27 22:10:00+00:00,0.0,0.0,0.0,0.0,0.0,7.88,2.48,0
2019-02-27 23:10:00+00:00,0.0,0.0,0.0,0.0,0.0,6.61,2.14,0
2019-02-28 00:10:00+00:00,0.0,0.0,0.0,0.0,0.0,5.93,2.0,0
2019-02-28 01:10:00+00:00,0.0,0.0,0.0,0.0,0.0,5.4,1.93,0
2019-02-28 02:10:00+00:00,0.0,0.0,0.0,0.0,0.0,5.1,1.86,0
2019-02-28 03:10:00+00:00,0.0,0.0,0.0,0.0,0.0,5.14,1.79,0
2019-02-28 04:10:00+00:00,0.0,0.0,0.0,0.0,0.0,4.78,1.72,0
2019-02-28 05:10:00+00:00,0.0,0.0,0.0,0.0,0.0,4.11,1.72,0
2019-02-28 06:10:00+00:00,1.6,0.0,13.37,0.2,3.32,3.51,1.72,0
2019-02-28 07:10:00+00:00,8.01,9.45,33.21,2.84,13.86,5.54,1.17,0
2019-02-28 08:10:00+00:00,20.49,62.89,45.03,5.28,23.49,9.8,0.9,0
2019-02-28 09:10:00+00:00,34.98,115.82,44.9,7.34,31.61,12.32,0.41,0
2019-02-28 10:10:00+00:00,48.05,149.78,49.58,8.69,37.42,13.39,0.76,0
2019-02-28 11:10:00+00:00,54.03,161.5,54.19,9.24,40.06,14.23,1.66,0
2019-02-28 12:10:00+00:00,61.26,124.1,104.72,8.48,38.99,14.71,2.41,0
2019-02-28 13:10:00+00:00,40.65,120.14,56.25,7.9,34.45,14.78,2.83,0
2019-02-28 14:10:00+00:00,24.46,75.15,48.84,6.19,27.21,14.57,2.76,0
2019-02-28 15:10:00+00:00,10.38,21.2,38.34,3.91,18.14,14.08,2.21,0
2019-02-28 16:10:00+00:00,6.78,0.0,32.99,0.5,7.93,13.38,1.45,0
2019-02-28 17:10:00+00:00,0.0,0.0,0.0,0.0,0.0,12.45,1.45,0
2019-02-28 18:10:00+00:00,0.0,0.0,0.0,0.0,0.0,11.24,1.93,0
2019-02-28 19:10:00+00:00,0.0,0.0,0.0,0.0,0.0,9.94,1.79,0
2019-02-28 20:10:00+00:00,0.0,0.0,0.0,0.0,0.0,8.88,1.93,0
2019-02-28 21:10:00+00:00,0.0,0.0,0.0,0.0,0.0,8.27,1.93,0
2019-02-28 22:10:00+00:00,0.0,0.0,0.0,0.0,0.0,7.8,1.86,0
2019-02-28 23:10:00+00:00,0.0,0.0,0.0,0.0,0.0,7.48,1.72,0
2019-03-01 00:10:00+00:00,0.0,0.0,0.0,0.0,0.0,7.12,1.66,0
2019-03-01 01:10:00+00:00,0.0,0.0,0.0,0.0,0.0,6.49,1.86,0
2019-03-01 02:10:00+00:00,0.0,0.0,0.0,0.0,0.0,6.28,2.21,0
2019-03-01 03:10:00+00:00,0.0,0.0,0.0,0.0,0.0,6.59,2.21,0
2019-03-01 04:10:00+00:00,0.0,0.0,0.0,0.0,0.0,6.75,2.34,0
2019-03-01 05:10:00+00:00,0.0,0.0,0.0,0.0,0.0,7.13,2.34,0
2019-03-01 06:10:00+00:00,0.11,0.0,6.24,0.09,3.61,7.73,2.34,0
2019-03-01 07:10:00+00:00,22.22,0.26,79.65,1.19,14.17,9.22,2.41,0
2019-03-01 08:10:00+00:00,48.23,2.14,153.95,2.37,23.82,11.12,2.55,0
2019-03-01 09:10:00+00:00,78.81,18.14,230.45,4.45,31.97,12.0,3.17,0
2019-03-01 10:10:00+00:00,94.89,23.02,271.94,5.25,37.8,12.86,3.93,0
2019-03-01 11:10:00+00:00,100.09,18.59,290.38,5.24,40.44,13.41,4.0,0
2019-03-01 12:10:00+00:00,16.64,0.0,64.35,0.92,39.35,13.88,3.79,0
2019-03-01 13:10:00+00:00,15.45,0.0,60.62,0.87,34.78,13.36,3.38,0
2019-03-01 14:10:00+00:00,60.81,4.69,189.68,3.08,27.5,13.19,2.9,0
2019-03-01 15:10:00+00:00,38.39,3.76,126.69,2.37,18.4,12.84,2.55,0
2019-03-01 16:10:00+00:00,10.63,0.0,45.47,0.68,8.17,12.71,2.07,0
2019-03-01 17:10:00+00:00,0.0,0.0,0.0,0.0,0.0,12.02,1.03,0
2019-03-01 18:10:00+00:00,0.0,0.0,0.0,0.0,0.0,11.19,0.9,0
2019-03-01 19:10:00+00:00,0.0,0.0,0.0,0.0,0.0,11.78,0.55,0
2019-03-01 20:10:00+00:00,0.0,0.0,0.0,0.0,0.0,10.47,1.17,0
2019-03-01 21:10:00+00:00,0.0,0.0,0.0,0.0,0.0,9.71,1.59,0
2019-03-01 22:10:00+00:00,0.0,0.0,0.0,0.0,0.0,9.4,1.93,0
2019-03-01 23:10:00+00:00,0.0,0.0,0.0,0.0,0.0,9.35,2.48,0
2019-03-02 00:10:00+00:00,0.0,0.0,0.0,0.0,0.0,9.08,2.83,0
2019-03-02 01:10:00+00:00,0.0,0.0,0.0,0.0,0.0,9.1,3.17,0
2019-03-02 02:10:00+00:00,0.0,0.0,0.0,0.0,0.0,8.66,3.52,0
2019-03-02 03:10:00+00:00,0.0,0.0,0.0,0.0,0.0,8.42,3.93,0
2019-03-02 04:10:00+00:00,0.0,0.0,0.0,0.0,0.0,7.92,4.28,0
2019-03-02 05:10:00+00:00,0.0,0.0,0.0,0.0,0.0,7.49,4.14,0
2019-03-02 06:10:00+00:00,2.22,0.0,16.05,0.24,3.91,7.0,3.79,0
2019-03-02 07:10:00+00:00,13.85,15.06,50.21,2.84,14.48,7.96,3.66,0
2019-03-02 08:10:00+00:00,29.09,65.06,65.91,5.25,24.15,10.0,3.93,0
2019-03-02 09:10:00+00:00,43.26,119.13,61.67,7.36,32.32,12.09,3.79,0
2019-03-02 10:10:00+00:00,54.89,157.42,58.98,8.79,38.18,13.98,3.24,0
2019-03-02 11:10:00+00:00,61.33,165.87,68.55,9.28,40.82,15.41,2.34,0
2019-03-02 12:10:00+00:00,63.58,137.82,100.61,8.69,39.72,16.23,0.62,0
2019-03-02 13:10:00+00:00,45.5,129.52,61.86,8.03,35.1,16.63,1.38,0
2019-03-02 14:10:00+00:00,28.06,85.11,51.83,6.31,27.79,16.48,2.83,0
2019-03-02 15:10:00+00:00,12.14,30.28,40.5,4.05,18.66,15.61,3.59,0
2019-03-02 16:10:00+00:00,12.22,0.0,50.82,0.76,8.4,14.42,2.83,0
2019-03-02 17:10:00+00:00,0.0,0.0,0.0,0.0,0.0,13.15,1.66,0
2019-03-02 18:10:00+00:00,0.0,0.0,0.0,0.0,0.0,11.88,0.97,0
2019-03-02 19:10:00+00:00,0.0,0.0,0.0,0.0,0.0,12.02,0.83,0
2019-03-02 20:10:00+00:00,0.0,0.0,0.0,0.0,0.0,10.64,1.24,0
2019-03-02 21:10:00+00:00,0.0,0.0,0.0,0.0,0.0,9.88,1.45,0
2019-03-02 22:10:00+00:00,0.0,0.0,0.0,0.0,0.0,9.44,1.52,0
2019-03-02 23:10:00+00:00,0.0,0.0,0.0,0.0,0.0,9.11,1.59,0
2019-03-03 00:10:00+00:00,0.0,0.0,0.0,0.0,0.0,9.49,1.38,0
2019-03-03 01:10:00+00:00,0.0,0.0,0.0,0.0,0.0,10.63,0.9,0
2019-03-03 02:10:00+00:00,0.0,0.0,0.0,0.0,0.0,8.27,1.72,0
2019-03-03 03:10:00+00:00,0.0,0.0,0.0,0.0,0.0,8.07,1.93,0
2019-03-03 04:10:00+00:00,0.0,0.0,0.0,0.0,0.0,8.0,2.07,0
2019-03-03 05:10:00+00:00,0.0,0.0,0.0,0.0,0.0,7.61,1.93,0
2019-03-03 06:10:00+00:00,3.16,0.0,19.62,0.29,4.2,6.79,1.79,0
2019-03-03 07:10:00+00:00,14.73,18.54,51.71,2.88,14.79,8.04,1.24,0
2019-03-03 08:10:00+00:00,30.54,69.08,67.55,5.28,24.48,11.51,1.31,0
2019-03-03 09:10:00+00:00,46.02,121.2,67.6,7.34,32.68,13.17,1.38,0
2019-03-03 10:10:00+00:00,58.52,155.79,70.36,8.71,38.56,14.44,0.62,0
2019-03-03 11:10:00+00:00,65.11,163.77,80.29,9.19,41.2,15.47,0.9,0
2019-03-03 12:10:00+00:00,67.3,138.49,108.05,8.65,40.08,16.1,2.14,0
2019-03-03 13:10:00+00:00,48.88,131.16,67.8,7.98,35.43,16.12,3.1,0
2019-03-03 14:10:00+00:00,31.03,87.73,56.95,6.3,28.08,15.45,3.72,0
2019-03-03 15:10:00+00:00,14.92,32.81,47.46,4.02,18.92,14.71,3.93,0
2019-03-03 16:10:00+00:00,10.3,0.0,44.58,0.67,8.63,13.85,3.1,0
2019-03-03 17:10:00+00:00,0.0,0.0,0.0,0.0,0.0,12.65,1.93,0
2019-03-03 18:10:00+00:00,0.0,0.0,0.0,0.0,0.0,11.52,0.83,0
2019-03-03 19:10:00+00:00,0.0,0.0,0.0,0.0,0.0,11.52,0.07,0
2019-03-03 20:10:00+00:00,0.0,0.0,0.0,0.0,0.0,11.12,0.14,0
2019-03-03 21:10:00+00:00,0.0,0.0,0.0,0.0,0.0,10.71,0.14,0
2019-03-03 22:10:00+00:00,0.0,0.0,0.0,0.0,0.0,10.31,0.41,0
2019-03-03 23:10:00+00:00,0.0,0.0,0.0,0.0,0.0,9.91,0.9,0
2019-03-04 00:10:00+00:00,0.0,0.0,0.0,0.0,0.0,9.06,1.17,0
2019-03-04 01:10:00+00:00,0.0,0.0,0.0,0.0,0.0,9.22,0.97,0
2019-03-04 02:10:00+00:00,0.0,0.0,0.0,0.0,0.0,8.81,0.9,0
2019-03-04 03:10:00+00:00,0.0,0.0,0.0,0.0,0.0,7.69,1.1,0
2019-03-04 04:10:00+00:00,0.0,0.0,0.0,0.0,0.0,6.31,1.45,0
2019-03-04 05:10:00+00:00,0.0,0.0,0.0,0.0,0.0,5.21,1.79,0
2019-03-04 06:10:00+00:00,3.44,0.0,20.51,0.31,4.5,4.77,1.93,0
2019-03-04 07:10:00+00:00,12.69,25.49,42.82,3.07,15.1,7.55,1.31,0
2019-03-04 08:10:00+00:00,33.85,71.51,73.79,5.31,24.82,10.64,2.0,0
2019-03-04 09:10:00+00:00,62.6,89.91,133.6,6.71,33.04,12.31,2.97,0
2019-03-04 10:10:00+00:00,65.16,150.44,88.94,8.6,38.94,13.4,3.86,0
2019-03-04 11:10:00+00:00,75.76,145.73,119.82,8.87,41.59,14.18,4.48,0
2019-03-04 12:10:00+00:00,81.62,111.15,165.61,8.11,40.45,14.52,5.03,0
2019-03-04 13:10:00+00:00,64.47,102.95,128.85,7.42,35.76,14.5,5.45,0
2019-03-04 14:10:00+00:00,68.04,12.35,205.46,3.76,28.37,14.4,5.79,0
2019-03-04 15:10:00+00:00,30.35,21.94,96.42,3.51,19.17,14.02,5.93,0
2019-03-04 16:10:00+00:00,10.34,0.0,44.58,0.67,8.87,13.37,5.79,0
2019-03-04 17:10:00+00:00,0.0,0.0,0.0,0.0,0.0,12.39,5.31,0
2019-03-04 18:10:00+00:00,0.0,0.0,0.0,0.0,0.0,11.77,5.45,0
2019-03-04 19:10:00+00:00,0.0,0.0,0.0,0.0,0.0,11.72,5.93,0
2019-03-04 20:10:00+00:00,0.0,0.0,0.0,0.0,0.0,11.45,5.72,0
2019-03-04 21:10:00+00:00,0.0,0.0,0.0,0.0,0.0,11.32,5.38,0
2019-03-04 22:10:00+00:00,0.0,0.0,0.0,0.0,0.0,11.07,4.9,0
2019-03-04 23:10:00+00:00,0.0,0.0,0.0,0.0,0.0,10.88,4.0,0
2019-03-05 00:10:00+00:00,0.0,0.0,0.0,0.0,0.0,10.76,2.97,0
2019-03-05 01:10:00+00:00,0.0,0.0,0.0,0.0,0.0,10.67,2.76,0
2019-03-05 02:10:00+00:00,0.0,0.0,0.0,0.0,0.0,10.53,2.76,0
2019-03-05 03:10:00+00:00,0.0,0.0,0.0,0.0,0.0,10.31,2.69,0
2019-03-05 04:10:00+00:00,0.0,0.0,0.0,0.0,0.0,10.16,2.62,0
2019-03-05 05:10:00+00:00,0.0,0.0,0.0,0.0,0.0,9.92,2.55,0
2019-03-05 06:10:00+00:00,0.94,0.0,10.7,0.16,4.8,9.39,2.62,0
2019-03-05 07:10:00+00:00,29.23,2.53,99.93,1.66,15.42,11.47,3.1,0
2019-03-05 08:10:00+00:00,59.65,16.24,178.64,3.55,25.16,12.73,4.07,0
2019-03-05 09:10:00+00:00,59.8,1.19,188.76,2.77,33.41,13.84,3.66,0
2019-03-05 10:10:00+00:00,78.1,2.79,241.13,3.6,39.32,14.87,3.31,0
2019-03-05 11:10:00+00:00,71.55,0.62,224.49,3.26,41.98,15.42,3.24,0
2019-03-05 12:10:00+00:00,30.83,0.0,107.25,1.54,40.82,15.62,3.17,0
2019-03-05 13:10:00+00:00,43.94,0.0,145.48,2.09,36.09,15.65,2.97,0
2019-03-05 14:10:00+00:00,45.9,0.26,150.94,2.18,28.66,15.4,2.69,0
2019-03-05 15:10:00+00:00,18.36,0.0,69.94,1.0,19.43,14.94,2.28,0
2019-03-05 16:10:00+00:00,11.1,0.0,47.26,0.71,9.1,14.2,1.79,0
2019-03-05 17:10:00+00:00,0.0,0.0,0.0,0.0,0.0,13.21,1.52,0
2019-03-05 18:10:00+00:00,0.0,0.0,0.0,0.0,0.0,11.92,1.31,0
2019-03-05 19:10:00+00:00,0.0,0.0,0.0,0.0,0.0,10.57,1.45,0
2019-03-05 20:10:00+00:00,0.0,0.0,0.0,0.0,0.0,10.28,1.31,0
2019-03-05 21:10:00+00:00,0.0,0.0,0.0,0.0,0.0,9.47,1.45,0
2019-03-05 22:10:00+00:00,0.0,0.0,0.0,0.0,0.0,8.24,1.79,0
2019-03-05 23:10:00+00:00,0.0,0.0,0.0,0.0,0.0,7.43,2.07,0
2019-03-06 00:10:00+00:00,0.0,0.0,0.0,0.0,0.0,7.01,2.14,0
2019-03-06 01:10:00+00:00,0.0,0.0,0.0,0.0,0.0,7.05,2.28,0
2019-03-06 02:10:00+00:00,0.0,0.0,0.0,0.0,0.0,7.08,2.48,0
2019-03-06 03:10:00+00:00,0.0,0.0,0.0,0.0,0.0,7.23,2.55,0
2019-03-06 04:10:00+00:00,0.0,0.0,0.0,0.0,0.0,7.35,2.62,0
2019-03-06 05:10:00+00:00,0.0,0.0,0.0,0.0,0.0,7.19,2.76,0
2019-03-06 06:10:00+00:00,4.64,0.0,24.97,0.38,5.11,7.03,2.9,0
2019-03-06 07:10:00+00:00,15.95,32.49,48.89,3.15,15.74,7.95,2.41,0
2019-03-06 08:10:00+00:00,33.56,89.72,59.33,5.59,25.5,10.78,2.62,0
2019-03-06 09:10:00+00:00,51.87,142.08,63.17,7.61,33.77,12.97,3.38,0
2019-03-06 10:10:00+00:00,68.63,163.16,86.42,8.74,39.71,14.46,3.72,0
2019-03-06 11:10:00+00:00,81.16,148.76,131.6,8.86,42.37,15.52,3.93,0
2019-03-06 12:10:00+00:00,82.31,125.37,156.2,8.32,41.19,16.17,4.21,0
2019-03-06 13:10:00+00:00,56.65,143.97,75.34,8.11,36.42,16.44,4.69,0
2019-03-06 14:10:00+00:00,40.55,93.49,76.54,6.28,28.94,16.07,5.38,0
2019-03-06 15:10:00+00:00,23.51,38.44,68.96,3.97,19.68,15.26,5.59,0
2019-03-06 16:10:00+00:00,9.73,0.0,42.8,0.64,9.33,14.32,5.17,0
2019-03-06 17:10:00+00:00,0.0,0.0,0.0,0.0,0.0,13.26,4.9,0
2019-03-06 18:10:00+00:00,0.0,0.0,0.0,0.0,0.0,12.41,4.55,0
2019-03-06 19:10:00+00:00,0.0,0.0,0.0,0.0,0.0,12.16,4.62,0
2019-03-06 20:10:00+00:00,0.0,0.0,0.0,0.0,0.0,11.72,4.62,0
2019-03-06 21:10:00+00:00,0.0,0.0,0.0,0.0,0.0,11.44,4.48,0
2019-03-06 22:10:00+00:00,0.0,0.0,0.0,0.0,0.0,11.21,4.34,0
2019-03-06 23:10:00+00:00,0.0,0.0,0.0,0.0,0.0,10.98,4.21,0
2019-03-07 00:10:00+00:00,0.0,0.0,0.0,0.0,0.0,10.86,4.28,0
2019-03-07 01:10:00+00:00,0.0,0.0,0.0,0.0,0.0,10.86,4.41,0
2019-03-07 02:10:00+00:00,0.0,0.0,0.0,0.0,0.0,11.03,4.62,0
2019-03-07 03:10:00+00:00,0.0,0.0,0.0,0.0,0.0,11.33,4.97,0
2019-03-07 04:10:00+00:00,0.0,0.0,0.0,0.0,0.0,11.67,5.24,0
2019-03-07 05:10:00+00:00,0.0,0.0,0.0,0.0,0.0,12.05,5.66,0
2019-03-07 06:10:00+00:00,4.76,0.0,25.86,0.39,5.42,12.26,6.0,0
2019-03-07 07:10:00+00:00,23.56,0.44,84.58,1.25,16.06,13.23,5.93,0
2019-03-07 08:10:00+00:00,34.52,95.65,58.38,5.65,25.84,14.93,5.93,0
2019-03-07 09:10:00+00:00,78.03,68.25,192.28,6.15,34.14,16.41,7.1,0
2019-03-07 10:10:00+00:00,73.06,157.73,103.09,8.61,40.1,17.37,7.79,0
2019-03-07 11:10:00+00:00,89.92,126.67,174.37,8.41,42.76,17.87,7.93,0
2019-03-07 12:10:00+00:00,76.97,153.17,117.58,8.76,41.55,17.98,7.86,0
2019-03-07 13:10:00+00:00,65.96,124.35,115.51,7.72,36.75,17.78,7.52,0
2019-03-07 14:10:00+00:00,69.83,18.43,208.61,4.06,29.23,17.46,6.83,0
2019-03-07 15:10:00+00:00,41.66,5.81,136.54,2.4,19.93,16.95,5.93,0
2019-03-07 16:10:00+00:00,14.98,0.0,59.74,0.9,9.56,16.11,5.03,0
2019-03-07 17:10:00+00:00,0.0,0.0,0.0,0.0,0.0,15.04,4.34,0
2019-03-07 18:10:00+00:00,0.0,0.0,0.0,0.0,0.0,14.05,4.14,0
2019-03-07 19:10:00+00:00,0.0,0.0,0.0,0.0,0.0,13.64,3.59,0
2019-03-07 20:10:00+00:00,0.0,0.0,0.0,0.0,0.0,13.05,3.24,0
2019-03-07 21:10:00+00:00,0.0,0.0,0.0,0.0,0.0,12.5,2.97,0
2019-03-07 22:10:00+00:00,0.0,0.0,0.0,0.0,0.0,11.93,2.55,0
2019-03-07 23:10:00+00:00,0.0,0.0,0.0,0.0,0.0,11.09,2.07,0
2019-03-08 00:10:00+00:00,0.0,0.0,0.0,0.0,0.0,10.4,2.0,0
2019-03-08 01:10:00+00:00,0.0,0.0,0.0,0.0,0.0,9.85,1.93,0
2019-03-08 02:10:00+00:00,0.0,0.0,0.0,0.0,0.0,9.37,1.79,0
2019-03-08 03:10:00+00:00,0.0,0.0,0.0,0.0,0.0,9.04,1.72,0
2019-03-08 04:10:00+00:00,0.0,0.0,0.0,0.0,0.0,9.14,1.38,0
2019-03-08 05:10:00+00:00,0.0,0.0,0.0,0.0,0.0,9.31,1.31,0
2019-03-08 06:10:00+00:00,2.2,0.0,16.05,0.24,5.73,9.09,1.59,0
2019-03-08 07:10:00+00:00,28.42,22.53,88.99,2.75,16.38,10.94,1.38,0
2019-03-08 08:10:00+00:00,50.02,63.55,121.75,4.98,26.18,13.51,1.31,0
2019-03-08 09:10:00+00:00,84.15,21.77,245.82,4.6,34.51,14.46,1.31,0
2019-03-08 10:10:00+00:00,64.21,0.33,204.12,2.95,40.49,15.21,1.79,0
2019-03-08 11:10:00+00:00,102.72,18.4,302.16,5.21,43.15,15.73,2.28,0
2019-03-08 12:10:00+00:00,90.55,112.28,189.85,7.97,41.92,16.19,2.48,0
2019-03-08 13:10:00+00:00,86.45,64.18,220.18,6.36,37.08,16.33,2.9,0
2019-03-08 14:10:00+00:00,68.42,34.76,193.08,4.69,29.52,15.73,3.31,0
2019-03-08 15:10:00+00:00,33.08,0.92,113.18,1.69,20.18,15.0,2.69,0
2019-03-08 16:10:00+00:00,6.91,0.0,33.57,0.48,9.79,14.4,1.93,0
2019-03-08 17:10:00+00:00,0.0,0.0,0.0,0.0,0.0,13.74,1.24,0
2019-03-08 18:10:00+00:00,0.0,0.0,0.0,0.0,0.0,13.16,0.41,0
2019-03-08 19:10:00+00:00,0.0,0.0,0.0,0.0,0.0,12.5,1.31,0
2019-03-08 20:10:00+00:00,0.0,0.0,0.0,0.0,0.0,11.31,1.52,0
2019-03-08 21:10:00+00:00,0.0,0.0,0.0,0.0,0.0,11.34,1.03,0
2019-03-08 22:10:00+00:00,0.0,0.0,0.0,0.0,0.0,12.05,0.28,0
2019-03-08 23:10:00+00:00,0.0,0.0,0.0,0.0,0.0,11.94,0.14,0
2019-03-09 00:10:00+00:00,0.0,0.0,0.0,0.0,0.0,11.78,0.28,0
2019-03-09 01:10:00+00:00,0.0,0.0,0.0,0.0,0.0,11.63,0.41,0
2019-03-09 02:10:00+00:00,0.0,0.0,0.0,0.0,0.0,11.52,0.21,0
2019-03-09 03:10:00+00:00,0.0,0.0,0.0,0.0,0.0,10.44,0.41,0
2019-03-09 04:10:00+00:00,0.0,0.0,0.0,0.0,0.0,9.03,0.83,0
2019-03-09 05:10:00+00:00,0.0,0.0,0.0,0.0,0.0,8.24,1.03,0
2019-03-09 06:10:00+00:00,6.69,0.0,32.1,0.48,6.04,8.55,1.24,0
2019-03-09 07:10:00+00:00,28.5,29.55,84.98,2.99,16.71,9.43,1.24,0
2019-03-09 08:10:00+00:00,49.14,81.38,104.23,5.43,26.53,10.08,1.17,0
2019-03-09 09:10:00+00:00,60.88,156.89,72.16,7.85,34.88,11.42,0.69,0
2019-03-09 10:10:00+00:00,74.85,189.74,78.04,9.15,40.88,13.05,1.03,0
2019-03-09 11:10:00+00:00,82.29,192.8,94.23,9.57,43.55,14.29,1.72,0
2019-03-09 12:10:00+00:00,96.16,112.78,203.05,8.09,42.29,14.94,2.62,0
2019-03-09 13:10:00+00:00,64.78,159.94,80.73,8.35,37.4,15.1,3.03,0
2019-03-09 14:10:00+00:00,43.57,118.19,64.0,6.67,29.8,14.93,3.03,0
2019-03-09 15:10:00+00:00,34.11,38.61,97.4,3.86,20.43,14.51,2.9,0
2019-03-09 16:10:00+00:00,7.72,5.66,34.67,1.82,10.02,13.83,2.55,0
2019-03-09 17:10:00+00:00,0.0,0.0,0.0,0.0,0.0,12.88,1.93,0
2019-03-09 18:10:00+00:00,0.0,0.0,0.0,0.0,0.0,12.07,1.79,0
2019-03-09 19:10:00+00:00,0.0,0.0,0.0,0.0,0.0,11.44,1.79,0
2019-03-09 20:10:00+00:00,0.0,0.0,0.0,0.0,0.0,10.53,1.93,0
2019-03-09 21:10:00+00:00,0.0,0.0,0.0,0.0,0.0,9.82,1.72,0
2019-03-09 22:10:00+00:00,0.0,0.0,0.0,0.0,0.0,9.8,1.45,0
2019-03-09 23:10:00+00:00,0.0,0.0,0.0,0.0,0.0,9.39,1.59,0
2019-03-10 00:10:00+00:00,0.0,0.0,0.0,0.0,0.0,9.19,1.79,0
2019-03-10 01:10:00+00:00,0.0,0.0,0.0,0.0,0.0,9.12,2.0,0
2019-03-10 02:10:00+00:00,0.0,0.0,0.0,0.0,0.0,9.2,1.86,0
2019-03-10 03:10:00+00:00,0.0,0.0,0.0,0.0,0.0,9.28,1.79,0
2019-03-10 04:10:00+00:00,0.0,0.0,0.0,0.0,0.0,9.44,2.07,0
2019-03-10 05:10:00+00:00,0.0,0.0,0.0,0.0,0.0,10.11,2.48,0
2019-03-10 06:10:00+00:00,0.0,0.0,5.6,0.08,6.35,10.36,2.69,0
2019-03-10 07:10:00+00:00,12.84,0.0,52.22,0.75,17.03,11.63,3.03,0
2019-03-10 08:10:00+00:00,31.06,0.0,106.31,1.53,26.88,12.13,3.86,0
2019-03-10 09:10:00+00:00,20.48,0.0,75.54,1.09,35.25,12.59,4.28,0
2019-03-10 10:10:00+00:00,13.96,0.0,55.95,0.8,41.27,13.24,4.76,0
2019-03-10 11:10:00+00:00,34.06,0.0,115.64,1.66,43.94,13.83,4.97,0
2019-03-10 12:10:00+00:00,31.77,0.0,109.11,1.57,42.66,14.08,4.97,0
2019-03-10 13:10:00+00:00,53.22,0.0,170.66,2.45,37.73,14.12,5.03,0
2019-03-10 14:10:00+00:00,25.04,0.0,89.53,1.29,30.09,14.23,5.03,0
2019-03-10 15:10:00+00:00,14.79,0.0,58.75,0.84,20.68,14.25,4.62,0
2019-03-10 16:10:00+00:00,8.05,0.0,37.3,0.54,10.24,13.94,4.14,0
2019-03-10 17:10:00+00:00,0.0,0.0,0.0,0.0,0.0,13.59,4.0,0
2019-03-10 18:10:00+00:00,0.0,0.0,0.0,0.0,0.0,13.24,3.79,0
2019-03-10 19:10:00+00:00,0.0,0.0,0.0,0.0,0.0,12.69,4.21,0
2019-03-10 20:10:00+00:00,0.0,0.0,0.0,0.0,0.0,12.32,4.21,0
2019-03-10 21:10:00+00:00,0.0,0.0,0.0,0.0,0.0,12.34,4.07,0
2019-03-10 22:10:00+00:00,0.0,0.0,0.0,0.0,0.0,12.45,3.72,0
2019-03-10 23:10:00+00:00,0.0,0.0,0.0,0.0,0.0,12.29,3.66,0
2019-03-11 00:10:00+00:00,0.0,0.0,0.0,0.0,0.0,11.98,3.38,0
2019-03-11 01:10:00+00:00,0.0,0.0,0.0,0.0,0.0,12.01,3.17,0
2019-03-11 02:10:00+00:00,0.0,0.0,0.0,0.0,0.0,12.04,3.1,0
2019-03-11 03:10:00+00:00,0.0,0.0,0.0,0.0,0.0,11.78,3.03,0
2019-03-11 04:10:00+00:00,0.0,0.0,0.0,0.0,0.0,11.44,2.97,0
2019-03-11 05:10:00+00:00,0.0,0.0,0.0,0.0,0.0,11.12,2.9,0
2019-03-11 06:10:00+00:00,2.82,0.0,18.65,0.27,6.66,11.13,2.83,0
2019-03-11 07:10:00+00:00,13.38,0.0,54.09,0.78,17.36,12.41,1.66,0
2019-03-11 08:10:00+00:00,20.97,0.0,77.4,1.11,27.23,13.46,2.0,0
2019-03-11 09:10:00+00:00,23.7,0.0,85.8,1.23,35.62,14.09,1.45,0
2019-03-11 10:10:00+00:00,32.7,0.0,112.84,1.62,41.67,14.8,0.62,0
2019-03-11 11:10:00+00:00,50.77,0.0,166.0,2.38,44.34,15.52,0.97,0
2019-03-11 12:10:00+00:00,44.43,0.0,147.35,2.12,43.03,16.28,2.83,0
2019-03-11 13:10:00+00:00,90.89,14.99,269.7,4.57,38.06,16.2,3.72,0
2019-03-11 14:10:00+00:00,67.71,63.05,169.13,5.51,30.37,16.0,4.83,0
2019-03-11 15:10:00+00:00,26.41,65.56,59.34,4.39,20.93,15.47,5.1,0
2019-03-11 16:10:00+00:00,8.37,11.95,35.5,1.9,10.47,14.64,5.17,0
2019-03-11 17:10:00+00:00,0.0,0.0,0.0,0.0,0.0,13.55,5.45,0
2019-03-11 18:10:00+00:00,0.0,0.0,0.0,0.0,0.0,12.67,5.45,0
2019-03-11 19:10:00+00:00,0.0,0.0,0.0,0.0,0.0,10.39,4.28,0
2019-03-11 20:10:00+00:00,0.0,0.0,0.0,0.0,0.0,9.13,5.17,0
2019-03-11 21:10:00+00:00,0.0,0.0,0.0,0.0,0.0,8.41,7.1,0
2019-03-11 22:10:00+00:00,0.0,0.0,0.0,0.0,0.0,7.65,8.76,0
2019-03-11 23:10:00+00:00,0.0,0.0,0.0,0.0,0.0,6.96,9.17,0
2019-03-12 00:10:00+00:00,0.0,0.0,0.0,0.0,0.0,7.1,9.31,0
2019-03-12 01:10:00+00:00,0.0,0.0,0.0,0.0,0.0,7.68,9.1,0
2019-03-12 02:10:00+00:00,0.0,0.0,0.0,0.0,0.0,7.86,8.83,0
2019-03-12 03:10:00+00:00,0.0,0.0,0.0,0.0,0.0,7.75,8.62,0
2019-03-12 04:10:00+00:00,0.0,0.0,0.0,0.0,0.0,7.55,8.62,0
2019-03-12 05:10:00+00:00,0.0,0.0,0.0,0.0,0.0,7.16,8.21,0
2019-03-12 06:10:00+00:00,6.11,8.07,28.3,1.15,6.98,6.89,7.52,0
2019-03-12 07:10:00+00:00,22.66,70.3,44.16,3.9,17.69,7.62,6.69,0
2019-03-12 08:10:00+00:00,48.64,131.04,62.02,6.36,27.58,8.81,7.45,0
2019-03-12 09:10:00+00:00,70.37,188.38,64.35,8.44,36.0,10.16,7.79,0
2019-03-12 10:10:00+00:00,86.62,218.86,75.82,9.74,42.06,11.38,7.59,0
2019-03-12 11:10:00+00:00,93.28,225.04,87.16,10.21,44.73,12.46,7.17,0
2019-03-12 12:10:00+00:00,93.13,191.36,119.14,9.59,43.4,13.26,6.83,0
2019-03-12 13:10:00+00:00,28.34,0.0,98.85,1.42,38.38,13.64,6.55,0
2019-03-12 14:10:00+00:00,50.31,145.15,57.68,7.18,30.65,13.82,6.21,0
2019-03-12 15:10:00+00:00,27.64,77.37,54.48,4.73,21.18,13.74,5.86,0
2019-03-12 16:10:00+00:00,7.79,17.82,31.68,2.12,10.69,13.12,5.1,0
2019-03-12 17:10:00+00:00,0.0,0.0,0.0,0.0,0.0,11.77,4.48,0
2019-03-12 18:10:00+00:00,0.0,0.0,0.0,0.0,0.0,10.42,4.14,0
2019-03-12 19:10:00+00:00,0.0,0.0,0.0,0.0,0.0,9.59,3.31,0
2019-03-12 20:10:00+00:00,0.0,0.0,0.0,0.0,0.0,8.46,2.9,0
2019-03-12 21:10:00+00:00,0.0,0.0,0.0,0.0,0.0,7.37,2.62,0
2019-03-12 22:10:00+00:00,0.0,0.0,0.0,0.0,0.0,6.37,2.34,0
2019-03-12 23:10:00+00:00,0.0,0.0,0.0,0.0,0.0,5.42,2.07,0
2019-03-13 00:10:00+00:00,0.0,0.0,0.0,0.0,0.0,4.66,1.72,0
2019-03-13 01:10:00+00:00,0.0,0.0,0.0,0.0,0.0,4.24,1.52,0
2019-03-13 02:10:00+00:00,0.0,0.0,0.0,0.0,0.0,3.8,1.45,0
2019-03-13 03:10:00+00:00,0.0,0.0,0.0,0.0,0.0,3.27,1.59,0
2019-03-13 04:10:00+00:00,0.0,0.0,0.0,0.0,0.0,2.88,1.66,0
2019-03-13 05:10:00+00:00,0.0,0.0,0.0,0.0,0.0,2.61,1.72,0
2019-03-13 06:10:00+00:00,8.84,7.53,36.54,1.07,7.3,2.57,1.72,0
2019-03-13 07:10:00+00:00,32.9,47.14,83.66,3.36,18.02,5.48,1.24,0
2019-03-13 08:10:00+00:00,61.22,82.75,132.15,5.41,27.93,9.79,1.31,0
2019-03-13 09:10:00+00:00,83.09,121.0,157.21,7.23,36.38,11.53,1.59,0
2019-03-13 10:10:00+00:00,92.61,171.67,136.67,8.83,42.46,12.59,1.86,0
2019-03-13 11:10:00+00:00,101.36,165.69,164.98,9.08,45.13,13.34,2.48,0
2019-03-13 12:10:00+00:00,110.78,89.52,259.22,7.54,43.77,13.77,3.59,0
2019-03-13 13:10:00+00:00,89.31,9.98,265.22,4.25,38.71,13.63,4.41,0
2019-03-13 14:10:00+00:00,56.32,1.36,177.61,2.61,30.93,12.78,4.41,0
2019-03-13 15:10:00+00:00,38.87,1.52,128.0,1.92,21.43,12.57,4.34,0
2019-03-13 16:10:00+00:00,11.32,0.0,47.56,0.68,10.92,12.28,4.76,0
2019-03-13 17:10:00+00:00,0.0,0.0,0.0,0.0,0.0,11.83,5.38,0
2019-03-13 18:10:00+00:00,0.0,0.0,0.0,0.0,0.0,11.42,5.86,0
2019-03-13 19:10:00+00:00,0.0,0.0,0.0,0.0,0.0,11.21,5.17,0
2019-03-13 20:10:00+00:00,0.0,0.0,0.0,0.0,0.0,11.18,5.17,0
2019-03-13 21:10:00+00:00,0.0,0.0,0.0,0.0,0.0,11.04,3.86,0
2019-03-13 22:10:00+00:00,0.0,0.0,0.0,0.0,0.0,10.24,2.14,0
2019-03-13 23:10:00+00:00,0.0,0.0,0.0,0.0,0.0,9.47,1.24,0
2019-03-14 00:10:00+00:00,0.0,0.0,0.0,0.0,0.0,8.46,1.45,0
2019-03-14 01:10:00+00:00,0.0,0.0,0.0,0.0,0.0,7.4,1.79,0
2019-03-14 02:10:00+00:00,0.0,0.0,0.0,0.0,0.0,6.4,1.86,0
2019-03-14 03:10:00+00:00,0.0,0.0,0.0,0.0,0.0,6.32,2.28,0
2019-03-14 04:10:00+00:00,0.0,0.0,0.0,0.0,0.0,6.19,3.45,0
2019-03-14 05:10:00+00:00,0.0,0.0,0.0,0.0,0.0,6.48,4.34,0
2019-03-14 06:10:00+00:00,7.88,13.96,32.14,1.29,7.62,6.26,5.03,0
2019-03-14 07:10:00+00:00,26.62,80.42,46.66,4.03,18.36,7.21,6.07,0
2019-03-14 08:10:00+00:00,52.83,144.52,60.12,6.51,28.28,8.73,6.55,0
2019-03-14 09:10:00+00:00,75.7,199.25,66.92,8.55,36.75,10.36,6.48,0
2019-03-14 10:10:00+00:00,90.71,233.93,72.05,9.87,42.86,12.07,6.34,0
2019-03-14 11:10:00+00:00,96.51,244.06,78.16,10.4,45.53,13.55,6.21,0
2019-03-14 12:10:00+00:00,94.31,216.72,99.58,9.89,44.14,14.61,6.21,0
2019-03-14 13:10:00+00:00,0.0,0.0,0.0,0.0,0.0,15.02,6.0,0
2019-03-14 14:10:00+00:00,52.47,165.47,45.98,7.4,31.21,14.95,5.79,0
2019-03-14 15:10:00+00:00,42.43,54.93,107.77,4.22,21.67,14.44,5.17,0
2019-03-14 16:10:00+00:00,9.48,25.01,34.27,2.2,11.14,13.45,4.69,0
2019-03-14 17:10:00+00:00,0.0,0.0,0.0,0.0,0.0,12.15,4.21,0
2019-03-14 18:10:00+00:00,0.0,0.0,0.0,0.0,0.0,11.04,3.72,0
2019-03-14 19:10:00+00:00,0.0,0.0,0.0,0.0,0.0,10.84,3.66,0
2019-03-14 20:10:00+00:00,0.0,0.0,0.0,0.0,0.0,10.27,2.97,0
2019-03-14 21:10:00+00:00,0.0,0.0,0.0,0.0,0.0,9.42,1.59,0
2019-03-14 22:10:00+00:00,0.0,0.0,0.0,0.0,0.0,10.35,0.83,0
2019-03-14 23:10:00+00:00,0.0,0.0,0.0,0.0,0.0,7.82,1.45,0
2019-03-15 00:10:00+00:00,0.0,0.0,0.0,0.0,0.0,6.81,1.59,0
2019-03-15 01:10:00+00:00,0.0,0.0,0.0,0.0,0.0,6.23,1.59,0
2019-03-15 02:10:00+00:00,0.0,0.0,0.0,0.0,0.0,5.64,1.66,0
2019-03-15 03:10:00+00:00,0.0,0.0,0.0,0.0,0.0,5.25,1.59,0
2019-03-15 04:10:00+00:00,0.0,0.0,0.0,0.0,0.0,5.63,1.45,0
2019-03-15 05:10:00+00:00,0.0,0.0,0.0,0.0,0.0,6.05,1.45,0
2019-03-15 06:10:00+00:00,9.22,14.92,35.76,1.27,7.94,6.15,1.38,0
2019-03-15 07:10:00+00:00,29.95,75.66,58.04,3.89,18.69,7.98,0.97,0
2019-03-15 08:10:00+00:00,54.16,139.8,68.85,6.32,28.63,11.2,0.97,0
2019-03-15 09:10:00+00:00,75.73,192.36,76.4,8.29,37.13,13.07,1.38,0
2019-03-15 10:10:00+00:00,89.74,229.43,77.72,9.63,43.25,14.23,1.66,0
2019-03-15 11:10:00+00:00,94.9,239.59,82.63,10.13,45.93,15.24,1.31,0
2019-03-15 12:10:00+00:00,92.24,220.73,93.46,9.74,44.51,15.96,2.21,0
2019-03-15 13:10:00+00:00,75.18,214.55,56.4,8.98,39.35,15.93,3.45,0
2019-03-15 14:10:00+00:00,57.81,144.11,76.24,6.94,31.49,15.45,3.72,0
2019-03-15 15:10:00+00:00,37.8,70.49,84.68,4.42,21.91,14.87,3.17,0
2019-03-15 16:10:00+00:00,14.12,20.63,49.9,2.0,11.36,14.12,2.48,0
2019-03-15 17:10:00+00:00,0.0,0.0,0.0,0.0,0.0,13.09,1.93,0
2019-03-15 18:10:00+00:00,0.0,0.0,0.0,0.0,0.0,12.09,2.14,0
2019-03-15 19:10:00+00:00,0.0,0.0,0.0,0.0,0.0,11.41,1.03,0
2019-03-15 20:10:00+00:00,0.0,0.0,0.0,0.0,0.0,10.13,1.52,0
2019-03-15 21:10:00+00:00,0.0,0.0,0.0,0.0,0.0,9.81,1.38,0
2019-03-15 22:10:00+00:00,0.0,0.0,0.0,0.0,0.0,9.76,1.31,0
2019-03-15 23:10:00+00:00,0.0,0.0,0.0,0.0,0.0,8.28,2.0,0
2019-03-16 00:10:00+00:00,0.0,0.0,0.0,0.0,0.0,8.23,2.69,0
2019-03-16 01:10:00+00:00,0.0,0.0,0.0,0.0,0.0,8.73,3.24,0
2019-03-16 02:10:00+00:00,0.0,0.0,0.0,0.0,0.0,9.23,3.66,0
2019-03-16 03:10:00+00:00,0.0,0.0,0.0,0.0,0.0,9.47,4.07,0
2019-03-16 04:10:00+00:00,0.0,0.0,0.0,0.0,0.0,9.79,4.34,0
2019-03-16 05:10:00+00:00,0.0,0.0,0.0,0.0,0.0,10.21,4.48,0
2019-03-16 06:10:00+00:00,3.84,0.0,22.38,0.32,8.26,10.35,4.41,0
2019-03-16 07:10:00+00:00,8.12,0.0,37.3,0.54,19.02,12.21,3.45,0
2019-03-16 08:10:00+00:00,35.11,0.0,118.44,1.7,28.99,13.2,4.21,0
2019-03-16 09:10:00+00:00,56.24,0.0,179.06,2.57,37.51,13.67,4.41,0
2019-03-16 10:10:00+00:00,44.41,0.0,145.48,2.09,43.65,13.96,4.48,0
2019-03-16 11:10:00+00:00,69.16,0.0,216.36,3.11,46.32,14.33,4.76,0
2019-03-16 12:10:00+00:00,78.8,1.16,243.06,3.54,44.88,14.53,4.83,0
2019-03-16 13:10:00+00:00,81.31,4.55,247.41,3.74,39.67,14.31,4.41,0
2019-03-16 14:10:00+00:00,77.46,70.97,185.78,5.65,31.76,14.19,3.86,0
2019-03-16 15:10:00+00:00,45.4,54.02,114.9,4.06,22.15,13.79,3.38,0
2019-03-16 16:10:00+00:00,12.21,28.85,40.38,2.16,11.58,13.32,2.55,0
2019-03-16 17:10:00+00:00,0.0,0.0,0.0,0.0,0.0,12.92,2.07,0
2019-03-16 18:10:00+00:00,0.0,0.0,0.0,0.0,0.0,12.17,2.07,0
2019-03-16 19:10:00+00:00,0.0,0.0,0.0,0.0,0.0,11.43,1.1,0
2019-03-16 20:10:00+00:00,0.0,0.0,0.0,0.0,0.0,11.01,1.03,0
2019-03-16 21:10:00+00:00,0.0,0.0,0.0,0.0,0.0,11.02,0.97,0
2019-03-16 22:10:00+00:00,0.0,0.0,0.0,0.0,0.0,10.63,1.1,0
2019-03-16 23:10:00+00:00,0.0,0.0,0.0,0.0,0.0,9.53,1.38,0
2019-03-17 00:10:00+00:00,0.0,0.0,0.0,0.0,0.0,8.89,1.45,0
2019-03-17 01:10:00+00:00,0.0,0.0,0.0,0.0,0.0,8.41,1.59,0
2019-03-17 02:10:00+00:00,0.0,0.0,0.0,0.0,0.0,7.89,1.66,0
2019-03-17 03:10:00+00:00,0.0,0.0,0.0,0.0,0.0,7.24,1.79,0
2019-03-17 04:10:00+00:00,0.0,0.0,0.0,0.0,0.0,6.69,1.86,0
2019-03-17 05:10:00+00:00,0.0,0.0,0.0,0.0,0.0,6.43,1.93,0
2019-03-17 06:10:00+00:00,13.2,14.4,47.44,1.27,8.58,6.74,1.79,0
2019-03-17 07:10:00+00:00,41.74,7.08,131.9,2.17,19.36,10.13,1.52,0
2019-03-17 08:10:00+00:00,65.68,7.57,199.83,3.16,29.34,12.27,2.34,0
2019-03-17 09:10:00+00:00,42.8,0.0,140.82,2.02,37.89,13.06,2.21,0
2019-03-17 10:10:00+00:00,81.0,1.99,249.35,3.66,44.05,13.57,2.21,0
2019-03-17 11:10:00+00:00,114.72,23.39,329.58,5.65,46.72,14.13,2.28,0
2019-03-17 12:10:00+00:00,113.38,131.58,229.45,8.41,45.24,14.34,2.41,0
2019-03-17 13:10:00+00:00,87.65,182.59,115.31,8.57,39.99,14.53,2.48,0
2019-03-17 14:10:00+00:00,82.58,50.49,217.12,5.21,32.04,14.67,2.69,0
2019-03-17 15:10:00+00:00,47.38,57.12,118.43,4.15,22.39,14.63,2.83,0
2019-03-17 16:10:00+00:00,20.55,15.0,70.6,1.8,11.8,14.22,2.83,0
2019-03-17 17:10:00+00:00,0.0,0.0,0.0,0.0,0.0,13.62,2.41,0
2019-03-17 18:10:00+00:00,0.0,0.0,0.0,0.0,0.0,12.93,2.28,0
2019-03-17 19:10:00+00:00,0.0,0.0,0.0,0.0,0.0,12.06,2.34,0
2019-03-17 20:10:00+00:00,0.0,0.0,0.0,0.0,0.0,11.67,2.28,0
2019-03-17 21:10:00+00:00,0.0,0.0,0.0,0.0,0.0,11.38,2.48,0
2019-03-17 22:10:00+00:00,0.0,0.0,0.0,0.0,0.0,11.36,2.97,0
2019-03-17 23:10:00+00:00,0.0,0.0,0.0,0.0,0.0,11.21,3.38,0
2019-03-18 00:10:00+00:00,0.0,0.0,0.0,0.0,0.0,10.83,3.24,0
2019-03-18 01:10:00+00:00,0.0,0.0,0.0,0.0,0.0,10.37,2.97,0
2019-03-18 02:10:00+00:00,0.0,0.0,0.0,0.0,0.0,10.0,2.83,0
2019-03-18 03:10:00+00:00,0.0,0.0,0.0,0.0,0.0,9.82,2.83,0
2019-03-18 04:10:00+00:00,0.0,0.0,0.0,0.0,0.0,9.45,2.97,0
2019-03-18 05:10:00+00:00,0.0,0.0,0.0,0.0,0.0,9.22,3.38,0
2019-03-18 06:10:00+00:00,12.36,23.26,41.69,1.46,8.91,9.53,3.31,0
2019-03-18 07:10:00+00:00,42.49,59.11,100.99,3.63,19.69,11.54,4.48,0
2019-03-18 08:10:00+00:00,65.38,6.94,198.32,3.11,29.7,12.42,5.17,0
2019-03-18 09:10:00+00:00,40.74,0.0,134.29,1.93,38.27,12.99,5.38,0
2019-03-18 10:10:00+00:00,57.05,0.0,180.92,2.6,44.45,13.47,5.59,0
2019-03-18 11:10:00+00:00,125.89,67.69,317.72,7.18,47.12,14.27,5.59,0
2019-03-18 12:10:00+00:00,105.13,12.78,307.89,4.92,45.61,14.47,5.45,0
2019-03-18 13:10:00+00:00,104.32,31.14,290.03,5.4,40.31,14.33,5.31,0
2019-03-18 14:10:00+00:00,68.5,141.97,101.95,6.87,32.31,13.98,5.17,0
2019-03-18 15:10:00+00:00,39.11,96.85,67.01,4.8,22.63,13.69,4.83,0
2019-03-18 16:10:00+00:00,21.42,16.54,71.79,1.82,12.02,13.13,4.28,0
2019-03-18 17:10:00+00:00,0.0,0.0,0.0,0.0,0.0,12.22,3.38,0
2019-03-18 18:10:00+00:00,0.0,0.0,0.0,0.0,0.0,11.28,2.62,0
2019-03-18 19:10:00+00:00,0.0,0.0,0.0,0.0,0.0,10.64,2.0,0
2019-03-18 20:10:00+00:00,0.0,0.0,0.0,0.0,0.0,9.52,1.86,0
2019-03-18 21:10:00+00:00,0.0,0.0,0.0,0.0,0.0,8.61,1.72,0
2019-03-18 22:10:00+00:00,0.0,0.0,0.0,0.0,0.0,7.91,1.79,0
2019-03-18 23:10:00+00:00,0.0,0.0,0.0,0.0,0.0,7.3,2.0,0
2019-03-19 00:10:00+00:00,0.0,0.0,0.0,0.0,0.0,7.54,2.07,0
2019-03-19 01:10:00+00:00,0.0,0.0,0.0,0.0,0.0,7.75,2.07,0
2019-03-19 02:10:00+00:00,0.0,0.0,0.0,0.0,0.0,7.82,2.28,0
2019-03-19 03:10:00+00:00,0.0,0.0,0.0,0.0,0.0,8.13,2.41,0
2019-03-19 04:10:00+00:00,0.0,0.0,0.0,0.0,0.0,8.21,2.69,0
2019-03-19 05:10:00+00:00,0.0,0.0,0.0,0.0,0.0,7.94,2.97,0
2019-03-19 06:10:00+00:00,15.58,6.89,56.99,1.06,9.23,7.93,2.97,0
2019-03-19 07:10:00+00:00,46.81,50.14,117.19,3.48,20.03,9.33,2.14,0
2019-03-19 08:10:00+00:00,64.6,159.49,75.43,6.58,30.05,11.11,2.21,0
2019-03-19 09:10:00+00:00,90.56,185.38,116.76,8.2,38.65,11.98,1.93,0
2019-03-19 10:10:00+00:00,82.27,2.06,252.17,3.7,44.85,12.54,1.79,0
2019-03-19 11:10:00+00:00,123.21,45.02,334.05,6.51,47.52,13.16,1.86,0
2019-03-19 12:10:00+00:00,73.59,0.41,229.31,3.31,45.98,13.4,2.0,0
2019-03-19 13:10:00+00:00,51.38,0.0,166.0,2.38,40.63,13.63,1.86,0
2019-03-19 14:10:00+00:00,83.42,64.72,207.03,5.51,32.58,13.65,1.59,0
2019-03-19 15:10:00+00:00,48.35,69.91,110.7,4.35,22.87,13.5,1.38,0
2019-03-19 16:10:00+00:00,6.96,0.0,33.57,0.48,12.23,13.19,1.24,0
2019-03-19 17:10:00+00:00,0.0,0.0,0.0,0.0,0.0,12.54,1.17,0
2019-03-19 18:10:00+00:00,0.0,0.0,0.0,0.0,0.0,11.75,1.86,0
2019-03-19 19:10:00+00:00,0.0,0.0,0.0,0.0,0.0,11.42,2.9,0
2019-03-19 20:10:00+00:00,0.0,0.0,0.0,0.0,0.0,10.53,3.31,0
2019-03-19 21:10:00+00:00,0.0,0.0,0.0,0.0,0.0,9.87,3.24,0
2019-03-19 22:10:00+00:00,0.0,0.0,0.0,0.0,0.0,9.32,3.1,0
2019-03-19 23:10:00+00:00,0.0,0.0,0.0,0.0,0.0,8.99,2.9,0
2019-03-20 00:10:00+00:00,0.0,0.0,0.0,0.0,0.0,8.51,2.9,0
2019-03-20 01:10:00+00:00,0.0,0.0,0.0,0.0,0.0,8.3,2.9,0
2019-03-20 02:10:00+00:00,0.0,0.0,0.0,0.0,0.0,7.88,3.03,0
2019-03-20 03:10:00+00:00,0.0,0.0,0.0,0.0,0.0,7.56,3.17,0
2019-03-20 04:10:00+00:00,0.0,0.0,0.0,0.0,0.0,7.67,3.24,0
2019-03-20 05:10:00+00:00,0.0,0.0,0.0,0.0,0.0,7.71,3.31,0
2019-03-20 06:10:00+00:00,16.68,7.33,59.9,1.1,9.55,7.96,3.24,0
2019-03-20 07:10:00+00:00,44.47,77.36,91.04,3.94,20.36,8.96,3.24,0
2019-03-20 08:10:00+00:00,73.14,128.86,121.44,6.2,30.41,10.76,3.31,0
2019-03-20 09:10:00+00:00,105.41,83.58,246.48,6.58,39.03,12.57,3.17,0
2019-03-20 10:10:00+00:00,119.75,110.95,264.04,7.85,45.25,14.14,2.69,0
2019-03-20 11:10:00+00:00,93.06,4.16,285.1,4.25,47.92,15.41,1.93,0
2019-03-20 12:10:00+00:00,99.67,9.49,302.83,4.7,46.34,16.31,0.97,0
2019-03-20 13:10:00+00:00,62.47,0.41,201.34,2.91,40.95,16.73,0.48,0
2019-03-20 14:10:00+00:00,84.6,41.95,231.83,4.94,32.85,16.3,1.31,0
2019-03-20 15:10:00+00:00,55.02,20.5,164.11,3.16,23.11,15.73,1.79,0
2019-03-20 16:10:00+00:00,19.69,2.22,72.96,1.14,12.45,14.82,1.86,0
2019-03-20 17:10:00+00:00,0.0,0.0,0.0,0.0,0.0,13.99,1.45,0
2019-03-20 18:10:00+00:00,0.0,0.0,0.0,0.0,0.0,12.83,0.69,0
2019-03-20 19:10:00+00:00,0.0,0.0,0.0,0.0,0.0,12.04,2.62,0
2019-03-20 20:10:00+00:00,0.0,0.0,0.0,0.0,0.0,11.0,3.38,0
2019-03-20 21:10:00+00:00,0.0,0.0,0.0,0.0,0.0,10.11,3.59,0
2019-03-20 22:10:00+00:00,0.0,0.0,0.0,0.0,0.0,9.27,3.45,0
2019-03-20 23:10:00+00:00,0.0,0.0,0.0,0.0,0.0,8.54,3.31,0
2019-03-21 00:10:00+00:00,0.0,0.0,0.0,0.0,0.0,7.94,3.24,0
2019-03-21 01:10:00+00:00,0.0,0.0,0.0,0.0,0.0,7.42,3.1,0
2019-03-21 02:10:00+00:00,0.0,0.0,0.0,0.0,0.0,7.06,3.03,0
2019-03-21 03:10:00+00:00,0.0,0.0,0.0,0.0,0.0,6.92,3.24,0
2019-03-21 04:10:00+00:00,0.0,0.0,0.0,0.0,0.0,6.73,3.45,0
2019-03-21 05:10:00+00:00,0.0,0.0,0.0,0.0,0.0,6.57,3.45,0
2019-03-21 06:10:00+00:00,15.53,36.76,42.73,1.71,9.88,6.83,3.17,0
2019-03-21 07:10:00+00:00,41.68,110.96,59.05,4.41,20.7,8.98,2.9,0
2019-03-21 08:10:00+00:00,69.8,172.07,76.82,6.77,30.76,11.82,2.9,0
2019-03-21 09:10:00+00:00,91.01,233.57,74.98,8.8,39.41,14.5,3.03,0
2019-03-21 10:10:00+00:00,104.69,267.41,80.22,10.07,45.65,16.78,2.69,0
2019-03-21 11:10:00+00:00,109.07,276.28,85.95,10.54,48.32,18.61,2.28,0
2019-03-21 12:10:00+00:00,101.13,299.02,46.76,10.6,46.71,19.81,1.59,0
2019-03-21 13:10:00+00:00,87.26,259.39,50.18,9.45,41.26,20.39,1.24,0
2019-03-21 14:10:00+00:00,67.3,189.06,63.95,7.45,33.12,20.48,1.72,0
2019-03-21 15:10:00+00:00,41.9,117.77,60.63,5.05,23.34,20.07,2.21,0
2019-03-21 16:10:00+00:00,19.83,37.68,57.96,2.26,12.66,18.92,1.45,0
2019-03-21 17:10:00+00:00,0.0,0.0,0.0,0.0,0.0,17.2,0.14,0
2019-03-21 18:10:00+00:00,0.0,0.0,0.0,0.0,0.0,15.8,0.48,0
2019-03-21 19:10:00+00:00,0.0,0.0,0.0,0.0,0.0,13.58,1.38,0
2019-03-21 20:10:00+00:00,0.0,0.0,0.0,0.0,0.0,12.74,1.24,0
2019-03-21 21:10:00+00:00,0.0,0.0,0.0,0.0,0.0,11.47,1.59,0
2019-03-21 22:10:00+00:00,0.0,0.0,0.0,0.0,0.0,10.32,2.0,0
2019-03-21 23:10:00+00:00,0.0,0.0,0.0,0.0,0.0,9.6,2.07,0
2019-03-22 00:10:00+00:00,0.0,0.0,0.0,0.0,0.0,9.24,2.34,0
2019-03-22 01:10:00+00:00,0.0,0.0,0.0,0.0,0.0,8.92,2.55,0
2019-03-22 02:10:00+00:00,0.0,0.0,0.0,0.0,0.0,8.46,2.62,0
2019-03-22 03:10:00+00:00,0.0,0.0,0.0,0.0,0.0,8.01,2.69,0
2019-03-22 04:10:00+00:00,0.0,0.0,0.0,0.0,0.0,7.6,2.62,0
2019-03-22 05:10:00+00:00,0.0,0.0,0.0,0.0,0.0,7.21,2.41,0
2019-03-22 06:10:00+00:00,17.69,38.59,47.47,1.78,10.2,7.28,2.07,0
2019-03-22 07:10:00+00:00,44.28,114.05,63.53,4.47,21.03,10.25,1.93,0
2019-03-22 08:10:00+00:00,72.15,176.42,81.03,6.86,31.12,13.83,1.72,0
2019-03-22 09:10:00+00:00,93.05,237.88,79.71,8.9,39.79,16.51,1.66,0
2019-03-22 10:10:00+00:00,106.54,270.98,85.66,10.16,46.05,18.35,1.38,0
2019-03-22 11:10:00+00:00,111.12,279.44,92.11,10.62,48.71,19.5,0.97,0
2019-03-22 12:10:00+00:00,104.04,308.2,46.19,10.73,47.07,20.11,1.52,0
2019-03-22 13:10:00+00:00,91.84,255.71,63.15,9.43,41.57,20.05,2.76,0
2019-03-22 14:10:00+00:00,71.12,192.94,67.99,7.52,33.38,19.41,3.79,0
2019-03-22 15:10:00+00:00,45.44,119.48,66.65,5.09,23.57,18.25,4.0,0
2019-03-22 16:10:00+00:00,21.15,43.02,57.78,2.37,12.88,16.92,3.38,0
2019-03-22 17:10:00+00:00,0.0,0.0,0.0,0.0,0.0,15.57,2.14,0
2019-03-22 18:10:00+00:00,0.0,0.0,0.0,0.0,0.0,14.33,1.24,0
2019-03-22 19:10:00+00:00,0.0,0.0,0.0,0.0,0.0,13.26,1.1,0
2019-03-22 20:10:00+00:00,0.0,0.0,0.0,0.0,0.0,13.62,0.76,0
2019-03-22 21:10:00+00:00,0.0,0.0,0.0,0.0,0.0,13.49,0.62,0
2019-03-22 22:10:00+00:00,0.0,0.0,0.0,0.0,0.0,12.93,0.83,0
2019-03-22 23:10:00+00:00,0.0,0.0,0.0,0.0,0.0,10.9,1.38,0
2019-03-23 00:10:00+00:00,0.0,0.0,0.0,0.0,0.0,9.34,1.72,0
2019-03-23 01:10:00+00:00,0.0,0.0,0.0,0.0,0.0,8.41,1.79,0
2019-03-23 02:10:00+00:00,0.0,0.0,0.0,0.0,0.0,7.84,1.72,0
2019-03-23 03:10:00+00:00,0.0,0.0,0.0,0.0,0.0,7.51,1.79,0
2019-03-23 04:10:00+00:00,0.0,0.0,0.0,0.0,0.0,7.31,1.79,0
2019-03-23 05:10:00+00:00,0.0,0.0,0.0,0.0,0.0,7.05,1.79,0
2019-03-23 06:10:00+00:00,17.58,3.71,63.8,1.02,10.53,7.49,1.59,0
2019-03-23 07:10:00+00:00,54.28,56.16,132.48,3.68,21.37,11.21,1.45,0
2019-03-23 08:10:00+00:00,73.84,186.62,77.22,6.99,31.47,14.67,1.1,0
2019-03-23 09:10:00+00:00,96.02,235.94,90.26,8.9,40.16,16.62,0.83,0
2019-03-23 10:10:00+00:00,108.98,283.24,80.56,10.32,46.45,17.78,0.9,0
2019-03-23 11:10:00+00:00,113.01,314.2,61.44,11.01,49.11,18.53,1.45,0
2019-03-23 12:10:00+00:00,107.65,316.16,45.74,10.83,47.43,18.92,1.86,0
2019-03-23 13:10:00+00:00,94.37,267.61,57.67,9.57,41.89,19.02,2.28,0
2019-03-23 14:10:00+00:00,73.56,199.33,68.29,7.6,33.65,18.87,2.69,0
2019-03-23 15:10:00+00:00,46.74,129.62,61.88,5.23,23.81,18.22,2.9,0
2019-03-23 16:10:00+00:00,21.6,49.49,55.09,2.47,13.09,17.07,2.41,0
2019-03-23 17:10:00+00:00,0.0,0.0,0.0,0.0,0.0,15.69,1.59,0
2019-03-23 18:10:00+00:00,0.0,0.0,0.0,0.0,0.0,14.48,0.9,0
2019-03-23 19:10:00+00:00,0.0,0.0,0.0,0.0,0.0,13.86,0.55,0
2019-03-23 20:10:00+00:00,0.0,0.0,0.0,0.0,0.0,13.53,0.62,0
2019-03-23 21:10:00+00:00,0.0,0.0,0.0,0.0,0.0,13.21,0.83,0
2019-03-23 22:10:00+00:00,0.0,0.0,0.0,0.0,0.0,12.87,1.03,0
2019-03-23 23:10:00+00:00,0.0,0.0,0.0,0.0,0.0,11.79,1.24,0
2019-03-24 00:10:00+00:00,0.0,0.0,0.0,0.0,0.0,10.66,1.45,0
2019-03-24 01:10:00+00:00,0.0,0.0,0.0,0.0,0.0,9.74,1.52,0
2019-03-24 02:10:00+00:00,0.0,0.0,0.0,0.0,0.0,8.73,1.66,0
2019-03-24 03:10:00+00:00,0.0,0.0,0.0,0.0,0.0,7.87,1.66,0
2019-03-24 04:10:00+00:00,0.0,0.0,0.0,0.0,0.0,7.39,1.59,0
2019-03-24 05:10:00+00:00,0.0,0.0,0.0,0.0,0.0,7.0,1.59,0
2019-03-24 06:10:00+00:00,20.08,50.19,46.72,1.97,10.85,7.53,1.31,0
2019-03-24 07:10:00+00:00,48.6,126.22,64.89,4.66,21.7,11.43,0.76,0
2019-03-24 08:10:00+00:00,75.98,192.85,78.3,7.09,31.82,15.31,0.28,0
2019-03-24 09:10:00+00:00,97.54,251.77,80.33,9.08,40.54,17.18,0.62,0
2019-03-24 10:10:00+00:00,111.66,290.35,80.2,10.4,46.85,18.36,1.52,0
2019-03-24 11:10:00+00:00,116.33,315.43,68.14,11.04,49.51,19.1,2.28,0
2019-03-24 12:10:00+00:00,110.68,323.73,45.33,10.91,47.8,19.39,2.9,0
2019-03-24 13:10:00+00:00,97.58,269.66,63.04,9.59,42.2,19.3,3.24,0
2019-03-24 14:10:00+00:00,75.63,209.25,64.04,7.7,33.91,18.87,3.24,0
2019-03-24 15:10:00+00:00,49.38,130.37,67.35,5.23,24.04,18.12,3.03,0
2019-03-24 16:10:00+00:00,22.8,54.02,55.3,2.53,13.3,17.05,2.41,0
2019-03-24 17:10:00+00:00,0.0,0.0,0.0,0.0,0.0,15.73,1.66,0
2019-03-24 18:10:00+00:00,0.0,0.0,0.0,0.0,0.0,14.4,1.31,0
2019-03-24 19:10:00+00:00,0.0,0.0,0.0,0.0,0.0,13.39,0.76,0
2019-03-24 20:10:00+00:00,0.0,0.0,0.0,0.0,0.0,13.25,0.69,0
2019-03-24 21:10:00+00:00,0.0,0.0,0.0,0.0,0.0,12.66,0.97,0
2019-03-24 22:10:00+00:00,0.0,0.0,0.0,0.0,0.0,12.27,0.9,0
2019-03-24 23:10:00+00:00,0.0,0.0,0.0,0.0,0.0,12.09,0.55,0
2019-03-25 00:10:00+00:00,0.0,0.0,0.0,0.0,0.0,11.92,0.07,0
2019-03-25 01:10:00+00:00,0.0,0.0,0.0,0.0,0.0,11.55,0.41,0
2019-03-25 02:10:00+00:00,0.0,0.0,0.0,0.0,0.0,11.13,0.76,0
2019-03-25 03:10:00+00:00,0.0,0.0,0.0,0.0,0.0,10.68,0.97,0
2019-03-25 04:10:00+00:00,0.0,0.0,0.0,0.0,0.0,9.92,1.1,0
2019-03-25 05:10:00+00:00,0.0,0.0,0.0,0.0,0.0,9.33,1.17,0
2019-03-25 06:10:00+00:00,23.36,35.43,63.81,1.81,11.17,9.28,1.1,0
2019-03-25 07:10:00+00:00,51.47,127.19,70.47,4.69,22.04,11.19,0.83,0
2019-03-25 08:10:00+00:00,79.5,195.34,82.1,7.11,32.18,14.28,1.59,0
2019-03-25 09:10:00+00:00,102.1,252.81,86.28,9.1,40.92,15.6,2.28,0
2019-03-25 10:10:00+00:00,116.31,296.14,81.34,10.46,47.25,16.42,3.03,0
2019-03-25 11:10:00+00:00,121.24,310.29,80.36,10.97,49.9,16.82,3.45,0
2019-03-25 12:10:00+00:00,115.33,326.0,50.36,10.93,48.16,16.9,3.72,0
2019-03-25 13:10:00+00:00,101.71,270.7,68.63,9.59,42.5,16.73,3.72,0
2019-03-25 14:10:00+00:00,79.84,206.89,73.79,7.68,34.17,16.39,3.52,0
2019-03-25 15:10:00+00:00,52.41,132.73,71.15,5.25,24.26,15.83,3.17,0
2019-03-25 16:10:00+00:00,24.55,56.31,57.55,2.56,13.51,15.09,2.55,0
2019-03-25 17:10:00+00:00,0.0,0.0,0.0,0.0,0.0,14.14,1.59,0
2019-03-25 18:10:00+00:00,0.0,0.0,0.0,0.0,0.0,13.22,1.24,0
2019-03-25 19:10:00+00:00,0.0,0.0,0.0,0.0,0.0,12.21,1.86,0
2019-03-25 20:10:00+00:00,0.0,0.0,0.0,0.0,0.0,11.29,2.14,0
2019-03-25 21:10:00+00:00,0.0,0.0,0.0,0.0,0.0,10.75,2.41,0
2019-03-25 22:10:00+00:00,0.0,0.0,0.0,0.0,0.0,10.4,2.41,0
2019-03-25 23:10:00+00:00,0.0,0.0,0.0,0.0,0.0,9.9,2.14,0
2019-03-26 00:10:00+00:00,0.0,0.0,0.0,0.0,0.0,9.32,1.93,0
2019-03-26 01:10:00+00:00,0.0,0.0,0.0,0.0,0.0,8.87,2.0,0
2019-03-26 02:10:00+00:00,0.0,0.0,0.0,0.0,0.0,8.38,2.07,0
2019-03-26 03:10:00+00:00,0.0,0.0,0.0,0.0,0.0,7.66,2.0,0
2019-03-26 04:10:00+00:00,0.0,0.0,0.0,0.0,0.0,7.55,2.07,0
2019-03-26 05:10:00+00:00,0.0,0.0,0.0,0.0,0.0,7.81,2.07,0
2019-03-26 06:10:00+00:00,18.89,3.54,67.72,1.06,11.5,8.23,1.45,0
2019-03-26 07:10:00+00:00,20.0,0.0,73.67,1.06,22.37,10.63,1.79,0
2019-03-26 08:10:00+00:00,61.16,2.87,190.62,2.83,32.53,12.49,2.07,0
2019-03-26 09:10:00+00:00,114.14,79.78,275.04,6.56,41.3,13.61,2.34,0
2019-03-26 10:10:00+00:00,16.22,0.0,63.42,0.91,47.65,15.03,2.9,0
2019-03-26 11:10:00+00:00,17.1,0.0,66.21,0.95,50.3,15.56,3.66,0
2019-03-26 12:10:00+00:00,18.61,0.0,70.88,1.02,48.51,15.86,4.14,0
2019-03-26 13:10:00+00:00,14.33,0.0,57.82,0.83,42.81,16.28,3.79,0
2019-03-26 14:10:00+00:00,67.78,4.08,211.67,3.18,34.43,16.56,3.24,0
2019-03-26 15:10:00+00:00,9.65,0.0,42.9,0.62,24.49,16.02,2.21,0
2019-03-26 16:10:00+00:00,26.62,8.85,89.64,1.55,13.72,14.28,0.55,0
2019-03-26 17:10:00+00:00,0.39,0.0,8.02,0.12,2.6,13.9,1.31,0
2019-03-26 18:10:00+00:00,0.0,0.0,0.0,0.0,0.0,12.94,2.48,0
2019-03-26 19:10:00+00:00,0.0,0.0,0.0,0.0,0.0,11.8,3.45,0
2019-03-26 20:10:00+00:00,0.0,0.0,0.0,0.0,0.0,11.2,3.31,0
2019-03-26 21:10:00+00:00,0.0,0.0,0.0,0.0,0.0,10.56,2.9,0
2019-03-26 22:10:00+00:00,0.0,0.0,0.0,0.0,0.0,9.86,2.62,0
2019-03-26 23:10:00+00:00,0.0,0.0,0.0,0.0,0.0,9.17,2.41,0
2019-03-27 00:10:00+00:00,0.0,0.0,0.0,0.0,0.0,8.53,2.41,0
2019-03-27 01:10:00+00:00,0.0,0.0,0.0,0.0,0.0,7.95,2.69,0
2019-03-27 02:10:00+00:00,0.0,0.0,0.0,0.0,0.0,7.85,3.03,0
2019-03-27 03:10:00+00:00,0.0,0.0,0.0,0.0,0.0,7.55,3.31,0
2019-03-27 04:10:00+00:00,0.0,0.0,0.0,0.0,0.0,7.19,3.31,0
2019-03-27 05:10:00+00:00,0.0,0.0,0.0,0.0,0.0,7.33,3.17,0
2019-03-27 06:10:00+00:00,24.88,67.49,47.21,2.24,11.82,7.88,3.17,0
2019-03-27 07:10:00+00:00,60.94,37.71,160.38,3.39,22.71,9.49,3.38,0
2019-03-27 08:10:00+00:00,36.0,0.0,120.3,1.73,32.88,11.68,3.52,0
2019-03-27 09:10:00+00:00,117.5,120.89,245.59,7.4,41.67,13.78,3.24,0
2019-03-27 10:10:00+00:00,132.35,109.49,301.34,7.93,48.04,15.31,2.69,0
2019-03-27 11:10:00+00:00,131.4,51.68,355.92,6.85,50.69,15.94,1.86,0
2019-03-27 12:10:00+00:00,119.69,308.33,82.26,10.73,48.87,16.4,0.83,0
2019-03-27 13:10:00+00:00,105.16,281.01,70.27,9.67,43.11,16.39,0.97,0
2019-03-27 14:10:00+00:00,87.14,182.44,114.23,7.38,34.69,16.12,2.0,0
2019-03-27 15:10:00+00:00,43.17,1.89,141.39,2.09,24.72,14.9,2.83,0
2019-03-27 16:10:00+00:00,27.96,9.69,92.41,1.61,13.93,13.9,3.1,0
2019-03-27 17:10:00+00:00,0.74,0.0,9.81,0.15,2.8,13.25,3.17,0
2019-03-27 18:10:00+00:00,0.0,0.0,0.0,0.0,0.0,12.38,2.41,0
2019-03-27 19:10:00+00:00,0.0,0.0,0.0,0.0,0.0,12.17,2.21,0
2019-03-27 20:10:00+00:00,0.0,0.0,0.0,0.0,0.0,11.35,1.38,0
2019-03-27 21:10:00+00:00,0.0,0.0,0.0,0.0,0.0,11.31,0.76,0
2019-03-27 22:10:00+00:00,0.0,0.0,0.0,0.0,0.0,10.32,1.1,0
2019-03-27 23:10:00+00:00,0.0,0.0,0.0,0.0,0.0,9.11,2.14,0
2019-03-28 00:10:00+00:00,0.0,0.0,0.0,0.0,0.0,8.8,2.76,0
2019-03-28 01:10:00+00:00,0.0,0.0,0.0,0.0,0.0,8.03,3.17,0
2019-03-28 02:10:00+00:00,0.0,0.0,0.0,0.0,0.0,7.34,3.31,0
2019-03-28 03:10:00+00:00,0.0,0.0,0.0,0.0,0.0,6.78,3.38,0
2019-03-28 04:10:00+00:00,0.0,0.0,0.0,0.0,0.0,6.29,3.45,0
2019-03-28 05:10:00+00:00,0.0,0.0,0.0,0.0,0.0,5.95,3.52,0
2019-03-28 06:10:00+00:00,27.5,68.73,52.03,2.29,12.14,6.31,3.45,0
2019-03-28 07:10:00+00:00,59.77,147.53,70.37,4.98,23.04,8.78,3.66,0
2019-03-28 08:10:00+00:00,89.62,214.54,84.58,7.4,33.23,11.08,3.31,0
2019-03-28 09:10:00+00:00,111.69,273.21,87.25,9.36,42.05,13.13,2.62,0
2019-03-28 10:10:00+00:00,124.14,323.27,75.5,10.78,48.44,14.64,1.45,0
2019-03-28 11:10:00+00:00,127.83,343.09,68.71,11.35,51.09,15.76,1.1,0
2019-03-28 12:10:00+00:00,124.07,306.28,94.51,10.77,49.23,16.59,1.59,0
2019-03-28 13:10:00+00:00,108.89,290.53,69.55,9.82,43.42,17.02,2.41,0
2019-03-28 14:10:00+00:00,86.46,229.06,70.16,7.92,34.95,17.02,3.38,0
2019-03-28 15:10:00+00:00,58.65,148.36,73.08,5.44,24.94,16.54,3.72,0
2019-03-28 16:10:00+00:00,28.66,69.06,59.31,2.73,14.13,15.95,3.24,0
2019-03-28 17:10:00+00:00,0.9,0.0,10.7,0.16,3.01,15.15,2.07,0
2019-03-28 18:10:00+00:00,0.0,0.0,0.0,0.0,0.0,13.69,1.38,0
2019-03-28 19:10:00+00:00,0.0,0.0,0.0,0.0,0.0,13.03,3.31,0
2019-03-28 20:10:00+00:00,0.0,0.0,0.0,0.0,0.0,11.75,3.17,0
2019-03-28 21:10:00+00:00,0.0,0.0,0.0,0.0,0.0,10.75,3.1,0
2019-03-28 22:10:00+00:00,0.0,0.0,0.0,0.0,0.0,9.86,3.03,0
2019-03-28 23:10:00+00:00,0.0,0.0,0.0,0.0,0.0,9.04,2.97,0
2019-03-29 00:10:00+00:00,0.0,0.0,0.0,0.0,0.0,8.22,2.83,0
2019-03-29 01:10:00+00:00,0.0,0.0,0.0,0.0,0.0,7.48,2.76,0
2019-03-29 02:10:00+00:00,0.0,0.0,0.0,0.0,0.0,6.85,2.76,0
2019-03-29 03:10:00+00:00,0.0,0.0,0.0,0.0,0.0,6.35,2.83,0
2019-03-29 04:10:00+00:00,0.0,0.0,0.0,0.0,0.0,5.96,2.83,0
2019-03-29 05:10:00+00:00,0.0,0.0,0.0,0.0,0.0,5.62,2.76,0
2019-03-29 06:10:00+00:00,29.88,77.52,52.01,2.44,12.46,6.09,2.48,0
2019-03-29 07:10:00+00:00,62.96,156.78,71.08,5.16,23.37,9.19,2.62,0
2019-03-29 08:10:00+00:00,92.48,232.34,77.68,7.68,33.58,12.28,2.62,0
2019-03-29 09:10:00+00:00,114.99,293.27,79.66,9.7,42.42,14.56,2.41,0
2019-03-29 10:10:00+00:00,128.08,345.23,66.88,11.15,48.83,16.07,1.86,0
2019-03-29 11:10:00+00:00,131.87,365.96,58.99,11.71,51.48,17.03,1.59,0
2019-03-29 12:10:00+00:00,127.12,345.6,66.26,11.29,49.58,17.63,2.0,0
2019-03-29 13:10:00+00:00,112.55,310.93,61.05,10.14,43.72,17.92,2.83,0
2019-03-29 14:10:00+00:00,89.36,251.33,58.32,8.24,35.2,17.84,3.79,0
2019-03-29 15:10:00+00:00,61.23,161.85,68.62,5.65,25.16,17.15,4.69,0
2019-03-29 16:10:00+00:00,30.12,79.98,55.55,2.89,14.34,15.94,4.97,0
2019-03-29 17:10:00+00:00,1.29,0.0,12.48,0.19,3.21,14.57,4.41,0
2019-03-29 18:10:00+00:00,0.0,0.0,0.0,0.0,0.0,13.28,3.59,0
2019-03-29 19:10:00+00:00,0.0,0.0,0.0,0.0,0.0,12.6,2.9,0
2019-03-29 20:10:00+00:00,0.0,0.0,0.0,0.0,0.0,11.49,1.79,0
2019-03-29 21:10:00+00:00,0.0,0.0,0.0,0.0,0.0,12.3,0.9,0
2019-03-29 22:10:00+00:00,0.0,0.0,0.0,0.0,0.0,11.16,1.1,0
2019-03-29 23:10:00+00:00,0.0,0.0,0.0,0.0,0.0,9.11,1.45,0
2019-03-30 00:10:00+00:00,0.0,0.0,0.0,0.0,0.0,7.75,1.59,0
2019-03-30 01:10:00+00:00,0.0,0.0,0.0,0.0,0.0,6.76,1.72,0
2019-03-30 02:10:00+00:00,0.0,0.0,0.0,0.0,0.0,6.12,1.86,0
2019-03-30 03:10:00+00:00,0.0,0.0,0.0,0.0,0.0,5.67,1.93,0
2019-03-30 04:10:00+00:00,0.0,0.0,0.0,0.0,0.0,5.3,1.93,0
2019-03-30 05:10:00+00:00,0.0,0.0,0.0,0.0,0.0,4.95,1.93,0
2019-03-30 06:10:00+00:00,31.52,80.66,53.29,2.48,12.78,5.86,1.52,0
2019-03-30 07:10:00+00:00,64.23,158.53,73.47,5.16,23.7,10.33,1.1,0
2019-03-30 08:10:00+00:00,92.7,233.74,80.11,7.65,33.93,13.37,0.41,0
2019-03-30 09:10:00+00:00,115.22,294.11,82.11,9.65,42.8,14.95,0.9,0
2019-03-30 10:10:00+00:00,129.13,339.78,75.14,11.01,49.23,16.1,1.45,0
2019-03-30 11:10:00+00:00,133.83,359.83,67.68,11.56,51.87,16.94,2.21,0
2019-03-30 12:10:00+00:00,129.31,339.87,74.5,11.15,49.94,17.42,2.97,0
2019-03-30 13:10:00+00:00,114.66,305.58,69.29,10.01,44.02,17.54,3.52,0
2019-03-30 14:10:00+00:00,91.48,248.03,65.19,8.15,35.45,17.32,3.79,0
2019-03-30 15:10:00+00:00,62.74,163.11,70.32,5.61,25.38,16.73,3.93,0
2019-03-30 16:10:00+00:00,31.12,84.63,54.29,2.92,14.54,15.77,3.79,0
2019-03-30 17:10:00+00:00,1.49,0.0,13.37,0.2,3.41,14.51,3.1,0
2019-03-30 18:10:00+00:00,0.0,0.0,0.0,0.0,0.0,13.18,2.41,0
2019-03-30 19:10:00+00:00,0.0,0.0,0.0,0.0,0.0,12.08,1.79,0
2019-03-30 20:10:00+00:00,0.0,0.0,0.0,0.0,0.0,11.18,1.31,0
2019-03-30 21:10:00+00:00,0.0,0.0,0.0,0.0,0.0,11.08,1.17,0
2019-03-30 22:10:00+00:00,0.0,0.0,0.0,0.0,0.0,11.32,0.97,0
2019-03-30 23:10:00+00:00,0.0,0.0,0.0,0.0,0.0,11.04,0.9,0
2019-03-31 00:10:00+00:00,0.0,0.0,0.0,0.0,0.0,10.75,0.9,0
2019-03-31 01:10:00+00:00,0.0,0.0,0.0,0.0,0.0,10.41,0.97,0
2019-03-31 02:10:00+00:00,0.0,0.0,0.0,0.0,0.0,9.94,1.1,0
2019-03-31 03:10:00+00:00,0.0,0.0,0.0,0.0,0.0,8.79,1.24,0
2019-03-31 04:10:00+00:00,0.0,0.0,0.0,0.0,0.0,7.7,1.38,0
2019-03-31 05:10:00+00:00,0.0,0.0,0.0,0.0,0.0,6.56,1.52,0
2019-03-31 06:10:00+00:00,33.14,81.75,56.41,2.51,13.1,7.16,1.24,0
2019-03-31 07:10:00+00:00,66.03,157.94,78.45,5.14,24.03,11.28,0.97,0
2019-03-31 08:10:00+00:00,94.6,231.91,86.57,7.61,34.28,14.21,0.62,0
2019-03-31 09:10:00+00:00,115.82,291.34,89.19,9.58,43.17,16.04,0.21,0
2019-03-31 10:10:00+00:00,130.16,335.49,83.46,10.92,49.62,17.4,1.52,0
2019-03-31 11:10:00+00:00,135.4,348.6,83.22,11.4,52.26,18.13,2.69,0
2019-03-31 12:10:00+00:00,131.25,329.08,89.66,10.99,50.29,18.21,3.66,0
2019-03-31 13:10:00+00:00,116.94,296.55,82.97,9.87,44.31,17.82,4.0,0
2019-03-31 14:10:00+00:00,93.5,241.01,76.19,8.03,35.7,17.42,3.59,0
2019-03-31 15:10:00+00:00,64.08,165.27,71.88,5.6,25.6,17.14,2.76,0
2019-03-31 16:10:00+00:00,33.01,80.12,62.2,2.87,14.75,16.72,2.07,0
2019-03-31 17:10:00+00:00,1.68,0.0,14.27,0.21,3.61,15.81,1.45,0
2019-03-31 18:10:00+00:00,0.0,0.0,0.0,0.0,0.0,14.53,1.45,0
2019-03-31 19:10:00+00:00,0.0,0.0,0.0,0.0,0.0,12.68,1.1,0
2019-03-31 20:10:00+00:00,0.0,0.0,0.0,0.0,0.0,12.83,0.76,0
2019-03-31 21:10:00+00:00,0.0,0.0,0.0,0.0,0.0,12.66,0.48,0
2019-03-31 22:10:00+00:00,0.0,0.0,0.0,0.0,0.0,12.21,0.83,0
2019-03-31 23:10:00+00:00,0.0,0.0,0.0,0.0,0.0,10.75,1.24,0
2019-04-01 00:10:00+00:00,0.0,0.0,0.0,0.0,0.0,9.17,1.59,0
2019-04-01 01:10:00+00:00,0.0,0.0,0.0,0.0,0.0,8.3,1.66,0
2019-04-01 02:10:00+00:00,0.0,0.0,0.0,0.0,0.0,8.44,1.31,0
2019-04-01 03:10:00+00:00,0.0,0.0,0.0,0.0,0.0,9.54,0.76,0
2019-04-01 04:10:00+00:00,0.0,0.0,0.0,0.0,0.0,9.71,0.62,0
2019-04-01 05:10:00+00:00,0.0,0.0,0.0,0.0,0.0,9.88,0.9,0
2019-04-01 06:10:00+00:00,35.03,73.15,67.13,2.45,13.42,8.94,1.17,0
2019-04-01 07:10:00+00:00,68.52,145.29,95.24,5.02,24.35,12.2,1.03,0
2019-04-01 08:10:00+00:00,97.22,223.08,100.73,7.52,34.62,14.59,0.97,0
2019-04-01 09:10:00+00:00,118.38,281.34,104.48,9.46,43.54,16.28,0.55,0
2019-04-01 10:10:00+00:00,132.08,324.59,99.71,10.78,50.01,17.58,1.31,0
2019-04-01 11:10:00+00:00,137.68,325.82,112.04,11.15,52.65,18.33,2.48,0
2019-04-01 12:10:00+00:00,133.72,300.95,124.83,10.68,50.64,18.35,2.9,0
2019-04-01 13:10:00+00:00,119.1,270.57,115.22,9.58,44.61,18.38,2.9,0
2019-04-01 14:10:00+00:00,96.62,215.18,108.51,7.74,35.95,18.1,3.1,0
2019-04-01 15:10:00+00:00,68.86,127.58,115.02,5.18,25.82,17.44,3.31,0
2019-04-01 16:10:00+00:00,35.72,64.51,79.1,2.69,14.95,16.49,3.1,0
2019-04-01 17:10:00+00:00,1.48,0.0,13.37,0.2,3.81,15.35,2.0,0
2019-04-01 18:10:00+00:00,0.0,0.0,0.0,0.0,0.0,14.51,1.31,0
2019-04-01 19:10:00+00:00,0.0,0.0,0.0,0.0,0.0,13.47,0.97,0
2019-04-01 20:10:00+00:00,0.0,0.0,0.0,0.0,0.0,13.31,0.76,0
2019-04-01 21:10:00+00:00,0.0,0.0,0.0,0.0,0.0,13.42,0.48,0
2019-04-01 22:10:00+00:00,0.0,0.0,0.0,0.0,0.0,13.14,0.55,0
2019-04-01 23:10:00+00:00,0.0,0.0,0.0,0.0,0.0,12.67,0.97,0
2019-04-02 00:10:00+00:00,0.0,0.0,0.0,0.0,0.0,11.48,1.31,0
2019-04-02 01:10:00+00:00,0.0,0.0,0.0,0.0,0.0,11.2,1.24,0
2019-04-02 02:10:00+00:00,0.0,0.0,0.0,0.0,0.0,11.12,1.1,0
2019-04-02 03:10:00+00:00,0.0,0.0,0.0,0.0,0.0,11.4,0.9,0
2019-04-02 04:10:00+00:00,0.0,0.0,0.0,0.0,0.0,11.02,1.03,0
2019-04-02 05:10:00+00:00,0.0,0.0,5.35,0.08,2.59,10.78,1.03,0
2019-04-02 06:10:00+00:00,29.19,13.23,91.63,1.58,13.74,10.95,0.97,0
2019-04-02 07:10:00+00:00,70.16,67.76,163.96,4.07,24.68,12.71,0.62,0
2019-04-02 08:10:00+00:00,101.34,104.29,219.8,6.07,34.97,14.3,0.55,0
2019-04-02 09:10:00+00:00,124.06,173.53,222.67,8.24,43.91,15.78,0.34,0
2019-04-02 10:10:00+00:00,136.74,268.19,166.21,10.21,50.4,16.95,1.31,0
2019-04-02 11:10:00+00:00,142.62,257.32,192.23,10.41,53.04,17.8,2.28,0
2019-04-02 12:10:00+00:00,138.0,252.47,182.47,10.13,50.98,18.06,3.17,0
2019-04-02 13:10:00+00:00,126.87,147.56,251.22,8.07,44.9,17.74,3.72,0
2019-04-02 14:10:00+00:00,102.61,153.6,178.02,7.02,36.2,16.8,3.79,0
2019-04-02 15:10:00+00:00,63.64,20.23,185.66,3.23,26.04,15.87,3.66,0
2019-04-02 16:10:00+00:00,27.12,4.85,92.79,1.45,15.15,15.03,3.17,0
2019-04-02 17:10:00+00:00,1.64,0.0,13.99,0.2,4.0,14.18,2.69,0
2019-04-02 18:10:00+00:00,0.0,0.0,0.0,0.0,0.0,13.43,2.14,0
2019-04-02 19:10:00+00:00,0.0,0.0,0.0,0.0,0.0,12.75,2.14,0
2019-04-02 20:10:00+00:00,0.0,0.0,0.0,0.0,0.0,12.36,2.07,0
2019-04-02 21:10:00+00:00,0.0,0.0,0.0,0.0,0.0,11.96,2.14,0
2019-04-02 22:10:00+00:00,0.0,0.0,0.0,0.0,0.0,11.67,2.28,0
2019-04-02 23:10:00+00:00,0.0,0.0,0.0,0.0,0.0,11.26,2.55,0
2019-04-03 00:10:00+00:00,0.0,0.0,0.0,0.0,0.0,11.07,2.83,0
2019-04-03 01:10:00+00:00,0.0,0.0,0.0,0.0,0.0,10.7,2.69,0
2019-04-03 02:10:00+00:00,0.0,0.0,0.0,0.0,0.0,10.65,2.9,0
2019-04-03 03:10:00+00:00,0.0,0.0,0.0,0.0,0.0,10.63,2.83,0
2019-04-03 04:10:00+00:00,0.0,0.0,0.0,0.0,0.0,10.69,3.17,0
2019-04-03 05:10:00+00:00,0.0,0.0,1.87,0.03,2.9,10.49,3.52,0
2019-04-03 06:10:00+00:00,17.99,0.71,67.12,0.98,14.05,10.86,4.07,0
2019-04-03 07:10:00+00:00,53.98,8.74,164.0,2.57,25.0,11.86,4.21,0
2019-04-03 08:10:00+00:00,102.06,69.7,244.53,5.44,35.31,12.55,4.97,0
2019-04-03 09:10:00+00:00,80.48,2.57,244.85,3.59,44.27,13.28,5.31,0
2019-04-03 10:10:00+00:00,38.98,0.0,129.63,1.86,50.79,13.77,5.86,0
2019-04-03 11:10:00+00:00,32.14,0.0,110.04,1.58,53.42,13.96,5.93,0
2019-04-03 12:10:00+00:00,111.23,11.87,323.88,5.01,51.33,13.55,5.72,0
2019-04-03 13:10:00+00:00,48.47,0.0,156.67,2.25,45.19,13.63,5.66,0
2019-04-03 14:10:00+00:00,21.94,0.0,80.2,1.15,36.44,13.82,5.1,0
2019-04-03 15:10:00+00:00,60.04,13.0,178.81,2.92,26.25,13.69,5.45,0
2019-04-03 16:10:00+00:00,37.51,35.42,100.96,2.26,15.35,13.82,5.66,0
2019-04-03 17:10:00+00:00,0.64,0.0,9.33,0.13,4.2,13.27,5.59,0
2019-04-03 18:10:00+00:00,0.0,0.0,0.0,0.0,0.0,12.86,5.52,0
2019-04-03 19:10:00+00:00,0.0,0.0,0.0,0.0,0.0,12.52,5.66,0
2019-04-03 20:10:00+00:00,0.0,0.0,0.0,0.0,0.0,12.47,5.59,0
2019-04-03 21:10:00+00:00,0.0,0.0,0.0,0.0,0.0,12.46,5.59,0
2019-04-03 22:10:00+00:00,0.0,0.0,0.0,0.0,0.0,12.45,5.93,0
2019-04-03 23:10:00+00:00,0.0,0.0,0.0,0.0,0.0,12.48,6.07,0
2019-04-04 00:10:00+00:00,0.0,0.0,0.0,0.0,0.0,12.31,6.0,0
2019-04-04 01:10:00+00:00,0.0,0.0,0.0,0.0,0.0,12.25,6.0,0
2019-04-04 02:10:00+00:00,0.0,0.0,0.0,0.0,0.0,12.0,6.14,0
2019-04-04 03:10:00+00:00,0.0,0.0,0.0,0.0,0.0,11.93,6.34,0
2019-04-04 04:10:00+00:00,0.0,0.0,0.0,0.0,0.0,12.2,6.48,0
2019-04-04 05:10:00+00:00,1.42,1.76,12.07,0.19,3.21,12.13,6.55,0
2019-04-04 06:10:00+00:00,36.6,38.19,94.47,2.09,14.36,12.4,7.17,0
2019-04-04 07:10:00+00:00,75.01,110.0,138.0,4.65,25.32,13.3,6.55,0
2019-04-04 08:10:00+00:00,106.75,150.36,183.97,6.67,35.65,14.04,7.52,0
2019-04-04 09:10:00+00:00,22.18,0.0,81.13,1.17,44.64,14.83,8.34,0
2019-04-04 10:10:00+00:00,37.53,0.0,125.9,1.81,51.18,14.96,8.48,0
2019-04-04 11:10:00+00:00,29.48,0.0,102.58,1.47,53.81,14.82,8.21,0
2019-04-04 12:10:00+00:00,19.74,0.0,73.67,1.06,51.67,14.13,7.59,0
2019-04-04 13:10:00+00:00,48.79,0.0,157.61,2.26,45.48,13.89,6.62,0
2019-04-04 14:10:00+00:00,28.04,0.0,97.92,1.41,36.68,13.52,6.62,0
2019-04-04 15:10:00+00:00,47.28,2.2,150.8,2.22,26.46,13.08,7.72,0
2019-04-04 16:10:00+00:00,25.58,3.18,88.36,1.34,15.55,13.1,6.97,0
2019-04-04 17:10:00+00:00,3.51,2.35,20.27,0.32,4.4,13.09,8.0,0
2019-04-04 18:10:00+00:00,0.0,0.0,0.0,0.0,0.0,12.78,8.21,0
2019-04-04 19:10:00+00:00,0.0,0.0,0.0,0.0,0.0,12.9,7.86,0
2019-04-04 20:10:00+00:00,0.0,0.0,0.0,0.0,0.0,12.56,5.66,0
2019-04-04 21:10:00+00:00,0.0,0.0,0.0,0.0,0.0,11.13,4.69,0
2019-04-04 22:10:00+00:00,0.0,0.0,0.0,0.0,0.0,10.11,2.9,0
2019-04-04 23:10:00+00:00,0.0,0.0,0.0,0.0,0.0,9.89,1.31,0
2019-04-05 00:10:00+00:00,0.0,0.0,0.0,0.0,0.0,8.53,1.52,0
2019-04-05 01:10:00+00:00,0.0,0.0,0.0,0.0,0.0,7.68,1.59,0
2019-04-05 02:10:00+00:00,0.0,0.0,0.0,0.0,0.0,7.48,1.66,0
2019-04-05 03:10:00+00:00,0.0,0.0,0.0,0.0,0.0,8.39,1.24,0
2019-04-05 04:10:00+00:00,0.0,0.0,0.0,0.0,0.0,9.06,0.76,0
2019-04-05 05:10:00+00:00,2.33,3.43,14.81,0.24,3.52,8.63,0.9,0
2019-04-05 06:10:00+00:00,43.56,107.57,62.13,2.91,14.67,9.01,0.69,0
2019-04-05 07:10:00+00:00,79.3,186.47,83.34,5.56,25.64,9.8,1.24,0
2019-04-05 08:10:00+00:00,109.94,255.99,97.33,7.97,35.98,11.62,1.72,0
2019-04-05 09:10:00+00:00,134.86,156.84,258.32,8.13,45.0,12.57,2.0,0
2019-04-05 10:10:00+00:00,147.32,113.04,337.0,8.16,51.56,13.46,2.34,0
2019-04-05 11:10:00+00:00,146.98,73.81,373.48,7.57,54.19,13.89,2.83,0
2019-04-05 12:10:00+00:00,149.52,210.68,247.98,9.71,52.01,14.3,3.24,0
2019-04-05 13:10:00+00:00,133.14,240.7,174.57,9.34,45.76,14.45,3.03,0
2019-04-05 14:10:00+00:00,110.37,157.28,192.12,7.14,36.92,14.1,2.97,0
2019-04-05 15:10:00+00:00,77.82,149.4,115.16,5.48,26.68,13.75,2.62,0
2019-04-05 16:10:00+00:00,42.17,99.97,67.51,3.12,15.75,13.46,2.28,0
2019-04-05 17:10:00+00:00,4.16,3.59,22.02,0.36,4.59,12.88,1.86,0
2019-04-05 18:10:00+00:00,0.0,0.0,0.0,0.0,0.0,11.86,1.72,0
2019-04-05 19:10:00+00:00,0.0,0.0,0.0,0.0,0.0,10.47,1.66,0
2019-04-05 20:10:00+00:00,0.0,0.0,0.0,0.0,0.0,9.28,1.59,0
2019-04-05 21:10:00+00:00,0.0,0.0,0.0,0.0,0.0,8.6,1.66,0
2019-04-05 22:10:00+00:00,0.0,0.0,0.0,0.0,0.0,7.93,1.79,0
2019-04-05 23:10:00+00:00,0.0,0.0,0.0,0.0,0.0,7.44,1.79,0
2019-04-06 00:10:00+00:00,0.0,0.0,0.0,0.0,0.0,7.04,1.72,0
2019-04-06 01:10:00+00:00,0.0,0.0,0.0,0.0,0.0,6.46,1.72,0
2019-04-06 02:10:00+00:00,0.0,0.0,0.0,0.0,0.0,5.92,1.66,0
2019-04-06 03:10:00+00:00,0.0,0.0,0.0,0.0,0.0,5.83,1.45,0
2019-04-06 04:10:00+00:00,0.0,0.0,0.0,0.0,0.0,5.75,1.38,0
2019-04-06 05:10:00+00:00,2.88,3.36,16.68,0.27,3.83,5.26,1.45,0
2019-04-06 06:10:00+00:00,46.22,112.86,62.39,2.97,14.98,6.23,1.31,0
2019-04-06 07:10:00+00:00,81.62,185.31,89.94,5.57,25.96,10.79,1.93,0
2019-04-06 08:10:00+00:00,111.71,228.96,129.38,7.73,36.32,13.22,1.45,0
2019-04-06 09:10:00+00:00,132.66,316.45,105.75,9.94,45.36,14.76,0.83,0
2019-04-06 10:10:00+00:00,147.01,322.35,139.75,10.91,51.95,15.76,1.31,0
2019-04-06 11:10:00+00:00,151.53,367.06,106.88,11.67,54.57,16.39,2.14,0
2019-04-06 12:10:00+00:00,146.42,373.09,85.48,11.45,52.35,16.62,2.9,0
2019-04-06 13:10:00+00:00,133.37,264.05,155.84,9.59,46.04,16.39,3.03,0
2019-04-06 14:10:00+00:00,110.56,182.19,172.59,7.45,37.16,15.94,2.48,0
2019-04-06 15:10:00+00:00,79.32,113.09,151.9,5.06,26.89,15.52,2.0,0
2019-04-06 16:10:00+00:00,27.2,3.31,93.98,1.42,15.94,14.88,1.86,0
2019-04-06 17:10:00+00:00,3.78,2.44,21.24,0.33,4.79,13.98,1.66,0
2019-04-06 18:10:00+00:00,0.0,0.0,0.0,0.0,0.0,12.77,1.93,0
2019-04-06 19:10:00+00:00,0.0,0.0,0.0,0.0,0.0,11.66,1.52,0
2019-04-06 20:10:00+00:00,0.0,0.0,0.0,0.0,0.0,10.89,1.72,0
2019-04-06 21:10:00+00:00,0.0,0.0,0.0,0.0,0.0,10.51,2.0,0
2019-04-06 22:10:00+00:00,0.0,0.0,0.0,0.0,0.0,10.19,2.34,0
2019-04-06 23:10:00+00:00,0.0,0.0,0.0,0.0,0.0,9.71,2.21,0
2019-04-07 00:10:00+00:00,0.0,0.0,0.0,0.0,0.0,9.64,1.93,0
2019-04-07 01:10:00+00:00,0.0,0.0,0.0,0.0,0.0,9.96,1.93,0
2019-04-07 02:10:00+00:00,0.0,0.0,0.0,0.0,0.0,10.41,2.14,0
2019-04-07 03:10:00+00:00,0.0,0.0,0.0,0.0,0.0,10.56,2.48,0
2019-04-07 04:10:00+00:00,0.0,0.0,0.0,0.0,0.0,10.67,2.76,0
2019-04-07 05:10:00+00:00,0.0,0.0,2.8,0.04,4.14,10.48,2.83,0
2019-04-07 06:10:00+00:00,7.06,0.0,33.57,0.48,15.29,10.52,2.41,0
2019-04-07 07:10:00+00:00,68.1,24.61,190.29,3.31,26.28,11.32,2.28,0
2019-04-07 08:10:00+00:00,99.54,38.21,267.01,4.84,36.65,11.79,2.21,0
2019-04-07 09:10:00+00:00,55.3,0.0,176.26,2.53,45.72,12.41,2.07,0
2019-04-07 10:10:00+00:00,152.13,175.26,289.7,9.14,52.33,13.59,2.55,0
2019-04-07 11:10:00+00:00,156.6,270.09,209.6,10.62,54.95,13.93,2.69,0
2019-04-07 12:10:00+00:00,151.14,259.8,204.61,10.26,52.69,14.2,2.83,0
2019-04-07 13:10:00+00:00,136.87,174.45,247.7,8.48,46.33,14.33,3.03,0
2019-04-07 14:10:00+00:00,111.58,240.54,117.06,8.03,37.4,14.17,3.1,0
2019-04-07 15:10:00+00:00,80.01,197.29,78.11,5.92,27.09,13.93,3.03,0
2019-04-07 16:10:00+00:00,45.3,106.71,69.22,3.19,16.14,13.47,2.41,0
2019-04-07 17:10:00+00:00,8.26,27.24,23.55,0.67,4.99,12.94,1.86,0
2019-04-07 18:10:00+00:00,0.0,0.0,0.0,0.0,0.0,12.21,1.38,0
2019-04-07 19:10:00+00:00,0.0,0.0,0.0,0.0,0.0,11.44,2.21,0
2019-04-07 20:10:00+00:00,0.0,0.0,0.0,0.0,0.0,10.53,2.07,0
2019-04-07 21:10:00+00:00,0.0,0.0,0.0,0.0,0.0,9.64,1.93,0
2019-04-07 22:10:00+00:00,0.0,0.0,0.0,0.0,0.0,8.89,1.93,0
2019-04-07 23:10:00+00:00,0.0,0.0,0.0,0.0,0.0,8.33,1.79,0
2019-04-08 00:10:00+00:00,0.0,0.0,0.0,0.0,0.0,8.01,1.66,0
2019-04-08 01:10:00+00:00,0.0,0.0,0.0,0.0,0.0,7.48,1.86,0
2019-04-08 02:10:00+00:00,0.0,0.0,0.0,0.0,0.0,7.08,2.21,0
2019-04-08 03:10:00+00:00,0.0,0.0,0.0,0.0,0.0,7.05,2.41,0
2019-04-08 04:10:00+00:00,0.0,0.0,0.0,0.0,0.0,6.79,2.41,0
2019-04-08 05:10:00+00:00,5.18,8.09,22.12,0.39,4.44,6.48,2.28,0
2019-04-08 06:10:00+00:00,50.01,119.73,65.71,3.08,15.59,7.69,2.0,0
2019-04-08 07:10:00+00:00,85.92,191.86,93.45,5.65,26.59,10.92,2.55,0
2019-04-08 08:10:00+00:00,116.47,268.71,100.46,8.09,36.98,12.62,2.97,0
2019-04-08 09:10:00+00:00,139.47,305.57,125.52,9.81,46.07,13.88,3.66,0
2019-04-08 10:10:00+00:00,154.21,287.5,182.88,10.49,52.71,14.74,4.55,0
2019-04-08 11:10:00+00:00,158.33,380.32,101.82,11.72,55.32,15.25,5.59,0
2019-04-08 12:10:00+00:00,126.72,25.5,357.6,5.87,53.02,15.32,6.41,0
2019-04-08 13:10:00+00:00,138.44,296.11,130.87,9.86,46.6,15.38,6.76,0
2019-04-08 14:10:00+00:00,114.0,269.09,94.24,8.29,37.63,14.97,6.62,0
2019-04-08 15:10:00+00:00,82.93,173.82,104.51,5.71,27.3,14.73,6.55,0
2019-04-08 16:10:00+00:00,47.01,95.62,80.99,3.09,16.33,14.19,6.14,0
2019-04-08 17:10:00+00:00,6.99,12.56,26.85,0.54,5.18,13.48,5.38,0
2019-04-08 18:10:00+00:00,0.0,0.0,0.0,0.0,0.0,12.59,4.9,0
2019-04-08 19:10:00+00:00,0.0,0.0,0.0,0.0,0.0,12.36,4.21,0
2019-04-08 20:10:00+00:00,0.0,0.0,0.0,0.0,0.0,11.89,3.93,0
2019-04-08 21:10:00+00:00,0.0,0.0,0.0,0.0,0.0,11.3,3.59,0
2019-04-08 22:10:00+00:00,0.0,0.0,0.0,0.0,0.0,10.73,3.24,0
2019-04-08 23:10:00+00:00,0.0,0.0,0.0,0.0,0.0,10.23,3.1,0
2019-04-09 00:10:00+00:00,0.0,0.0,0.0,0.0,0.0,9.82,2.97,0
2019-04-09 01:10:00+00:00,0.0,0.0,0.0,0.0,0.0,9.46,2.83,0
2019-04-09 02:10:00+00:00,0.0,0.0,0.0,0.0,0.0,9.16,2.76,0
2019-04-09 03:10:00+00:00,0.0,0.0,0.0,0.0,0.0,8.82,2.55,0
2019-04-09 04:10:00+00:00,0.0,0.0,0.0,0.0,0.0,8.47,2.41,0
2019-04-09 05:10:00+00:00,5.44,6.38,24.06,0.4,4.75,8.34,2.21,0
2019-04-09 06:10:00+00:00,51.54,115.03,73.49,3.08,15.9,9.28,1.86,0
2019-04-09 07:10:00+00:00,87.88,192.24,97.49,5.67,26.9,11.33,3.03,0
2019-04-09 08:10:00+00:00,118.74,267.54,106.14,8.08,37.31,12.72,3.72,0
2019-04-09 09:10:00+00:00,141.51,275.22,159.67,9.5,46.42,14.35,4.41,0
2019-04-09 10:10:00+00:00,155.2,296.0,178.9,10.57,53.08,15.54,4.41,0
2019-04-09 11:10:00+00:00,158.77,355.99,130.93,11.48,55.7,16.11,4.28,0
2019-04-09 12:10:00+00:00,153.54,342.59,129.21,11.09,53.35,15.89,4.41,0
2019-04-09 13:10:00+00:00,138.24,347.16,84.3,10.3,46.88,16.14,4.69,0
2019-04-09 14:10:00+00:00,114.81,267.27,99.91,8.25,37.86,15.86,5.1,0
2019-04-09 15:10:00+00:00,83.9,197.63,86.89,5.92,27.51,15.32,4.9,0
2019-04-09 16:10:00+00:00,48.2,109.22,73.75,3.22,16.52,14.77,4.34,0
2019-04-09 17:10:00+00:00,9.77,29.26,26.48,0.72,5.37,13.97,3.17,0
2019-04-09 18:10:00+00:00,0.0,0.0,0.0,0.0,0.0,13.03,2.14,0
2019-04-09 19:10:00+00:00,0.0,0.0,0.0,0.0,0.0,12.13,1.72,0
2019-04-09 20:10:00+00:00,0.0,0.0,0.0,0.0,0.0,11.95,0.76,0
2019-04-09 21:10:00+00:00,0.0,0.0,0.0,0.0,0.0,11.79,0.41,0
2019-04-09 22:10:00+00:00,0.0,0.0,0.0,0.0,0.0,11.28,0.76,0
2019-04-09 23:10:00+00:00,0.0,0.0,0.0,0.0,0.0,10.94,0.69,0
2019-04-10 00:10:00+00:00,0.0,0.0,0.0,0.0,0.0,10.71,0.97,0
2019-04-10 01:10:00+00:00,0.0,0.0,0.0,0.0,0.0,9.93,1.17,0
2019-04-10 02:10:00+00:00,0.0,0.0,0.0,0.0,0.0,8.73,1.66,0
2019-04-10 03:10:00+00:00,0.0,0.0,0.0,0.0,0.0,7.71,2.07,0
2019-04-10 04:10:00+00:00,0.0,0.0,0.0,0.0,0.0,7.77,2.28,0
2019-04-10 05:10:00+00:00,2.16,0.0,15.85,0.23,5.05,7.92,2.21,0
2019-04-10 06:10:00+00:00,2.85,0.0,18.65,0.27,16.19,9.48,1.93,0
2019-04-10 07:10:00+00:00,15.25,0.0,59.69,0.86,27.2,11.71,1.86,0
2019-04-10 08:10:00+00:00,17.92,0.0,68.08,0.98,37.63,13.01,2.48,0
2019-04-10 09:10:00+00:00,41.71,0.0,138.02,1.98,46.77,14.08,3.38,0
2019-04-10 10:10:00+00:00,140.75,57.91,369.17,6.91,53.46,14.34,3.52,0
2019-04-10 11:10:00+00:00,157.79,133.5,346.07,8.72,56.07,14.61,3.52,0
2019-04-10 12:10:00+00:00,21.74,0.0,80.2,1.15,53.68,15.37,3.72,0
2019-04-10 13:10:00+00:00,140.53,214.37,218.25,8.92,47.15,15.27,4.07,0
2019-04-10 14:10:00+00:00,105.59,48.59,274.45,5.23,38.09,13.53,4.48,0
2019-04-10 15:10:00+00:00,73.93,33.09,200.14,3.67,27.71,12.99,3.45,0
2019-04-10 16:10:00+00:00,32.03,7.12,104.15,1.63,16.72,12.92,2.41,0
2019-04-10 17:10:00+00:00,8.93,16.74,30.36,0.63,5.57,12.9,2.21,0
2019-04-10 18:10:00+00:00,0.0,0.0,0.0,0.0,0.0,12.17,1.86,0
2019-04-10 19:10:00+00:00,0.0,0.0,0.0,0.0,0.0,11.51,1.93,0
2019-04-10 20:10:00+00:00,0.0,0.0,0.0,0.0,0.0,10.9,1.93,0
2019-04-10 21:10:00+00:00,0.0,0.0,0.0,0.0,0.0,10.41,1.86,0
2019-04-10 22:10:00+00:00,0.0,0.0,0.0,0.0,0.0,9.35,1.86,0
2019-04-10 23:10:00+00:00,0.0,0.0,0.0,0.0,0.0,9.05,1.93,0
2019-04-11 00:10:00+00:00,0.0,0.0,0.0,0.0,0.0,8.83,2.14,0
2019-04-11 01:10:00+00:00,0.0,0.0,0.0,0.0,0.0,8.34,2.28,0
2019-04-11 02:10:00+00:00,0.0,0.0,0.0,0.0,0.0,8.13,2.14,0
2019-04-11 03:10:00+00:00,0.0,0.0,0.0,0.0,0.0,7.34,2.07,0
2019-04-11 04:10:00+00:00,0.0,0.0,0.0,0.0,0.0,6.73,2.07,0
2019-04-11 05:10:00+00:00,6.67,7.78,26.85,0.46,5.34,6.3,2.07,0
2019-04-11 06:10:00+00:00,55.82,124.77,74.91,3.22,16.49,8.48,1.66,0
2019-04-11 07:10:00+00:00,91.48,204.29,96.37,5.8,27.51,11.27,1.45,0
2019-04-11 08:10:00+00:00,121.54,281.17,103.49,8.21,37.95,12.66,1.45,0
2019-04-11 09:10:00+00:00,142.24,199.16,240.95,8.67,47.12,13.74,1.38,0
2019-04-11 10:10:00+00:00,142.33,68.7,369.24,7.19,53.83,14.67,1.52,0
2019-04-11 11:10:00+00:00,52.28,0.0,169.73,2.44,56.44,15.26,1.93,0
2019-04-11 12:10:00+00:00,152.48,127.36,340.41,8.43,54.01,15.41,2.69,0
2019-04-11 13:10:00+00:00,141.56,247.47,191.48,9.31,47.43,15.38,2.83,0
2019-04-11 14:10:00+00:00,104.32,45.74,277.05,5.17,38.32,14.76,2.69,0
2019-04-11 15:10:00+00:00,65.1,15.24,192.29,3.12,27.91,14.1,2.07,0
2019-04-11 16:10:00+00:00,22.09,0.72,80.18,1.17,16.91,13.24,1.1,0
2019-04-11 17:10:00+00:00,1.65,0.0,13.99,0.2,5.76,12.65,0.62,0
2019-04-11 18:10:00+00:00,0.0,0.0,0.0,0.0,0.0,12.4,0.83,0
2019-04-11 19:10:00+00:00,0.0,0.0,0.0,0.0,0.0,11.82,1.52,0
2019-04-11 20:10:00+00:00,0.0,0.0,0.0,0.0,0.0,10.57,1.31,0
2019-04-11 21:10:00+00:00,0.0,0.0,0.0,0.0,0.0,10.24,1.17,0
2019-04-11 22:10:00+00:00,0.0,0.0,0.0,0.0,0.0,9.61,1.31,0
2019-04-11 23:10:00+00:00,0.0,0.0,0.0,0.0,0.0,8.97,1.38,0
2019-04-12 00:10:00+00:00,0.0,0.0,0.0,0.0,0.0,8.61,1.31,0
2019-04-12 01:10:00+00:00,0.0,0.0,0.0,0.0,0.0,7.78,1.52,0
2019-04-12 02:10:00+00:00,0.0,0.0,0.0,0.0,0.0,7.18,1.52,0
2019-04-12 03:10:00+00:00,0.0,0.0,0.0,0.0,0.0,6.97,1.45,0
2019-04-12 04:10:00+00:00,0.0,0.0,0.0,0.0,0.0,6.51,1.59,0
2019-04-12 05:10:00+00:00,8.14,9.23,30.56,0.52,5.64,6.2,1.66,0
2019-04-12 06:10:00+00:00,40.1,19.95,114.56,1.98,16.78,8.46,1.31,0
2019-04-12 07:10:00+00:00,93.32,224.04,84.08,5.98,27.81,11.55,0.83,0
2019-04-12 08:10:00+00:00,122.4,280.33,109.12,8.21,38.27,12.89,0.48,0
2019-04-12 09:10:00+00:00,143.78,339.57,112.16,10.1,47.46,13.79,0.41,0
2019-04-12 10:10:00+00:00,157.11,228.6,257.67,9.81,54.2,14.62,1.24,0
2019-04-12 11:10:00+00:00,138.0,40.96,382.07,6.62,56.8,15.36,2.34,0
2019-04-12 12:10:00+00:00,0.0,0.0,0.0,0.0,0.0,15.44,3.31,0
2019-04-12 13:10:00+00:00,124.52,45.57,335.06,6.04,47.69,14.97,3.24,0
2019-04-12 14:10:00+00:00,85.31,11.42,253.02,3.93,38.55,14.29,2.9,0
2019-04-12 15:10:00+00:00,86.72,106.78,172.67,4.96,28.11,13.38,1.86,0
2019-04-12 16:10:00+00:00,3.03,0.0,19.58,0.28,17.1,13.25,1.52,0
2019-04-12 17:10:00+00:00,5.58,2.63,27.25,0.42,5.95,13.08,1.52,0
2019-04-12 18:10:00+00:00,0.0,0.0,0.0,0.0,0.0,12.48,1.1,0
2019-04-12 19:10:00+00:00,0.0,0.0,0.0,0.0,0.0,11.35,1.03,0
2019-04-12 20:10:00+00:00,0.0,0.0,0.0,0.0,0.0,11.17,1.03,0
2019-04-12 21:10:00+00:00,0.0,0.0,0.0,0.0,0.0,10.81,1.03,0
2019-04-12 22:10:00+00:00,0.0,0.0,0.0,0.0,0.0,9.78,1.31,0
2019-04-12 23:10:00+00:00,0.0,0.0,0.0,0.0,0.0,9.45,1.17,0
2019-04-13 00:10:00+00:00,0.0,0.0,0.0,0.0,0.0,9.28,1.17,0
2019-04-13 01:10:00+00:00,0.0,0.0,0.0,0.0,0.0,8.17,1.38,0
2019-04-13 02:10:00+00:00,0.0,0.0,0.0,0.0,0.0,7.54,1.52,0
2019-04-13 03:10:00+00:00,0.0,0.0,0.0,0.0,0.0,6.96,1.66,0
2019-04-13 04:10:00+00:00,0.0,0.0,0.0,0.0,0.0,6.77,1.59,0
2019-04-13 05:10:00+00:00,9.88,12.2,34.05,0.58,5.93,6.69,1.59,0
2019-04-13 06:10:00+00:00,60.02,140.26,72.54,3.39,17.08,9.3,1.38,0
2019-04-13 07:10:00+00:00,96.04,209.22,102.41,5.89,28.11,10.69,1.24,0
2019-04-13 08:10:00+00:00,125.14,259.67,133.47,8.05,38.58,12.48,1.1,0
2019-04-13 09:10:00+00:00,146.01,253.65,199.47,9.3,47.8,13.58,0.97,0
2019-04-13 10:10:00+00:00,59.06,0.0,189.31,2.72,54.56,14.66,1.24,0
2019-04-13 11:10:00+00:00,127.51,22.83,368.1,5.91,57.17,15.2,2.28,0
2019-04-13 12:10:00+00:00,67.43,0.0,211.7,3.04,54.66,13.75,2.9,0
2019-04-13 13:10:00+00:00,98.78,8.87,294.31,4.46,47.96,13.9,2.48,0
2019-04-13 14:10:00+00:00,60.61,0.58,192.05,2.77,38.77,13.82,2.07,0
2019-04-13 15:10:00+00:00,67.86,18.75,196.74,3.26,28.31,13.81,2.0,0
2019-04-13 16:10:00+00:00,3.27,0.0,20.52,0.29,17.29,13.45,1.24,0
2019-04-13 17:10:00+00:00,0.0,0.0,4.66,0.07,6.14,12.63,0.55,0
2019-04-13 18:10:00+00:00,0.0,0.0,0.0,0.0,0.0,12.23,0.34,0
2019-04-13 19:10:00+00:00,0.0,0.0,0.0,0.0,0.0,11.64,0.76,0
2019-04-13 20:10:00+00:00,0.0,0.0,0.0,0.0,0.0,11.95,0.62,0
2019-04-13 21:10:00+00:00,0.0,0.0,0.0,0.0,0.0,11.75,0.62,0
2019-04-13 22:10:00+00:00,0.0,0.0,0.0,0.0,0.0,10.48,1.03,0
2019-04-13 23:10:00+00:00,0.0,0.0,0.0,0.0,0.0,9.7,1.24,0
2019-04-14 00:10:00+00:00,0.0,0.0,0.0,0.0,0.0,8.94,1.45,0
2019-04-14 01:10:00+00:00,0.0,0.0,0.0,0.0,0.0,8.47,1.52,0
2019-04-14 02:10:00+00:00,0.0,0.0,0.0,0.0,0.0,8.23,1.59,0
2019-04-14 03:10:00+00:00,0.0,0.0,0.0,0.0,0.0,7.46,1.86,0
2019-04-14 04:10:00+00:00,0.0,0.0,0.0,0.0,0.0,7.21,1.72,0
2019-04-14 05:10:00+00:00,7.12,4.54,30.3,0.47,6.22,7.15,1.59,0
2019-04-14 06:10:00+00:00,61.86,137.54,79.37,3.42,17.36,9.82,1.17,0
2019-04-14 07:10:00+00:00,78.99,41.19,206.53,3.85,28.4,11.8,1.38,0
2019-04-14 08:10:00+00:00,117.25,87.35,272.28,6.02,38.89,13.12,2.48,0
2019-04-14 09:10:00+00:00,150.35,254.09,205.28,9.34,48.14,13.89,3.1,0
2019-04-14 10:10:00+00:00,155.67,113.15,358.84,8.17,54.92,14.46,3.59,0
2019-04-14 11:10:00+00:00,103.16,4.38,310.86,4.58,57.53,14.89,4.28,0
2019-04-14 12:10:00+00:00,123.67,19.77,354.8,5.63,54.97,14.69,4.69,0
2019-04-14 13:10:00+00:00,147.79,200.77,249.19,8.8,48.22,14.81,4.69,0
2019-04-14 14:10:00+00:00,123.54,172.46,209.99,7.29,39.0,14.71,4.41,0
2019-04-14 15:10:00+00:00,89.19,102.43,182.26,4.93,28.51,14.7,4.07,0
2019-04-14 16:10:00+00:00,7.2,0.0,34.51,0.5,17.48,14.27,3.52,0
2019-04-14 17:10:00+00:00,0.0,0.0,5.6,0.08,6.33,13.34,2.76,0
2019-04-14 18:10:00+00:00,0.0,0.0,0.0,0.0,0.0,12.28,2.62,0
2019-04-14 19:10:00+00:00,0.0,0.0,0.0,0.0,0.0,11.55,3.1,0
2019-04-14 20:10:00+00:00,0.0,0.0,0.0,0.0,0.0,11.06,3.38,0
2019-04-14 21:10:00+00:00,0.0,0.0,0.0,0.0,0.0,10.25,3.1,0
2019-04-14 22:10:00+00:00,0.0,0.0,0.0,0.0,0.0,9.49,2.48,0
2019-04-14 23:10:00+00:00,0.0,0.0,0.0,0.0,0.0,8.71,2.34,0
2019-04-15 00:10:00+00:00,0.0,0.0,0.0,0.0,0.0,8.22,2.41,0
2019-04-15 01:10:00+00:00,0.0,0.0,0.0,0.0,0.0,8.01,2.69,0
2019-04-15 02:10:00+00:00,0.0,0.0,0.0,0.0,0.0,7.78,2.83,0
2019-04-15 03:10:00+00:00,0.0,0.0,0.0,0.0,0.0,7.42,2.76,0
2019-04-15 04:10:00+00:00,0.0,0.0,0.0,0.0,0.0,6.97,2.48,0
2019-04-15 05:10:00+00:00,20.99,51.02,40.05,0.95,6.5,6.73,2.41,0
2019-04-15 06:10:00+00:00,65.13,151.12,73.93,3.54,17.65,8.12,2.41,0
2019-04-15 07:10:00+00:00,102.17,230.05,96.46,6.14,28.69,10.65,3.03,0
2019-04-15 08:10:00+00:00,132.32,304.46,105.51,8.51,39.2,12.66,3.24,0
2019-04-15 09:10:00+00:00,153.77,365.58,106.27,10.4,48.47,14.58,3.31,0
2019-04-15 10:10:00+00:00,165.74,418.76,92.02,11.74,55.28,16.44,2.83,0
2019-04-15 11:10:00+00:00,167.35,423.6,98.16,12.1,57.89,17.69,1.86,0
2019-04-15 12:10:00+00:00,160.62,443.48,64.48,11.96,55.29,18.19,0.97,0
2019-04-15 13:10:00+00:00,147.28,378.58,86.43,10.57,48.49,18.42,2.21,0
2019-04-15 14:10:00+00:00,125.07,284.2,114.37,8.43,39.22,17.91,3.45,0
2019-04-15 15:10:00+00:00,92.35,149.66,152.0,5.49,28.71,17.1,3.17,0
2019-04-15 16:10:00+00:00,57.23,121.82,86.1,3.4,17.66,16.86,1.93,0
2019-04-15 17:10:00+00:00,8.3,5.39,35.01,0.55,6.52,16.34,1.03,0
2019-04-15 18:10:00+00:00,0.0,0.0,0.0,0.0,0.0,15.3,0.62,0
2019-04-15 19:10:00+00:00,0.0,0.0,0.0,0.0,0.0,14.04,1.38,0
2019-04-15 20:10:00+00:00,0.0,0.0,0.0,0.0,0.0,12.66,1.79,0
2019-04-15 21:10:00+00:00,0.0,0.0,0.0,0.0,0.0,11.46,1.93,0
2019-04-15 22:10:00+00:00,0.0,0.0,0.0,0.0,0.0,10.49,2.0,0
2019-04-15 23:10:00+00:00,0.0,0.0,0.0,0.0,0.0,9.69,2.0,0
2019-04-16 00:10:00+00:00,0.0,0.0,0.0,0.0,0.0,9.13,1.93,0
2019-04-16 01:10:00+00:00,0.0,0.0,0.0,0.0,0.0,8.76,2.0,0
2019-04-16 02:10:00+00:00,0.0,0.0,0.0,0.0,0.0,8.54,2.07,0
2019-04-16 03:10:00+00:00,0.0,0.0,0.0,0.0,0.0,8.39,2.14,0
2019-04-16 04:10:00+00:00,0.0,0.0,0.0,0.0,0.0,8.3,2.21,0
2019-04-16 05:10:00+00:00,13.92,17.88,42.27,0.74,6.79,8.38,2.28,0
2019-04-16 06:10:00+00:00,65.02,130.07,92.15,3.43,17.93,10.17,2.14,0
2019-04-16 07:10:00+00:00,102.28,223.37,107.65,6.12,28.98,13.31,1.59,0
2019-04-16 08:10:00+00:00,131.28,261.72,149.63,8.17,39.5,14.98,2.07,0
2019-04-16 09:10:00+00:00,147.85,159.02,296.5,8.25,48.8,15.76,2.41,0
2019-04-16 10:10:00+00:00,165.74,272.15,237.7,10.38,55.64,16.59,2.9,0
2019-04-16 11:10:00+00:00,171.12,330.05,194.2,11.27,58.24,16.62,3.38,0
2019-04-16 12:10:00+00:00,165.41,293.01,214.22,10.62,55.6,16.67,3.59,0
2019-04-16 13:10:00+00:00,149.77,226.49,235.46,9.14,48.74,16.69,3.52,0
2019-04-16 14:10:00+00:00,127.03,244.17,155.43,8.07,39.43,16.49,3.31,0
2019-04-16 15:10:00+00:00,96.56,221.18,97.63,6.16,28.9,16.09,2.83,0
2019-04-16 16:10:00+00:00,59.07,124.17,87.39,3.43,17.85,15.68,2.41,0
2019-04-16 17:10:00+00:00,11.79,13.56,40.6,0.7,6.71,15.04,1.93,0
2019-04-16 18:10:00+00:00,0.0,0.0,0.0,0.0,0.0,14.08,1.52,0
2019-04-16 19:10:00+00:00,0.0,0.0,0.0,0.0,0.0,13.15,0.9,0
2019-04-16 20:10:00+00:00,0.0,0.0,0.0,0.0,0.0,13.13,0.69,0
2019-04-16 21:10:00+00:00,0.0,0.0,0.0,0.0,0.0,12.68,0.76,0
2019-04-16 22:10:00+00:00,0.0,0.0,0.0,0.0,0.0,12.17,0.9,0
2019-04-16 23:10:00+00:00,0.0,0.0,0.0,0.0,0.0,11.1,1.17,0
2019-04-17 00:10:00+00:00,0.0,0.0,0.0,0.0,0.0,10.11,1.31,0
2019-04-17 01:10:00+00:00,0.0,0.0,0.0,0.0,0.0,9.52,1.38,0
2019-04-17 02:10:00+00:00,0.0,0.0,0.0,0.0,0.0,8.98,1.38,0
2019-04-17 03:10:00+00:00,0.0,0.0,0.0,0.0,0.0,8.33,1.38,0
2019-04-17 04:10:00+00:00,0.0,0.0,0.0,0.0,0.0,7.68,1.52,0
2019-04-17 05:10:00+00:00,21.5,44.43,45.21,0.98,7.07,7.36,1.45,0
2019-04-17 06:10:00+00:00,67.12,143.69,85.77,3.54,18.2,9.49,0.97,0
2019-04-17 07:10:00+00:00,102.74,223.99,108.23,6.1,29.26,13.25,1.1,0
2019-04-17 08:10:00+00:00,131.92,299.13,117.84,8.45,39.8,15.03,1.03,0
2019-04-17 09:10:00+00:00,153.59,371.43,108.89,10.42,49.13,16.28,1.38,0
2019-04-17 10:10:00+00:00,167.04,424.67,93.78,11.74,55.99,17.21,2.07,0
2019-04-17 11:10:00+00:00,171.62,453.14,77.16,12.27,58.6,17.63,2.69,0
2019-04-17 12:10:00+00:00,167.33,448.89,66.77,11.95,55.91,17.52,3.45,0
2019-04-17 13:10:00+00:00,152.54,402.86,70.67,10.7,49.0,17.36,3.72,0
2019-04-17 14:10:00+00:00,128.44,311.23,95.61,8.6,39.65,17.25,3.52,0
2019-04-17 15:10:00+00:00,97.48,228.8,92.81,6.19,29.1,16.88,3.45,0
2019-04-17 16:10:00+00:00,60.88,140.64,78.28,3.55,18.03,16.38,3.24,0
2019-04-17 17:10:00+00:00,18.72,42.29,42.48,0.96,6.9,15.53,2.69,0
2019-04-17 18:10:00+00:00,0.0,0.0,0.0,0.0,0.0,14.52,2.0,0
2019-04-17 19:10:00+00:00,0.0,0.0,0.0,0.0,0.0,13.56,0.97,0
2019-04-17 20:10:00+00:00,0.0,0.0,0.0,0.0,0.0,13.73,0.14,0
2019-04-17 21:10:00+00:00,0.0,0.0,0.0,0.0,0.0,13.34,0.62,0
2019-04-17 22:10:00+00:00,0.0,0.0,0.0,0.0,0.0,12.98,0.69,0
2019-04-17 23:10:00+00:00,0.0,0.0,0.0,0.0,0.0,12.65,0.83,0
2019-04-18 00:10:00+00:00,0.0,0.0,0.0,0.0,0.0,11.98,1.03,0
2019-04-18 01:10:00+00:00,0.0,0.0,0.0,0.0,0.0,10.58,1.31,0
2019-04-18 02:10:00+00:00,0.0,0.0,0.0,0.0,0.0,9.51,1.52,0
2019-04-18 03:10:00+00:00,0.0,0.0,0.0,0.0,0.0,8.52,1.66,0
2019-04-18 04:10:00+00:00,0.0,0.0,0.0,0.0,0.0,7.9,1.72,0
2019-04-18 05:10:00+00:00,23.52,48.6,47.55,1.05,7.34,7.74,1.72,0
2019-04-18 06:10:00+00:00,68.74,138.11,94.51,3.55,18.48,10.16,1.31,0
2019-04-18 07:10:00+00:00,105.38,228.67,111.97,6.2,29.54,14.33,1.31,0
2019-04-18 08:10:00+00:00,134.37,315.26,111.67,8.65,40.1,16.61,1.17,0
2019-04-18 09:10:00+00:00,154.55,382.53,107.19,10.58,49.45,18.03,0.83,0
2019-04-18 10:10:00+00:00,165.99,347.18,176.12,11.15,56.34,19.0,1.24,0
2019-04-18 11:10:00+00:00,170.93,371.2,164.58,11.67,58.95,19.52,2.0,0
2019-04-18 12:10:00+00:00,167.88,455.74,69.78,12.08,56.22,19.6,2.48,0
2019-04-18 13:10:00+00:00,154.38,409.65,73.03,10.83,49.25,18.79,3.38,0
2019-04-18 14:10:00+00:00,130.69,315.89,99.09,8.69,39.86,18.18,3.38,0
2019-04-18 15:10:00+00:00,98.4,196.85,126.07,5.98,29.29,17.86,2.76,0
2019-04-18 16:10:00+00:00,60.85,118.46,97.51,3.42,18.22,17.54,1.79,0
2019-04-18 17:10:00+00:00,12.7,13.72,43.46,0.74,7.08,16.9,0.83,0
2019-04-18 18:10:00+00:00,0.0,0.0,0.0,0.0,0.0,16.03,0.69,0
2019-04-18 19:10:00+00:00,0.0,0.0,0.0,0.0,0.0,14.31,1.17,0
2019-04-18 20:10:00+00:00,0.0,0.0,0.0,0.0,0.0,13.1,1.66,0
2019-04-18 21:10:00+00:00,0.0,0.0,0.0,0.0,0.0,12.33,1.66,0
2019-04-18 22:10:00+00:00,0.0,0.0,0.0,0.0,0.0,12.13,1.79,0
2019-04-18 23:10:00+00:00,0.0,0.0,0.0,0.0,0.0,12.01,1.93,0
2019-04-19 00:10:00+00:00,0.0,0.0,0.0,0.0,0.0,11.68,1.86,0
2019-04-19 01:10:00+00:00,0.0,0.0,0.0,0.0,0.0,10.98,1.86,0
2019-04-19 02:10:00+00:00,0.0,0.0,0.0,0.0,0.0,10.31,1.66,0
2019-04-19 03:10:00+00:00,0.0,0.0,0.0,0.0,0.0,9.82,1.59,0
2019-04-19 04:10:00+00:00,0.0,0.0,0.0,0.0,0.0,9.21,1.66,0
2019-04-19 05:10:00+00:00,2.62,0.0,17.72,0.25,7.61,8.9,1.72,0
2019-04-19 06:10:00+00:00,49.06,28.0,133.7,2.36,18.75,11.37,1.45,0
2019-04-19 07:10:00+00:00,103.15,167.37,162.57,5.69,29.82,15.07,1.45,0
2019-04-19 08:10:00+00:00,136.26,327.16,106.69,8.78,40.39,17.35,1.17,0
2019-04-19 09:10:00+00:00,155.55,388.36,107.47,10.65,49.77,18.61,0.48,0
2019-04-19 10:10:00+00:00,167.85,442.46,92.37,11.98,56.69,19.37,0.48,0
2019-04-19 11:10:00+00:00,172.83,462.67,83.55,12.45,59.29,19.82,1.24,0
2019-04-19 12:10:00+00:00,168.86,462.02,69.27,12.14,56.53,20.26,2.14,0
2019-04-19 13:10:00+00:00,156.13,400.7,86.86,10.77,49.51,19.53,3.93,0
2019-04-19 14:10:00+00:00,133.17,332.74,89.16,8.84,40.08,18.76,4.21,0
2019-04-19 15:10:00+00:00,101.7,242.88,92.35,6.36,29.48,18.34,3.59,0
2019-04-19 16:10:00+00:00,64.32,144.74,84.51,3.64,18.4,17.74,2.41,0
2019-04-19 17:10:00+00:00,22.57,56.56,43.69,1.1,7.27,17.02,1.24,0
2019-04-19 18:10:00+00:00,0.0,0.0,0.0,0.0,0.0,16.06,0.9,0
2019-04-19 19:10:00+00:00,0.0,0.0,0.0,0.0,0.0,14.17,1.31,0
2019-04-19 20:10:00+00:00,0.0,0.0,0.0,0.0,0.0,12.89,1.72,0
2019-04-19 21:10:00+00:00,0.0,0.0,0.0,0.0,0.0,11.93,1.93,0
2019-04-19 22:10:00+00:00,0.0,0.0,0.0,0.0,0.0,11.25,2.07,0
2019-04-19 23:10:00+00:00,0.0,0.0,0.0,0.0,0.0,10.67,2.14,0
2019-04-20 00:10:00+00:00,0.0,0.0,0.0,0.0,0.0,10.04,2.14,0
2019-04-20 01:10:00+00:00,0.0,0.0,0.0,0.0,0.0,9.49,2.07,0
2019-04-20 02:10:00+00:00,0.0,0.0,0.0,0.0,0.0,9.05,2.0,0
2019-04-20 03:10:00+00:00,0.0,0.0,0.0,0.0,0.0,8.72,2.0,0
2019-04-20 04:10:00+00:00,0.0,0.0,0.0,0.0,0.0,8.48,2.07,0
2019-04-20 05:10:00+00:00,27.67,58.34,51.34,1.18,7.88,8.51,2.0,0
2019-04-20 06:10:00+00:00,73.74,159.01,89.29,3.76,19.02,11.03,1.66,0
2019-04-20 07:10:00+00:00,109.05,234.53,117.09,6.31,30.09,15.24,1.31,0
2019-04-20 08:10:00+00:00,137.52,325.88,113.09,8.79,40.68,17.5,0.76,0
2019-04-20 09:10:00+00:00,157.66,386.41,114.52,10.65,50.08,18.67,0.69,0
2019-04-20 10:10:00+00:00,170.16,432.25,106.48,11.9,57.03,19.45,0.97,0
2019-04-20 11:10:00+00:00,173.99,451.63,98.9,12.37,59.64,20.01,1.17,0
2019-04-20 12:10:00+00:00,169.58,459.08,77.26,12.12,56.83,20.46,1.59,0
2019-04-20 13:10:00+00:00,155.69,406.19,87.14,10.83,49.75,20.68,2.28,0
2019-04-20 14:10:00+00:00,130.17,221.08,192.01,7.86,40.29,20.32,3.31,0
2019-04-20 15:10:00+00:00,99.66,168.45,155.43,5.73,29.67,19.27,3.79,0
2019-04-20 16:10:00+00:00,45.62,25.2,130.52,2.29,18.58,18.02,2.76,0
2019-04-20 17:10:00+00:00,17.03,26.34,47.71,0.9,7.46,17.01,0.97,0
2019-04-20 18:10:00+00:00,0.0,0.0,0.0,0.0,0.0,16.32,1.31,0
2019-04-20 19:10:00+00:00,0.0,0.0,0.0,0.0,0.0,15.53,2.0,0
2019-04-20 20:10:00+00:00,0.0,0.0,0.0,0.0,0.0,14.81,2.28,0
2019-04-20 21:10:00+00:00,0.0,0.0,0.0,0.0,0.0,14.22,2.41,0
2019-04-20 22:10:00+00:00,0.0,0.0,0.0,0.0,0.0,13.72,1.86,0
2019-04-20 23:10:00+00:00,0.0,0.0,0.0,0.0,0.0,13.33,1.72,0
2019-04-21 00:10:00+00:00,0.0,0.0,0.0,0.0,0.0,12.94,1.59,0
2019-04-21 01:10:00+00:00,0.0,0.0,0.0,0.0,0.0,12.74,1.38,0
2019-04-21 02:10:00+00:00,0.0,0.0,0.0,0.0,0.0,12.77,1.52,0
2019-04-21 03:10:00+00:00,0.0,0.0,0.0,0.0,0.0,12.84,1.93,0
2019-04-21 04:10:00+00:00,0.0,0.0,0.0,0.0,0.0,12.78,2.48,0
2019-04-21 05:10:00+00:00,6.42,0.0,31.71,0.46,8.15,12.83,2.9,0
2019-04-21 06:10:00+00:00,41.23,12.92,125.17,2.0,19.28,13.62,2.69,0
2019-04-21 07:10:00+00:00,71.62,18.34,208.88,3.36,30.36,15.9,2.41,0
2019-04-21 08:10:00+00:00,83.54,8.92,255.69,3.87,40.96,18.59,2.21,0
2019-04-21 09:10:00+00:00,101.3,10.84,308.39,4.69,50.39,20.05,2.55,0
2019-04-21 10:10:00+00:00,84.22,0.58,267.59,3.86,57.37,20.81,3.24,0
2019-04-21 11:10:00+00:00,53.22,0.0,176.26,2.53,59.98,21.13,3.72,0
2019-04-21 12:10:00+00:00,36.22,0.0,125.9,1.81,57.13,21.26,3.72,0
2019-04-21 13:10:00+00:00,59.49,0.0,194.91,2.8,50.0,21.38,4.0,0
2019-04-21 14:10:00+00:00,77.27,5.59,241.95,3.6,40.49,21.29,4.21,0
2019-04-21 15:10:00+00:00,62.0,10.2,192.42,2.97,29.85,20.87,3.86,0
2019-04-21 16:10:00+00:00,23.03,0.0,85.8,1.23,18.76,20.23,2.76,0
2019-04-21 17:10:00+00:00,6.52,1.39,31.82,0.47,7.64,19.19,2.34,0
2019-04-21 18:10:00+00:00,0.0,0.0,0.0,0.0,0.0,17.95,2.21,0
2019-04-21 19:10:00+00:00,0.0,0.0,0.0,0.0,0.0,16.75,1.79,0
2019-04-21 20:10:00+00:00,0.0,0.0,0.0,0.0,0.0,15.72,1.86,0
2019-04-21 21:10:00+00:00,0.0,0.0,0.0,0.0,0.0,15.57,2.41,0
2019-04-21 22:10:00+00:00,0.0,0.0,0.0,0.0,0.0,15.38,2.76,0
2019-04-21 23:10:00+00:00,0.0,0.0,0.0,0.0,0.0,14.7,2.83,0
2019-04-22 00:10:00+00:00,0.0,0.0,0.0,0.0,0.0,14.11,2.83,0
2019-04-22 01:10:00+00:00,0.0,0.0,0.0,0.0,0.0,13.8,2.83,0
2019-04-22 02:10:00+00:00,0.0,0.0,0.0,0.0,0.0,13.42,2.83,0
2019-04-22 03:10:00+00:00,0.0,0.0,0.0,0.0,0.0,13.04,2.83,0
2019-04-22 04:10:00+00:00,0.0,0.0,0.0,0.0,0.0,12.87,2.97,0
2019-04-22 05:10:00+00:00,28.76,59.32,54.17,1.23,8.41,12.98,3.17,0
2019-04-22 06:10:00+00:00,54.49,43.35,136.95,2.63,19.54,14.74,3.17,0
2019-04-22 07:10:00+00:00,71.34,19.9,207.94,3.38,30.62,17.89,3.38,0
2019-04-22 08:10:00+00:00,103.91,37.89,288.29,4.98,41.24,20.3,4.21,0
2019-04-22 09:10:00+00:00,95.12,7.28,291.15,4.35,50.7,20.86,6.41,0
2019-04-22 10:10:00+00:00,38.97,0.0,133.36,1.92,57.7,20.75,7.1,0
2019-04-22 11:10:00+00:00,31.32,0.0,110.04,1.58,60.32,19.44,7.31,0
2019-04-22 12:10:00+00:00,23.87,0.0,87.66,1.26,57.42,19.08,7.86,0
2019-04-22 13:10:00+00:00,54.16,0.0,176.26,2.53,50.24,18.64,7.59,0
2019-04-22 14:10:00+00:00,25.18,0.0,91.39,1.31,40.7,18.56,7.93,0
2019-04-22 15:10:00+00:00,14.58,0.0,58.75,0.84,30.04,17.38,7.79,0
2019-04-22 16:10:00+00:00,8.51,0.0,39.17,0.56,18.94,16.59,8.07,0
2019-04-22 17:10:00+00:00,4.22,0.0,24.25,0.35,7.82,15.93,7.72,0
2019-04-22 18:10:00+00:00,0.0,0.0,0.0,0.0,0.0,15.15,7.24,0
2019-04-22 19:10:00+00:00,0.0,0.0,0.0,0.0,0.0,14.84,5.52,0
2019-04-22 20:10:00+00:00,0.0,0.0,0.0,0.0,0.0,14.62,5.31,0
2019-04-22 21:10:00+00:00,0.0,0.0,0.0,0.0,0.0,14.43,5.45,0
2019-04-22 22:10:00+00:00,0.0,0.0,0.0,0.0,0.0,14.72,6.41,0
2019-04-22 23:10:00+00:00,0.0,0.0,0.0,0.0,0.0,14.77,6.97,0
2019-04-23 00:10:00+00:00,0.0,0.0,0.0,0.0,0.0,14.68,7.17,0
2019-04-23 01:10:00+00:00,0.0,0.0,0.0,0.0,0.0,14.57,7.17,0
2019-04-23 02:10:00+00:00,0.0,0.0,0.0,0.0,0.0,14.49,7.17,0
2019-04-23 03:10:00+00:00,0.0,0.0,0.0,0.0,0.0,14.45,7.03,0
2019-04-23 04:10:00+00:00,0.0,0.0,0.0,0.0,0.0,14.44,6.83,0
2019-04-23 05:10:00+00:00,12.95,7.21,47.4,0.74,8.67,14.43,6.62,0
2019-04-23 06:10:00+00:00,36.46,6.11,117.61,1.78,19.79,15.11,6.55,0
2019-04-23 07:10:00+00:00,30.96,0.0,107.25,1.54,30.88,15.38,6.21,0
2019-04-23 08:10:00+00:00,84.96,8.41,253.92,3.83,41.52,16.15,8.28,0
2019-04-23 09:10:00+00:00,148.45,105.65,342.21,7.42,51.0,16.7,7.72,0
2019-04-23 10:10:00+00:00,170.16,180.58,334.34,9.23,58.03,17.65,6.76,0
2019-04-23 11:10:00+00:00,177.71,253.24,286.15,10.36,60.65,18.19,6.14,0
2019-04-23 12:10:00+00:00,136.56,38.77,378.78,6.4,57.72,18.39,6.07,0
2019-04-23 13:10:00+00:00,149.96,141.25,317.78,7.97,50.48,18.4,5.72,0
2019-04-23 14:10:00+00:00,135.82,251.17,171.05,8.07,40.9,18.18,5.17,0
2019-04-23 15:10:00+00:00,106.72,232.03,111.48,6.23,30.22,17.73,5.1,0
2019-04-23 16:10:00+00:00,41.99,15.92,126.96,2.08,19.12,17.74,4.69,0
2019-04-23 17:10:00+00:00,21.83,37.89,52.85,1.06,8.01,17.38,4.34,0
2019-04-23 18:10:00+00:00,0.0,0.0,0.0,0.0,0.0,16.47,4.41,0
2019-04-23 19:10:00+00:00,0.0,0.0,0.0,0.0,0.0,15.47,5.17,0
2019-04-23 20:10:00+00:00,0.0,0.0,0.0,0.0,0.0,15.06,4.9,0
2019-04-23 21:10:00+00:00,0.0,0.0,0.0,0.0,0.0,14.83,4.55,0
2019-04-23 22:10:00+00:00,0.0,0.0,0.0,0.0,0.0,14.54,4.14,0
2019-04-23 23:10:00+00:00,0.0,0.0,0.0,0.0,0.0,14.5,3.72,0
2019-04-24 00:10:00+00:00,0.0,0.0,0.0,0.0,0.0,14.38,3.45,0
2019-04-24 01:10:00+00:00,0.0,0.0,0.0,0.0,0.0,14.11,3.24,0
2019-04-24 02:10:00+00:00,0.0,0.0,0.0,0.0,0.0,13.89,3.1,0
2019-04-24 03:10:00+00:00,0.0,0.0,0.0,0.0,0.0,13.62,2.76,0
2019-04-24 04:10:00+00:00,0.0,0.0,0.0,0.0,0.0,13.13,2.48,0
2019-04-24 05:10:00+00:00,26.8,43.12,60.24,1.19,8.92,12.84,2.28,0
2019-04-24 06:10:00+00:00,75.04,133.48,115.73,3.67,20.04,14.58,1.93,0
2019-04-24 07:10:00+00:00,113.15,227.89,135.29,6.3,31.14,17.43,1.72,0
2019-04-24 08:10:00+00:00,142.42,291.05,157.18,8.51,41.79,19.15,2.55,0
2019-04-24 09:10:00+00:00,164.97,384.82,130.85,10.61,51.3,20.28,2.97,0
2019-04-24 10:10:00+00:00,177.1,420.09,132.51,11.75,58.36,21.09,3.17,0
2019-04-24 11:10:00+00:00,181.29,447.37,117.01,12.26,60.98,21.63,3.72,0
2019-04-24 12:10:00+00:00,176.59,447.07,102.06,11.95,58.0,21.79,4.34,0
2019-04-24 13:10:00+00:00,161.92,403.76,102.85,10.73,50.72,21.46,4.14,0
2019-04-24 14:10:00+00:00,137.91,319.26,118.98,8.69,41.11,21.18,3.66,0
2019-04-24 15:10:00+00:00,97.34,118.07,196.57,5.18,30.41,20.61,2.83,0
2019-04-24 16:10:00+00:00,66.29,114.13,114.44,3.44,19.3,19.72,2.69,0
2019-04-24 17:10:00+00:00,6.51,0.0,32.64,0.47,8.19,18.23,3.17,0
2019-04-24 18:10:00+00:00,0.0,0.0,0.0,0.0,0.0,16.93,2.14,0
2019-04-24 19:10:00+00:00,0.0,0.0,0.0,0.0,0.0,16.89,1.03,0
2019-04-24 20:10:00+00:00,0.0,0.0,0.0,0.0,0.0,15.76,1.45,0
2019-04-24 21:10:00+00:00,0.0,0.0,0.0,0.0,0.0,15.58,1.17,0
2019-04-24 22:10:00+00:00,0.0,0.0,0.0,0.0,0.0,14.66,1.52,0
2019-04-24 23:10:00+00:00,0.0,0.0,0.0,0.0,0.0,14.73,2.55,0
2019-04-25 00:10:00+00:00,0.0,0.0,0.0,0.0,0.0,14.22,2.34,0
2019-04-25 01:10:00+00:00,0.0,0.0,0.0,0.0,0.0,13.5,2.28,0
2019-04-25 02:10:00+00:00,0.0,0.0,0.0,0.0,0.0,12.9,2.21,0
2019-04-25 03:10:00+00:00,0.0,0.0,0.0,0.0,0.0,12.53,2.21,0
2019-04-25 04:10:00+00:00,0.0,0.0,0.0,0.0,0.0,12.18,2.21,0
2019-04-25 05:10:00+00:00,34.41,70.23,60.01,1.41,9.17,12.19,2.14,0
2019-04-25 06:10:00+00:00,79.33,158.16,105.63,3.89,20.29,14.72,1.79,0
2019-04-25 07:10:00+00:00,115.04,249.79,122.44,6.48,31.39,18.41,1.17,0
2019-04-25 08:10:00+00:00,142.28,336.26,122.16,8.87,42.05,21.04,0.83,0
2019-04-25 09:10:00+00:00,160.59,402.76,118.32,10.74,51.59,22.84,0.34,0
2019-04-25 10:10:00+00:00,173.41,447.92,111.02,11.96,58.68,23.98,1.1,0
2019-04-25 11:10:00+00:00,179.75,459.08,109.97,12.34,61.31,24.11,2.97,0
2019-04-25 12:10:00+00:00,175.91,467.25,87.8,12.1,58.29,23.55,3.24,0
2019-04-25 13:10:00+00:00,160.45,414.48,96.58,10.8,50.96,23.29,2.55,0
2019-04-25 14:10:00+00:00,136.59,328.08,114.94,8.76,41.3,23.4,1.86,0
2019-04-25 15:10:00+00:00,95.03,107.78,204.83,5.08,30.59,23.47,1.52,0
2019-04-25 16:10:00+00:00,56.43,58.85,136.91,2.88,19.48,23.14,1.24,0
2019-04-25 17:10:00+00:00,29.34,72.05,51.0,1.31,8.37,22.0,0.97,0
2019-04-25 18:10:00+00:00,0.0,0.0,0.0,0.0,0.0,20.55,0.83,0
2019-04-25 19:10:00+00:00,0.0,0.0,0.0,0.0,0.0,20.15,0.76,0
2019-04-25 20:10:00+00:00,0.0,0.0,0.0,0.0,0.0,17.76,1.59,0
2019-04-25 21:10:00+00:00,0.0,0.0,0.0,0.0,0.0,16.86,2.28,0
2019-04-25 22:10:00+00:00,0.0,0.0,0.0,0.0,0.0,16.43,2.55,0
2019-04-25 23:10:00+00:00,0.0,0.0,0.0,0.0,0.0,16.09,2.83,0
2019-04-26 00:10:00+00:00,0.0,0.0,0.0,0.0,0.0,15.94,3.17,0
2019-04-26 01:10:00+00:00,0.0,0.0,0.0,0.0,0.0,15.52,2.9,0
2019-04-26 02:10:00+00:00,0.0,0.0,0.0,0.0,0.0,14.88,2.41,0
2019-04-26 03:10:00+00:00,0.0,0.0,0.0,0.0,0.0,14.33,2.21,0
2019-04-26 04:10:00+00:00,0.0,0.0,0.0,0.0,0.0,13.84,1.86,0
2019-04-26 05:10:00+00:00,12.14,4.29,47.05,0.71,9.42,13.94,1.72,0
2019-04-26 06:10:00+00:00,56.72,41.77,145.65,2.71,20.53,15.87,1.31,0
2019-04-26 07:10:00+00:00,108.5,163.74,181.26,5.69,31.63,18.14,2.41,0
2019-04-26 08:10:00+00:00,141.87,278.41,167.9,8.31,42.31,19.45,2.41,0
2019-04-26 09:10:00+00:00,155.04,176.81,303.95,8.44,51.87,19.75,3.66,0
2019-04-26 10:10:00+00:00,155.15,94.12,384.93,7.8,59.0,19.23,3.86,0
2019-04-26 11:10:00+00:00,65.84,0.0,211.7,3.04,61.63,19.11,3.72,0
2019-04-26 12:10:00+00:00,53.19,0.0,174.39,2.51,58.57,18.83,3.79,0
2019-04-26 13:10:00+00:00,89.26,3.68,275.7,4.05,51.19,17.7,3.1,0
2019-04-26 14:10:00+00:00,67.38,1.94,213.43,3.11,41.5,16.89,1.66,0
2019-04-26 15:10:00+00:00,20.3,0.0,76.47,1.1,30.77,16.59,0.83,0
2019-04-26 16:10:00+00:00,47.06,24.09,134.68,2.3,19.65,16.82,1.1,0
2019-04-26 17:10:00+00:00,29.86,66.58,53.58,1.3,8.55,16.37,1.31,0
2019-04-26 18:10:00+00:00,0.0,0.0,0.0,0.0,0.0,15.75,1.38,0
2019-04-26 19:10:00+00:00,0.0,0.0,0.0,0.0,0.0,14.68,0.97,0
2019-04-26 20:10:00+00:00,0.0,0.0,0.0,0.0,0.0,14.58,0.76,0
2019-04-26 21:10:00+00:00,0.0,0.0,0.0,0.0,0.0,14.3,0.97,0
2019-04-26 22:10:00+00:00,0.0,0.0,0.0,0.0,0.0,12.59,1.66,0
2019-04-26 23:10:00+00:00,0.0,0.0,0.0,0.0,0.0,11.91,1.86,0
2019-04-27 00:10:00+00:00,0.0,0.0,0.0,0.0,0.0,11.97,1.52,0
2019-04-27 01:10:00+00:00,0.0,0.0,0.0,0.0,0.0,12.92,1.1,0
2019-04-27 02:10:00+00:00,0.0,0.0,0.0,0.0,0.0,12.56,0.76,0
2019-04-27 03:10:00+00:00,0.0,0.0,0.0,0.0,0.0,12.16,0.48,0
2019-04-27 04:10:00+00:00,0.0,0.0,0.0,0.0,0.0,12.16,0.48,0
2019-04-27 05:10:00+00:00,41.94,95.55,59.93,1.62,9.66,11.68,0.9,0
2019-04-27 06:10:00+00:00,87.47,201.13,88.97,4.26,20.77,13.22,0.48,0
2019-04-27 07:10:00+00:00,123.65,292.83,101.43,6.9,31.87,14.64,0.55,0
2019-04-27 08:10:00+00:00,152.52,375.12,103.72,9.28,42.57,15.8,0.76,0
2019-04-27 09:10:00+00:00,174.21,414.67,123.45,10.97,52.16,16.9,2.14,0
2019-04-27 10:10:00+00:00,181.62,297.4,261.41,10.76,59.31,17.41,2.76,0
2019-04-27 11:10:00+00:00,191.16,470.09,116.48,12.57,61.95,18.07,3.17,0
2019-04-27 12:10:00+00:00,186.78,488.21,84.62,12.38,58.85,18.24,3.52,0
2019-04-27 13:10:00+00:00,172.13,441.64,88.31,11.13,51.42,18.33,3.86,0
2019-04-27 14:10:00+00:00,149.18,385.51,79.67,9.3,41.7,18.11,3.93,0
2019-04-27 15:10:00+00:00,117.74,294.18,84.0,6.83,30.95,17.63,3.52,0
2019-04-27 16:10:00+00:00,79.82,194.27,78.32,4.11,19.82,17.1,3.1,0
2019-04-27 17:10:00+00:00,34.5,83.8,52.98,1.43,8.73,16.27,2.69,0
2019-04-27 18:10:00+00:00,0.0,0.0,0.0,0.0,0.0,15.21,2.14,0
2019-04-27 19:10:00+00:00,0.0,0.0,0.0,0.0,0.0,14.46,1.59,0
2019-04-27 20:10:00+00:00,0.0,0.0,0.0,0.0,0.0,13.4,1.52,0
2019-04-27 21:10:00+00:00,0.0,0.0,0.0,0.0,0.0,12.9,1.17,0
2019-04-27 22:10:00+00:00,0.0,0.0,0.0,0.0,0.0,13.38,0.76,0
2019-04-27 23:10:00+00:00,0.0,0.0,0.0,0.0,0.0,13.07,0.69,0
2019-04-28 00:10:00+00:00,0.0,0.0,0.0,0.0,0.0,12.26,1.03,0
2019-04-28 01:10:00+00:00,0.0,0.0,0.0,0.0,0.0,11.18,1.24,0
2019-04-28 02:10:00+00:00,0.0,0.0,0.0,0.0,0.0,10.03,1.52,0
2019-04-28 03:10:00+00:00,0.0,0.0,0.0,0.0,0.0,9.3,1.79,0
2019-04-28 04:10:00+00:00,0.0,0.0,0.0,0.0,0.0,9.15,1.79,0
2019-04-28 05:10:00+00:00,20.69,15.65,62.49,1.02,9.89,9.59,1.86,0
2019-04-28 06:10:00+00:00,84.12,158.2,114.82,3.97,21.0,12.98,2.41,0
2019-04-28 07:10:00+00:00,97.02,65.16,233.53,4.57,32.11,14.12,4.28,0
2019-04-28 08:10:00+00:00,111.28,37.41,301.99,5.13,42.82,14.96,4.21,0
2019-04-28 09:10:00+00:00,130.87,40.33,356.59,6.04,52.43,15.47,4.62,0
2019-04-28 10:10:00+00:00,169.32,127.59,383.02,8.53,59.62,15.57,4.97,0
2019-04-28 11:10:00+00:00,161.69,79.61,408.99,7.8,62.26,15.95,5.1,0
2019-04-28 12:10:00+00:00,168.43,134.01,375.39,8.6,59.13,16.21,5.03,0
2019-04-28 13:10:00+00:00,159.73,172.81,312.12,8.48,51.64,16.08,4.41,0
2019-04-28 14:10:00+00:00,136.41,156.45,261.78,7.15,41.89,16.06,3.86,0
2019-04-28 15:10:00+00:00,96.06,77.89,222.93,4.7,31.12,15.99,3.1,0
2019-04-28 16:10:00+00:00,53.58,34.96,142.5,2.57,20.0,15.76,2.34,0
2019-04-28 17:10:00+00:00,30.95,62.64,58.27,1.33,8.91,15.39,2.14,0
2019-04-28 18:10:00+00:00,0.0,0.0,0.0,0.0,0.0,14.92,2.0,0
2019-04-28 19:10:00+00:00,0.0,0.0,0.0,0.0,0.0,14.44,1.24,0
2019-04-28 20:10:00+00:00,0.0,0.0,0.0,0.0,0.0,13.81,0.9,0
2019-04-28 21:10:00+00:00,0.0,0.0,0.0,0.0,0.0,13.89,0.62,0
2019-04-28 22:10:00+00:00,0.0,0.0,0.0,0.0,0.0,13.69,0.21,0
2019-04-28 23:10:00+00:00,0.0,0.0,0.0,0.0,0.0,13.36,0.21,0
2019-04-29 00:10:00+00:00,0.0,0.0,0.0,0.0,0.0,12.95,0.48,0
2019-04-29 01:10:00+00:00,0.0,0.0,0.0,0.0,0.0,12.51,0.76,0
2019-04-29 02:10:00+00:00,0.0,0.0,0.0,0.0,0.0,11.43,1.03,0
2019-04-29 03:10:00+00:00,0.0,0.0,0.0,0.0,0.0,10.76,1.17,0
2019-04-29 04:10:00+00:00,0.0,0.0,0.0,0.0,0.0,10.05,1.31,0
2019-04-29 05:10:00+00:00,38.9,71.02,68.83,1.54,10.13,9.45,1.45,0
2019-04-29 06:10:00+00:00,69.63,70.49,152.31,3.2,21.23,11.67,1.52,0
2019-04-29 07:10:00+00:00,113.83,143.77,207.74,5.64,32.34,12.83,1.86,0
2019-04-29 08:10:00+00:00,41.1,0.0,136.16,1.96,43.07,13.32,1.93,0
2019-04-29 09:10:00+00:00,20.26,0.0,75.54,1.09,52.71,14.2,1.52,0
2019-04-29 10:10:00+00:00,30.46,0.0,105.38,1.51,59.93,13.39,1.79,0
2019-04-29 11:10:00+00:00,27.88,0.0,97.92,1.41,62.58,14.04,3.31,0
2019-04-29 12:10:00+00:00,30.32,0.0,104.45,1.5,59.4,13.05,4.97,0
2019-04-29 13:10:00+00:00,87.0,1.88,264.7,3.85,51.87,13.79,5.1,0
2019-04-29 14:10:00+00:00,153.52,361.15,104.6,9.07,42.08,13.59,4.41,0
2019-04-29 15:10:00+00:00,105.46,116.24,210.35,5.24,31.3,14.3,3.93,0
2019-04-29 16:10:00+00:00,39.08,7.05,124.18,1.89,20.17,14.28,3.59,0
2019-04-29 17:10:00+00:00,3.28,0.0,20.52,0.29,9.09,13.24,4.07,0
2019-04-29 18:10:00+00:00,0.0,0.0,0.0,0.0,0.0,12.0,3.79,0
2019-04-29 19:10:00+00:00,0.0,0.0,0.0,0.0,0.0,11.24,2.9,0
2019-04-29 20:10:00+00:00,0.0,0.0,0.0,0.0,0.0,10.82,2.21,0
2019-04-29 21:10:00+00:00,0.0,0.0,0.0,0.0,0.0,10.31,2.48,0
2019-04-29 22:10:00+00:00,0.0,0.0,0.0,0.0,0.0,9.74,2.62,0
2019-04-29 23:10:00+00:00,0.0,0.0,0.0,0.0,0.0,9.19,2.69,0
2019-04-30 00:10:00+00:00,0.0,0.0,0.0,0.0,0.0,8.65,2.83,0
2019-04-30 01:10:00+00:00,0.0,0.0,0.0,0.0,0.0,8.22,3.03,0
2019-04-30 02:10:00+00:00,0.0,0.0,0.0,0.0,0.0,7.96,3.03,0
2019-04-30 03:10:00+00:00,0.0,0.0,0.0,0.0,0.0,7.8,3.24,0
2019-04-30 04:10:00+00:00,0.0,0.0,0.0,0.0,0.0,7.8,3.38,0
2019-04-30 05:10:00+00:00,47.14,102.09,64.28,1.74,10.35,8.06,3.31,0
2019-04-30 06:10:00+00:00,93.82,200.75,97.27,4.31,21.45,9.54,3.17,0
2019-04-30 07:10:00+00:00,132.29,299.75,105.1,6.97,32.57,10.98,3.17,0
2019-04-30 08:10:00+00:00,161.31,375.19,112.72,9.27,43.31,12.62,3.03,0
2019-04-30 09:10:00+00:00,181.6,436.62,112.71,11.09,52.97,14.2,2.9,0
2019-04-30 10:10:00+00:00,190.28,399.47,178.15,11.64,60.23,15.46,2.97,0
2019-04-30 11:10:00+00:00,189.65,308.05,268.6,11.07,62.88,15.93,3.24,0
2019-04-30 12:10:00+00:00,136.89,33.13,384.96,6.31,59.67,16.44,3.72,0
2019-04-30 13:10:00+00:00,155.88,135.3,340.52,7.98,52.09,17.02,4.14,0
2019-04-30 14:10:00+00:00,113.66,47.76,301.89,5.36,42.27,17.21,4.69,0
2019-04-30 15:10:00+00:00,100.26,90.0,222.86,4.9,31.47,16.98,5.03,0
2019-04-30 16:10:00+00:00,83.8,191.6,86.77,4.11,20.34,15.46,4.83,0
2019-04-30 17:10:00+00:00,38.77,91.49,56.63,1.54,9.27,15.08,3.17,0
2019-04-30 18:10:00+00:00,0.0,0.0,0.0,0.0,0.0,14.38,2.0,0
2019-04-30 19:10:00+00:00,0.0,0.0,0.0,0.0,0.0,13.44,1.31,0
2019-04-30 20:10:00+00:00,0.0,0.0,0.0,0.0,0.0,12.75,1.38,0
2019-04-30 21:10:00+00:00,0.0,0.0,0.0,0.0,0.0,12.46,1.31,0
2019-04-30 22:10:00+00:00,0.0,0.0,0.0,0.0,0.0,12.59,1.17,0
2019-04-30 23:10:00+00:00,0.0,0.0,0.0,0.0,0.0,12.53,0.97,0
2019-05-01 00:10:00+00:00,0.0,0.0,0.0,0.0,0.0,12.11,0.9,0
2019-05-01 01:10:00+00:00,0.0,0.0,0.0,0.0,0.0,11.59,0.9,0
2019-05-01 02:10:00+00:00,0.0,0.0,0.0,0.0,0.0,11.12,0.9,0
2019-05-01 03:10:00+00:00,0.0,0.0,0.0,0.0,0.0,10.32,0.97,0
2019-05-01 04:10:00+00:00,0.0,0.0,0.0,0.0,0.0,9.1,1.17,0
2019-05-01 05:10:00+00:00,14.93,4.25,54.51,0.82,10.58,8.92,1.17,0
2019-05-01 06:10:00+00:00,66.74,56.6,156.77,3.05,21.67,11.54,0.83,0
2019-05-01 07:10:00+00:00,126.69,266.06,131.54,6.71,32.79,13.59,0.69,0
2019-05-01 08:10:00+00:00,154.74,324.98,154.82,8.86,43.54,14.88,1.03,0
2019-05-01 09:10:00+00:00,170.56,279.45,246.75,9.71,53.23,15.98,1.59,0
2019-05-01 10:10:00+00:00,142.74,44.7,395.84,6.73,60.52,16.91,2.14,0
2019-05-01 11:10:00+00:00,42.93,0.0,143.62,2.06,63.19,17.51,3.31,0
2019-05-01 12:10:00+00:00,157.87,84.52,398.12,7.7,59.94,17.65,4.28,0
2019-05-01 13:10:00+00:00,104.33,10.13,311.49,4.7,52.31,17.2,4.62,0
2019-05-01 14:10:00+00:00,31.49,0.0,109.11,1.57,42.46,15.75,4.41,0
2019-05-01 15:10:00+00:00,41.06,0.0,137.09,1.97,31.65,15.5,2.76,0
2019-05-01 16:10:00+00:00,50.61,24.12,143.36,2.41,20.51,15.19,1.17,0
2019-05-01 17:10:00+00:00,7.16,0.0,34.51,0.5,9.44,15.09,1.17,0
2019-05-01 18:10:00+00:00,0.0,0.0,0.0,0.0,0.0,14.18,1.24,0
2019-05-01 19:10:00+00:00,0.0,0.0,0.0,0.0,0.0,13.63,0.83,0
2019-05-01 20:10:00+00:00,0.0,0.0,0.0,0.0,0.0,13.91,0.55,0
2019-05-01 21:10:00+00:00,0.0,0.0,0.0,0.0,0.0,12.78,1.03,0
2019-05-01 22:10:00+00:00,0.0,0.0,0.0,0.0,0.0,11.88,1.31,0
2019-05-01 23:10:00+00:00,0.0,0.0,0.0,0.0,0.0,12.43,1.03,0
2019-05-02 00:10:00+00:00,0.0,0.0,0.0,0.0,0.0,11.83,0.97,0
2019-05-02 01:10:00+00:00,0.0,0.0,0.0,0.0,0.0,10.33,1.1,0
2019-05-02 02:10:00+00:00,0.0,0.0,0.0,0.0,0.0,9.46,1.1,0
2019-05-02 03:10:00+00:00,0.0,0.0,0.0,0.0,0.0,9.0,1.1,0
2019-05-02 04:10:00+00:00,0.0,0.0,0.0,0.0,0.0,8.35,1.17,0
2019-05-02 05:10:00+00:00,47.26,93.31,71.73,1.77,10.8,8.42,1.1,0
2019-05-02 06:10:00+00:00,95.58,206.42,101.55,4.42,21.88,11.77,0.83,0
2019-05-02 07:10:00+00:00,130.7,303.18,111.07,7.05,33.01,14.23,0.07,0
2019-05-02 08:10:00+00:00,160.27,397.21,104.29,9.49,43.77,15.48,0.55,0
2019-05-02 09:10:00+00:00,179.54,444.0,115.73,11.19,53.49,16.64,0.9,0
2019-05-02 10:10:00+00:00,192.74,489.91,107.67,12.39,60.81,17.65,1.66,0
2019-05-02 11:10:00+00:00,196.7,490.82,115.76,12.69,63.49,18.28,2.48,0
2019-05-02 12:10:00+00:00,190.82,447.87,138.69,12.04,60.2,18.53,3.17,0
2019-05-02 13:10:00+00:00,178.2,438.7,108.35,11.08,52.52,18.31,3.72,0
2019-05-02 14:10:00+00:00,155.64,378.86,102.72,9.24,42.65,17.96,3.93,0
2019-05-02 15:10:00+00:00,124.32,293.7,100.09,6.85,31.82,17.43,3.59,0
2019-05-02 16:10:00+00:00,86.16,196.91,90.15,4.19,20.68,16.82,3.03,0
2019-05-02 17:10:00+00:00,41.61,100.39,57.19,1.62,9.61,16.11,2.21,0
2019-05-02 18:10:00+00:00,0.0,0.0,0.0,0.0,0.0,15.26,1.66,0
2019-05-02 19:10:00+00:00,0.0,0.0,0.0,0.0,0.0,14.35,1.31,0
2019-05-02 20:10:00+00:00,0.0,0.0,0.0,0.0,0.0,13.27,1.45,0
2019-05-02 21:10:00+00:00,0.0,0.0,0.0,0.0,0.0,12.41,1.66,0
2019-05-02 22:10:00+00:00,0.0,0.0,0.0,0.0,0.0,12.05,1.93,0
2019-05-02 23:10:00+00:00,0.0,0.0,0.0,0.0,0.0,12.04,2.28,0
2019-05-03 00:10:00+00:00,0.0,0.0,0.0,0.0,0.0,12.21,2.41,0
2019-05-03 01:10:00+00:00,0.0,0.0,0.0,0.0,0.0,12.3,2.69,0
2019-05-03 02:10:00+00:00,0.0,0.0,0.0,0.0,0.0,12.13,3.03,0
2019-05-03 03:10:00+00:00,0.0,0.0,0.0,0.0,0.0,12.02,3.38,0
2019-05-03 04:10:00+00:00,0.0,0.0,0.0,0.0,0.0,12.06,3.45,0
2019-05-03 05:10:00+00:00,37.48,55.07,77.72,1.54,11.01,12.23,3.45,0
2019-05-03 06:10:00+00:00,97.6,213.85,97.91,4.46,22.09,13.37,4.07,0
2019-05-03 07:10:00+00:00,124.42,188.24,191.98,6.14,33.22,14.04,4.69,0
2019-05-03 08:10:00+00:00,152.6,217.21,244.96,7.94,44.0,15.43,4.69,0
2019-05-03 09:10:00+00:00,174.02,245.52,281.42,9.42,53.74,16.66,4.83,0
2019-05-03 10:10:00+00:00,191.82,345.03,235.51,11.16,61.09,17.5,5.1,0
2019-05-03 11:10:00+00:00,191.16,277.68,302.14,10.74,63.78,17.97,5.38,0
2019-05-03 12:10:00+00:00,187.23,299.97,267.89,10.69,60.46,18.22,5.66,0
2019-05-03 13:10:00+00:00,140.13,63.39,364.66,6.66,52.74,18.21,5.72,0
2019-05-03 14:10:00+00:00,125.6,79.74,305.34,6.06,42.83,17.84,5.66,0
2019-05-03 15:10:00+00:00,103.45,97.04,225.18,5.02,31.99,17.51,5.52,0
2019-05-03 16:10:00+00:00,55.11,32.58,148.39,2.6,20.84,16.87,5.03,0
2019-05-03 17:10:00+00:00,16.65,8.62,57.88,0.9,9.79,16.19,4.07,0
2019-05-03 18:10:00+00:00,0.0,0.0,0.0,0.0,0.0,15.38,3.24,0
2019-05-03 19:10:00+00:00,0.0,0.0,0.0,0.0,0.0,14.68,3.66,0
2019-05-03 20:10:00+00:00,0.0,0.0,0.0,0.0,0.0,14.21,3.38,0
2019-05-03 21:10:00+00:00,0.0,0.0,0.0,0.0,0.0,13.9,3.17,0
2019-05-03 22:10:00+00:00,0.0,0.0,0.0,0.0,0.0,13.8,3.24,0
2019-05-03 23:10:00+00:00,0.0,0.0,0.0,0.0,0.0,13.68,3.31,0
2019-05-04 00:10:00+00:00,0.0,0.0,0.0,0.0,0.0,13.42,3.38,0
2019-05-04 01:10:00+00:00,0.0,0.0,0.0,0.0,0.0,13.17,3.17,0
2019-05-04 02:10:00+00:00,0.0,0.0,0.0,0.0,0.0,13.01,3.03,0
2019-05-04 03:10:00+00:00,0.0,0.0,0.0,0.0,0.0,12.81,3.1,0
2019-05-04 04:10:00+00:00,0.0,0.0,0.0,0.0,0.0,12.66,3.03,0
2019-05-04 05:10:00+00:00,1.23,0.0,12.12,0.17,11.22,12.58,2.76,0
2019-05-04 06:10:00+00:00,7.53,0.0,35.44,0.51,22.3,12.83,2.34,0
2019-05-04 07:10:00+00:00,15.76,0.0,61.55,0.88,33.43,13.13,2.48,0
2019-05-04 08:10:00+00:00,34.68,0.0,117.51,1.69,44.22,13.32,2.41,0
2019-05-04 09:10:00+00:00,53.42,0.0,171.6,2.47,53.99,13.63,2.55,0
2019-05-04 10:10:00+00:00,89.76,0.63,276.0,3.98,61.37,13.83,2.41,0
2019-05-04 11:10:00+00:00,119.72,10.59,354.28,5.33,64.07,14.3,2.69,0
2019-05-04 12:10:00+00:00,79.86,0.0,249.0,3.58,60.71,15.1,2.83,0
2019-05-04 13:10:00+00:00,143.64,77.9,360.62,6.91,52.95,15.93,3.1,0
2019-05-04 14:10:00+00:00,125.54,83.61,301.61,6.07,43.01,16.14,3.17,0
2019-05-04 15:10:00+00:00,20.4,0.0,76.47,1.1,32.15,16.23,3.17,0
2019-05-04 16:10:00+00:00,31.72,1.82,108.22,1.58,21.01,15.72,3.24,0
2019-05-04 17:10:00+00:00,24.52,27.32,65.88,1.15,9.96,15.29,2.76,0
2019-05-04 18:10:00+00:00,0.0,0.0,0.0,0.0,0.0,14.77,2.14,0
2019-05-04 19:10:00+00:00,0.0,0.0,0.0,0.0,0.0,14.26,1.52,0
2019-05-04 20:10:00+00:00,0.0,0.0,0.0,0.0,0.0,13.46,1.1,0
2019-05-04 21:10:00+00:00,0.0,0.0,0.0,0.0,0.0,13.36,0.76,0
2019-05-04 22:10:00+00:00,0.0,0.0,0.0,0.0,0.0,13.25,0.69,0
2019-05-04 23:10:00+00:00,0.0,0.0,0.0,0.0,0.0,12.36,1.03,0
2019-05-05 00:10:00+00:00,0.0,0.0,0.0,0.0,0.0,11.52,1.52,0
2019-05-05 01:10:00+00:00,0.0,0.0,0.0,0.0,0.0,11.1,1.72,0
2019-05-05 02:10:00+00:00,0.0,0.0,0.0,0.0,0.0,11.18,1.79,0
2019-05-05 03:10:00+00:00,0.0,0.0,0.0,0.0,0.0,11.55,1.79,0
2019-05-05 04:10:00+00:00,0.0,0.0,0.0,0.0,0.0,11.84,2.14,0
2019-05-05 05:10:00+00:00,21.22,9.87,69.22,1.07,11.42,12.27,2.21,0
2019-05-05 06:10:00+00:00,99.71,205.57,112.75,4.51,22.5,14.1,2.83,0
2019-05-05 07:10:00+00:00,89.95,33.89,242.69,4.09,33.63,14.5,5.17,0
2019-05-05 08:10:00+00:00,123.06,50.01,319.44,5.6,44.43,14.07,6.76,0
2019-05-05 09:10:00+00:00,38.44,0.0,127.76,1.84,54.23,13.48,7.66,0
2019-05-05 10:10:00+00:00,189.09,190.72,366.89,9.59,61.65,13.51,7.79,0
2019-05-05 11:10:00+00:00,210.77,453.89,163.44,12.47,64.36,13.48,7.72,0
2019-05-05 12:10:00+00:00,154.34,51.67,405.52,7.01,60.96,13.48,8.07,0
2019-05-05 13:10:00+00:00,37.84,0.0,125.9,1.81,53.15,13.21,8.21,0
2019-05-05 14:10:00+00:00,98.83,15.04,282.54,4.37,43.19,12.67,7.72,0
2019-05-05 15:10:00+00:00,96.31,52.9,239.06,4.39,32.32,12.23,6.69,0
2019-05-05 16:10:00+00:00,10.73,0.0,45.7,0.66,21.17,12.4,6.55,0
2019-05-05 17:10:00+00:00,10.59,1.44,43.96,0.64,10.13,11.86,5.79,0
2019-05-05 18:10:00+00:00,0.0,0.0,0.0,0.0,0.0,10.91,4.83,0
2019-05-05 19:10:00+00:00,0.0,0.0,0.0,0.0,0.0,10.43,3.17,0
2019-05-05 20:10:00+00:00,0.0,0.0,0.0,0.0,0.0,9.88,2.55,0
2019-05-05 21:10:00+00:00,0.0,0.0,0.0,0.0,0.0,9.3,2.21,0
2019-05-05 22:10:00+00:00,0.0,0.0,0.0,0.0,0.0,9.14,2.0,0
2019-05-05 23:10:00+00:00,0.0,0.0,0.0,0.0,0.0,8.86,1.72,0
2019-05-06 00:10:00+00:00,0.0,0.0,0.0,0.0,0.0,9.0,2.0,0
2019-05-06 01:10:00+00:00,0.0,0.0,0.0,0.0,0.0,8.72,2.55,0
2019-05-06 02:10:00+00:00,0.0,0.0,0.0,0.0,0.0,8.53,3.31,0
2019-05-06 03:10:00+00:00,0.0,0.0,0.0,0.0,0.0,8.34,3.93,0
2019-05-06 04:10:00+00:00,0.0,0.0,0.0,0.0,0.0,8.3,4.34,0
2019-05-06 05:10:00+00:00,44.3,66.19,83.82,1.71,11.62,7.82,4.55,0
2019-05-06 06:10:00+00:00,63.27,32.7,163.65,2.8,22.69,8.49,5.45,0
2019-05-06 07:10:00+00:00,106.0,67.34,249.49,4.77,33.83,9.85,5.1,0
2019-05-06 08:10:00+00:00,113.33,30.02,307.83,5.02,44.64,11.26,5.72,0
2019-05-06 09:10:00+00:00,179.14,216.36,313.82,9.18,54.46,12.65,5.66,0
2019-05-06 10:10:00+00:00,189.43,217.1,348.57,9.89,61.92,14.33,5.24,0
2019-05-06 11:10:00+00:00,204.16,396.32,213.71,11.94,64.64,15.52,5.45,0
2019-05-06 12:10:00+00:00,202.69,481.23,124.44,12.31,61.21,16.32,6.0,0
2019-05-06 13:10:00+00:00,165.72,158.09,340.55,8.36,53.36,16.38,6.48,0
2019-05-06 14:10:00+00:00,129.44,80.42,311.43,6.12,43.37,16.23,7.03,0
2019-05-06 15:10:00+00:00,132.3,292.62,114.99,6.9,32.49,15.73,7.1,0
2019-05-06 16:10:00+00:00,95.28,222.85,85.35,4.42,21.34,15.12,6.69,0
2019-05-06 17:10:00+00:00,45.64,99.38,65.43,1.71,10.3,14.38,6.07,0
2019-05-06 18:10:00+00:00,0.0,0.0,0.0,0.0,0.0,13.14,5.79,0
2019-05-06 19:10:00+00:00,0.0,0.0,0.0,0.0,0.0,12.34,4.62,0
2019-05-06 20:10:00+00:00,0.0,0.0,0.0,0.0,0.0,11.42,4.41,0
2019-05-06 21:10:00+00:00,0.0,0.0,0.0,0.0,0.0,10.62,4.14,0
2019-05-06 22:10:00+00:00,0.0,0.0,0.0,0.0,0.0,9.96,3.86,0
2019-05-06 23:10:00+00:00,0.0,0.0,0.0,0.0,0.0,9.37,3.72,0
2019-05-07 00:10:00+00:00,0.0,0.0,0.0,0.0,0.0,8.88,3.66,0
2019-05-07 01:10:00+00:00,0.0,0.0,0.0,0.0,0.0,8.48,3.45,0
2019-05-07 02:10:00+00:00,0.0,0.0,0.0,0.0,0.0,8.07,3.31,0
2019-05-07 03:10:00+00:00,0.0,0.0,0.0,0.0,0.0,7.66,3.03,0
2019-05-07 04:10:00+00:00,0.0,0.0,0.0,0.0,0.0,7.25,2.83,0
2019-05-07 05:10:00+00:00,61.73,137.93,69.41,2.13,11.82,7.47,2.55,0
2019-05-07 06:10:00+00:00,107.52,239.23,96.85,4.74,22.88,9.57,2.21,0
2019-05-07 07:10:00+00:00,143.24,331.34,108.48,7.34,34.02,11.13,1.17,0
2019-05-07 08:10:00+00:00,170.64,420.87,104.55,9.73,44.85,12.86,0.62,0
2019-05-07 09:10:00+00:00,189.03,475.08,110.01,11.48,54.69,14.14,0.48,0
2019-05-07 10:10:00+00:00,200.88,503.41,116.4,12.54,62.18,15.13,1.03,0
2019-05-07 11:10:00+00:00,204.01,485.41,140.78,12.69,64.92,15.88,1.79,0
2019-05-07 12:10:00+00:00,170.41,122.8,399.85,8.52,61.45,16.33,2.55,0
2019-05-07 13:10:00+00:00,181.71,353.09,200.76,10.45,53.56,16.53,3.31,0
2019-05-07 14:10:00+00:00,164.1,386.29,115.48,9.35,43.54,16.23,3.72,0
2019-05-07 15:10:00+00:00,133.88,314.14,102.25,7.06,32.65,16.0,4.21,0
2019-05-07 16:10:00+00:00,95.78,220.34,90.4,4.43,21.5,15.46,4.28,0
2019-05-07 17:10:00+00:00,45.63,95.13,69.26,1.73,10.47,14.83,3.45,0
2019-05-07 18:10:00+00:00,0.0,0.0,0.0,0.0,0.0,13.98,2.34,0
2019-05-07 19:10:00+00:00,0.0,0.0,0.0,0.0,0.0,13.34,2.28,0
2019-05-07 20:10:00+00:00,0.0,0.0,0.0,0.0,0.0,12.24,1.79,0
2019-05-07 21:10:00+00:00,0.0,0.0,0.0,0.0,0.0,11.66,1.45,0
2019-05-07 22:10:00+00:00,0.0,0.0,0.0,0.0,0.0,12.46,0.83,0
2019-05-07 23:10:00+00:00,0.0,0.0,0.0,0.0,0.0,12.27,0.62,0
2019-05-08 00:10:00+00:00,0.0,0.0,0.0,0.0,0.0,12.04,0.41,0
2019-05-08 01:10:00+00:00,0.0,0.0,0.0,0.0,0.0,11.76,0.14,0
2019-05-08 02:10:00+00:00,0.0,0.0,0.0,0.0,0.0,11.31,0.55,0
2019-05-08 03:10:00+00:00,0.0,0.0,0.0,0.0,0.0,10.58,0.97,0
2019-05-08 04:10:00+00:00,0.0,0.0,0.0,0.0,0.0,8.78,1.38,0
2019-05-08 05:10:00+00:00,4.93,0.0,26.11,0.38,12.01,8.46,1.45,0
2019-05-08 06:10:00+00:00,107.39,254.35,86.33,4.8,23.06,11.65,1.24,0
2019-05-08 07:10:00+00:00,139.74,307.13,123.88,7.11,34.21,13.72,1.93,0
2019-05-08 08:10:00+00:00,169.19,391.16,124.88,9.42,45.04,14.8,2.41,0
2019-05-08 09:10:00+00:00,184.95,357.8,204.16,10.46,54.91,15.59,2.9,0
2019-05-08 10:10:00+00:00,199.47,416.4,187.5,11.75,62.44,16.22,3.59,0
2019-05-08 11:10:00+00:00,185.56,188.58,375.92,9.66,65.19,16.65,3.86,0
2019-05-08 12:10:00+00:00,191.84,315.78,265.98,10.81,61.69,16.86,4.14,0
2019-05-08 13:10:00+00:00,185.95,436.29,126.8,11.0,53.76,16.99,4.48,0
2019-05-08 14:10:00+00:00,152.39,229.92,234.17,7.98,43.71,16.82,4.9,0
2019-05-08 15:10:00+00:00,110.08,113.74,225.85,5.27,32.81,16.28,5.17,0
2019-05-08 16:10:00+00:00,66.87,58.63,156.23,3.05,21.66,15.43,5.1,0
2019-05-08 17:10:00+00:00,13.23,2.88,51.57,0.76,10.64,14.77,4.76,0
2019-05-08 18:10:00+00:00,0.0,0.0,0.0,0.0,0.0,14.19,4.83,0
2019-05-08 19:10:00+00:00,0.0,0.0,0.0,0.0,0.0,13.5,4.69,0
2019-05-08 20:10:00+00:00,0.0,0.0,0.0,0.0,0.0,13.11,4.97,0
2019-05-08 21:10:00+00:00,0.0,0.0,0.0,0.0,0.0,13.03,5.1,0
2019-05-08 22:10:00+00:00,0.0,0.0,0.0,0.0,0.0,12.68,5.24,0
2019-05-08 23:10:00+00:00,0.0,0.0,0.0,0.0,0.0,12.61,5.59,0
2019-05-09 00:10:00+00:00,0.0,0.0,0.0,0.0,0.0,12.69,5.79,0
2019-05-09 01:10:00+00:00,0.0,0.0,0.0,0.0,0.0,12.77,6.0,0
2019-05-09 02:10:00+00:00,0.0,0.0,0.0,0.0,0.0,12.9,6.07,0
2019-05-09 03:10:00+00:00,0.0,0.0,0.0,0.0,0.0,13.0,6.34,0
2019-05-09 04:10:00+00:00,0.0,0.0,0.0,0.0,0.0,13.14,6.41,0
2019-05-09 05:10:00+00:00,3.78,0.0,22.38,0.32,12.19,13.31,6.48,0
2019-05-09 06:10:00+00:00,43.33,5.67,136.37,2.04,23.24,13.36,6.55,0
2019-05-09 07:10:00+00:00,54.89,1.57,173.45,2.52,34.39,13.97,6.48,0
2019-05-09 08:10:00+00:00,42.73,0.0,140.82,2.02,45.24,14.55,6.0,0
2019-05-09 09:10:00+00:00,30.95,0.0,107.25,1.54,55.13,15.29,5.24,0
2019-05-09 10:10:00+00:00,57.36,0.0,183.72,2.64,62.69,15.51,4.41,0
2019-05-09 11:10:00+00:00,68.61,0.0,217.29,3.12,65.46,16.61,3.93,0
2019-05-09 12:10:00+00:00,65.21,0.0,208.9,3.0,61.93,17.63,2.83,0
2019-05-09 13:10:00+00:00,161.17,161.75,338.65,8.35,53.95,18.3,2.07,0
2019-05-09 14:10:00+00:00,149.97,241.54,226.78,8.08,43.88,18.32,1.72,0
2019-05-09 15:10:00+00:00,128.51,287.38,121.66,6.81,32.97,18.92,1.79,0
2019-05-09 16:10:00+00:00,77.32,105.67,147.55,3.58,21.82,18.79,2.34,0
2019-05-09 17:10:00+00:00,44.88,92.34,70.86,1.73,10.8,18.04,2.34,0
2019-05-09 18:10:00+00:00,0.0,0.0,0.0,0.0,0.0,16.84,2.0,0
2019-05-09 19:10:00+00:00,0.0,0.0,0.0,0.0,0.0,16.01,1.59,0
2019-05-09 20:10:00+00:00,0.0,0.0,0.0,0.0,0.0,15.23,1.38,0
2019-05-09 21:10:00+00:00,0.0,0.0,0.0,0.0,0.0,14.72,1.03,0
2019-05-09 22:10:00+00:00,0.0,0.0,0.0,0.0,0.0,14.84,0.83,0
2019-05-09 23:10:00+00:00,0.0,0.0,0.0,0.0,0.0,14.35,0.76,0
2019-05-10 00:10:00+00:00,0.0,0.0,0.0,0.0,0.0,13.71,0.83,0
2019-05-10 01:10:00+00:00,0.0,0.0,0.0,0.0,0.0,12.71,0.97,0
2019-05-10 02:10:00+00:00,0.0,0.0,0.0,0.0,0.0,11.9,0.97,0
2019-05-10 03:10:00+00:00,0.0,0.0,0.0,0.0,0.0,11.02,1.03,0
2019-05-10 04:10:00+00:00,0.0,0.0,0.0,0.0,0.0,10.38,1.17,0
2019-05-10 05:10:00+00:00,58.87,119.49,79.48,2.1,12.37,10.83,1.1,0
2019-05-10 06:10:00+00:00,98.96,181.35,132.57,4.38,23.42,13.4,1.03,0
2019-05-10 07:10:00+00:00,89.94,35.49,245.77,4.14,34.56,15.42,1.17,0
2019-05-10 08:10:00+00:00,135.23,103.84,316.97,6.59,45.42,17.46,1.38,0
2019-05-10 09:10:00+00:00,186.28,423.29,156.17,11.0,55.34,18.51,1.72,0
2019-05-10 10:10:00+00:00,200.84,502.4,119.48,12.41,62.94,19.37,2.48,0
2019-05-10 11:10:00+00:00,195.75,338.86,267.59,11.32,65.72,19.7,2.97,0
2019-05-10 12:10:00+00:00,197.79,450.22,158.29,11.98,62.16,19.48,3.45,0
2019-05-10 13:10:00+00:00,187.0,468.91,104.87,11.23,54.15,19.21,3.86,0
2019-05-10 14:10:00+00:00,164.11,393.54,112.26,9.31,44.05,18.38,3.72,0
2019-05-10 15:10:00+00:00,133.28,309.03,109.71,6.98,33.13,17.97,3.1,0
2019-05-10 16:10:00+00:00,95.25,213.28,98.71,4.39,21.97,17.74,2.28,0
2019-05-10 17:10:00+00:00,48.13,103.91,69.73,1.81,10.96,17.29,1.59,0
2019-05-10 18:10:00+00:00,0.0,0.0,0.0,0.0,0.0,16.6,1.17,0
2019-05-10 19:10:00+00:00,0.0,0.0,0.0,0.0,0.0,15.41,1.52,0
2019-05-10 20:10:00+00:00,0.0,0.0,0.0,0.0,0.0,14.23,1.31,0
2019-05-10 21:10:00+00:00,0.0,0.0,0.0,0.0,0.0,14.3,0.9,0
2019-05-10 22:10:00+00:00,0.0,0.0,0.0,0.0,0.0,14.34,0.62,0
2019-05-10 23:10:00+00:00,0.0,0.0,0.0,0.0,0.0,13.29,1.03,0
2019-05-11 00:10:00+00:00,0.0,0.0,0.0,0.0,0.0,11.97,1.38,0
2019-05-11 01:10:00+00:00,0.0,0.0,0.0,0.0,0.0,11.26,1.38,0
2019-05-11 02:10:00+00:00,0.0,0.0,0.0,0.0,0.0,11.08,1.17,0
2019-05-11 03:10:00+00:00,0.0,0.0,0.0,0.0,0.0,11.0,1.1,0
2019-05-11 04:10:00+00:00,0.0,0.0,0.0,0.0,0.0,10.63,1.17,0
2019-05-11 05:10:00+00:00,25.42,14.06,77.18,1.22,12.54,10.81,1.24,0
2019-05-11 06:10:00+00:00,98.5,176.32,136.48,4.35,23.58,14.19,1.17,0
2019-05-11 07:10:00+00:00,130.12,214.67,191.99,6.43,34.73,16.12,1.03,0
2019-05-11 08:10:00+00:00,157.06,250.03,238.37,8.28,45.6,17.33,1.38,0
2019-05-11 09:10:00+00:00,188.11,455.38,129.15,11.19,55.54,18.3,1.66,0
2019-05-11 10:10:00+00:00,160.81,91.79,408.98,7.89,63.18,19.04,2.21,0
2019-05-11 11:10:00+00:00,190.94,276.61,316.3,10.65,65.98,19.53,2.69,0
2019-05-11 12:10:00+00:00,123.85,18.79,367.67,5.69,62.39,19.71,2.83,0
2019-05-11 13:10:00+00:00,42.49,0.0,143.62,2.06,54.34,19.45,2.9,0
2019-05-11 14:10:00+00:00,26.04,0.0,94.19,1.35,44.22,18.33,2.83,0
2019-05-11 15:10:00+00:00,27.34,0.0,97.92,1.41,33.28,17.71,2.28,0
2019-05-11 16:10:00+00:00,26.79,0.0,96.06,1.38,22.13,17.0,1.79,0
2019-05-11 17:10:00+00:00,14.27,2.89,55.31,0.82,11.13,16.63,1.45,0
2019-05-11 18:10:00+00:00,0.0,0.0,0.0,0.0,0.0,16.22,1.66,0
2019-05-11 19:10:00+00:00,0.0,0.0,0.0,0.0,0.0,15.62,2.62,0
2019-05-11 20:10:00+00:00,0.0,0.0,0.0,0.0,0.0,15.17,2.62,0
2019-05-11 21:10:00+00:00,0.0,0.0,0.0,0.0,0.0,14.88,2.83,0
2019-05-11 22:10:00+00:00,0.0,0.0,0.0,0.0,0.0,14.56,3.24,0
2019-05-11 23:10:00+00:00,0.0,0.0,0.0,0.0,0.0,14.21,3.66,0
2019-05-12 00:10:00+00:00,0.0,0.0,0.0,0.0,0.0,14.33,4.34,0
2019-05-12 01:10:00+00:00,0.0,0.0,0.0,0.0,0.0,14.33,4.97,0
2019-05-12 02:10:00+00:00,0.0,0.0,0.0,0.0,0.0,14.24,4.9,0
2019-05-12 03:10:00+00:00,0.0,0.0,0.0,0.0,0.0,14.13,4.28,0
2019-05-12 04:10:00+00:00,0.0,0.0,0.0,0.0,0.0,14.01,3.72,0
2019-05-12 05:10:00+00:00,14.63,1.41,57.01,0.83,12.71,14.13,3.31,0
2019-05-12 06:10:00+00:00,25.23,0.0,90.46,1.3,23.75,14.81,2.69,0
2019-05-12 07:10:00+00:00,22.97,0.0,83.93,1.21,34.9,15.25,2.41,0
2019-05-12 08:10:00+00:00,108.02,26.54,306.5,4.92,45.78,16.07,2.62,0
2019-05-12 09:10:00+00:00,197.31,532.26,71.1,11.76,55.74,17.0,2.62,0
2019-05-12 10:10:00+00:00,203.32,480.45,144.18,12.25,63.41,17.7,2.48,0
2019-05-12 11:10:00+00:00,33.23,0.0,115.64,1.66,66.23,18.15,2.34,0
2019-05-12 12:10:00+00:00,20.23,0.0,76.47,1.1,62.62,17.71,2.07,0
2019-05-12 13:10:00+00:00,20.37,0.0,76.47,1.1,54.52,16.39,2.48,0
2019-05-12 14:10:00+00:00,70.71,1.42,220.97,3.2,44.38,14.77,2.48,0
2019-05-12 15:10:00+00:00,36.88,0.0,124.97,1.8,33.44,15.41,2.41,0
2019-05-12 16:10:00+00:00,53.87,22.75,153.02,2.51,22.28,15.79,2.76,0
2019-05-12 17:10:00+00:00,24.45,18.77,72.28,1.18,11.29,15.85,1.93,0
2019-05-12 18:10:00+00:00,0.0,0.0,0.0,0.0,0.0,15.57,1.03,0
2019-05-12 19:10:00+00:00,0.0,0.0,0.0,0.0,0.0,13.76,1.66,0
2019-05-12 20:10:00+00:00,0.0,0.0,0.0,0.0,0.0,13.32,1.31,0
2019-05-12 21:10:00+00:00,0.0,0.0,0.0,0.0,0.0,12.68,1.17,0
2019-05-12 22:10:00+00:00,0.0,0.0,0.0,0.0,0.0,12.33,1.45,0
2019-05-12 23:10:00+00:00,0.0,0.0,0.0,0.0,0.0,12.19,1.66,0
2019-05-13 00:10:00+00:00,0.0,0.0,0.0,0.0,0.0,11.83,1.52,0
2019-05-13 01:10:00+00:00,0.0,0.0,0.0,0.0,0.0,11.61,1.38,0
2019-05-13 02:10:00+00:00,0.0,0.0,0.0,0.0,0.0,11.04,1.52,0
2019-05-13 03:10:00+00:00,0.0,0.0,0.0,0.0,0.0,10.63,1.38,0
2019-05-13 04:10:00+00:00,0.0,0.0,0.0,0.0,0.0,10.28,1.66,0
2019-05-13 05:10:00+00:00,20.95,5.62,71.48,1.07,12.88,10.71,1.45,0
2019-05-13 06:10:00+00:00,98.6,159.37,148.88,4.27,23.91,12.79,2.07,0
2019-05-13 07:10:00+00:00,109.21,80.68,253.89,5.01,35.06,13.73,2.21,0
2019-05-13 08:10:00+00:00,115.67,38.18,316.21,5.28,45.95,14.57,2.0,0
2019-05-13 09:10:00+00:00,78.86,0.68,247.1,3.56,55.94,15.52,1.45,0
2019-05-13 10:10:00+00:00,96.81,1.97,300.16,4.35,63.64,15.63,0.83,0
2019-05-13 11:10:00+00:00,148.67,47.99,416.03,7.03,66.48,16.65,0.69,0
2019-05-13 12:10:00+00:00,165.82,113.65,404.23,8.29,62.84,17.51,1.1,0
2019-05-13 13:10:00+00:00,162.16,149.84,350.91,8.2,54.71,18.02,2.55,0
2019-05-13 14:10:00+00:00,164.31,339.22,164.08,8.94,44.54,16.97,3.31,0
2019-05-13 15:10:00+00:00,122.06,173.24,206.27,5.95,33.59,17.3,3.17,0
2019-05-13 16:10:00+00:00,27.71,0.0,98.85,1.42,22.44,17.41,2.62,0
2019-05-13 17:10:00+00:00,3.94,0.0,23.31,0.33,11.45,16.93,2.69,0
2019-05-13 18:10:00+00:00,0.0,0.0,0.0,0.0,0.0,15.96,3.45,0
2019-05-13 19:10:00+00:00,0.0,0.0,0.0,0.0,0.0,14.47,4.14,0
2019-05-13 20:10:00+00:00,0.0,0.0,0.0,0.0,0.0,13.85,4.28,0
2019-05-13 21:10:00+00:00,0.0,0.0,0.0,0.0,0.0,13.31,4.34,0
2019-05-13 22:10:00+00:00,0.0,0.0,0.0,0.0,0.0,12.81,4.55,0
2019-05-13 23:10:00+00:00,0.0,0.0,0.0,0.0,0.0,12.34,4.48,0
2019-05-14 00:10:00+00:00,0.0,0.0,0.0,0.0,0.0,12.03,4.55,0
2019-05-14 01:10:00+00:00,0.0,0.0,0.0,0.0,0.0,11.53,4.69,0
2019-05-14 02:10:00+00:00,0.0,0.0,0.0,0.0,0.0,11.23,4.9,0
2019-05-14 03:10:00+00:00,0.0,0.0,0.0,0.0,0.0,11.15,5.17,0
2019-05-14 04:10:00+00:00,0.0,0.0,3.57,0.05,2.44,11.21,5.38,0
2019-05-14 05:10:00+00:00,2.12,0.0,15.85,0.23,13.04,11.31,5.45,0
2019-05-14 06:10:00+00:00,21.84,0.0,79.27,1.14,24.06,11.85,5.03,0
2019-05-14 07:10:00+00:00,151.54,333.66,122.35,7.38,35.21,12.95,4.83,0
2019-05-14 08:10:00+00:00,180.47,419.52,121.69,9.69,46.11,14.78,4.69,0
2019-05-14 09:10:00+00:00,197.48,445.29,150.0,11.19,56.12,16.23,4.21,0
2019-05-14 10:10:00+00:00,160.1,75.77,415.59,7.61,63.86,17.65,3.38,0
2019-05-14 11:10:00+00:00,167.51,96.35,425.21,8.23,66.73,18.17,1.79,0
2019-05-14 12:10:00+00:00,126.09,20.33,376.01,5.84,63.05,18.21,0.69,0
2019-05-14 13:10:00+00:00,158.86,134.94,360.57,8.01,54.89,18.21,1.45,0
2019-05-14 14:10:00+00:00,117.88,49.99,315.41,5.51,44.7,17.8,2.62,0
2019-05-14 15:10:00+00:00,82.92,26.1,234.73,3.82,33.74,17.71,3.52,0
2019-05-14 16:10:00+00:00,81.9,107.0,155.78,3.67,22.59,17.48,3.93,0
2019-05-14 17:10:00+00:00,38.22,53.4,82.5,1.58,11.6,16.9,4.07,0
2019-05-14 18:10:00+00:00,0.0,0.0,0.0,0.0,0.0,15.58,4.62,0
2019-05-14 19:10:00+00:00,0.0,0.0,0.0,0.0,0.0,14.54,3.17,0
2019-05-14 20:10:00+00:00,0.0,0.0,0.0,0.0,0.0,14.03,2.76,0
2019-05-14 21:10:00+00:00,0.0,0.0,0.0,0.0,0.0,13.35,2.48,0
2019-05-14 22:10:00+00:00,0.0,0.0,0.0,0.0,0.0,12.76,2.34,0
2019-05-14 23:10:00+00:00,0.0,0.0,0.0,0.0,0.0,12.24,2.28,0
2019-05-15 00:10:00+00:00,0.0,0.0,0.0,0.0,0.0,11.71,2.28,0
2019-05-15 01:10:00+00:00,0.0,0.0,0.0,0.0,0.0,11.0,2.34,0
2019-05-15 02:10:00+00:00,0.0,0.0,0.0,0.0,0.0,10.79,2.34,0
2019-05-15 03:10:00+00:00,0.0,0.0,0.0,0.0,0.0,10.59,2.62,0
2019-05-15 04:10:00+00:00,0.0,0.0,1.78,0.03,2.61,10.43,2.9,0
2019-05-15 05:10:00+00:00,12.01,0.0,49.43,0.71,13.19,10.56,2.48,0
2019-05-15 06:10:00+00:00,22.53,0.0,81.13,1.17,24.21,10.86,2.48,0
2019-05-15 07:10:00+00:00,10.77,0.0,45.7,0.66,35.36,11.42,2.83,0
2019-05-15 08:10:00+00:00,18.96,0.0,70.88,1.02,46.27,11.91,2.48,0
2019-05-15 09:10:00+00:00,46.65,0.0,151.08,2.17,56.3,11.87,2.34,0
2019-05-15 10:10:00+00:00,45.99,0.0,149.21,2.14,64.08,12.08,2.76,0
2019-05-15 11:10:00+00:00,37.19,0.0,124.03,1.78,66.96,11.94,2.48,0
2019-05-15 12:10:00+00:00,32.9,0.0,111.91,1.61,63.27,12.4,2.48,0
2019-05-15 13:10:00+00:00,32.9,0.0,111.91,1.61,55.07,12.42,2.62,0
2019-05-15 14:10:00+00:00,25.26,0.0,89.53,1.29,44.86,12.13,3.03,0
2019-05-15 15:10:00+00:00,25.58,0.0,90.46,1.3,33.89,12.1,2.97,0
2019-05-15 16:10:00+00:00,22.14,0.0,80.2,1.15,22.74,11.66,3.03,0
2019-05-15 17:10:00+00:00,7.02,0.0,33.57,0.48,11.76,11.61,2.97,0
2019-05-15 18:10:00+00:00,0.0,0.0,0.0,0.0,0.0,11.45,2.41,0
2019-05-15 19:10:00+00:00,0.0,0.0,0.0,0.0,0.0,10.97,2.07,0
2019-05-15 20:10:00+00:00,0.0,0.0,0.0,0.0,0.0,10.79,1.72,0
2019-05-15 21:10:00+00:00,0.0,0.0,0.0,0.0,0.0,10.77,2.07,0
2019-05-15 22:10:00+00:00,0.0,0.0,0.0,0.0,0.0,10.34,2.76,0
2019-05-15 23:10:00+00:00,0.0,0.0,0.0,0.0,0.0,9.75,3.1,0
2019-05-16 00:10:00+00:00,0.0,0.0,0.0,0.0,0.0,9.28,3.24,0
2019-05-16 01:10:00+00:00,0.0,0.0,0.0,0.0,0.0,8.69,3.52,0
2019-05-16 02:10:00+00:00,0.0,0.0,0.0,0.0,0.0,8.28,3.59,0
2019-05-16 03:10:00+00:00,0.0,0.0,0.0,0.0,0.0,7.98,3.31,0
2019-05-16 04:10:00+00:00,0.26,0.0,7.13,0.11,2.76,7.75,3.17,0
2019-05-16 05:10:00+00:00,22.56,5.62,75.22,1.13,13.34,8.21,2.9,0
2019-05-16 06:10:00+00:00,65.54,32.01,172.34,2.89,24.35,10.21,2.83,0
2019-05-16 07:10:00+00:00,153.38,346.75,118.97,7.5,35.5,12.82,2.62,0
2019-05-16 08:10:00+00:00,181.72,443.18,108.61,9.86,46.42,14.53,2.41,0
2019-05-16 09:10:00+00:00,197.75,487.78,121.19,11.51,56.48,16.13,1.52,0
2019-05-16 10:10:00+00:00,208.16,534.33,112.17,12.67,64.29,17.31,1.31,0
2019-05-16 11:10:00+00:00,210.61,486.01,161.28,12.59,67.2,17.94,2.62,0
2019-05-16 12:10:00+00:00,192.85,260.99,327.94,10.3,63.48,17.89,3.93,0
2019-05-16 13:10:00+00:00,199.75,534.46,69.69,11.71,55.24,17.37,4.41,0
2019-05-16 14:10:00+00:00,175.3,439.19,94.79,9.69,45.01,17.42,4.41,0
2019-05-16 15:10:00+00:00,143.53,336.52,107.18,7.25,34.03,17.19,4.34,0
2019-05-16 16:10:00+00:00,102.7,216.51,111.43,4.53,22.88,16.67,3.79,0
2019-05-16 17:10:00+00:00,58.24,128.39,73.48,2.06,11.91,15.97,2.76,0
2019-05-16 18:10:00+00:00,0.0,0.0,0.0,0.0,0.0,15.02,2.0,0
2019-05-16 19:10:00+00:00,0.0,0.0,0.0,0.0,0.0,14.21,1.24,0
2019-05-16 20:10:00+00:00,0.0,0.0,0.0,0.0,0.0,13.65,0.97,0
2019-05-16 21:10:00+00:00,0.0,0.0,0.0,0.0,0.0,13.88,0.48,0
2019-05-16 22:10:00+00:00,0.0,0.0,0.0,0.0,0.0,13.64,0.21,0
2019-05-16 23:10:00+00:00,0.0,0.0,0.0,0.0,0.0,13.25,0.34,0
2019-05-17 00:10:00+00:00,0.0,0.0,0.0,0.0,0.0,12.79,0.9,0
2019-05-17 01:10:00+00:00,0.0,0.0,0.0,0.0,0.0,11.27,1.17,0
2019-05-17 02:10:00+00:00,0.0,0.0,0.0,0.0,0.0,10.36,1.38,0
2019-05-17 03:10:00+00:00,0.0,0.0,0.0,0.0,0.0,9.62,1.45,0
2019-05-17 04:10:00+00:00,0.76,0.0,9.81,0.15,2.92,9.25,1.45,0
2019-05-17 05:10:00+00:00,73.49,163.18,77.95,2.47,13.48,10.13,1.1,0
2019-05-17 06:10:00+00:00,60.53,24.33,169.14,2.75,24.49,13.15,0.83,0
2019-05-17 07:10:00+00:00,153.64,382.12,94.86,7.72,35.64,15.48,1.38,0
2019-05-17 08:10:00+00:00,179.06,420.69,128.67,9.71,46.57,16.73,2.41,0
2019-05-17 09:10:00+00:00,189.82,330.5,250.02,10.29,56.65,17.58,3.24,0
2019-05-17 10:10:00+00:00,151.62,52.62,412.46,7.05,64.5,18.25,4.14,0
2019-05-17 11:10:00+00:00,210.64,435.08,205.76,12.18,67.43,18.48,4.41,0
2019-05-17 12:10:00+00:00,210.44,518.55,120.77,12.5,63.68,18.82,4.62,0
2019-05-17 13:10:00+00:00,194.76,457.96,135.17,11.19,55.41,19.03,4.76,0
2019-05-17 14:10:00+00:00,174.3,432.93,101.24,9.63,45.17,19.08,4.69,0
2019-05-17 15:10:00+00:00,112.04,105.67,242.51,5.27,34.18,18.79,4.76,0
2019-05-17 16:10:00+00:00,63.24,39.59,165.24,2.89,23.03,18.28,4.9,0
2019-05-17 17:10:00+00:00,19.29,7.21,67.01,1.02,12.06,17.53,4.48,0
2019-05-17 18:10:00+00:00,0.0,0.0,0.0,0.0,0.0,16.58,4.76,0
2019-05-17 19:10:00+00:00,0.0,0.0,0.0,0.0,0.0,15.62,4.14,0
2019-05-17 20:10:00+00:00,0.0,0.0,0.0,0.0,0.0,15.31,4.0,0
2019-05-17 21:10:00+00:00,0.0,0.0,0.0,0.0,0.0,14.97,4.34,0
2019-05-17 22:10:00+00:00,0.0,0.0,0.0,0.0,0.0,14.65,4.28,0
2019-05-17 23:10:00+00:00,0.0,0.0,0.0,0.0,0.0,14.47,4.9,0
2019-05-18 00:10:00+00:00,0.0,0.0,0.0,0.0,0.0,14.95,5.72,0
2019-05-18 01:10:00+00:00,0.0,0.0,0.0,0.0,0.0,15.1,6.41,0
2019-05-18 02:10:00+00:00,0.0,0.0,0.0,0.0,0.0,14.88,6.76,0
2019-05-18 03:10:00+00:00,0.0,0.0,0.0,0.0,0.0,14.39,7.31,0
2019-05-18 04:10:00+00:00,0.56,0.0,8.92,0.13,3.07,13.96,6.9,0
2019-05-18 05:10:00+00:00,23.1,7.04,77.24,1.17,13.62,14.15,6.48,0
2019-05-18 06:10:00+00:00,31.04,0.0,107.25,1.54,24.62,14.7,5.24,0
2019-05-18 07:10:00+00:00,32.17,0.0,110.98,1.59,35.77,15.62,4.9,0
2019-05-18 08:10:00+00:00,78.91,2.94,242.38,3.54,46.71,15.73,5.59,0
2019-05-18 09:10:00+00:00,120.5,19.35,346.68,5.37,56.81,16.34,6.14,0
2019-05-18 10:10:00+00:00,134.28,23.4,384.32,6.02,64.7,16.7,5.66,0
2019-05-18 11:10:00+00:00,137.67,24.44,393.44,6.18,67.65,16.49,5.24,0
2019-05-18 12:10:00+00:00,150.9,51.9,406.01,6.94,63.88,17.0,5.31,0
2019-05-18 13:10:00+00:00,180.8,254.8,292.47,9.42,55.58,17.35,5.03,0
2019-05-18 14:10:00+00:00,55.08,0.0,178.12,2.56,45.32,16.69,4.21,0
2019-05-18 15:10:00+00:00,104.12,75.53,246.65,4.81,34.32,17.23,4.41,0
2019-05-18 16:10:00+00:00,50.75,15.5,150.89,2.37,23.17,16.83,4.34,0
2019-05-18 17:10:00+00:00,33.59,34.59,84.76,1.47,12.21,16.46,4.0,0
2019-05-18 18:10:00+00:00,0.0,0.0,0.0,0.0,0.0,15.97,3.17,0
2019-05-18 19:10:00+00:00,0.0,0.0,0.0,0.0,0.0,15.15,2.83,0
2019-05-18 20:10:00+00:00,0.0,0.0,0.0,0.0,0.0,14.72,2.9,0
2019-05-18 21:10:00+00:00,0.0,0.0,0.0,0.0,0.0,14.24,3.03,0
2019-05-18 22:10:00+00:00,0.0,0.0,0.0,0.0,0.0,13.9,2.9,0
2019-05-18 23:10:00+00:00,0.0,0.0,0.0,0.0,0.0,13.64,3.03,0
2019-05-19 00:10:00+00:00,0.0,0.0,0.0,0.0,0.0,13.49,3.03,0
2019-05-19 01:10:00+00:00,0.0,0.0,0.0,0.0,0.0,13.56,2.97,0
2019-05-19 02:10:00+00:00,0.0,0.0,0.0,0.0,0.0,13.39,2.97,0
2019-05-19 03:10:00+00:00,0.0,0.0,0.0,0.0,0.0,13.35,2.83,0
2019-05-19 04:10:00+00:00,0.74,0.0,9.81,0.15,3.21,13.28,2.76,0
2019-05-19 05:10:00+00:00,27.66,12.67,85.44,1.33,13.75,13.4,2.76,0
2019-05-19 06:10:00+00:00,25.36,0.0,90.46,1.3,24.74,13.83,2.83,0
2019-05-19 07:10:00+00:00,10.85,0.0,46.63,0.67,35.89,15.25,2.76,0
2019-05-19 08:10:00+00:00,136.7,87.68,328.47,6.36,46.84,15.37,3.03,0
2019-05-19 09:10:00+00:00,94.11,2.77,288.03,4.19,56.97,15.56,3.1,0
2019-05-19 10:10:00+00:00,124.75,14.75,366.4,5.57,64.89,16.0,3.59,0
2019-05-19 11:10:00+00:00,145.96,34.46,408.42,6.6,67.86,15.08,3.45,0
2019-05-19 12:10:00+00:00,65.82,0.0,207.97,2.99,64.08,15.26,3.93,0
2019-05-19 13:10:00+00:00,174.76,191.76,335.85,8.75,55.75,15.63,4.14,0
2019-05-19 14:10:00+00:00,175.44,409.87,122.39,9.46,45.46,15.63,3.38,0
2019-05-19 15:10:00+00:00,140.43,286.26,146.49,6.9,34.46,15.62,2.76,0
2019-05-19 16:10:00+00:00,99.89,184.58,131.69,4.34,23.31,15.23,2.62,0
2019-05-19 17:10:00+00:00,46.93,74.9,86.77,1.81,12.36,15.17,2.97,0
2019-05-19 18:10:00+00:00,0.0,0.0,0.0,0.0,0.0,13.89,2.97,0
2019-05-19 19:10:00+00:00,0.0,0.0,0.0,0.0,0.0,14.0,2.21,0
2019-05-19 20:10:00+00:00,0.0,0.0,0.0,0.0,0.0,13.13,2.0,0
2019-05-19 21:10:00+00:00,0.0,0.0,0.0,0.0,0.0,12.77,1.93,0
2019-05-19 22:10:00+00:00,0.0,0.0,0.0,0.0,0.0,12.66,1.93,0
2019-05-19 23:10:00+00:00,0.0,0.0,0.0,0.0,0.0,12.21,2.0,0
2019-05-20 00:10:00+00:00,0.0,0.0,0.0,0.0,0.0,11.6,1.93,0
2019-05-20 01:10:00+00:00,0.0,0.0,0.0,0.0,0.0,11.43,1.86,0
2019-05-20 02:10:00+00:00,0.0,0.0,0.0,0.0,0.0,11.78,1.93,0
2019-05-20 03:10:00+00:00,0.0,0.0,0.0,0.0,0.0,12.27,2.0,0
2019-05-20 04:10:00+00:00,0.0,0.0,3.57,0.05,3.35,12.04,2.0,0
2019-05-20 05:10:00+00:00,60.49,100.02,98.83,2.2,13.87,12.0,1.86,0
2019-05-20 06:10:00+00:00,108.36,187.6,148.63,4.58,24.86,12.77,1.86,0
2019-05-20 07:10:00+00:00,24.78,0.0,88.6,1.27,36.01,13.4,2.97,0
2019-05-20 08:10:00+00:00,166.28,230.67,270.3,8.19,46.97,14.08,3.24,0
2019-05-20 09:10:00+00:00,18.69,0.0,70.88,1.02,57.12,14.92,3.66,0
2019-05-20 10:10:00+00:00,33.09,0.0,113.77,1.63,65.07,15.66,4.14,0
2019-05-20 11:10:00+00:00,123.27,11.3,364.76,5.48,68.08,16.1,4.21,0
2019-05-20 12:10:00+00:00,182.35,156.75,395.59,9.0,64.27,16.28,4.28,0
2019-05-20 13:10:00+00:00,194.06,383.43,202.33,10.62,55.91,16.44,4.28,0
2019-05-20 14:10:00+00:00,161.46,235.96,254.37,8.12,45.61,16.44,4.07,0
2019-05-20 15:10:00+00:00,125.73,160.2,224.71,5.89,34.6,15.77,4.0,0
2019-05-20 16:10:00+00:00,106.37,220.18,115.9,4.6,23.45,15.8,3.72,0
2019-05-20 17:10:00+00:00,53.97,97.89,86.21,1.98,12.51,15.46,3.59,0
2019-05-20 18:10:00+00:00,0.0,0.0,0.0,0.0,0.0,14.42,3.31,0
2019-05-20 19:10:00+00:00,0.0,0.0,0.0,0.0,0.0,14.57,2.76,0
2019-05-20 20:10:00+00:00,0.0,0.0,0.0,0.0,0.0,13.78,2.62,0
2019-05-20 21:10:00+00:00,0.0,0.0,0.0,0.0,0.0,13.19,2.69,0
2019-05-20 22:10:00+00:00,0.0,0.0,0.0,0.0,0.0,13.48,2.69,0
2019-05-20 23:10:00+00:00,0.0,0.0,0.0,0.0,0.0,13.43,2.69,0
2019-05-21 00:10:00+00:00,0.0,0.0,0.0,0.0,0.0,13.43,2.34,0
2019-05-21 01:10:00+00:00,0.0,0.0,0.0,0.0,0.0,13.51,1.86,0
2019-05-21 02:10:00+00:00,0.0,0.0,0.0,0.0,0.0,13.73,1.59,0
2019-05-21 03:10:00+00:00,0.0,0.0,0.0,0.0,0.0,13.76,1.31,0
2019-05-21 04:10:00+00:00,0.0,0.0,2.67,0.04,3.48,13.68,1.24,0
2019-05-21 05:10:00+00:00,21.39,4.23,75.05,1.11,14.0,14.18,1.31,0
2019-05-21 06:10:00+00:00,54.31,14.78,161.18,2.51,24.98,15.1,1.93,0
2019-05-21 07:10:00+00:00,65.92,4.94,204.25,3.01,36.13,15.31,2.21,0
2019-05-21 08:10:00+00:00,89.02,7.42,269.3,4.01,47.1,16.28,3.17,0
2019-05-21 09:10:00+00:00,115.82,16.05,339.51,5.2,57.26,16.98,4.07,0
2019-05-21 10:10:00+00:00,136.1,27.0,388.8,6.15,65.25,17.45,4.69,0
2019-05-21 11:10:00+00:00,64.54,0.0,206.1,2.96,68.28,17.74,5.1,0
2019-05-21 12:10:00+00:00,51.92,0.0,169.73,2.44,64.46,17.97,5.03,0
2019-05-21 13:10:00+00:00,115.87,17.99,338.4,5.23,56.07,17.89,4.76,0
2019-05-21 14:10:00+00:00,101.25,19.79,293.95,4.6,45.75,17.9,4.28,0
2019-05-21 15:10:00+00:00,98.22,56.01,249.8,4.51,34.74,17.92,3.93,0
2019-05-21 16:10:00+00:00,61.85,34.19,165.98,2.83,23.59,17.63,3.59,0
2019-05-21 17:10:00+00:00,59.98,125.15,80.26,2.13,12.65,17.19,3.24,0
2019-05-21 18:10:00+00:00,0.0,0.0,0.0,0.0,0.0,16.45,2.69,0
2019-05-21 19:10:00+00:00,0.0,0.0,0.0,0.0,0.0,15.96,2.69,0
2019-05-21 20:10:00+00:00,0.0,0.0,0.0,0.0,0.0,15.56,2.69,0
2019-05-21 21:10:00+00:00,0.0,0.0,0.0,0.0,0.0,15.07,2.69,0
2019-05-21 22:10:00+00:00,0.0,0.0,0.0,0.0,0.0,14.53,2.55,0
2019-05-21 23:10:00+00:00,0.0,0.0,0.0,0.0,0.0,14.11,2.34,0
2019-05-22 00:10:00+00:00,0.0,0.0,0.0,0.0,0.0,13.58,2.34,0
2019-05-22 01:10:00+00:00,0.0,0.0,0.0,0.0,0.0,13.16,2.41,0
2019-05-22 02:10:00+00:00,0.0,0.0,0.0,0.0,0.0,12.97,2.55,0
2019-05-22 03:10:00+00:00,0.0,0.0,0.0,0.0,0.0,12.54,2.55,0
2019-05-22 04:10:00+00:00,2.37,0.0,16.94,0.25,3.6,12.34,2.62,0
2019-05-22 05:10:00+00:00,75.12,157.99,87.19,2.53,14.11,12.98,2.48,0
2019-05-22 06:10:00+00:00,106.41,171.89,159.06,4.5,25.09,14.69,2.83,0
2019-05-22 07:10:00+00:00,150.83,298.73,162.82,7.21,36.24,16.6,3.72,0
2019-05-22 08:10:00+00:00,161.93,206.87,287.34,7.96,47.21,17.52,3.86,0
2019-05-22 09:10:00+00:00,196.08,368.21,229.46,10.6,57.4,18.15,4.0,0
2019-05-22 10:10:00+00:00,209.63,419.76,219.83,11.79,65.43,18.48,4.0,0
2019-05-22 11:10:00+00:00,219.91,547.86,121.81,13.01,68.48,18.68,4.07,0
2019-05-22 12:10:00+00:00,213.59,521.02,130.44,12.51,64.64,18.74,3.93,0
2019-05-22 13:10:00+00:00,199.42,487.88,122.09,11.4,56.22,18.86,3.72,0
2019-05-22 14:10:00+00:00,178.9,446.29,102.99,9.75,45.89,18.61,3.59,0
2019-05-22 15:10:00+00:00,146.9,338.74,118.59,7.32,34.87,18.29,2.97,0
2019-05-22 16:10:00+00:00,109.58,242.88,107.59,4.77,23.72,18.01,2.76,0
2019-05-22 17:10:00+00:00,61.05,126.49,82.47,2.17,12.79,17.44,2.28,0
2019-05-22 18:10:00+00:00,0.0,0.0,0.0,0.0,0.0,16.7,1.59,0
2019-05-22 19:10:00+00:00,0.0,0.0,0.0,0.0,0.0,16.12,1.17,0
2019-05-22 20:10:00+00:00,0.0,0.0,0.0,0.0,0.0,15.05,1.1,0
2019-05-22 21:10:00+00:00,0.0,0.0,0.0,0.0,0.0,14.6,1.17,0
2019-05-22 22:10:00+00:00,0.0,0.0,0.0,0.0,0.0,14.66,1.03,0
2019-05-22 23:10:00+00:00,0.0,0.0,0.0,0.0,0.0,14.07,1.24,0
2019-05-23 00:10:00+00:00,0.0,0.0,0.0,0.0,0.0,14.2,1.1,0
2019-05-23 01:10:00+00:00,0.0,0.0,0.0,0.0,0.0,14.74,0.55,0
2019-05-23 02:10:00+00:00,0.0,0.0,0.0,0.0,0.0,14.25,0.62,0
2019-05-23 03:10:00+00:00,0.0,0.0,0.0,0.0,0.0,13.46,0.83,0
2019-05-23 04:10:00+00:00,2.6,0.0,17.83,0.27,3.72,11.94,1.24,0
2019-05-23 05:10:00+00:00,75.02,158.11,87.12,2.53,14.22,12.38,1.03,0
2019-05-23 06:10:00+00:00,118.32,258.56,115.13,5.04,25.19,15.1,0.76,0
2019-05-23 07:10:00+00:00,150.53,331.94,140.27,7.41,36.34,16.74,0.55,0
2019-05-23 08:10:00+00:00,179.42,438.16,124.61,9.79,47.32,17.83,0.69,0
2019-05-23 09:10:00+00:00,199.32,488.68,132.6,11.45,57.53,18.71,1.52,0
2019-05-23 10:10:00+00:00,212.4,534.4,124.15,12.59,65.59,19.28,2.28,0
2019-05-23 11:10:00+00:00,213.18,485.72,172.29,12.5,68.68,19.62,3.03,0
2019-05-23 12:10:00+00:00,211.7,517.82,131.75,12.43,64.82,19.52,3.59,0
2019-05-23 13:10:00+00:00,200.05,512.31,100.68,11.51,56.38,18.98,3.45,0
2019-05-23 14:10:00+00:00,172.6,374.64,158.05,9.23,46.03,18.54,2.76,0
2019-05-23 15:10:00+00:00,18.02,0.0,69.94,1.0,35.0,18.43,1.66,0
2019-05-23 16:10:00+00:00,12.68,0.0,53.16,0.76,23.86,18.45,1.52,0
2019-05-23 17:10:00+00:00,39.88,48.83,91.28,1.67,12.93,18.17,1.38,0
2019-05-23 18:10:00+00:00,0.0,0.0,2.67,0.04,2.51,17.58,1.31,0
2019-05-23 19:10:00+00:00,0.0,0.0,0.0,0.0,0.0,16.73,1.03,0
2019-05-23 20:10:00+00:00,0.0,0.0,0.0,0.0,0.0,15.57,1.1,0
2019-05-23 21:10:00+00:00,0.0,0.0,0.0,0.0,0.0,15.06,1.03,0
2019-05-23 22:10:00+00:00,0.0,0.0,0.0,0.0,0.0,14.84,1.03,0
2019-05-23 23:10:00+00:00,0.0,0.0,0.0,0.0,0.0,15.09,0.83,0
2019-05-24 00:10:00+00:00,0.0,0.0,0.0,0.0,0.0,14.8,0.76,0
2019-05-24 01:10:00+00:00,0.0,0.0,0.0,0.0,0.0,14.02,0.9,0
2019-05-24 02:10:00+00:00,0.0,0.0,0.0,0.0,0.0,13.09,1.1,0
2019-05-24 03:10:00+00:00,0.0,0.0,0.0,0.0,0.0,12.56,1.24,0
2019-05-24 04:10:00+00:00,2.82,0.0,18.72,0.28,3.84,12.49,1.1,0
2019-05-24 05:10:00+00:00,71.96,144.11,92.42,2.48,14.33,13.32,0.55,0
2019-05-24 06:10:00+00:00,117.6,255.29,118.18,5.02,25.29,15.11,0.07,0
2019-05-24 07:10:00+00:00,154.09,358.68,122.48,7.57,36.44,16.87,1.03,0
2019-05-24 08:10:00+00:00,180.16,430.48,131.24,9.73,47.43,17.74,1.1,0
2019-05-24 09:10:00+00:00,199.21,480.95,139.14,11.37,57.65,18.62,1.59,0
2019-05-24 10:10:00+00:00,207.8,450.12,194.85,11.96,65.75,19.38,2.34,0
2019-05-24 11:10:00+00:00,215.2,525.44,140.67,12.78,68.86,19.83,2.76,0
2019-05-24 12:10:00+00:00,208.99,490.13,155.8,12.22,64.99,20.01,3.03,0
2019-05-24 13:10:00+00:00,198.5,504.01,108.7,11.44,56.53,20.07,3.17,0
2019-05-24 14:10:00+00:00,0.0,0.0,0.0,0.0,0.0,19.85,3.1,0
2019-05-24 15:10:00+00:00,146.84,343.99,115.24,7.32,35.13,19.49,2.97,0
2019-05-24 16:10:00+00:00,108.92,238.1,110.64,4.73,23.99,18.94,2.97,0
2019-05-24 17:10:00+00:00,63.41,133.45,82.88,2.24,13.07,18.22,2.69,0
2019-05-24 18:10:00+00:00,0.23,0.0,7.13,0.11,2.65,17.42,1.93,0
2019-05-24 19:10:00+00:00,0.0,0.0,0.0,0.0,0.0,16.64,1.45,0
2019-05-24 20:10:00+00:00,0.0,0.0,0.0,0.0,0.0,16.19,0.55,0
2019-05-24 21:10:00+00:00,0.0,0.0,0.0,0.0,0.0,15.93,0.76,0
2019-05-24 22:10:00+00:00,0.0,0.0,0.0,0.0,0.0,15.4,0.9,0
2019-05-24 23:10:00+00:00,0.0,0.0,0.0,0.0,0.0,15.22,0.9,0
2019-05-25 00:10:00+00:00,0.0,0.0,0.0,0.0,0.0,14.78,0.97,0
2019-05-25 01:10:00+00:00,0.0,0.0,0.0,0.0,0.0,13.5,1.38,0
2019-05-25 02:10:00+00:00,0.0,0.0,0.0,0.0,0.0,12.52,1.72,0
2019-05-25 03:10:00+00:00,0.0,0.0,0.0,0.0,0.0,12.01,1.86,0
2019-05-25 04:10:00+00:00,0.0,0.0,3.57,0.05,3.95,11.6,1.72,0
2019-05-25 05:10:00+00:00,29.57,14.14,89.36,1.39,14.43,12.59,1.38,0
2019-05-25 06:10:00+00:00,89.74,99.6,183.05,3.89,25.39,15.41,1.17,0
2019-05-25 07:10:00+00:00,107.07,69.11,264.37,4.9,36.54,17.13,1.72,0
2019-05-25 08:10:00+00:00,159.09,202.73,290.95,7.89,47.53,18.15,1.79,0
2019-05-25 09:10:00+00:00,175.3,202.67,344.76,8.96,57.77,18.97,1.66,0
2019-05-25 10:10:00+00:00,172.64,129.74,411.89,8.6,65.91,19.71,1.72,0
2019-05-25 11:10:00+00:00,140.85,33.73,407.83,6.56,69.05,20.43,2.28,0
2019-05-25 12:10:00+00:00,124.34,17.67,370.93,5.69,65.16,20.59,3.31,0
2019-05-25 13:10:00+00:00,105.9,9.8,321.24,4.81,56.67,20.04,4.0,0
2019-05-25 14:10:00+00:00,150.39,166.88,297.83,7.38,46.3,19.62,3.66,0
2019-05-25 15:10:00+00:00,83.7,25.46,239.73,3.86,35.26,19.18,2.76,0
2019-05-25 16:10:00+00:00,36.59,1.97,124.12,1.81,24.12,18.8,1.93,0
2019-05-25 17:10:00+00:00,2.47,0.0,17.72,0.25,13.2,18.36,1.86,0
2019-05-25 18:10:00+00:00,0.0,0.0,2.67,0.04,2.8,17.72,1.45,0
2019-05-25 19:10:00+00:00,0.0,0.0,0.0,0.0,0.0,17.06,1.52,0
2019-05-25 20:10:00+00:00,0.0,0.0,0.0,0.0,0.0,16.6,1.59,0
2019-05-25 21:10:00+00:00,0.0,0.0,0.0,0.0,0.0,16.26,1.52,0
2019-05-25 22:10:00+00:00,0.0,0.0,0.0,0.0,0.0,15.85,1.38,0
2019-05-25 23:10:00+00:00,0.0,0.0,0.0,0.0,0.0,15.63,1.1,0
2019-05-26 00:10:00+00:00,0.0,0.0,0.0,0.0,0.0,15.52,0.76,0
2019-05-26 01:10:00+00:00,0.0,0.0,0.0,0.0,0.0,15.42,0.9,0
2019-05-26 02:10:00+00:00,0.0,0.0,0.0,0.0,0.0,15.48,1.1,0
2019-05-26 03:10:00+00:00,0.0,0.0,0.0,0.0,0.0,15.45,1.31,0
2019-05-26 04:10:00+00:00,0.0,0.0,5.35,0.08,4.05,15.34,1.45,0
2019-05-26 05:10:00+00:00,16.03,1.42,61.67,0.9,14.52,15.41,1.45,0
2019-05-26 06:10:00+00:00,29.43,0.0,103.52,1.49,25.47,15.81,1.1,0
2019-05-26 07:10:00+00:00,23.48,0.0,85.8,1.23,36.62,15.93,1.45,0
2019-05-26 08:10:00+00:00,97.58,15.06,289.63,4.43,47.62,16.93,1.59,0
2019-05-26 09:10:00+00:00,35.46,0.0,122.17,1.76,57.89,17.86,2.0,0
2019-05-26 10:10:00+00:00,20.52,0.0,77.4,1.11,66.05,17.96,2.48,0
2019-05-26 11:10:00+00:00,29.56,0.0,104.45,1.5,69.22,17.8,3.17,0
2019-05-26 12:10:00+00:00,26.78,0.0,96.06,1.38,65.33,17.65,3.93,0
2019-05-26 13:10:00+00:00,35.97,0.0,123.1,1.77,56.81,17.35,3.59,0
2019-05-26 14:10:00+00:00,14.5,0.0,58.75,0.84,46.43,17.9,3.52,0
2019-05-26 15:10:00+00:00,10.14,0.0,44.76,0.64,35.39,17.66,2.9,0
2019-05-26 16:10:00+00:00,8.16,0.0,38.24,0.55,24.24,17.83,2.76,0
2019-05-26 17:10:00+00:00,1.6,0.0,13.99,0.2,13.33,17.63,2.9,0
2019-05-26 18:10:00+00:00,0.09,0.0,6.24,0.09,2.94,17.37,3.03,0
2019-05-26 19:10:00+00:00,0.0,0.0,0.0,0.0,0.0,16.18,3.1,0
2019-05-26 20:10:00+00:00,0.0,0.0,0.0,0.0,0.0,16.09,3.45,0
2019-05-26 21:10:00+00:00,0.0,0.0,0.0,0.0,0.0,16.06,3.72,0
2019-05-26 22:10:00+00:00,0.0,0.0,0.0,0.0,0.0,15.91,3.31,0
2019-05-26 23:10:00+00:00,0.0,0.0,0.0,0.0,0.0,15.5,3.03,0
2019-05-27 00:10:00+00:00,0.0,0.0,0.0,0.0,0.0,15.53,2.55,0
2019-05-27 01:10:00+00:00,0.0,0.0,0.0,0.0,0.0,15.66,2.28,0
2019-05-27 02:10:00+00:00,0.0,0.0,0.0,0.0,0.0,15.78,2.21,0
2019-05-27 03:10:00+00:00,0.0,0.0,0.0,0.0,0.0,15.84,2.14,0
2019-05-27 04:10:00+00:00,0.0,0.0,2.8,0.04,4.15,15.78,2.21,0
2019-05-27 05:10:00+00:00,32.82,19.83,94.8,1.51,14.61,15.8,2.14,0
2019-05-27 06:10:00+00:00,6.3,0.0,31.71,0.46,25.56,16.28,1.86,0
2019-05-27 07:10:00+00:00,10.72,0.0,46.63,0.67,36.71,17.52,2.76,0
2019-05-27 08:10:00+00:00,26.66,0.0,96.06,1.38,47.71,18.49,3.45,0
2019-05-27 09:10:00+00:00,133.66,41.18,371.77,6.15,57.99,19.8,4.55,0
2019-05-27 10:10:00+00:00,44.26,0.0,149.21,2.14,66.19,20.56,4.41,0
2019-05-27 11:10:00+00:00,50.38,0.0,166.93,2.4,69.39,20.11,4.48,0
2019-05-27 12:10:00+00:00,48.87,0.0,161.34,2.32,65.49,18.6,4.83,0
2019-05-27 13:10:00+00:00,76.55,0.0,241.54,3.47,56.95,17.72,3.86,0
2019-05-27 14:10:00+00:00,86.64,7.46,262.78,3.91,46.55,17.17,3.93,0
2019-05-27 15:10:00+00:00,78.06,17.33,228.54,3.56,35.51,17.2,3.17,0
2019-05-27 16:10:00+00:00,22.44,0.0,83.0,1.19,24.37,17.35,2.83,0
2019-05-27 17:10:00+00:00,12.19,0.0,51.29,0.74,13.46,17.13,2.62,0
2019-05-27 18:10:00+00:00,1.72,4.82,10.46,0.16,3.07,16.78,2.76,0
2019-05-27 19:10:00+00:00,0.0,0.0,0.0,0.0,0.0,16.38,2.48,0
2019-05-27 20:10:00+00:00,0.0,0.0,0.0,0.0,0.0,16.28,2.14,0
2019-05-27 21:10:00+00:00,0.0,0.0,0.0,0.0,0.0,16.18,1.93,0
2019-05-27 22:10:00+00:00,0.0,0.0,0.0,0.0,0.0,15.96,1.86,0
2019-05-27 23:10:00+00:00,0.0,0.0,0.0,0.0,0.0,15.62,1.86,0
2019-05-28 00:10:00+00:00,0.0,0.0,0.0,0.0,0.0,14.83,1.79,0
2019-05-28 01:10:00+00:00,0.0,0.0,0.0,0.0,0.0,14.47,2.0,0
2019-05-28 02:10:00+00:00,0.0,0.0,0.0,0.0,0.0,14.33,2.14,0
2019-05-28 03:10:00+00:00,0.0,0.0,0.0,0.0,0.0,14.33,1.79,0
2019-05-28 04:10:00+00:00,0.0,0.0,2.8,0.04,4.25,14.29,1.45,0
2019-05-28 05:10:00+00:00,51.69,66.65,105.67,2.02,14.7,14.73,1.17,0
2019-05-28 06:10:00+00:00,39.49,2.01,131.59,1.92,25.64,16.66,1.31,0
2019-05-28 07:10:00+00:00,157.81,379.49,109.98,7.65,36.78,17.92,2.21,0
2019-05-28 08:10:00+00:00,167.35,260.38,254.79,8.37,47.8,18.76,3.1,0
2019-05-28 09:10:00+00:00,162.37,123.84,377.4,7.85,58.09,19.37,3.45,0
2019-05-28 10:10:00+00:00,191.84,233.25,357.72,9.9,66.33,19.66,3.86,0
2019-05-28 11:10:00+00:00,184.59,162.45,406.59,9.22,69.56,20.0,4.28,0
2019-05-28 12:10:00+00:00,161.01,80.82,413.86,7.61,65.64,19.35,4.62,0
2019-05-28 13:10:00+00:00,149.98,83.23,378.42,7.09,57.09,19.49,4.41,0
2019-05-28 14:10:00+00:00,146.34,141.25,308.52,7.03,46.68,19.27,4.48,0
2019-05-28 15:10:00+00:00,108.43,81.89,253.97,4.97,35.63,18.72,5.1,0
2019-05-28 16:10:00+00:00,57.97,23.79,164.54,2.67,24.49,18.28,4.9,0
2019-05-28 17:10:00+00:00,1.6,0.0,13.99,0.2,13.59,17.89,4.76,0
2019-05-28 18:10:00+00:00,0.13,0.0,6.53,0.09,3.21,17.35,4.34,0
2019-05-28 19:10:00+00:00,0.0,0.0,0.0,0.0,0.0,16.47,4.07,0
2019-05-28 20:10:00+00:00,0.0,0.0,0.0,0.0,0.0,16.15,3.93,0
2019-05-28 21:10:00+00:00,0.0,0.0,0.0,0.0,0.0,15.99,3.86,0
2019-05-28 22:10:00+00:00,0.0,0.0,0.0,0.0,0.0,15.84,3.52,0
2019-05-28 23:10:00+00:00,0.0,0.0,0.0,0.0,0.0,15.64,3.24,0
2019-05-29 00:10:00+00:00,0.0,0.0,0.0,0.0,0.0,15.41,3.1,0
2019-05-29 01:10:00+00:00,0.0,0.0,0.0,0.0,0.0,15.26,3.31,0
2019-05-29 02:10:00+00:00,0.0,0.0,0.0,0.0,0.0,15.27,3.72,0
2019-05-29 03:10:00+00:00,0.0,0.0,0.0,0.0,0.0,15.23,4.07,0
2019-05-29 04:10:00+00:00,0.0,0.0,3.73,0.05,4.34,15.17,4.34,0
2019-05-29 05:10:00+00:00,23.72,5.68,80.81,1.21,14.77,15.66,4.9,0
2019-05-29 06:10:00+00:00,81.28,64.38,189.74,3.52,25.71,16.28,5.66,0
2019-05-29 07:10:00+00:00,112.61,75.76,268.43,5.05,36.86,16.45,5.1,0
2019-05-29 08:10:00+00:00,123.25,45.53,329.82,5.56,47.87,16.96,5.59,0
2019-05-29 09:10:00+00:00,179.12,176.93,363.49,8.68,58.19,17.38,6.0,0
2019-05-29 10:10:00+00:00,180.45,128.28,417.17,8.61,66.45,17.56,6.14,0
2019-05-29 11:10:00+00:00,194.86,187.35,402.97,9.67,69.72,17.58,5.38,0
2019-05-29 12:10:00+00:00,188.56,181.91,391.88,9.36,65.79,17.99,4.83,0
2019-05-29 13:10:00+00:00,193.88,332.26,257.17,10.22,57.22,17.71,4.14,0
2019-05-29 14:10:00+00:00,125.81,59.18,328.18,5.8,46.8,18.13,3.79,0
2019-05-29 15:10:00+00:00,10.47,0.0,45.7,0.66,35.75,16.86,3.45,0
2019-05-29 16:10:00+00:00,67.93,40.71,176.83,3.05,24.61,16.53,2.07,0
2019-05-29 17:10:00+00:00,5.76,0.0,29.84,0.43,13.71,16.43,1.03,0
2019-05-29 18:10:00+00:00,2.13,4.54,12.35,0.19,3.34,16.16,0.62,0
2019-05-29 19:10:00+00:00,0.0,0.0,0.0,0.0,0.0,15.48,1.31,0
2019-05-29 20:10:00+00:00,0.0,0.0,0.0,0.0,0.0,14.53,1.52,0
2019-05-29 21:10:00+00:00,0.0,0.0,0.0,0.0,0.0,13.51,1.59,0
2019-05-29 22:10:00+00:00,0.0,0.0,0.0,0.0,0.0,12.77,1.59,0
2019-05-29 23:10:00+00:00,0.0,0.0,0.0,0.0,0.0,12.13,1.59,0
2019-05-30 00:10:00+00:00,0.0,0.0,0.0,0.0,0.0,11.78,1.52,0
2019-05-30 01:10:00+00:00,0.0,0.0,0.0,0.0,0.0,11.44,1.59,0
2019-05-30 02:10:00+00:00,0.0,0.0,0.0,0.0,0.0,11.04,1.72,0
2019-05-30 03:10:00+00:00,0.0,0.0,0.0,0.0,0.0,11.4,1.93,0
2019-05-30 04:10:00+00:00,1.03,0.0,11.19,0.16,4.42,11.66,2.14,0
2019-05-30 05:10:00+00:00,28.99,11.37,89.95,1.38,14.85,12.32,1.93,0
2019-05-30 06:10:00+00:00,85.29,78.65,187.81,3.67,25.78,14.0,1.52,0
2019-05-30 07:10:00+00:00,127.33,140.92,252.11,5.84,36.92,16.0,1.59,0
2019-05-30 08:10:00+00:00,176.26,334.69,209.95,9.03,47.95,17.35,1.72,0
2019-05-30 09:10:00+00:00,184.39,262.43,310.77,9.57,58.28,17.67,1.45,0
2019-05-30 10:10:00+00:00,47.62,0.0,158.54,2.28,66.57,18.19,1.17,0
2019-05-30 11:10:00+00:00,21.29,0.0,80.2,1.15,69.87,18.88,0.97,0
2019-05-30 12:10:00+00:00,53.86,0.0,178.12,2.56,65.94,19.61,1.1,0
2019-05-30 13:10:00+00:00,131.34,41.09,370.8,6.14,57.35,19.96,1.86,0
2019-05-30 14:10:00+00:00,54.44,0.0,179.06,2.57,46.92,19.71,2.83,0
2019-05-30 15:10:00+00:00,18.6,0.0,71.81,1.03,35.86,18.93,2.55,0
2019-05-30 16:10:00+00:00,60.88,27.84,169.48,2.79,24.72,17.48,2.14,0
2019-05-30 17:10:00+00:00,70.12,151.12,84.85,2.42,13.83,17.19,1.03,0
2019-05-30 18:10:00+00:00,1.87,4.41,11.39,0.17,3.46,17.03,0.21,0
2019-05-30 19:10:00+00:00,0.0,0.0,0.0,0.0,0.0,16.2,1.1,0
2019-05-30 20:10:00+00:00,0.0,0.0,0.0,0.0,0.0,15.4,1.1,0
2019-05-30 21:10:00+00:00,0.0,0.0,0.0,0.0,0.0,14.5,1.1,0
2019-05-30 22:10:00+00:00,0.0,0.0,0.0,0.0,0.0,14.1,1.1,0
2019-05-30 23:10:00+00:00,0.0,0.0,0.0,0.0,0.0,13.4,1.24,0
2019-05-31 00:10:00+00:00,0.0,0.0,0.0,0.0,0.0,12.89,1.38,0
2019-05-31 01:10:00+00:00,0.0,0.0,0.0,0.0,0.0,12.2,1.59,0
2019-05-31 02:10:00+00:00,0.0,0.0,0.0,0.0,0.0,11.75,1.72,0
2019-05-31 03:10:00+00:00,0.0,0.0,0.0,0.0,0.0,11.75,1.79,0
2019-05-31 04:10:00+00:00,22.3,59.45,28.83,0.55,4.49,11.79,1.86,0
2019-05-31 05:10:00+00:00,83.8,182.13,87.65,2.73,14.91,12.82,1.79,0
2019-05-31 06:10:00+00:00,108.92,171.8,166.72,4.54,25.84,14.67,1.79,0
2019-05-31 07:10:00+00:00,146.61,252.05,201.53,6.87,36.98,16.52,1.52,0
2019-05-31 08:10:00+00:00,185.24,452.88,125.93,9.89,48.01,18.08,1.03,0
2019-05-31 09:10:00+00:00,197.59,449.35,176.59,11.16,58.36,19.17,0.55,0
2019-05-31 10:10:00+00:00,187.62,239.68,361.49,10.05,66.69,19.99,0.28,0
2019-05-31 11:10:00+00:00,39.26,0.0,135.22,1.94,70.01,20.47,0.83,0
2019-05-31 12:10:00+00:00,22.93,0.0,85.8,1.23,66.08,20.69,1.45,0
2019-05-31 13:10:00+00:00,85.02,1.42,269.46,3.9,57.48,20.41,2.34,0
2019-05-31 14:10:00+00:00,107.76,27.83,310.67,4.97,47.03,20.32,2.76,0
2019-05-31 15:10:00+00:00,135.78,214.73,210.04,6.47,35.97,20.01,2.69,0
2019-05-31 16:10:00+00:00,90.93,118.48,172.59,3.98,24.84,19.31,2.0,0
2019-05-31 17:10:00+00:00,27.23,12.82,86.42,1.34,13.95,18.97,1.24,0
2019-05-31 18:10:00+00:00,2.05,4.3,12.33,0.19,3.59,18.42,0.76,0
2019-05-31 19:10:00+00:00,0.0,0.0,0.0,0.0,0.0,16.84,1.24,0
2019-05-31 20:10:00+00:00,0.0,0.0,0.0,0.0,0.0,16.17,0.76,0
2019-05-31 21:10:00+00:00,0.0,0.0,0.0,0.0,0.0,16.05,0.83,0
2019-05-31 22:10:00+00:00,0.0,0.0,0.0,0.0,0.0,14.14,1.52,0
2019-05-31 23:10:00+00:00,0.0,0.0,0.0,0.0,0.0,13.15,2.07,0
2019-06-01 00:10:00+00:00,0.0,0.0,0.0,0.0,0.0,12.82,2.41,0
2019-06-01 01:10:00+00:00,0.0,0.0,0.0,0.0,0.0,12.42,2.48,0
2019-06-01 02:10:00+00:00,0.0,0.0,0.0,0.0,0.0,12.05,2.55,0
2019-06-01 03:10:00+00:00,0.0,0.0,0.0,0.0,0.0,11.63,2.48,0
2019-06-01 04:10:00+00:00,21.42,55.25,29.58,0.55,4.57,11.26,2.41,0
2019-06-01 05:10:00+00:00,83.43,178.07,89.56,2.72,14.98,12.59,2.14,0
2019-06-01 06:10:00+00:00,128.19,291.68,107.65,5.28,25.9,15.61,2.21,0
2019-06-01 07:10:00+00:00,161.3,375.56,122.75,7.7,37.04,17.51,2.34,0
2019-06-01 08:10:00+00:00,187.13,447.77,130.68,9.85,48.07,19.33,2.69,0
2019-06-01 09:10:00+00:00,204.2,488.37,146.71,11.43,58.44,20.85,2.76,0
2019-06-01 10:10:00+00:00,216.28,563.64,114.34,12.75,66.8,21.93,2.48,0
2019-06-01 11:10:00+00:00,221.83,636.22,63.0,13.5,70.15,22.52,2.21,0
2019-06-01 12:10:00+00:00,171.62,131.25,412.45,8.6,66.22,22.86,2.34,0
2019-06-01 13:10:00+00:00,200.49,514.32,115.84,11.55,57.6,22.98,2.69,0
2019-06-01 14:10:00+00:00,155.54,201.99,287.54,7.81,47.14,23.05,3.1,0
2019-06-01 15:10:00+00:00,130.89,189.27,224.33,6.26,36.08,22.64,3.17,0
2019-06-01 16:10:00+00:00,99.24,158.5,160.89,4.33,24.95,21.9,3.1,0
2019-06-01 17:10:00+00:00,74.62,172.08,80.73,2.56,14.06,21.19,3.1,0
2019-06-01 18:10:00+00:00,1.16,0.0,12.12,0.17,3.71,20.53,3.52,0
2019-06-01 19:10:00+00:00,0.0,0.0,0.0,0.0,0.0,19.45,3.03,0
2019-06-01 20:10:00+00:00,0.0,0.0,0.0,0.0,0.0,18.5,3.1,0
2019-06-01 21:10:00+00:00,0.0,0.0,0.0,0.0,0.0,17.69,2.9,0
2019-06-01 22:10:00+00:00,0.0,0.0,0.0,0.0,0.0,16.85,2.62,0
2019-06-01 23:10:00+00:00,0.0,0.0,0.0,0.0,0.0,15.82,2.0,0
2019-06-02 00:10:00+00:00,0.0,0.0,0.0,0.0,0.0,15.36,1.59,0
2019-06-02 01:10:00+00:00,0.0,0.0,0.0,0.0,0.0,15.04,1.52,0
2019-06-02 02:10:00+00:00,0.0,0.0,0.0,0.0,0.0,14.52,1.72,0
2019-06-02 03:10:00+00:00,0.0,0.0,0.0,0.0,0.0,14.24,2.28,0
2019-06-02 04:10:00+00:00,17.82,43.85,29.58,0.52,4.63,14.28,2.62,0
2019-06-02 05:10:00+00:00,78.37,159.75,94.64,2.63,15.04,15.26,2.48,0
2019-06-02 06:10:00+00:00,122.49,264.9,120.31,5.09,25.95,17.72,2.21,0
2019-06-02 07:10:00+00:00,155.12,362.79,128.67,7.57,37.09,18.57,0.28,0
2019-06-02 08:10:00+00:00,180.1,441.06,131.97,9.73,48.13,20.18,0.41,0
2019-06-02 09:10:00+00:00,198.91,500.16,132.82,11.41,58.51,21.56,0.97,0
2019-06-02 10:10:00+00:00,209.72,545.96,124.38,12.54,66.9,22.55,1.1,0
2019-06-02 11:10:00+00:00,217.7,620.26,71.54,13.3,70.29,22.94,1.66,0
2019-06-02 12:10:00+00:00,215.42,609.71,67.04,12.93,66.35,22.69,2.48,0
2019-06-02 13:10:00+00:00,198.05,488.91,132.25,11.29,57.72,22.23,2.48,0
2019-06-02 14:10:00+00:00,168.53,325.43,205.0,8.84,47.25,22.13,2.28,0
2019-06-02 15:10:00+00:00,148.79,339.07,130.55,7.33,36.19,21.84,2.62,0
2019-06-02 16:10:00+00:00,113.5,251.48,114.37,4.9,25.06,21.49,2.34,0
2019-06-02 17:10:00+00:00,69.03,146.29,88.48,2.44,14.17,21.06,1.86,0
2019-06-02 18:10:00+00:00,1.16,0.0,12.12,0.17,3.82,20.52,1.24,0
2019-06-02 19:10:00+00:00,0.0,0.0,0.0,0.0,0.0,19.14,1.79,0
2019-06-02 20:10:00+00:00,0.0,0.0,0.0,0.0,0.0,18.31,2.28,0
2019-06-02 21:10:00+00:00,0.0,0.0,0.0,0.0,0.0,17.69,2.76,0
2019-06-02 22:10:00+00:00,0.0,0.0,0.0,0.0,0.0,17.16,2.76,0
2019-06-02 23:10:00+00:00,0.0,0.0,0.0,0.0,0.0,16.65,2.28,0
2019-06-03 00:10:00+00:00,0.0,0.0,0.0,0.0,0.0,16.21,1.86,0
2019-06-03 01:10:00+00:00,0.0,0.0,0.0,0.0,0.0,15.73,1.66,0
2019-06-03 02:10:00+00:00,0.0,0.0,0.0,0.0,0.0,15.3,1.66,0
2019-06-03 03:10:00+00:00,0.0,0.0,0.0,0.0,0.0,15.11,1.66,0
2019-06-03 04:10:00+00:00,11.95,25.4,27.73,0.46,4.69,14.81,1.45,0
2019-06-03 05:10:00+00:00,72.06,134.24,101.98,2.51,15.09,15.67,0.9,0
2019-06-03 06:10:00+00:00,119.97,250.19,129.07,5.01,26.0,16.69,0.69,0
2019-06-03 07:10:00+00:00,153.64,349.94,137.38,7.48,37.14,19.25,0.41,0
2019-06-03 08:10:00+00:00,180.25,432.76,139.47,9.67,48.18,20.54,0.69,0
2019-06-03 09:10:00+00:00,201.26,500.41,133.0,11.4,58.57,21.78,1.93,0
2019-06-03 10:10:00+00:00,214.78,546.28,124.55,12.53,66.99,22.49,3.1,0
2019-06-03 11:10:00+00:00,223.11,628.27,65.85,13.34,70.41,22.83,3.66,0
2019-06-03 12:10:00+00:00,217.1,602.48,73.79,12.87,66.48,22.99,3.59,0
2019-06-03 13:10:00+00:00,197.14,453.36,161.29,11.04,57.83,23.18,3.86,0
2019-06-03 14:10:00+00:00,178.41,426.58,131.28,9.57,47.36,23.41,3.93,0
2019-06-03 15:10:00+00:00,150.02,352.14,122.12,7.41,36.29,23.35,3.52,0
2019-06-03 16:10:00+00:00,91.16,123.86,171.94,4.03,25.16,22.9,2.48,0
2019-06-03 17:10:00+00:00,7.96,0.0,38.24,0.55,14.28,22.37,1.72,0
2019-06-03 18:10:00+00:00,11.73,32.13,23.15,0.4,3.94,21.61,1.72,0
2019-06-03 19:10:00+00:00,0.0,0.0,0.0,0.0,0.0,19.43,1.72,0
2019-06-03 20:10:00+00:00,0.0,0.0,0.0,0.0,0.0,18.75,1.59,0
2019-06-03 21:10:00+00:00,0.0,0.0,0.0,0.0,0.0,17.9,1.38,0
2019-06-03 22:10:00+00:00,0.0,0.0,0.0,0.0,0.0,17.3,1.31,0
2019-06-03 23:10:00+00:00,0.0,0.0,0.0,0.0,0.0,16.73,1.24,0
2019-06-04 00:10:00+00:00,0.0,0.0,0.0,0.0,0.0,16.34,1.17,0
2019-06-04 01:10:00+00:00,0.0,0.0,0.0,0.0,0.0,16.14,1.1,0
2019-06-04 02:10:00+00:00,0.0,0.0,0.0,0.0,0.0,16.08,1.1,0
2019-06-04 03:10:00+00:00,0.0,0.0,0.0,0.0,0.0,15.68,1.17,0
2019-06-04 04:10:00+00:00,14.08,32.46,28.44,0.48,4.75,15.9,1.03,0
2019-06-04 05:10:00+00:00,76.81,154.44,97.45,2.61,15.13,16.71,1.31,0
2019-06-04 06:10:00+00:00,122.7,262.92,124.48,5.1,26.04,17.52,1.31,0
2019-06-04 07:10:00+00:00,156.49,360.04,132.73,7.56,37.18,19.37,1.1,0
2019-06-04 08:10:00+00:00,181.4,436.67,138.63,9.71,48.23,20.51,0.76,0
2019-06-04 09:10:00+00:00,200.74,513.61,125.84,11.52,58.63,21.5,0.9,0
2019-06-04 10:10:00+00:00,212.5,550.04,124.54,12.58,67.08,22.44,1.59,0
2019-06-04 11:10:00+00:00,219.36,603.15,89.2,13.21,70.53,23.12,2.34,0
2019-06-04 12:10:00+00:00,215.54,596.55,81.35,12.86,66.6,23.4,2.76,0
2019-06-04 13:10:00+00:00,200.5,512.03,117.29,11.47,57.94,23.41,3.03,0
2019-06-04 14:10:00+00:00,180.9,455.29,112.11,9.78,47.46,23.27,3.31,0
2019-06-04 15:10:00+00:00,150.56,350.13,125.96,7.42,36.4,22.89,3.03,0
2019-06-04 16:10:00+00:00,113.03,241.94,123.2,4.89,25.26,22.32,2.34,0
2019-06-04 17:10:00+00:00,67.13,134.56,93.72,2.41,14.39,21.5,1.86,0
2019-06-04 18:10:00+00:00,10.49,27.56,22.77,0.39,4.05,20.67,1.24,0
2019-06-04 19:10:00+00:00,0.0,0.0,0.0,0.0,0.0,19.72,1.59,0
2019-06-04 20:10:00+00:00,0.0,0.0,0.0,0.0,0.0,18.55,0.97,0
2019-06-04 21:10:00+00:00,0.0,0.0,0.0,0.0,0.0,18.74,0.55,0
2019-06-04 22:10:00+00:00,0.0,0.0,0.0,0.0,0.0,18.44,0.21,0
2019-06-04 23:10:00+00:00,0.0,0.0,0.0,0.0,0.0,18.01,0.48,0
2019-06-05 00:10:00+00:00,0.0,0.0,0.0,0.0,0.0,17.49,0.69,0
2019-06-05 01:10:00+00:00,0.0,0.0,0.0,0.0,0.0,16.49,1.03,0
2019-06-05 02:10:00+00:00,0.0,0.0,0.0,0.0,0.0,15.48,1.31,0
2019-06-05 03:10:00+00:00,0.0,0.0,0.0,0.0,0.0,15.05,1.31,0
2019-06-05 04:10:00+00:00,10.02,17.94,27.98,0.44,4.8,14.36,1.45,0
2019-06-05 05:10:00+00:00,65.4,105.96,108.38,2.36,15.18,15.55,1.38,0
2019-06-05 06:10:00+00:00,117.58,223.61,145.45,4.88,26.07,16.7,1.45,0
2019-06-05 07:10:00+00:00,151.62,294.06,177.6,7.14,37.21,19.07,2.28,0
2019-06-05 08:10:00+00:00,184.06,422.84,151.65,9.65,48.27,20.38,2.14,0
2019-06-05 09:10:00+00:00,203.75,507.27,133.04,11.5,58.68,21.7,2.07,0
2019-06-05 10:10:00+00:00,213.88,543.26,132.47,12.55,67.16,22.75,2.14,0
2019-06-05 11:10:00+00:00,217.57,564.08,124.29,12.98,70.65,23.44,2.34,0
2019-06-05 12:10:00+00:00,214.34,568.97,106.9,12.71,66.72,23.79,2.76,0
2019-06-05 13:10:00+00:00,201.67,515.69,117.29,11.52,58.05,23.73,3.24,0
2019-06-05 14:10:00+00:00,182.62,467.35,104.91,9.87,47.56,23.4,3.52,0
2019-06-05 15:10:00+00:00,153.58,366.53,117.46,7.56,36.49,22.75,3.45,0
2019-06-05 16:10:00+00:00,118.45,274.13,106.85,5.09,25.36,22.13,2.97,0
2019-06-05 17:10:00+00:00,73.38,159.83,88.25,2.56,14.49,21.4,2.34,0
2019-06-05 18:10:00+00:00,13.26,34.77,25.47,0.44,4.16,20.61,1.72,0
2019-06-05 19:10:00+00:00,0.0,0.0,0.0,0.0,0.0,19.49,1.59,0
2019-06-05 20:10:00+00:00,0.0,0.0,0.0,0.0,0.0,18.88,1.79,0
2019-06-05 21:10:00+00:00,0.0,0.0,0.0,0.0,0.0,18.29,1.72,0
2019-06-05 22:10:00+00:00,0.0,0.0,0.0,0.0,0.0,17.64,1.72,0
2019-06-05 23:10:00+00:00,0.0,0.0,0.0,0.0,0.0,17.21,2.07,0
2019-06-06 00:10:00+00:00,0.0,0.0,0.0,0.0,0.0,16.99,2.34,0
2019-06-06 01:10:00+00:00,0.0,0.0,0.0,0.0,0.0,16.78,2.55,0
2019-06-06 02:10:00+00:00,0.0,0.0,0.0,0.0,0.0,16.47,2.34,0
2019-06-06 03:10:00+00:00,0.0,0.0,0.0,0.0,0.0,16.34,2.62,0
2019-06-06 04:10:00+00:00,0.13,0.0,6.53,0.09,4.84,16.4,2.76,0
2019-06-06 05:10:00+00:00,10.46,0.0,45.7,0.66,15.21,17.09,2.62,0
2019-06-06 06:10:00+00:00,115.72,214.83,149.2,4.81,26.11,18.71,2.69,0
2019-06-06 07:10:00+00:00,106.05,66.8,265.93,4.85,37.24,20.5,3.38,0
2019-06-06 08:10:00+00:00,185.04,422.04,151.83,9.62,48.3,21.82,3.86,0
2019-06-06 09:10:00+00:00,201.78,450.85,176.88,11.08,58.73,22.77,3.93,0
2019-06-06 10:10:00+00:00,209.03,422.27,229.92,11.66,67.23,23.18,4.0,0
2019-06-06 11:10:00+00:00,223.64,595.36,97.84,13.16,70.76,23.45,4.69,0
2019-06-06 12:10:00+00:00,215.44,527.32,140.28,12.41,66.83,23.12,4.62,0
2019-06-06 13:10:00+00:00,190.1,327.07,263.6,10.1,58.15,22.84,4.55,0
2019-06-06 14:10:00+00:00,173.96,344.91,196.8,9.03,47.66,22.82,4.28,0
2019-06-06 15:10:00+00:00,153.9,366.13,117.56,7.54,36.59,22.65,3.79,0
2019-06-06 16:10:00+00:00,118.03,269.3,109.79,5.06,25.46,22.31,3.31,0
2019-06-06 17:10:00+00:00,72.49,153.96,90.95,2.55,14.59,21.74,2.69,0
2019-06-06 18:10:00+00:00,15.34,41.76,26.07,0.47,4.26,20.92,2.0,0
2019-06-06 19:10:00+00:00,0.0,0.0,0.0,0.0,0.0,19.94,1.86,0
2019-06-06 20:10:00+00:00,0.0,0.0,0.0,0.0,0.0,19.21,1.72,0
2019-06-06 21:10:00+00:00,0.0,0.0,0.0,0.0,0.0,18.57,1.66,0
2019-06-06 22:10:00+00:00,0.0,0.0,0.0,0.0,0.0,17.88,1.66,0
2019-06-06 23:10:00+00:00,0.0,0.0,0.0,0.0,0.0,17.36,1.86,0
2019-06-07 00:10:00+00:00,0.0,0.0,0.0,0.0,0.0,16.75,1.86,0
2019-06-07 01:10:00+00:00,0.0,0.0,0.0,0.0,0.0,16.16,1.59,0
2019-06-07 02:10:00+00:00,0.0,0.0,0.0,0.0,0.0,15.77,1.59,0
2019-06-07 03:10:00+00:00,0.0,0.0,0.0,0.0,0.0,15.56,1.72,0
2019-06-07 04:10:00+00:00,9.63,17.8,26.97,0.43,4.88,15.51,1.79,0
2019-06-07 05:10:00+00:00,66.83,110.56,108.94,2.4,15.25,16.83,1.79,0
2019-06-07 06:10:00+00:00,115.81,219.32,148.45,4.85,26.13,19.97,2.0,0
2019-06-07 07:10:00+00:00,153.82,323.44,159.77,7.33,37.27,22.02,2.9,0
2019-06-07 08:10:00+00:00,181.71,407.29,163.16,9.51,48.33,23.74,3.45,0
2019-06-07 09:10:00+00:00,202.35,488.58,148.65,11.35,58.77,25.07,3.72,0
2019-06-07 10:10:00+00:00,212.92,523.18,149.59,12.39,67.3,25.94,3.86,0
2019-06-07 11:10:00+00:00,217.15,543.58,142.07,12.82,70.86,26.41,4.28,0
2019-06-07 12:10:00+00:00,213.9,548.97,124.48,12.57,66.94,26.6,4.76,0
2019-06-07 13:10:00+00:00,199.43,488.39,139.85,11.32,58.25,26.71,4.9,0
2019-06-07 14:10:00+00:00,179.85,443.48,125.1,9.73,47.76,26.65,4.69,0
2019-06-07 15:10:00+00:00,145.92,310.2,156.55,7.19,36.68,26.58,4.07,0
2019-06-07 16:10:00+00:00,114.27,251.42,121.46,4.98,25.55,25.98,3.59,0
2019-06-07 17:10:00+00:00,77.26,181.94,81.92,2.68,14.68,25.05,3.72,0
2019-06-07 18:10:00+00:00,0.0,0.0,2.8,0.04,4.36,23.93,4.14,0
2019-06-07 19:10:00+00:00,0.0,0.0,0.0,0.0,0.0,22.79,3.24,0
2019-06-07 20:10:00+00:00,0.0,0.0,0.0,0.0,0.0,21.98,3.79,0
2019-06-07 21:10:00+00:00,0.0,0.0,0.0,0.0,0.0,21.9,4.48,0
2019-06-07 22:10:00+00:00,0.0,0.0,0.0,0.0,0.0,21.91,4.76,0
2019-06-07 23:10:00+00:00,0.0,0.0,0.0,0.0,0.0,21.55,3.45,0
2019-06-08 00:10:00+00:00,0.0,0.0,0.0,0.0,0.0,22.11,0.76,0
2019-06-08 01:10:00+00:00,0.0,0.0,0.0,0.0,0.0,21.14,0.83,0
2019-06-08 02:10:00+00:00,0.0,0.0,0.0,0.0,0.0,17.91,1.79,0
2019-06-08 03:10:00+00:00,0.0,0.0,0.0,0.0,0.0,17.25,2.21,0
2019-06-08 04:10:00+00:00,8.49,14.2,26.61,0.42,4.92,16.98,2.28,0
2019-06-08 05:10:00+00:00,64.32,103.53,109.15,2.34,15.27,18.33,2.41,0
2019-06-08 06:10:00+00:00,117.97,240.23,137.24,4.96,26.16,22.21,2.55,0
2019-06-08 07:10:00+00:00,150.3,314.54,164.66,7.25,37.29,24.9,2.76,0
2019-06-08 08:10:00+00:00,177.66,397.87,168.98,9.42,48.35,26.12,2.83,0
2019-06-08 09:10:00+00:00,111.77,16.72,342.53,5.24,58.81,25.81,3.17,0
2019-06-08 10:10:00+00:00,60.14,0.0,201.44,2.89,67.36,25.76,2.41,0
2019-06-08 11:10:00+00:00,28.59,0.0,105.38,1.51,70.95,26.28,2.21,0
2019-06-08 12:10:00+00:00,131.75,31.43,394.5,6.3,67.04,26.89,2.41,0
2019-06-08 13:10:00+00:00,186.86,363.15,237.17,10.38,58.35,27.24,2.76,0
2019-06-08 14:10:00+00:00,162.65,279.49,242.78,8.51,47.85,27.18,2.9,0
2019-06-08 15:10:00+00:00,121.89,148.94,244.52,5.87,36.77,26.5,2.62,0
2019-06-08 16:10:00+00:00,113.58,250.53,121.44,4.97,25.64,25.48,2.28,0
2019-06-08 17:10:00+00:00,65.83,128.16,98.06,2.42,14.78,24.41,1.79,0
2019-06-08 18:10:00+00:00,17.67,47.79,28.79,0.52,4.45,23.35,1.03,0
2019-06-08 19:10:00+00:00,0.0,0.0,0.0,0.0,0.0,22.56,0.69,0
2019-06-08 20:10:00+00:00,0.0,0.0,0.0,0.0,0.0,21.57,0.83,0
2019-06-08 21:10:00+00:00,0.0,0.0,0.0,0.0,0.0,20.65,1.38,0
2019-06-08 22:10:00+00:00,0.0,0.0,0.0,0.0,0.0,19.92,1.66,0
2019-06-08 23:10:00+00:00,0.0,0.0,0.0,0.0,0.0,19.39,1.59,0
2019-06-09 00:10:00+00:00,0.0,0.0,0.0,0.0,0.0,18.92,1.79,0
2019-06-09 01:10:00+00:00,0.0,0.0,0.0,0.0,0.0,18.54,1.86,0
2019-06-09 02:10:00+00:00,0.0,0.0,0.0,0.0,0.0,18.05,1.52,0
2019-06-09 03:10:00+00:00,0.0,0.0,0.0,0.0,0.0,17.8,1.38,0
2019-06-09 04:10:00+00:00,17.16,38.97,32.35,0.55,4.95,17.41,1.79,0
2019-06-09 05:10:00+00:00,62.77,97.92,110.56,2.32,15.29,18.55,1.59,0
2019-06-09 06:10:00+00:00,116.1,228.3,145.95,4.92,26.17,22.21,1.31,0
2019-06-09 07:10:00+00:00,151.25,321.06,163.78,7.33,37.31,24.63,1.86,0
2019-06-09 08:10:00+00:00,177.96,403.88,168.91,9.51,48.37,26.5,2.07,0
2019-06-09 09:10:00+00:00,191.05,383.67,233.1,10.61,58.84,27.91,2.62,0
2019-06-09 10:10:00+00:00,210.33,528.8,149.59,12.47,67.41,28.99,3.24,0
2019-06-09 11:10:00+00:00,212.24,518.58,166.13,12.67,71.04,29.63,3.66,0
2019-06-09 12:10:00+00:00,209.4,534.24,140.36,12.5,67.14,29.74,3.79,0
2019-06-09 13:10:00+00:00,189.56,392.36,219.92,10.68,58.44,29.44,3.45,0
2019-06-09 14:10:00+00:00,49.58,0.0,171.6,2.47,47.93,28.98,2.9,0
2019-06-09 15:10:00+00:00,143.64,304.03,164.24,7.19,36.86,28.81,2.62,0
2019-06-09 16:10:00+00:00,54.75,18.04,169.85,2.67,25.73,28.57,2.21,0
2019-06-09 17:10:00+00:00,2.12,0.0,16.79,0.24,14.86,27.88,1.66,0
2019-06-09 18:10:00+00:00,0.0,0.0,5.6,0.08,4.54,26.74,1.79,0
2019-06-09 19:10:00+00:00,0.0,0.0,0.0,0.0,0.0,24.88,2.34,0
2019-06-09 20:10:00+00:00,0.0,0.0,0.0,0.0,0.0,23.56,2.34,0
2019-06-09 21:10:00+00:00,0.0,0.0,0.0,0.0,0.0,22.39,2.21,0
2019-06-09 22:10:00+00:00,0.0,0.0,0.0,0.0,0.0,21.3,2.07,0
2019-06-09 23:10:00+00:00,0.0,0.0,0.0,0.0,0.0,20.45,2.14,0
2019-06-10 00:10:00+00:00,0.0,0.0,0.0,0.0,0.0,19.86,2.34,0
2019-06-10 01:10:00+00:00,0.0,0.0,0.0,0.0,0.0,19.3,2.41,0
2019-06-10 02:10:00+00:00,0.0,0.0,0.0,0.0,0.0,18.76,2.34,0
2019-06-10 03:10:00+00:00,0.0,0.0,0.0,0.0,0.0,18.28,2.21,0
2019-06-10 04:10:00+00:00,4.34,3.54,21.75,0.32,4.97,18.09,2.28,0
2019-06-10 05:10:00+00:00,48.48,53.36,110.85,1.98,15.31,19.27,2.14,0
2019-06-10 06:10:00+00:00,117.96,235.88,144.3,4.98,26.19,23.11,1.93,0
2019-06-10 07:10:00+00:00,147.12,294.83,182.91,7.18,37.32,26.65,1.52,0
2019-06-10 08:10:00+00:00,173.36,371.06,195.28,9.31,48.39,28.57,1.66,0
2019-06-10 09:10:00+00:00,186.18,333.87,272.16,10.24,58.86,29.52,2.69,0
2019-06-10 10:10:00+00:00,198.62,357.65,286.92,11.19,67.46,30.04,3.52,0
2019-06-10 11:10:00+00:00,200.55,333.6,314.83,11.23,71.12,30.21,4.28,0
2019-06-10 12:10:00+00:00,116.2,13.3,365.8,5.52,67.23,30.44,4.83,0
2019-06-10 13:10:00+00:00,159.79,136.93,379.19,8.09,58.52,30.18,4.83,0
2019-06-10 14:10:00+00:00,148.04,160.25,315.58,7.41,48.02,29.13,4.83,0
2019-06-10 15:10:00+00:00,131.38,192.16,231.52,6.36,36.94,28.45,4.48,0
2019-06-10 16:10:00+00:00,77.35,68.18,188.96,3.56,25.81,28.21,4.0,0
2019-06-10 17:10:00+00:00,49.07,64.59,108.22,2.05,14.95,27.53,3.45,0
2019-06-10 18:10:00+00:00,6.24,10.72,23.32,0.36,4.63,26.03,2.83,0
2019-06-10 19:10:00+00:00,0.0,0.0,0.0,0.0,0.0,24.22,2.9,0
2019-06-10 20:10:00+00:00,0.0,0.0,0.0,0.0,0.0,22.81,3.17,0
2019-06-10 21:10:00+00:00,0.0,0.0,0.0,0.0,0.0,22.26,3.72,0
2019-06-10 22:10:00+00:00,0.0,0.0,0.0,0.0,0.0,21.98,3.1,0
2019-06-10 23:10:00+00:00,0.0,0.0,0.0,0.0,0.0,21.12,2.55,0
2019-06-11 00:10:00+00:00,0.0,0.0,0.0,0.0,0.0,20.09,1.93,0
2019-06-11 01:10:00+00:00,0.0,0.0,0.0,0.0,0.0,19.42,1.59,0
2019-06-11 02:10:00+00:00,0.0,0.0,0.0,0.0,0.0,19.13,2.41,0
2019-06-11 03:10:00+00:00,0.0,0.0,0.0,0.0,0.0,18.18,1.79,0
2019-06-11 04:10:00+00:00,13.39,28.29,30.13,0.5,4.99,17.86,1.45,0
2019-06-11 05:10:00+00:00,67.16,114.11,108.36,2.41,15.32,18.71,1.45,0
2019-06-11 06:10:00+00:00,96.89,129.99,181.86,4.18,26.19,21.96,1.66,0
2019-06-11 07:10:00+00:00,141.94,240.0,210.48,6.71,37.32,23.85,2.69,0
2019-06-11 08:10:00+00:00,176.56,364.55,195.62,9.19,48.4,25.23,3.03,0
2019-06-11 09:10:00+00:00,199.68,462.71,170.99,11.15,58.88,26.25,3.52,0
2019-06-11 10:10:00+00:00,192.41,254.44,354.15,10.13,67.5,26.01,4.55,0
2019-06-11 11:10:00+00:00,191.95,228.89,380.17,10.07,71.19,25.95,4.14,0
2019-06-11 12:10:00+00:00,21.44,0.0,83.0,1.19,67.31,26.69,4.55,0
2019-06-11 13:10:00+00:00,115.31,20.2,349.77,5.41,58.61,26.84,4.62,0
2019-06-11 14:10:00+00:00,179.85,439.14,131.77,9.71,48.1,26.99,4.21,0
2019-06-11 15:10:00+00:00,150.34,345.78,135.83,7.45,37.02,26.88,3.86,0
2019-06-11 16:10:00+00:00,117.17,265.75,116.76,5.1,25.89,26.26,3.38,0
2019-06-11 17:10:00+00:00,71.84,151.41,94.6,2.59,15.03,25.42,2.62,0
2019-06-11 18:10:00+00:00,0.42,0.0,8.39,0.12,4.71,24.35,2.14,0
2019-06-11 19:10:00+00:00,0.0,0.0,0.0,0.0,0.0,23.05,2.55,0
2019-06-11 20:10:00+00:00,0.0,0.0,0.0,0.0,0.0,22.09,2.48,0
2019-06-11 21:10:00+00:00,0.0,0.0,0.0,0.0,0.0,21.14,1.93,0
2019-06-11 22:10:00+00:00,0.0,0.0,0.0,0.0,0.0,20.48,1.79,0
2019-06-11 23:10:00+00:00,0.0,0.0,0.0,0.0,0.0,19.8,1.31,0
2019-06-12 00:10:00+00:00,0.0,0.0,0.0,0.0,0.0,19.35,2.21,0
2019-06-12 01:10:00+00:00,0.0,0.0,0.0,0.0,0.0,19.26,2.55,0
2019-06-12 02:10:00+00:00,0.0,0.0,0.0,0.0,0.0,18.45,1.45,0
2019-06-12 03:10:00+00:00,0.0,0.0,0.0,0.0,0.0,19.62,0.34,0
2019-06-12 04:10:00+00:00,9.7,17.68,27.97,0.44,5.0,19.56,0.07,0
2019-06-12 05:10:00+00:00,57.63,82.46,111.74,2.21,15.33,19.95,0.62,0
2019-06-12 06:10:00+00:00,112.9,211.8,151.52,4.77,26.2,21.54,1.03,0
2019-06-12 07:10:00+00:00,151.16,317.26,164.12,7.25,37.33,24.75,2.76,0
2019-06-12 08:10:00+00:00,179.12,392.22,175.02,9.36,48.4,25.05,3.1,0
2019-06-12 09:10:00+00:00,200.15,470.52,163.83,11.17,58.89,25.25,3.03,0
2019-06-12 10:10:00+00:00,210.6,504.45,166.33,12.22,67.54,25.73,2.83,0
2019-06-12 11:10:00+00:00,215.76,555.02,133.84,12.85,71.26,26.28,2.83,0
2019-06-12 12:10:00+00:00,211.48,550.54,124.97,12.54,67.39,26.76,2.97,0
2019-06-12 13:10:00+00:00,197.94,490.9,140.29,11.32,58.69,26.83,3.17,0
2019-06-12 14:10:00+00:00,177.23,413.47,150.37,9.53,48.17,26.44,3.45,0
2019-06-12 15:10:00+00:00,151.03,344.28,137.76,7.45,37.09,25.69,3.45,0
2019-06-12 16:10:00+00:00,114.9,245.7,127.3,4.98,25.97,25.01,3.17,0
2019-06-12 17:10:00+00:00,69.71,138.58,98.73,2.53,15.11,24.32,2.83,0
2019-06-12 18:10:00+00:00,19.85,52.28,31.4,0.58,4.79,23.51,2.28,0
2019-06-12 19:10:00+00:00,0.0,0.0,0.0,0.0,0.0,22.59,1.93,0
2019-06-12 20:10:00+00:00,0.0,0.0,0.0,0.0,0.0,21.79,1.79,0
2019-06-12 21:10:00+00:00,0.0,0.0,0.0,0.0,0.0,21.07,1.66,0
2019-06-12 22:10:00+00:00,0.0,0.0,0.0,0.0,0.0,20.36,1.59,0
2019-06-12 23:10:00+00:00,0.0,0.0,0.0,0.0,0.0,19.67,1.59,0
2019-06-13 00:10:00+00:00,0.0,0.0,0.0,0.0,0.0,19.04,1.52,0
2019-06-13 01:10:00+00:00,0.0,0.0,0.0,0.0,0.0,18.63,1.52,0
2019-06-13 02:10:00+00:00,0.0,0.0,0.0,0.0,0.0,18.13,1.72,0
2019-06-13 03:10:00+00:00,0.0,0.0,0.0,0.0,0.0,17.73,1.86,0
2019-06-13 04:10:00+00:00,21.83,53.08,33.97,0.6,5.01,17.44,1.86,0
2019-06-13 05:10:00+00:00,84.06,181.11,94.54,2.77,15.33,18.39,1.52,0
2019-06-13 06:10:00+00:00,129.78,314.54,101.91,5.4,26.2,21.4,1.45,0
2019-06-13 07:10:00+00:00,160.58,402.48,112.58,7.84,37.32,23.62,1.31,0
2019-06-13 08:10:00+00:00,181.28,426.16,157.0,9.69,48.4,25.35,1.59,0
2019-06-13 09:10:00+00:00,200.16,490.74,155.27,11.41,58.9,26.75,2.0,0
2019-06-13 10:10:00+00:00,213.18,567.05,123.24,12.75,67.57,27.87,2.28,0
2019-06-13 11:10:00+00:00,216.04,588.94,114.28,13.2,71.32,28.69,2.21,0
2019-06-13 12:10:00+00:00,212.16,583.96,105.49,12.87,67.47,29.29,2.55,0
2019-06-13 13:10:00+00:00,200.1,530.99,116.68,11.71,58.76,29.52,3.03,0
2019-06-13 14:10:00+00:00,179.74,457.32,124.28,9.91,48.25,29.44,3.17,0
2019-06-13 15:10:00+00:00,153.81,390.01,111.11,7.8,37.17,29.15,2.9,0
2019-06-13 16:10:00+00:00,118.58,279.79,113.0,5.24,26.04,28.61,2.62,0
2019-06-13 17:10:00+00:00,75.67,169.11,92.68,2.72,15.18,27.73,1.93,0
2019-06-13 18:10:00+00:00,22.53,62.03,32.36,0.62,4.87,26.6,1.45,0
2019-06-13 19:10:00+00:00,0.0,0.0,0.0,0.0,0.0,24.75,0.14,0
2019-06-13 20:10:00+00:00,0.0,0.0,0.0,0.0,0.0,23.69,0.76,0
2019-06-13 21:10:00+00:00,0.0,0.0,0.0,0.0,0.0,23.94,0.69,0
2019-06-13 22:10:00+00:00,0.0,0.0,0.0,0.0,0.0,22.45,1.17,0
2019-06-13 23:10:00+00:00,0.0,0.0,0.0,0.0,0.0,20.89,1.93,0
2019-06-14 00:10:00+00:00,0.0,0.0,0.0,0.0,0.0,20.38,2.14,0
2019-06-14 01:10:00+00:00,0.0,0.0,0.0,0.0,0.0,19.96,2.21,0
2019-06-14 02:10:00+00:00,0.0,0.0,0.0,0.0,0.0,19.68,2.28,0
2019-06-14 03:10:00+00:00,0.0,0.0,0.0,0.0,0.0,19.5,2.34,0
2019-06-14 04:10:00+00:00,18.2,42.52,32.79,0.56,5.01,19.3,2.21,0
2019-06-14 05:10:00+00:00,74.28,142.22,104.12,2.57,15.33,20.16,1.59,0
2019-06-14 06:10:00+00:00,123.3,282.85,118.68,5.21,26.19,24.1,1.17,0
2019-06-14 07:10:00+00:00,155.12,369.15,134.64,7.62,37.32,26.78,1.59,0
2019-06-14 08:10:00+00:00,179.48,438.29,146.0,9.73,48.4,28.95,2.14,0
2019-06-14 09:10:00+00:00,197.35,486.79,155.53,11.33,58.9,30.43,2.97,0
2019-06-14 10:10:00+00:00,197.27,356.2,287.47,11.13,67.59,31.37,3.66,0
2019-06-14 11:10:00+00:00,209.77,492.43,190.04,12.47,71.37,32.04,4.21,0
2019-06-14 12:10:00+00:00,208.79,538.0,140.66,12.53,67.54,32.44,4.41,0
2019-06-14 13:10:00+00:00,181.13,300.0,290.05,9.91,58.83,32.3,4.55,0
2019-06-14 14:10:00+00:00,156.42,224.19,283.42,8.08,48.32,31.31,4.69,0
2019-06-14 15:10:00+00:00,133.27,206.05,225.99,6.5,37.23,29.68,4.48,0
2019-06-14 16:10:00+00:00,85.42,95.26,187.68,3.89,26.11,28.48,3.79,0
2019-06-14 17:10:00+00:00,26.39,9.77,89.7,1.37,15.25,27.37,3.17,0
2019-06-14 18:10:00+00:00,20.68,54.55,32.72,0.6,4.94,26.23,2.76,0
2019-06-14 19:10:00+00:00,0.0,0.0,0.0,0.0,0.0,25.59,2.21,0
2019-06-14 20:10:00+00:00,0.0,0.0,0.0,0.0,0.0,25.1,2.62,0
2019-06-14 21:10:00+00:00,0.0,0.0,0.0,0.0,0.0,24.94,3.1,0
2019-06-14 22:10:00+00:00,0.0,0.0,0.0,0.0,0.0,24.29,1.72,0
2019-06-14 23:10:00+00:00,0.0,0.0,0.0,0.0,0.0,23.2,2.55,0
2019-06-15 00:10:00+00:00,0.0,0.0,0.0,0.0,0.0,22.43,2.48,0
2019-06-15 01:10:00+00:00,0.0,0.0,0.0,0.0,0.0,21.84,2.34,0
2019-06-15 02:10:00+00:00,0.0,0.0,0.0,0.0,0.0,21.49,2.14,0
2019-06-15 03:10:00+00:00,0.0,0.0,0.0,0.0,0.0,20.82,1.45,0
2019-06-15 04:10:00+00:00,21.4,53.25,34.01,0.6,5.01,21.75,0.76,0
2019-06-15 05:10:00+00:00,64.04,106.11,109.64,2.36,15.32,21.46,0.83,0
2019-06-15 06:10:00+00:00,94.84,124.49,183.67,4.13,26.18,23.14,1.03,0
2019-06-15 07:10:00+00:00,135.32,201.26,231.39,6.39,37.31,24.94,2.41,0
2019-06-15 08:10:00+00:00,176.07,373.9,190.28,9.24,48.39,26.02,2.28,0
2019-06-15 09:10:00+00:00,196.45,447.62,184.21,11.03,58.9,27.24,2.55,0
2019-06-15 10:10:00+00:00,209.68,508.51,166.38,12.27,67.6,27.92,2.9,0
2019-06-15 11:10:00+00:00,215.98,559.75,133.84,12.92,71.42,28.04,3.17,0
2019-06-15 12:10:00+00:00,210.12,515.13,157.77,12.34,67.6,27.72,3.31,0
2019-06-15 13:10:00+00:00,198.27,486.75,147.5,11.33,58.9,27.29,3.1,0
2019-06-15 14:10:00+00:00,180.33,451.62,125.45,9.82,48.38,27.3,3.17,0
2019-06-15 15:10:00+00:00,153.53,369.95,123.53,7.65,37.3,27.04,3.31,0
2019-06-15 16:10:00+00:00,118.42,269.66,117.78,5.17,26.17,26.74,3.1,0
2019-06-15 17:10:00+00:00,74.12,158.83,94.9,2.67,15.32,26.21,2.76,0
2019-06-15 18:10:00+00:00,22.7,60.77,33.34,0.63,5.0,25.39,2.07,0
2019-06-15 19:10:00+00:00,0.0,0.0,0.0,0.0,0.0,23.9,2.21,0
2019-06-15 20:10:00+00:00,0.0,0.0,0.0,0.0,0.0,22.98,2.14,0
2019-06-15 21:10:00+00:00,0.0,0.0,0.0,0.0,0.0,22.3,1.93,0
2019-06-15 22:10:00+00:00,0.0,0.0,0.0,0.0,0.0,21.61,1.86,0
2019-06-15 23:10:00+00:00,0.0,0.0,0.0,0.0,0.0,20.9,1.72,0
2019-06-16 00:10:00+00:00,0.0,0.0,0.0,0.0,0.0,20.3,1.79,0
2019-06-16 01:10:00+00:00,0.0,0.0,0.0,0.0,0.0,19.89,2.0,0
2019-06-16 02:10:00+00:00,0.0,0.0,0.0,0.0,0.0,19.56,2.0,0
2019-06-16 03:10:00+00:00,0.0,0.0,0.0,0.0,0.0,19.19,1.86,0
2019-06-16 04:10:00+00:00,12.3,24.92,29.78,0.48,5.0,18.93,1.66,0
2019-06-16 05:10:00+00:00,82.52,170.34,101.65,2.76,15.31,19.73,1.52,0
2019-06-16 06:10:00+00:00,128.54,289.8,123.11,5.35,26.16,22.24,1.72,0
2019-06-16 07:10:00+00:00,164.04,402.92,121.23,7.94,37.29,23.84,1.86,0
2019-06-16 08:10:00+00:00,190.66,493.74,116.09,10.24,48.37,25.33,2.21,0
2019-06-16 09:10:00+00:00,210.65,567.44,105.63,12.06,58.9,26.45,2.9,0
2019-06-16 10:10:00+00:00,221.55,584.55,121.0,13.04,67.61,27.07,3.72,0
2019-06-16 11:10:00+00:00,226.06,607.55,111.19,13.49,71.46,27.29,4.07,0
2019-06-16 12:10:00+00:00,220.64,581.47,120.52,13.05,67.66,27.45,4.07,0
2019-06-16 13:10:00+00:00,208.16,549.91,112.73,11.99,58.96,27.55,4.0,0
2019-06-16 14:10:00+00:00,186.82,467.08,127.58,10.13,48.44,27.36,4.14,0
2019-06-16 15:10:00+00:00,161.21,400.41,113.78,8.0,37.36,26.69,4.41,0
2019-06-16 16:10:00+00:00,126.74,301.65,108.29,5.47,26.24,25.71,4.41,0
2019-06-16 17:10:00+00:00,86.4,204.47,86.17,2.96,15.38,24.52,4.07,0
2019-06-16 18:10:00+00:00,29.49,83.62,33.21,0.7,5.06,23.32,3.1,0
2019-06-16 19:10:00+00:00,0.0,0.0,0.0,0.0,0.0,22.67,1.93,0
2019-06-16 20:10:00+00:00,0.0,0.0,0.0,0.0,0.0,21.73,1.66,0
2019-06-16 21:10:00+00:00,0.0,0.0,0.0,0.0,0.0,20.78,1.93,0
2019-06-16 22:10:00+00:00,0.0,0.0,0.0,0.0,0.0,19.85,2.0,0
2019-06-16 23:10:00+00:00,0.0,0.0,0.0,0.0,0.0,18.94,1.66,0
2019-06-17 00:10:00+00:00,0.0,0.0,0.0,0.0,0.0,18.77,1.45,0
2019-06-17 01:10:00+00:00,0.0,0.0,0.0,0.0,0.0,18.59,1.31,0
2019-06-17 02:10:00+00:00,0.0,0.0,0.0,0.0,0.0,18.7,1.17,0
2019-06-17 03:10:00+00:00,0.0,0.0,0.0,0.0,0.0,18.89,0.83,0
2019-06-17 04:10:00+00:00,13.45,28.57,30.19,0.5,4.99,18.67,0.69,0
2019-06-17 05:10:00+00:00,85.68,191.04,92.21,2.81,15.29,19.16,0.55,0
2019-06-17 06:10:00+00:00,126.48,294.3,115.08,5.29,26.15,21.11,0.28,0
2019-06-17 07:10:00+00:00,160.25,405.02,112.81,7.85,37.27,22.38,0.21,0
2019-06-17 08:10:00+00:00,184.98,471.43,124.75,9.97,48.36,23.81,0.83,0
2019-06-17 09:10:00+00:00,205.38,542.85,116.71,11.76,58.88,24.97,1.66,0
2019-06-17 10:10:00+00:00,215.91,570.7,123.32,12.79,67.62,25.87,2.07,0
2019-06-17 11:10:00+00:00,218.4,561.02,140.49,13.04,71.49,26.66,2.55,0
2019-06-17 12:10:00+00:00,215.4,556.38,131.63,12.73,67.71,26.91,3.17,0
2019-06-17 13:10:00+00:00,204.42,526.2,123.82,11.71,59.02,26.93,3.66,0
2019-06-17 14:10:00+00:00,183.6,445.73,137.13,9.89,48.5,26.55,3.86,0
2019-06-17 15:10:00+00:00,157.42,380.99,121.52,7.8,37.42,26.08,3.66,0
2019-06-17 16:10:00+00:00,120.41,269.47,122.75,5.24,26.29,25.66,2.76,0
2019-06-17 17:10:00+00:00,65.0,112.49,109.46,2.47,15.44,24.93,2.48,0
2019-06-17 18:10:00+00:00,7.21,9.95,27.1,0.42,5.12,23.99,2.14,0
2019-06-17 19:10:00+00:00,0.0,0.0,0.0,0.0,0.0,23.04,1.31,0
2019-06-17 20:10:00+00:00,0.0,0.0,0.0,0.0,0.0,22.39,1.24,0
2019-06-17 21:10:00+00:00,0.0,0.0,0.0,0.0,0.0,21.75,1.38,0
2019-06-17 22:10:00+00:00,0.0,0.0,0.0,0.0,0.0,20.98,1.24,0
2019-06-17 23:10:00+00:00,0.0,0.0,0.0,0.0,0.0,20.49,0.97,0
2019-06-18 00:10:00+00:00,0.0,0.0,0.0,0.0,0.0,20.72,0.55,0
2019-06-18 01:10:00+00:00,0.0,0.0,0.0,0.0,0.0,20.47,0.14,0
2019-06-18 02:10:00+00:00,0.0,0.0,0.0,0.0,0.0,20.15,0.34,0
2019-06-18 03:10:00+00:00,0.0,0.0,0.0,0.0,0.0,19.87,0.69,0
2019-06-18 04:10:00+00:00,7.41,10.76,26.29,0.4,4.97,19.02,0.97,0
2019-06-18 05:10:00+00:00,77.33,157.76,99.32,2.63,15.27,19.92,0.62,0
2019-06-18 06:10:00+00:00,122.17,273.8,121.75,5.12,26.12,22.12,0.69,0
2019-06-18 07:10:00+00:00,156.39,386.21,119.64,7.65,37.25,24.23,0.76,0
2019-06-18 08:10:00+00:00,180.16,476.43,114.04,9.89,48.33,25.9,0.34,0
2019-06-18 09:10:00+00:00,198.52,539.46,111.8,11.62,58.87,27.15,0.83,0
2019-06-18 10:10:00+00:00,210.41,568.12,116.84,12.63,67.62,27.98,1.79,0
2019-06-18 11:10:00+00:00,214.42,548.64,141.98,12.81,71.51,27.84,2.76,0
2019-06-18 12:10:00+00:00,213.33,554.44,125.13,12.58,67.76,27.05,3.45,0
2019-06-18 13:10:00+00:00,201.54,524.14,118.03,11.58,59.07,27.08,3.38,0
2019-06-18 14:10:00+00:00,179.34,435.06,138.4,9.71,48.56,27.25,3.24,0
2019-06-18 15:10:00+00:00,153.58,369.98,123.55,7.65,37.47,26.35,2.76,0
2019-06-18 16:10:00+00:00,115.66,251.32,128.29,5.08,26.35,26.21,1.93,0
2019-06-18 17:10:00+00:00,76.51,167.77,94.33,2.75,15.49,25.97,1.66,0
2019-06-18 18:10:00+00:00,21.57,55.93,33.93,0.63,5.17,25.26,1.66,0
2019-06-18 19:10:00+00:00,0.0,0.0,0.0,0.0,0.0,23.8,1.31,0
2019-06-18 20:10:00+00:00,0.0,0.0,0.0,0.0,0.0,23.0,0.9,0
2019-06-18 21:10:00+00:00,0.0,0.0,0.0,0.0,0.0,22.08,0.69,0
2019-06-18 22:10:00+00:00,0.0,0.0,0.0,0.0,0.0,22.17,0.62,0
2019-06-18 23:10:00+00:00,0.0,0.0,0.0,0.0,0.0,21.92,0.62,0
2019-06-19 00:10:00+00:00,0.0,0.0,0.0,0.0,0.0,21.67,0.62,0
2019-06-19 01:10:00+00:00,0.0,0.0,0.0,0.0,0.0,21.46,0.41,0
2019-06-19 02:10:00+00:00,0.0,0.0,0.0,0.0,0.0,21.15,0.41,0
2019-06-19 03:10:00+00:00,0.0,0.0,0.0,0.0,0.0,20.74,0.62,0
2019-06-19 04:10:00+00:00,8.41,14.41,26.66,0.42,4.95,20.42,0.48,0
2019-06-19 05:10:00+00:00,77.26,158.03,100.55,2.64,15.25,20.76,0.14,0
2019-06-19 06:10:00+00:00,121.28,264.71,129.7,5.1,26.09,22.53,0.41,0
2019-06-19 07:10:00+00:00,156.43,372.57,133.02,7.62,37.22,24.03,0.76,0
2019-06-19 08:10:00+00:00,183.09,458.69,132.31,9.85,48.31,25.27,1.24,0
2019-06-19 09:10:00+00:00,202.26,528.68,124.96,11.62,58.84,26.47,1.72,0
2019-06-19 10:10:00+00:00,213.44,556.27,132.34,12.65,67.61,27.43,2.41,0
2019-06-19 11:10:00+00:00,217.99,567.67,132.79,13.04,71.53,28.06,3.17,0
2019-06-19 12:10:00+00:00,214.39,553.14,132.67,12.67,67.8,28.08,3.66,0
2019-06-19 13:10:00+00:00,202.28,513.35,132.01,11.59,59.12,28.04,3.93,0
2019-06-19 14:10:00+00:00,182.11,443.49,137.24,9.85,48.61,27.85,4.14,0
2019-06-19 15:10:00+00:00,156.26,378.36,122.49,7.77,37.52,27.34,4.0,0
2019-06-19 16:10:00+00:00,122.66,289.2,111.0,5.35,26.4,26.64,3.38,0
2019-06-19 17:10:00+00:00,80.96,185.49,90.13,2.85,15.54,25.84,2.62,0
2019-06-19 18:10:00+00:00,24.96,65.31,36.07,0.68,5.22,24.81,1.66,0
2019-06-19 19:10:00+00:00,0.0,0.0,0.0,0.0,0.0,23.65,1.72,0
2019-06-19 20:10:00+00:00,0.0,0.0,0.0,0.0,0.0,22.79,1.45,0
2019-06-19 21:10:00+00:00,0.0,0.0,0.0,0.0,0.0,21.92,1.1,0
2019-06-19 22:10:00+00:00,0.0,0.0,0.0,0.0,0.0,21.18,0.97,0
2019-06-19 23:10:00+00:00,0.0,0.0,0.0,0.0,0.0,20.49,1.24,0
2019-06-20 00:10:00+00:00,0.0,0.0,0.0,0.0,0.0,19.98,1.38,0
2019-06-20 01:10:00+00:00,0.0,0.0,0.0,0.0,0.0,20.3,1.03,0
2019-06-20 02:10:00+00:00,0.0,0.0,0.0,0.0,0.0,20.59,0.62,0
2019-06-20 03:10:00+00:00,0.0,0.0,0.0,0.0,0.0,19.23,1.17,0
2019-06-20 04:10:00+00:00,8.83,14.48,27.66,0.43,4.92,18.35,1.45,0
2019-06-20 05:10:00+00:00,84.18,181.75,96.2,2.77,15.22,19.46,0.97,0
2019-06-20 06:10:00+00:00,125.55,285.82,121.19,5.25,26.06,22.21,0.62,0
2019-06-20 07:10:00+00:00,158.83,392.84,122.49,7.78,37.18,23.98,0.48,0
2019-06-20 08:10:00+00:00,184.99,473.78,124.79,9.99,48.27,25.48,1.17,0
2019-06-20 09:10:00+00:00,203.82,545.75,115.84,11.79,58.82,26.73,1.52,0
2019-06-20 10:10:00+00:00,213.5,574.13,122.42,12.83,67.59,27.76,1.66,0
2019-06-20 11:10:00+00:00,217.74,597.14,113.4,13.3,71.54,28.57,2.0,0
2019-06-20 12:10:00+00:00,213.91,582.06,113.22,12.93,67.83,29.05,2.48,0
2019-06-20 13:10:00+00:00,201.09,501.05,146.99,11.59,59.16,29.18,3.45,0
2019-06-20 14:10:00+00:00,183.53,441.15,143.48,9.9,48.65,28.45,4.9,0
2019-06-20 15:10:00+00:00,157.94,378.25,126.19,7.82,37.57,27.32,4.69,0
2019-06-20 16:10:00+00:00,123.87,290.01,112.99,5.39,26.44,26.38,3.66,0
2019-06-20 17:10:00+00:00,77.63,164.46,99.46,2.79,15.58,25.57,2.55,0
2019-06-20 18:10:00+00:00,28.21,77.85,34.99,0.71,5.27,24.66,1.52,0
2019-06-20 19:10:00+00:00,0.0,0.0,0.0,0.0,0.0,23.43,0.76,0
2019-06-20 20:10:00+00:00,0.0,0.0,0.0,0.0,0.0,22.71,1.1,0
2019-06-20 21:10:00+00:00,0.0,0.0,0.0,0.0,0.0,21.51,1.1,0
2019-06-20 22:10:00+00:00,0.0,0.0,0.0,0.0,0.0,20.6,1.38,0
2019-06-20 23:10:00+00:00,0.0,0.0,0.0,0.0,0.0,20.02,1.93,0
2019-06-21 00:10:00+00:00,0.0,0.0,0.0,0.0,0.0,19.15,1.72,0
2019-06-21 01:10:00+00:00,0.0,0.0,0.0,0.0,0.0,18.98,1.38,0
2019-06-21 02:10:00+00:00,0.0,0.0,0.0,0.0,0.0,18.36,1.59,0
2019-06-21 03:10:00+00:00,0.0,0.0,0.0,0.0,0.0,17.91,1.59,0
2019-06-21 04:10:00+00:00,5.64,7.28,23.05,0.35,4.89,17.73,1.45,0
2019-06-21 05:10:00+00:00,69.72,124.8,105.8,2.44,15.18,18.77,1.31,0
2019-06-21 06:10:00+00:00,125.19,294.43,110.17,5.21,26.03,22.86,1.38,0
2019-06-21 07:10:00+00:00,153.01,351.22,142.72,7.42,37.15,25.52,1.52,0
2019-06-21 08:10:00+00:00,176.8,425.38,152.1,9.55,48.24,27.42,1.1,0
2019-06-21 09:10:00+00:00,196.38,491.52,148.76,11.28,58.78,28.5,1.79,0
2019-06-21 10:10:00+00:00,197.16,353.74,286.19,11.04,67.57,29.02,2.83,0
2019-06-21 11:10:00+00:00,212.6,518.17,167.82,12.61,71.55,29.24,3.38,0
2019-06-21 12:10:00+00:00,209.81,525.05,149.9,12.39,67.86,29.25,3.66,0
2019-06-21 13:10:00+00:00,197.74,487.26,148.48,11.35,59.2,29.09,3.59,0
2019-06-21 14:10:00+00:00,173.95,380.58,180.27,9.36,48.69,28.9,3.31,0
2019-06-21 15:10:00+00:00,151.38,357.86,132.98,7.6,37.61,28.57,3.03,0
2019-06-21 16:10:00+00:00,15.16,0.0,63.42,0.91,26.49,28.07,2.41,0
2019-06-21 17:10:00+00:00,76.03,166.95,95.14,2.76,15.62,27.69,2.0,0
2019-06-21 18:10:00+00:00,24.43,64.47,35.94,0.68,5.3,27.03,1.79,0
2019-06-21 19:10:00+00:00,0.0,0.0,0.0,0.0,0.0,25.64,2.21,0
2019-06-21 20:10:00+00:00,0.0,0.0,0.0,0.0,0.0,24.34,2.28,0
2019-06-21 21:10:00+00:00,0.0,0.0,0.0,0.0,0.0,23.51,1.38,0
2019-06-21 22:10:00+00:00,0.0,0.0,0.0,0.0,0.0,22.73,0.83,0
2019-06-21 23:10:00+00:00,0.0,0.0,0.0,0.0,0.0,22.27,1.66,0
2019-06-22 00:10:00+00:00,0.0,0.0,0.0,0.0,0.0,22.01,2.0,0
2019-06-22 01:10:00+00:00,0.0,0.0,0.0,0.0,0.0,21.77,2.34,0
2019-06-22 02:10:00+00:00,0.0,0.0,0.0,0.0,0.0,21.89,2.83,0
2019-06-22 03:10:00+00:00,0.0,0.0,0.0,0.0,0.0,21.98,2.48,0
2019-06-22 04:10:00+00:00,0.42,0.0,8.39,0.12,4.85,22.51,0.62,0
2019-06-22 05:10:00+00:00,6.37,0.0,32.64,0.47,15.14,21.86,0.76,0
2019-06-22 06:10:00+00:00,6.09,0.0,31.71,0.46,25.99,22.44,2.14,0
2019-06-22 07:10:00+00:00,49.24,0.0,166.0,2.38,37.11,23.77,5.45,0
2019-06-22 08:10:00+00:00,47.32,0.0,162.27,2.33,48.2,26.38,4.62,0
2019-06-22 09:10:00+00:00,186.22,337.28,259.42,10.05,58.75,28.23,3.72,0
2019-06-22 10:10:00+00:00,124.09,21.98,377.53,5.85,67.54,27.55,4.07,0
2019-06-22 11:10:00+00:00,204.28,386.0,266.49,11.5,71.55,27.08,3.52,0
2019-06-22 12:10:00+00:00,183.84,225.91,365.77,9.74,67.88,28.08,3.45,0
2019-06-22 13:10:00+00:00,196.71,477.77,149.75,11.19,59.23,29.12,4.69,0
2019-06-22 14:10:00+00:00,156.37,218.94,281.85,7.96,48.73,29.61,5.72,0
2019-06-22 15:10:00+00:00,150.66,343.35,138.74,7.45,37.65,28.99,6.28,0
2019-06-22 16:10:00+00:00,114.41,240.64,131.84,5.0,26.52,28.05,6.0,0
2019-06-22 17:10:00+00:00,70.23,137.75,102.19,2.6,15.66,27.13,5.1,0
2019-06-22 18:10:00+00:00,19.79,48.09,35.24,0.63,5.34,26.03,3.66,0
2019-06-22 19:10:00+00:00,0.0,0.0,0.0,0.0,0.0,25.8,3.59,0
2019-06-22 20:10:00+00:00,0.0,0.0,0.0,0.0,0.0,24.9,3.17,0
2019-06-22 21:10:00+00:00,0.0,0.0,0.0,0.0,0.0,24.11,2.55,0
2019-06-22 22:10:00+00:00,0.0,0.0,0.0,0.0,0.0,23.38,1.45,0
2019-06-22 23:10:00+00:00,0.0,0.0,0.0,0.0,0.0,22.86,0.48,0
2019-06-23 00:10:00+00:00,0.0,0.0,0.0,0.0,0.0,21.98,0.9,0
2019-06-23 01:10:00+00:00,0.0,0.0,0.0,0.0,0.0,21.05,1.38,0
2019-06-23 02:10:00+00:00,0.0,0.0,0.0,0.0,0.0,20.36,1.52,0
2019-06-23 03:10:00+00:00,0.0,0.0,0.0,0.0,0.0,19.79,1.31,0
2019-06-23 04:10:00+00:00,8.26,14.77,25.73,0.4,4.81,19.78,1.03,0
2019-06-23 05:10:00+00:00,77.38,159.12,98.73,2.61,15.1,20.47,0.76,0
2019-06-23 06:10:00+00:00,121.65,275.03,121.03,5.1,25.94,22.93,0.55,0
2019-06-23 07:10:00+00:00,155.55,380.29,124.58,7.61,37.06,24.02,0.41,0
2019-06-23 08:10:00+00:00,181.04,460.83,126.98,9.79,48.15,25.25,0.76,0
2019-06-23 09:10:00+00:00,201.47,542.32,110.05,11.63,58.71,26.48,1.52,0
2019-06-23 10:10:00+00:00,211.52,550.12,133.46,12.54,67.51,27.57,2.28,0
2019-06-23 11:10:00+00:00,215.74,562.15,133.06,12.93,71.54,28.34,2.97,0
2019-06-23 12:10:00+00:00,211.55,538.28,140.86,12.51,67.9,28.73,3.59,0
2019-06-23 13:10:00+00:00,201.25,518.89,124.99,11.59,59.26,28.79,4.0,0
2019-06-23 14:10:00+00:00,181.36,447.66,131.77,9.85,48.76,28.56,4.34,0
2019-06-23 15:10:00+00:00,156.46,389.52,112.95,7.82,37.69,28.23,4.41,0
2019-06-23 16:10:00+00:00,122.53,291.3,108.84,5.36,26.56,27.67,4.28,0
2019-06-23 17:10:00+00:00,79.72,180.16,91.64,2.84,15.69,26.94,3.72,0
2019-06-23 18:10:00+00:00,24.39,63.79,35.83,0.68,5.37,25.93,2.97,0
2019-06-23 19:10:00+00:00,0.0,0.0,0.0,0.0,0.0,24.86,2.07,0
2019-06-23 20:10:00+00:00,0.0,0.0,0.0,0.0,0.0,24.15,1.45,0
2019-06-23 21:10:00+00:00,0.0,0.0,0.0,0.0,0.0,23.53,1.03,0
2019-06-23 22:10:00+00:00,0.0,0.0,0.0,0.0,0.0,22.8,0.83,0
2019-06-23 23:10:00+00:00,0.0,0.0,0.0,0.0,0.0,22.81,0.69,0
2019-06-24 00:10:00+00:00,0.0,0.0,0.0,0.0,0.0,22.49,0.62,0
2019-06-24 01:10:00+00:00,0.0,0.0,0.0,0.0,0.0,21.54,0.9,0
2019-06-24 02:10:00+00:00,0.0,0.0,0.0,0.0,0.0,20.32,1.31,0
2019-06-24 03:10:00+00:00,0.0,0.0,0.0,0.0,0.0,19.67,1.45,0
2019-06-24 04:10:00+00:00,9.72,18.6,27.12,0.43,4.77,19.36,1.38,0
2019-06-24 05:10:00+00:00,81.39,180.06,90.6,2.68,15.05,20.43,1.03,0
2019-06-24 06:10:00+00:00,121.84,279.4,117.1,5.1,25.89,23.3,0.83,0
2019-06-24 07:10:00+00:00,153.46,375.16,124.64,7.53,37.02,25.3,0.62,0
2019-06-24 08:10:00+00:00,177.08,464.0,120.67,9.75,48.11,26.75,0.14,0
2019-06-24 09:10:00+00:00,195.69,526.13,119.97,11.48,58.66,28.04,0.69,0
2019-06-24 10:10:00+00:00,205.82,544.38,134.54,12.45,67.47,29.11,1.24,0
2019-06-24 11:10:00+00:00,210.34,566.93,125.38,12.9,71.52,30.07,1.79,0
2019-06-24 12:10:00+00:00,206.97,542.36,133.98,12.49,67.91,30.62,2.62,0
2019-06-24 13:10:00+00:00,196.84,503.51,134.08,11.44,59.28,30.57,3.52,0
2019-06-24 14:10:00+00:00,178.2,442.86,131.9,9.77,48.79,30.26,4.14,0
2019-06-24 15:10:00+00:00,153.02,377.47,118.66,7.72,37.72,29.81,4.07,0
2019-06-24 16:10:00+00:00,119.11,282.05,111.64,5.28,26.59,29.49,3.59,0
2019-06-24 17:10:00+00:00,78.16,178.49,91.44,2.83,15.72,28.98,2.97,0
2019-06-24 18:10:00+00:00,21.36,53.98,35.88,0.66,5.39,28.31,2.28,0
2019-06-24 19:10:00+00:00,0.0,0.0,0.0,0.0,0.0,26.94,1.17,0
2019-06-24 20:10:00+00:00,0.0,0.0,0.0,0.0,0.0,26.35,0.97,0
2019-06-24 21:10:00+00:00,0.0,0.0,0.0,0.0,0.0,25.34,1.45,0
2019-06-24 22:10:00+00:00,0.0,0.0,0.0,0.0,0.0,24.33,1.72,0
2019-06-24 23:10:00+00:00,0.0,0.0,0.0,0.0,0.0,23.36,1.72,0
2019-06-25 00:10:00+00:00,0.0,0.0,0.0,0.0,0.0,22.66,1.79,0
2019-06-25 01:10:00+00:00,0.0,0.0,0.0,0.0,0.0,22.09,1.79,0
2019-06-25 02:10:00+00:00,0.0,0.0,0.0,0.0,0.0,21.63,1.79,0
2019-06-25 03:10:00+00:00,0.0,0.0,0.0,0.0,0.0,21.28,1.93,0
2019-06-25 04:10:00+00:00,9.39,18.76,26.14,0.42,4.72,20.91,1.86,0
2019-06-25 05:10:00+00:00,79.78,172.99,93.49,2.65,15.0,21.78,1.52,0
2019-06-25 06:10:00+00:00,121.61,277.47,119.14,5.1,25.84,24.33,1.17,0
2019-06-25 07:10:00+00:00,153.15,371.73,129.4,7.54,36.96,26.69,0.83,0
2019-06-25 08:10:00+00:00,177.8,467.91,120.55,9.82,48.06,28.24,0.48,0
2019-06-25 09:10:00+00:00,196.18,540.75,110.07,11.6,58.61,29.36,0.83,0
2019-06-25 10:10:00+00:00,207.87,559.14,125.51,12.59,67.43,30.23,1.79,0
2019-06-25 11:10:00+00:00,212.58,582.14,115.62,13.05,71.5,30.95,2.41,0
2019-06-25 12:10:00+00:00,208.7,557.63,124.11,12.63,67.92,31.32,3.03,0
2019-06-25 13:10:00+00:00,199.21,527.14,117.84,11.64,59.3,31.21,4.0,0
2019-06-25 14:10:00+00:00,179.93,455.6,125.28,9.9,48.82,30.76,4.41,0
2019-06-25 15:10:00+00:00,154.88,388.97,112.87,7.82,37.74,30.1,4.48,0
2019-06-25 16:10:00+00:00,120.57,285.74,111.66,5.33,26.61,29.26,3.93,0
2019-06-25 17:10:00+00:00,79.11,179.57,92.6,2.85,15.74,28.38,3.03,0
2019-06-25 18:10:00+00:00,21.4,53.77,35.84,0.66,5.41,27.35,2.34,0
2019-06-25 19:10:00+00:00,0.0,0.0,0.0,0.0,0.0,25.79,2.14,0
2019-06-25 20:10:00+00:00,0.0,0.0,0.0,0.0,0.0,24.99,1.86,0
2019-06-25 21:10:00+00:00,0.0,0.0,0.0,0.0,0.0,24.5,1.59,0
2019-06-25 22:10:00+00:00,0.0,0.0,0.0,0.0,0.0,24.13,1.59,0
2019-06-25 23:10:00+00:00,0.0,0.0,0.0,0.0,0.0,23.61,1.59,0
2019-06-26 00:10:00+00:00,0.0,0.0,0.0,0.0,0.0,23.09,1.72,0
2019-06-26 01:10:00+00:00,0.0,0.0,0.0,0.0,0.0,22.54,1.79,0
2019-06-26 02:10:00+00:00,0.0,0.0,0.0,0.0,0.0,22.08,1.79,0
2019-06-26 03:10:00+00:00,0.0,0.0,0.0,0.0,0.0,21.73,1.79,0
2019-06-26 04:10:00+00:00,6.93,11.36,24.42,0.38,4.66,21.46,1.79,0
2019-06-26 05:10:00+00:00,75.8,159.96,94.57,2.56,14.95,22.45,1.59,0
2019-06-26 06:10:00+00:00,116.94,257.71,124.7,4.93,25.79,25.19,1.38,0
2019-06-26 07:10:00+00:00,149.74,360.42,130.44,7.38,36.91,27.77,1.1,0
2019-06-26 08:10:00+00:00,173.9,447.47,128.21,9.58,48.0,29.51,0.83,0
2019-06-26 09:10:00+00:00,191.14,517.85,121.07,11.35,58.56,30.63,0.69,0
2019-06-26 10:10:00+00:00,201.31,536.29,135.67,12.31,67.38,31.4,1.17,0
2019-06-26 11:10:00+00:00,205.66,548.38,135.27,12.7,71.47,31.96,1.72,0
2019-06-26 12:10:00+00:00,186.38,295.2,320.86,10.46,67.91,32.37,2.69,0
2019-06-26 13:10:00+00:00,192.6,487.1,142.36,11.27,59.32,32.29,3.45,0
2019-06-26 14:10:00+00:00,173.31,411.75,152.28,9.53,48.84,31.59,3.79,0
2019-06-26 15:10:00+00:00,109.81,95.9,264.82,5.32,37.76,30.3,3.17,0
2019-06-26 16:10:00+00:00,33.23,0.99,120.34,1.74,26.63,29.35,2.21,0
2019-06-26 17:10:00+00:00,73.37,158.75,96.3,2.72,15.76,28.82,1.59,0
2019-06-26 18:10:00+00:00,19.26,47.29,35.1,0.63,5.42,28.1,1.24,0
2019-06-26 19:10:00+00:00,0.0,0.0,0.0,0.0,0.0,27.4,1.45,0
2019-06-26 20:10:00+00:00,0.0,0.0,0.0,0.0,0.0,26.73,0.9,0
2019-06-26 21:10:00+00:00,0.0,0.0,0.0,0.0,0.0,26.33,0.28,0
2019-06-26 22:10:00+00:00,0.0,0.0,0.0,0.0,0.0,26.07,0.48,0
2019-06-26 23:10:00+00:00,0.0,0.0,0.0,0.0,0.0,24.5,1.1,0
2019-06-27 00:10:00+00:00,0.0,0.0,0.0,0.0,0.0,23.42,1.45,0
2019-06-27 01:10:00+00:00,0.0,0.0,0.0,0.0,0.0,22.74,1.59,0
2019-06-27 02:10:00+00:00,0.0,0.0,0.0,0.0,0.0,22.14,1.66,0
2019-06-27 03:10:00+00:00,0.0,0.0,0.0,0.0,0.0,21.67,1.72,0
2019-06-27 04:10:00+00:00,9.47,19.13,26.19,0.42,4.6,21.37,1.79,0
2019-06-27 05:10:00+00:00,80.4,176.57,92.9,2.67,14.89,22.48,1.59,0
2019-06-27 06:10:00+00:00,120.48,273.55,121.16,5.08,25.73,25.62,1.45,0
2019-06-27 07:10:00+00:00,152.52,372.63,128.44,7.54,36.85,28.79,1.45,0
2019-06-27 08:10:00+00:00,176.99,460.69,126.03,9.78,47.94,30.97,1.38,0
2019-06-27 09:10:00+00:00,195.43,531.62,117.96,11.56,58.5,32.32,1.79,0
2019-06-27 10:10:00+00:00,206.75,560.85,124.51,12.62,67.32,33.07,2.48,0
2019-06-27 11:10:00+00:00,211.18,573.25,124.13,13.02,71.43,33.48,3.1,0
2019-06-27 12:10:00+00:00,208.07,559.16,123.93,12.67,67.91,33.8,3.93,0
2019-06-27 13:10:00+00:00,197.66,520.0,124.77,11.63,59.33,33.65,4.76,0
2019-06-27 14:10:00+00:00,179.46,457.23,125.12,9.94,48.85,32.95,5.52,0
2019-06-27 15:10:00+00:00,154.08,384.08,117.46,7.82,37.78,31.88,5.45,0
2019-06-27 16:10:00+00:00,119.84,282.1,114.49,5.33,26.65,30.71,4.76,0
2019-06-27 17:10:00+00:00,77.28,172.15,95.22,2.83,15.78,29.93,3.86,0
2019-06-27 18:10:00+00:00,21.46,53.44,36.89,0.67,5.43,28.92,2.55,0
2019-06-27 19:10:00+00:00,0.0,0.0,0.0,0.0,0.0,28.08,2.0,0
2019-06-27 20:10:00+00:00,0.0,0.0,0.0,0.0,0.0,27.25,1.45,0
2019-06-27 21:10:00+00:00,0.0,0.0,0.0,0.0,0.0,26.13,0.76,0
2019-06-27 22:10:00+00:00,0.0,0.0,0.0,0.0,0.0,25.89,0.34,0
2019-06-27 23:10:00+00:00,0.0,0.0,0.0,0.0,0.0,25.13,0.48,0
2019-06-28 00:10:00+00:00,0.0,0.0,0.0,0.0,0.0,23.99,0.83,0
2019-06-28 01:10:00+00:00,0.0,0.0,0.0,0.0,0.0,22.29,1.24,0
2019-06-28 02:10:00+00:00,0.0,0.0,0.0,0.0,0.0,21.32,1.52,0
2019-06-28 03:10:00+00:00,0.0,0.0,0.0,0.0,0.0,20.83,1.66,0
2019-06-28 04:10:00+00:00,6.75,11.6,23.47,0.36,4.54,20.47,1.72,0
2019-06-28 05:10:00+00:00,72.12,141.21,100.63,2.48,14.83,21.6,1.38,0
2019-06-28 06:10:00+00:00,116.04,250.58,130.66,4.92,25.67,25.65,1.1,0
2019-06-28 07:10:00+00:00,149.12,355.14,138.02,7.41,36.79,28.33,0.62,0
2019-06-28 08:10:00+00:00,175.49,448.02,133.47,9.67,47.88,30.06,1.03,0
2019-06-28 09:10:00+00:00,194.52,518.18,126.08,11.44,58.43,31.33,1.66,0
2019-06-28 10:10:00+00:00,204.75,536.5,141.41,12.42,67.26,32.24,2.21,0
2019-06-28 11:10:00+00:00,209.92,569.43,124.24,12.96,71.38,32.86,2.69,0
2019-06-28 12:10:00+00:00,206.31,555.98,124.01,12.62,67.89,33.12,3.03,0
2019-06-28 13:10:00+00:00,194.53,506.62,132.88,11.51,59.33,32.92,3.17,0
2019-06-28 14:10:00+00:00,175.48,437.76,138.0,9.79,48.86,32.5,3.31,0
2019-06-28 15:10:00+00:00,150.1,366.89,127.86,7.7,37.79,31.93,3.1,0
2019-06-28 16:10:00+00:00,116.18,269.83,120.2,5.25,26.66,30.98,2.07,0
2019-06-28 17:10:00+00:00,74.66,163.69,97.76,2.79,15.78,30.4,1.45,0
2019-06-28 18:10:00+00:00,25.46,69.01,36.31,0.71,5.44,29.44,1.1,0
2019-06-28 19:10:00+00:00,0.0,0.0,0.0,0.0,0.0,27.92,0.9,0
2019-06-28 20:10:00+00:00,0.0,0.0,0.0,0.0,0.0,27.05,0.21,0
2019-06-28 21:10:00+00:00,0.0,0.0,0.0,0.0,0.0,26.46,0.48,0
2019-06-28 22:10:00+00:00,0.0,0.0,0.0,0.0,0.0,25.3,1.1,0
2019-06-28 23:10:00+00:00,0.0,0.0,0.0,0.0,0.0,24.55,1.52,0
2019-06-29 00:10:00+00:00,0.0,0.0,0.0,0.0,0.0,24.0,1.72,0
2019-06-29 01:10:00+00:00,0.0,0.0,0.0,0.0,0.0,23.71,1.93,0
2019-06-29 02:10:00+00:00,0.0,0.0,0.0,0.0,0.0,23.55,2.07,0
2019-06-29 03:10:00+00:00,0.0,0.0,0.0,0.0,0.0,23.36,2.21,0
2019-06-29 04:10:00+00:00,7.8,15.65,23.86,0.38,4.47,22.9,2.14,0
2019-06-29 05:10:00+00:00,79.14,172.73,93.92,2.64,14.76,23.54,1.79,0
2019-06-29 06:10:00+00:00,120.81,276.87,120.31,5.1,25.6,26.24,1.45,0
2019-06-29 07:10:00+00:00,152.88,376.01,127.43,7.58,36.72,29.18,1.45,0
2019-06-29 08:10:00+00:00,177.75,464.27,124.94,9.83,47.81,31.36,1.59,0
2019-06-29 09:10:00+00:00,193.11,517.17,132.02,11.52,58.37,32.44,1.03,0
2019-06-29 10:10:00+00:00,201.67,544.66,140.1,12.57,67.2,33.07,0.76,0
2019-06-29 11:10:00+00:00,207.11,567.65,131.66,13.05,71.33,33.54,1.31,0
2019-06-29 12:10:00+00:00,205.1,543.64,140.26,12.65,67.87,33.96,2.41,0
2019-06-29 13:10:00+00:00,197.17,514.85,131.59,11.66,59.33,33.57,4.0,0
2019-06-29 14:10:00+00:00,178.53,445.72,136.75,9.93,48.87,32.92,4.55,0
2019-06-29 15:10:00+00:00,153.85,381.57,121.98,7.86,37.8,32.19,4.62,0
2019-06-29 16:10:00+00:00,120.68,287.3,113.45,5.4,26.67,31.14,4.41,0
2019-06-29 17:10:00+00:00,78.45,175.68,95.43,2.87,15.79,29.78,3.86,0
2019-06-29 18:10:00+00:00,24.02,62.63,36.76,0.7,5.44,28.45,3.03,0
2019-06-29 19:10:00+00:00,0.0,0.0,0.0,0.0,0.0,26.96,2.07,0
2019-06-29 20:10:00+00:00,0.0,0.0,0.0,0.0,0.0,25.97,1.59,0
2019-06-29 21:10:00+00:00,0.0,0.0,0.0,0.0,0.0,25.17,1.31,0
2019-06-29 22:10:00+00:00,0.0,0.0,0.0,0.0,0.0,24.34,1.31,0
2019-06-29 23:10:00+00:00,0.0,0.0,0.0,0.0,0.0,23.35,1.38,0
2019-06-30 00:10:00+00:00,0.0,0.0,0.0,0.0,0.0,22.52,1.59,0
2019-06-30 01:10:00+00:00,0.0,0.0,0.0,0.0,0.0,21.95,1.86,0
2019-06-30 02:10:00+00:00,0.0,0.0,0.0,0.0,0.0,21.53,2.0,0
2019-06-30 03:10:00+00:00,0.0,0.0,0.0,0.0,0.0,21.14,2.0,0
2019-06-30 04:10:00+00:00,7.94,15.85,23.88,0.38,4.4,20.84,2.14,0
2019-06-30 05:10:00+00:00,81.88,181.99,91.47,2.68,14.69,21.9,1.93,0
2019-06-30 06:10:00+00:00,123.09,284.27,116.44,5.14,25.53,24.68,1.79,0
2019-06-30 07:10:00+00:00,156.08,385.49,122.59,7.66,36.65,27.19,1.66,0
2019-06-30 08:10:00+00:00,180.66,467.16,124.8,9.89,47.74,28.84,1.52,0
2019-06-30 09:10:00+00:00,199.33,539.58,115.78,11.7,58.3,30.02,1.79,0
2019-06-30 10:10:00+00:00,209.71,558.42,131.04,12.7,67.13,30.83,2.28,0
2019-06-30 11:10:00+00:00,214.16,570.69,131.42,13.12,71.28,31.34,2.83,0
2019-06-30 12:10:00+00:00,211.73,567.71,122.49,12.85,67.84,31.48,3.45,0
2019-06-30 13:10:00+00:00,199.4,508.6,138.53,11.66,59.32,31.37,3.93,0
2019-06-30 14:10:00+00:00,181.06,457.43,129.24,10.03,48.87,30.95,4.07,0
2019-06-30 15:10:00+00:00,154.67,377.75,125.66,7.86,37.8,30.33,3.93,0
2019-06-30 16:10:00+00:00,121.79,289.86,113.42,5.44,26.67,29.64,3.38,0
2019-06-30 17:10:00+00:00,81.37,188.99,91.99,2.95,15.79,28.8,2.48,0
2019-06-30 18:10:00+00:00,24.35,62.56,37.89,0.71,5.43,27.93,1.38,0
2019-06-30 19:10:00+00:00,0.0,0.0,0.0,0.0,0.0,26.82,1.1,0
2019-06-30 20:10:00+00:00,0.0,0.0,0.0,0.0,0.0,26.16,1.59,0
2019-06-30 21:10:00+00:00,0.0,0.0,0.0,0.0,0.0,25.38,1.79,0
2019-06-30 22:10:00+00:00,0.0,0.0,0.0,0.0,0.0,24.55,1.86,0
2019-06-30 23:10:00+00:00,0.0,0.0,0.0,0.0,0.0,23.69,1.93,0
2019-07-01 00:10:00+00:00,0.0,0.0,0.0,0.0,0.0,22.88,1.86,0
2019-07-01 01:10:00+00:00,0.0,0.0,0.0,0.0,0.0,22.11,1.79,0
2019-07-01 02:10:00+00:00,0.0,0.0,0.0,0.0,0.0,21.4,1.66,0
2019-07-01 03:10:00+00:00,0.0,0.0,0.0,0.0,0.0,20.84,1.45,0
2019-07-01 04:10:00+00:00,9.16,20.07,24.28,0.39,4.33,20.56,1.38,0
2019-07-01 05:10:00+00:00,82.13,188.29,87.5,2.68,14.61,21.8,0.97,0
2019-07-01 06:10:00+00:00,120.34,282.21,115.38,5.1,25.46,25.23,0.41,0
2019-07-01 07:10:00+00:00,152.65,388.82,116.87,7.64,36.58,27.34,0.21,0
2019-07-01 08:10:00+00:00,178.77,470.78,117.55,9.85,47.67,28.97,1.17,0
2019-07-01 09:10:00+00:00,197.63,523.07,124.82,11.54,58.22,30.15,2.07,0
2019-07-01 10:10:00+00:00,208.95,550.2,133.0,12.58,67.05,30.99,2.83,0
2019-07-01 11:10:00+00:00,213.96,573.68,123.79,13.06,71.21,31.51,3.45,0
2019-07-01 12:10:00+00:00,209.76,549.67,132.32,12.66,67.81,31.69,3.86,0
2019-07-01 13:10:00+00:00,198.48,511.67,132.38,11.63,59.31,31.62,4.07,0
2019-07-01 14:10:00+00:00,179.3,451.58,130.22,9.95,48.87,31.27,4.07,0
2019-07-01 15:10:00+00:00,153.27,373.91,125.64,7.81,37.8,30.6,3.93,0
2019-07-01 16:10:00+00:00,120.14,282.52,115.22,5.37,26.67,29.75,3.59,0
2019-07-01 17:10:00+00:00,80.48,185.98,91.71,2.92,15.78,28.73,2.83,0
2019-07-01 18:10:00+00:00,23.38,59.4,37.52,0.7,5.42,27.69,1.79,0
2019-07-01 19:10:00+00:00,0.0,0.0,0.0,0.0,0.0,27.0,1.17,0
2019-07-01 20:10:00+00:00,0.0,0.0,0.0,0.0,0.0,26.19,1.17,0
2019-07-01 21:10:00+00:00,0.0,0.0,0.0,0.0,0.0,25.21,1.1,0
2019-07-01 22:10:00+00:00,0.0,0.0,0.0,0.0,0.0,24.19,1.03,0
2019-07-01 23:10:00+00:00,0.0,0.0,0.0,0.0,0.0,23.45,1.45,0
2019-07-02 00:10:00+00:00,0.0,0.0,0.0,0.0,0.0,22.83,1.59,0
2019-07-02 01:10:00+00:00,0.0,0.0,0.0,0.0,0.0,22.42,1.45,0
2019-07-02 02:10:00+00:00,0.0,0.0,0.0,0.0,0.0,22.36,1.17,0
2019-07-02 03:10:00+00:00,0.0,0.0,0.0,0.0,0.0,23.21,0.69,0
2019-07-02 04:10:00+00:00,3.09,0.0,20.51,0.31,4.25,22.98,0.41,0
2019-07-02 05:10:00+00:00,77.37,172.16,89.6,2.57,14.54,22.7,0.83,0
2019-07-02 06:10:00+00:00,118.74,269.63,119.14,5.0,25.38,24.99,1.31,0
2019-07-02 07:10:00+00:00,150.35,367.71,126.47,7.45,36.5,26.99,0.62,0
2019-07-02 08:10:00+00:00,177.37,462.63,118.6,9.73,47.59,28.72,1.38,0
2019-07-02 09:10:00+00:00,195.62,515.32,125.03,11.4,58.14,30.13,2.14,0
2019-07-02 10:10:00+00:00,207.54,553.24,125.28,12.53,66.97,31.11,2.83,0
2019-07-02 11:10:00+00:00,212.36,566.17,124.86,12.94,71.14,31.37,3.52,0
2019-07-02 12:10:00+00:00,209.61,563.09,115.92,12.67,67.77,31.44,4.07,0
2019-07-02 13:10:00+00:00,197.76,514.69,124.56,11.58,59.29,31.15,4.21,0
2019-07-02 14:10:00+00:00,178.65,453.29,124.82,9.91,48.86,30.86,4.14,0
2019-07-02 15:10:00+00:00,152.06,375.06,120.9,7.77,37.8,30.35,3.59,0
2019-07-02 16:10:00+00:00,119.64,287.99,109.23,5.37,26.66,29.82,3.17,0
2019-07-02 17:10:00+00:00,77.8,176.19,93.12,2.85,15.77,29.04,2.76,0
2019-07-02 18:10:00+00:00,20.42,50.03,36.45,0.66,5.4,27.97,2.14,0
2019-07-02 19:10:00+00:00,0.0,0.0,0.0,0.0,0.0,27.19,1.52,0
2019-07-02 20:10:00+00:00,0.0,0.0,0.0,0.0,0.0,26.41,1.24,0
2019-07-02 21:10:00+00:00,0.0,0.0,0.0,0.0,0.0,25.63,1.17,0
2019-07-02 22:10:00+00:00,0.0,0.0,0.0,0.0,0.0,24.79,1.59,0
2019-07-02 23:10:00+00:00,0.0,0.0,0.0,0.0,0.0,24.07,1.66,0
2019-07-03 00:10:00+00:00,0.0,0.0,0.0,0.0,0.0,23.33,1.52,0
2019-07-03 01:10:00+00:00,0.0,0.0,0.0,0.0,0.0,23.13,1.24,0
2019-07-03 02:10:00+00:00,0.0,0.0,0.0,0.0,0.0,23.44,0.97,0
2019-07-03 03:10:00+00:00,0.0,0.0,0.0,0.0,0.0,22.82,0.97,0
2019-07-03 04:10:00+00:00,2.67,0.0,18.72,0.28,4.16,21.82,1.17,0
2019-07-03 05:10:00+00:00,76.39,166.47,91.48,2.55,14.45,22.3,0.97,0
2019-07-03 06:10:00+00:00,116.84,263.32,121.02,4.94,25.3,25.31,0.97,0
2019-07-03 07:10:00+00:00,150.73,365.75,127.38,7.44,36.42,27.43,1.24,0
2019-07-03 08:10:00+00:00,176.31,452.88,125.0,9.66,47.51,29.08,1.52,0
2019-07-03 09:10:00+00:00,193.95,513.38,125.86,11.39,58.06,30.56,1.72,0
2019-07-03 10:10:00+00:00,205.69,551.98,125.23,12.51,66.88,31.67,2.41,0
2019-07-03 11:10:00+00:00,210.59,564.88,124.81,12.93,71.06,32.3,3.31,0
2019-07-03 12:10:00+00:00,208.23,561.76,116.69,12.67,67.72,32.48,4.0,0
2019-07-03 13:10:00+00:00,195.51,503.29,132.53,11.5,59.27,32.43,4.28,0
2019-07-03 14:10:00+00:00,176.23,444.34,130.26,9.85,48.84,32.18,4.0,0
2019-07-03 15:10:00+00:00,149.24,360.32,130.29,7.68,37.79,31.74,3.45,0
2019-07-03 16:10:00+00:00,116.37,270.78,118.86,5.28,26.65,31.15,2.83,0
2019-07-03 17:10:00+00:00,77.05,175.91,93.07,2.85,15.76,30.33,2.34,0
2019-07-03 18:10:00+00:00,21.26,53.19,36.79,0.67,5.38,29.0,1.86,0
2019-07-03 19:10:00+00:00,0.0,0.0,0.0,0.0,0.0,27.34,1.72,0
2019-07-03 20:10:00+00:00,0.0,0.0,0.0,0.0,0.0,26.3,1.59,0
2019-07-03 21:10:00+00:00,0.0,0.0,0.0,0.0,0.0,25.38,1.45,0
2019-07-03 22:10:00+00:00,0.0,0.0,0.0,0.0,0.0,24.53,1.31,0
2019-07-03 23:10:00+00:00,0.0,0.0,0.0,0.0,0.0,23.63,1.31,0
2019-07-04 00:10:00+00:00,0.0,0.0,0.0,0.0,0.0,23.37,0.97,0
2019-07-04 01:10:00+00:00,0.0,0.0,0.0,0.0,0.0,23.11,0.97,0
2019-07-04 02:10:00+00:00,0.0,0.0,0.0,0.0,0.0,23.1,0.9,0
2019-07-04 03:10:00+00:00,0.0,0.0,0.0,0.0,0.0,23.15,0.69,0
2019-07-04 04:10:00+00:00,2.87,0.0,19.62,0.29,4.08,22.77,0.55,0
2019-07-04 05:10:00+00:00,77.58,172.78,91.11,2.59,14.37,22.96,0.28,0
2019-07-04 06:10:00+00:00,118.82,274.83,117.29,5.04,25.22,24.95,0.48,0
2019-07-04 07:10:00+00:00,153.21,373.32,125.37,7.53,36.34,26.57,1.38,0
2019-07-04 08:10:00+00:00,178.13,461.05,123.78,9.79,47.43,28.09,1.03,0
2019-07-04 09:10:00+00:00,194.82,522.35,123.69,11.54,57.97,29.6,0.97,0
2019-07-04 10:10:00+00:00,205.67,540.11,140.62,12.54,66.79,30.91,1.72,0
2019-07-04 11:10:00+00:00,211.76,573.95,122.62,13.09,70.98,31.71,2.62,0
2019-07-04 12:10:00+00:00,208.36,549.9,131.94,12.7,67.67,32.04,3.31,0
2019-07-04 13:10:00+00:00,197.1,502.62,139.18,11.6,59.24,31.96,3.86,0
2019-07-04 14:10:00+00:00,178.58,443.7,136.27,9.94,48.82,31.37,4.07,0
2019-07-04 15:10:00+00:00,154.31,388.9,114.92,7.93,37.77,30.55,3.66,0
2019-07-04 16:10:00+00:00,121.07,294.89,107.17,5.45,26.63,29.77,3.17,0
2019-07-04 17:10:00+00:00,80.95,190.49,89.72,2.95,15.74,28.96,2.62,0
2019-07-04 18:10:00+00:00,26.5,72.05,36.54,0.72,5.35,27.95,1.79,0
2019-07-04 19:10:00+00:00,0.0,0.0,0.0,0.0,0.0,26.94,1.24,0
2019-07-04 20:10:00+00:00,0.0,0.0,0.0,0.0,0.0,26.05,0.76,0
2019-07-04 21:10:00+00:00,0.0,0.0,0.0,0.0,0.0,24.84,1.03,0
2019-07-04 22:10:00+00:00,0.0,0.0,0.0,0.0,0.0,23.79,1.31,0
2019-07-04 23:10:00+00:00,0.0,0.0,0.0,0.0,0.0,23.03,1.45,0
2019-07-05 00:10:00+00:00,0.0,0.0,0.0,0.0,0.0,23.01,1.1,0
2019-07-05 01:10:00+00:00,0.0,0.0,0.0,0.0,0.0,23.52,0.48,0
2019-07-05 02:10:00+00:00,0.0,0.0,0.0,0.0,0.0,23.15,0.76,0
2019-07-05 03:10:00+00:00,0.0,0.0,0.0,0.0,0.0,21.98,1.03,0
2019-07-05 04:10:00+00:00,2.68,0.0,18.72,0.28,3.98,21.41,1.1,0
2019-07-05 05:10:00+00:00,73.87,156.53,93.02,2.48,14.28,21.81,0.9,0
2019-07-05 06:10:00+00:00,116.28,262.18,119.99,4.92,25.13,24.48,0.69,0
2019-07-05 07:10:00+00:00,149.28,365.2,125.39,7.41,36.25,26.36,0.41,0
2019-07-05 08:10:00+00:00,174.08,451.22,124.86,9.65,47.34,28.05,0.41,0
2019-07-05 09:10:00+00:00,194.23,522.49,117.64,11.45,57.88,29.51,1.31,0
2019-07-05 10:10:00+00:00,204.72,530.33,141.8,12.38,66.69,30.61,2.21,0
2019-07-05 11:10:00+00:00,210.48,553.82,132.48,12.86,70.89,31.27,3.24,0
2019-07-05 12:10:00+00:00,209.47,561.72,115.62,12.69,67.61,31.37,4.28,0
2019-07-05 13:10:00+00:00,197.32,503.34,132.26,11.52,59.2,31.02,4.69,0
2019-07-05 14:10:00+00:00,177.76,443.77,130.02,9.86,48.8,30.87,4.62,0
2019-07-05 15:10:00+00:00,151.31,366.63,125.34,7.73,37.75,30.31,4.21,0
2019-07-05 16:10:00+00:00,118.46,275.73,115.78,5.32,26.61,29.58,4.07,0
2019-07-05 17:10:00+00:00,77.77,175.36,92.99,2.85,15.71,28.7,3.72,0
2019-07-05 18:10:00+00:00,21.09,53.36,35.68,0.66,5.32,27.67,2.83,0
2019-07-05 19:10:00+00:00,0.0,0.0,0.0,0.0,0.0,26.54,1.52,0
2019-07-05 20:10:00+00:00,0.0,0.0,0.0,0.0,0.0,25.77,0.69,0
2019-07-05 21:10:00+00:00,0.0,0.0,0.0,0.0,0.0,24.82,0.69,0
2019-07-05 22:10:00+00:00,0.0,0.0,0.0,0.0,0.0,24.37,0.62,0
2019-07-05 23:10:00+00:00,0.0,0.0,0.0,0.0,0.0,24.22,0.55,0
2019-07-06 00:10:00+00:00,0.0,0.0,0.0,0.0,0.0,23.88,0.48,0
2019-07-06 01:10:00+00:00,0.0,0.0,0.0,0.0,0.0,23.47,0.76,0
2019-07-06 02:10:00+00:00,0.0,0.0,0.0,0.0,0.0,22.02,1.17,0
2019-07-06 03:10:00+00:00,0.0,0.0,0.0,0.0,0.0,21.25,1.31,0
2019-07-06 04:10:00+00:00,2.25,0.0,16.94,0.25,3.89,21.04,1.17,0
2019-07-06 05:10:00+00:00,73.47,158.32,91.06,2.47,14.19,22.29,0.69,0
2019-07-06 06:10:00+00:00,114.54,257.9,120.89,4.88,25.04,24.72,0.21,0
2019-07-06 07:10:00+00:00,148.6,360.52,126.31,7.36,36.16,26.74,0.83,0
2019-07-06 08:10:00+00:00,174.14,439.04,131.33,9.54,47.25,28.3,1.24,0
2019-07-06 09:10:00+00:00,191.79,498.53,133.77,11.27,57.78,29.61,1.31,0
2019-07-06 10:10:00+00:00,203.03,526.14,141.85,12.31,66.59,30.79,2.07,0
2019-07-06 11:10:00+00:00,209.14,548.92,133.4,12.79,70.79,31.44,3.24,0
2019-07-06 12:10:00+00:00,205.7,526.13,141.94,12.42,67.54,31.45,3.79,0
2019-07-06 13:10:00+00:00,193.5,480.42,147.55,11.33,59.16,31.28,3.79,0
2019-07-06 14:10:00+00:00,175.23,431.73,137.31,9.77,48.77,31.05,3.79,0
2019-07-06 15:10:00+00:00,149.19,356.02,130.93,7.65,37.73,30.53,3.72,0
2019-07-06 16:10:00+00:00,116.2,267.38,118.54,5.25,26.59,29.6,3.1,0
2019-07-06 17:10:00+00:00,76.46,172.39,92.73,2.83,15.68,28.55,2.41,0
2019-07-06 18:10:00+00:00,20.14,50.35,35.34,0.64,5.28,27.39,1.86,0
2019-07-06 19:10:00+00:00,0.0,0.0,0.0,0.0,0.0,26.04,1.31,0
2019-07-06 20:10:00+00:00,0.0,0.0,0.0,0.0,0.0,25.27,0.83,0
2019-07-06 21:10:00+00:00,0.0,0.0,0.0,0.0,0.0,24.51,0.55,0
2019-07-06 22:10:00+00:00,0.0,0.0,0.0,0.0,0.0,24.25,0.48,0
2019-07-06 23:10:00+00:00,0.0,0.0,0.0,0.0,0.0,23.84,0.34,0
2019-07-07 00:10:00+00:00,0.0,0.0,0.0,0.0,0.0,22.21,1.38,0
2019-07-07 01:10:00+00:00,0.0,0.0,0.0,0.0,0.0,21.72,1.52,0
2019-07-07 02:10:00+00:00,0.0,0.0,0.0,0.0,0.0,21.45,1.38,0
2019-07-07 03:10:00+00:00,0.0,0.0,0.0,0.0,0.0,21.26,1.93,0
2019-07-07 04:10:00+00:00,1.62,0.0,14.27,0.21,3.79,21.18,2.14,0
2019-07-07 05:10:00+00:00,41.43,45.31,99.72,1.74,14.09,21.99,1.86,0
2019-07-07 06:10:00+00:00,99.27,163.48,160.16,4.25,24.95,24.6,2.14,0
2019-07-07 07:10:00+00:00,132.86,222.17,206.06,6.35,36.07,26.41,2.48,0
2019-07-07 08:10:00+00:00,172.01,391.07,161.24,9.15,47.16,27.52,2.9,0
2019-07-07 09:10:00+00:00,173.28,244.57,314.13,9.16,57.68,28.68,3.38,0
2019-07-07 10:10:00+00:00,200.63,444.04,201.94,11.64,66.48,29.42,3.72,0
2019-07-07 11:10:00+00:00,207.75,519.79,151.29,12.51,70.68,30.07,3.59,0
2019-07-07 12:10:00+00:00,203.16,498.23,158.25,12.14,67.47,30.97,4.14,0
2019-07-07 13:10:00+00:00,186.62,389.72,213.13,10.6,59.11,31.1,4.55,0
2019-07-07 14:10:00+00:00,172.5,400.09,155.91,9.49,48.74,30.65,4.76,0
2019-07-07 15:10:00+00:00,144.7,316.43,153.66,7.34,37.7,30.1,4.28,0
2019-07-07 16:10:00+00:00,99.72,163.25,166.8,4.53,26.55,29.36,4.0,0
2019-07-07 17:10:00+00:00,28.06,10.76,94.45,1.45,15.64,28.35,3.24,0
2019-07-07 18:10:00+00:00,17.28,41.04,34.32,0.6,5.24,27.46,2.62,0
2019-07-07 19:10:00+00:00,0.0,0.0,0.0,0.0,0.0,26.63,2.14,0
2019-07-07 20:10:00+00:00,0.0,0.0,0.0,0.0,0.0,26.11,2.07,0
2019-07-07 21:10:00+00:00,0.0,0.0,0.0,0.0,0.0,25.69,2.28,0
2019-07-07 22:10:00+00:00,0.0,0.0,0.0,0.0,0.0,25.3,2.28,0
2019-07-07 23:10:00+00:00,0.0,0.0,0.0,0.0,0.0,24.94,2.34,0
2019-07-08 00:10:00+00:00,0.0,0.0,0.0,0.0,0.0,24.59,2.48,0
2019-07-08 01:10:00+00:00,0.0,0.0,0.0,0.0,0.0,24.27,2.48,0
2019-07-08 02:10:00+00:00,0.0,0.0,0.0,0.0,0.0,24.0,2.34,0
2019-07-08 03:10:00+00:00,0.0,0.0,0.0,0.0,0.0,23.77,2.0,0
2019-07-08 04:10:00+00:00,1.4,0.0,13.37,0.2,3.69,23.65,1.72,0
2019-07-08 05:10:00+00:00,50.99,77.17,100.16,1.97,14.0,24.11,1.86,0
2019-07-08 06:10:00+00:00,109.1,225.19,130.95,4.61,24.85,25.29,2.48,0
2019-07-08 07:10:00+00:00,145.33,329.41,140.56,7.09,35.98,26.48,2.07,0
2019-07-08 08:10:00+00:00,171.64,411.51,143.49,9.26,47.06,28.08,2.34,0
2019-07-08 09:10:00+00:00,186.65,409.94,194.45,10.54,57.58,29.23,2.83,0
2019-07-08 10:10:00+00:00,197.54,441.98,201.01,11.6,66.37,30.01,2.76,0
2019-07-08 11:10:00+00:00,205.09,516.92,151.26,12.47,70.57,30.86,3.03,0
2019-07-08 12:10:00+00:00,201.9,514.78,142.18,12.23,67.39,31.3,3.38,0
2019-07-08 13:10:00+00:00,188.66,443.21,169.5,10.99,59.06,31.21,3.66,0
2019-07-08 14:10:00+00:00,160.44,282.04,239.89,8.59,48.7,29.96,2.97,0
2019-07-08 15:10:00+00:00,142.26,308.37,157.36,7.27,37.66,30.07,2.9,0
2019-07-08 16:10:00+00:00,106.3,204.87,147.58,4.82,26.52,29.45,3.52,0
2019-07-08 17:10:00+00:00,23.55,5.37,85.4,1.27,15.6,28.45,2.76,0
2019-07-08 18:10:00+00:00,15.36,34.86,33.64,0.58,5.19,27.6,1.59,0
2019-07-08 19:10:00+00:00,0.0,0.0,0.0,0.0,0.0,26.8,1.03,0
2019-07-08 20:10:00+00:00,0.0,0.0,0.0,0.0,0.0,26.4,1.17,0
2019-07-08 21:10:00+00:00,0.0,0.0,0.0,0.0,0.0,25.92,1.72,0
2019-07-08 22:10:00+00:00,0.0,0.0,0.0,0.0,0.0,25.47,2.21,0
2019-07-08 23:10:00+00:00,0.0,0.0,0.0,0.0,0.0,25.1,2.34,0
2019-07-09 00:10:00+00:00,0.0,0.0,0.0,0.0,0.0,24.86,2.28,0
2019-07-09 01:10:00+00:00,0.0,0.0,0.0,0.0,0.0,24.63,2.0,0
2019-07-09 02:10:00+00:00,0.0,0.0,0.0,0.0,0.0,24.54,2.28,0
2019-07-09 03:10:00+00:00,0.0,0.0,0.0,0.0,0.0,24.36,2.62,0
2019-07-09 04:10:00+00:00,0.0,0.0,3.57,0.05,3.58,24.18,2.76,0
2019-07-09 05:10:00+00:00,17.3,3.03,66.53,0.98,13.89,24.68,2.83,0
2019-07-09 06:10:00+00:00,119.7,296.24,94.15,5.01,24.75,25.9,3.45,0
2019-07-09 07:10:00+00:00,140.83,285.71,169.99,6.83,35.88,27.53,2.76,0
2019-07-09 08:10:00+00:00,46.04,0.0,160.4,2.3,46.96,28.52,2.69,0
2019-07-09 09:10:00+00:00,41.71,0.0,147.35,2.12,57.48,29.0,2.76,0
2019-07-09 10:10:00+00:00,24.29,0.0,93.26,1.34,66.25,29.97,4.28,0
2019-07-09 11:10:00+00:00,183.07,209.46,384.19,9.79,70.46,30.93,4.62,0
2019-07-09 12:10:00+00:00,206.81,539.53,124.24,12.46,67.3,30.41,4.62,0
2019-07-09 13:10:00+00:00,193.99,482.95,140.13,11.32,59.0,29.93,4.28,0
2019-07-09 14:10:00+00:00,131.24,94.58,332.64,6.51,48.65,30.7,4.34,0
2019-07-09 15:10:00+00:00,146.82,336.62,140.09,7.5,37.62,30.44,4.83,0
2019-07-09 16:10:00+00:00,111.04,232.68,134.42,5.02,26.48,29.53,4.41,0
2019-07-09 17:10:00+00:00,68.5,138.09,100.63,2.63,15.56,28.7,2.62,0
2019-07-09 18:10:00+00:00,15.98,38.21,32.94,0.58,5.14,28.17,1.86,0
2019-07-09 19:10:00+00:00,0.0,0.0,0.0,0.0,0.0,27.56,1.93,0
2019-07-09 20:10:00+00:00,0.0,0.0,0.0,0.0,0.0,26.69,2.55,0
2019-07-09 21:10:00+00:00,0.0,0.0,0.0,0.0,0.0,26.04,3.24,0
2019-07-09 22:10:00+00:00,0.0,0.0,0.0,0.0,0.0,25.5,3.72,0
2019-07-09 23:10:00+00:00,0.0,0.0,0.0,0.0,0.0,25.09,3.66,0
2019-07-10 00:10:00+00:00,0.0,0.0,0.0,0.0,0.0,24.77,3.72,0
2019-07-10 01:10:00+00:00,0.0,0.0,0.0,0.0,0.0,24.59,4.07,0
2019-07-10 02:10:00+00:00,0.0,0.0,0.0,0.0,0.0,24.38,3.93,0
2019-07-10 03:10:00+00:00,0.0,0.0,0.0,0.0,0.0,24.15,3.31,0
2019-07-10 04:10:00+00:00,1.8,0.0,15.16,0.23,3.47,24.11,3.17,0
2019-07-10 05:10:00+00:00,40.34,47.07,96.15,1.7,13.79,24.34,2.9,0
2019-07-10 06:10:00+00:00,74.13,69.04,175.66,3.34,24.65,25.44,3.24,0
2019-07-10 07:10:00+00:00,144.1,322.5,139.49,6.98,35.78,26.99,3.93,0
2019-07-10 08:10:00+00:00,171.87,403.31,144.35,9.15,46.86,27.51,4.0,0
2019-07-10 09:10:00+00:00,184.44,364.44,223.54,10.14,57.37,28.08,4.28,0
2019-07-10 10:10:00+00:00,205.7,497.09,150.98,11.95,66.13,25.48,3.79,0
2019-07-10 11:10:00+00:00,149.09,63.28,419.06,7.32,70.33,25.49,1.38,0
2019-07-10 12:10:00+00:00,19.56,0.0,77.4,1.11,67.21,26.8,0.69,0
2019-07-10 13:10:00+00:00,17.45,0.0,70.88,1.02,58.94,27.89,1.52,0
2019-07-10 14:10:00+00:00,104.52,29.97,312.44,5.04,48.6,28.38,2.14,0
2019-07-10 15:10:00+00:00,146.27,345.78,126.88,7.48,37.57,28.65,4.0,0
2019-07-10 16:10:00+00:00,114.78,257.45,115.02,5.1,26.43,25.7,4.69,0
2019-07-10 17:10:00+00:00,75.8,172.69,87.16,2.77,15.5,26.21,4.0,0
2019-07-10 18:10:00+00:00,19.13,48.01,33.97,0.62,5.08,26.02,3.1,0
2019-07-10 19:10:00+00:00,0.0,0.0,0.0,0.0,0.0,26.08,3.24,0
2019-07-10 20:10:00+00:00,0.0,0.0,0.0,0.0,0.0,25.1,3.38,0
2019-07-10 21:10:00+00:00,0.0,0.0,0.0,0.0,0.0,24.17,3.45,0
2019-07-10 22:10:00+00:00,0.0,0.0,0.0,0.0,0.0,23.27,3.52,0
2019-07-10 23:10:00+00:00,0.0,0.0,0.0,0.0,0.0,22.49,3.59,0
2019-07-11 00:10:00+00:00,0.0,0.0,0.0,0.0,0.0,21.72,3.45,0
2019-07-11 01:10:00+00:00,0.0,0.0,0.0,0.0,0.0,21.02,3.24,0
2019-07-11 02:10:00+00:00,0.0,0.0,0.0,0.0,0.0,20.35,3.1,0
2019-07-11 03:10:00+00:00,0.0,0.0,0.0,0.0,0.0,19.73,2.97,0
2019-07-11 04:10:00+00:00,1.65,0.0,14.27,0.21,3.36,19.19,2.83,0
2019-07-11 05:10:00+00:00,72.54,156.66,85.87,2.37,13.68,19.42,2.62,0
2019-07-11 06:10:00+00:00,117.72,269.66,107.92,4.86,24.55,21.07,2.28,0
2019-07-11 07:10:00+00:00,146.82,326.35,142.19,7.09,35.68,23.39,1.93,0
2019-07-11 08:10:00+00:00,175.76,438.19,124.48,9.49,46.75,25.04,1.86,0
2019-07-11 09:10:00+00:00,194.79,490.38,132.45,11.17,57.25,25.91,2.34,0
2019-07-11 10:10:00+00:00,203.69,470.42,180.01,11.9,66.0,26.3,2.83,0
2019-07-11 11:10:00+00:00,205.02,429.8,224.96,11.92,70.2,26.54,3.1,0
2019-07-11 12:10:00+00:00,202.62,445.76,200.94,11.83,67.11,26.94,3.31,0
2019-07-11 13:10:00+00:00,191.76,438.57,175.11,11.04,58.87,27.29,3.1,0
2019-07-11 14:10:00+00:00,144.94,150.26,316.58,7.32,48.55,27.3,2.83,0
2019-07-11 15:10:00+00:00,95.92,48.47,264.02,4.58,37.52,26.93,2.76,0
2019-07-11 16:10:00+00:00,83.3,85.3,189.11,3.83,26.38,26.18,2.83,0
2019-07-11 17:10:00+00:00,49.37,61.49,111.04,2.1,15.45,25.51,2.62,0
2019-07-11 18:10:00+00:00,5.38,6.44,23.86,0.36,5.01,25.0,2.07,0
2019-07-11 19:10:00+00:00,0.0,0.0,0.0,0.0,0.0,24.28,1.1,0
2019-07-11 20:10:00+00:00,0.0,0.0,0.0,0.0,0.0,23.86,0.48,0
2019-07-11 21:10:00+00:00,0.0,0.0,0.0,0.0,0.0,23.21,0.62,0
2019-07-11 22:10:00+00:00,0.0,0.0,0.0,0.0,0.0,23.13,0.55,0
2019-07-11 23:10:00+00:00,0.0,0.0,0.0,0.0,0.0,22.96,0.34,0
2019-07-12 00:10:00+00:00,0.0,0.0,0.0,0.0,0.0,22.73,0.14,0
2019-07-12 01:10:00+00:00,0.0,0.0,0.0,0.0,0.0,22.52,0.0,0
2019-07-12 02:10:00+00:00,0.0,0.0,0.0,0.0,0.0,22.19,0.55,0
2019-07-12 03:10:00+00:00,0.0,0.0,0.0,0.0,0.0,21.26,0.97,0
2019-07-12 04:10:00+00:00,1.05,0.0,11.59,0.17,3.24,20.67,1.03,0
2019-07-12 05:10:00+00:00,64.48,127.98,91.98,2.22,13.57,21.11,0.83,0
2019-07-12 06:10:00+00:00,102.52,191.1,144.62,4.38,24.44,23.02,0.62,0
2019-07-12 07:10:00+00:00,145.95,341.35,129.7,7.15,35.57,24.64,1.38,0
2019-07-12 08:10:00+00:00,171.42,409.64,142.94,9.27,46.65,25.87,1.59,0
2019-07-12 09:10:00+00:00,177.14,285.89,284.12,9.57,57.14,26.72,2.34,0
2019-07-12 10:10:00+00:00,131.48,33.39,391.52,6.3,65.87,27.51,2.97,0
2019-07-12 11:10:00+00:00,177.35,171.31,401.01,9.28,70.07,28.07,3.24,0
2019-07-12 12:10:00+00:00,203.32,486.19,164.57,12.1,67.01,28.06,3.52,0
2019-07-12 13:10:00+00:00,189.63,419.27,187.07,10.87,58.79,27.94,3.66,0
2019-07-12 14:10:00+00:00,170.09,368.48,176.53,9.3,48.49,27.88,3.59,0
2019-07-12 15:10:00+00:00,148.07,352.41,125.52,7.6,37.47,27.35,3.17,0
2019-07-12 16:10:00+00:00,115.14,267.9,112.02,5.23,26.32,26.96,2.48,0
2019-07-12 17:10:00+00:00,74.22,166.85,90.07,2.76,15.39,26.5,2.0,0
2019-07-12 18:10:00+00:00,21.5,58.38,32.78,0.63,4.94,25.98,1.86,0
2019-07-12 19:10:00+00:00,0.0,0.0,0.0,0.0,0.0,25.33,1.52,0
2019-07-12 20:10:00+00:00,0.0,0.0,0.0,0.0,0.0,24.84,1.59,0
2019-07-12 21:10:00+00:00,0.0,0.0,0.0,0.0,0.0,24.28,1.79,0
2019-07-12 22:10:00+00:00,0.0,0.0,0.0,0.0,0.0,23.86,1.86,0
2019-07-12 23:10:00+00:00,0.0,0.0,0.0,0.0,0.0,23.59,1.79,0
2019-07-13 00:10:00+00:00,0.0,0.0,0.0,0.0,0.0,23.24,1.79,0
2019-07-13 01:10:00+00:00,0.0,0.0,0.0,0.0,0.0,23.13,2.07,0
2019-07-13 02:10:00+00:00,0.0,0.0,0.0,0.0,0.0,22.94,2.28,0
2019-07-13 03:10:00+00:00,0.0,0.0,0.0,0.0,0.0,22.64,2.41,0
2019-07-13 04:10:00+00:00,0.68,0.0,9.81,0.15,3.12,22.35,2.62,0
2019-07-13 05:10:00+00:00,29.55,21.37,86.84,1.39,13.46,22.85,2.55,0
2019-07-13 06:10:00+00:00,109.31,234.71,120.11,4.6,24.33,24.21,3.31,0
2019-07-13 07:10:00+00:00,143.3,314.96,142.99,6.94,35.47,25.44,3.31,0
2019-07-13 08:10:00+00:00,162.59,305.69,212.66,8.47,46.54,26.56,3.45,0
2019-07-13 09:10:00+00:00,170.9,232.73,313.79,8.99,57.02,27.63,3.86,0
2019-07-13 10:10:00+00:00,200.85,458.88,180.21,11.71,65.73,28.25,4.48,0
2019-07-13 11:10:00+00:00,206.4,470.5,182.07,12.12,69.93,27.48,4.9,0
2019-07-13 12:10:00+00:00,197.64,385.53,241.16,11.27,66.89,27.26,4.55,0
2019-07-13 13:10:00+00:00,180.69,315.35,262.63,9.98,58.71,27.58,3.59,0
2019-07-13 14:10:00+00:00,158.38,265.68,245.04,8.43,48.42,27.79,2.76,0
2019-07-13 15:10:00+00:00,136.1,263.27,181.37,6.94,37.41,28.07,1.93,0
2019-07-13 16:10:00+00:00,16.58,0.0,68.08,0.98,26.26,27.96,1.24,0
2019-07-13 17:10:00+00:00,66.08,133.29,98.07,2.56,15.32,27.58,1.45,0
2019-07-13 18:10:00+00:00,16.59,42.5,31.22,0.56,4.87,27.0,1.93,0
2019-07-13 19:10:00+00:00,0.0,0.0,0.0,0.0,0.0,26.48,2.0,0
2019-07-13 20:10:00+00:00,0.0,0.0,0.0,0.0,0.0,25.67,1.86,0
2019-07-13 21:10:00+00:00,0.0,0.0,0.0,0.0,0.0,24.83,1.86,0
2019-07-13 22:10:00+00:00,0.0,0.0,0.0,0.0,0.0,23.96,2.0,0
2019-07-13 23:10:00+00:00,0.0,0.0,0.0,0.0,0.0,23.13,2.14,0
2019-07-14 00:10:00+00:00,0.0,0.0,0.0,0.0,0.0,22.22,2.07,0
2019-07-14 01:10:00+00:00,0.0,0.0,0.0,0.0,0.0,21.53,2.07,0
2019-07-14 02:10:00+00:00,0.0,0.0,0.0,0.0,0.0,20.97,2.07,0
2019-07-14 03:10:00+00:00,0.0,0.0,0.0,0.0,0.0,20.56,2.0,0
2019-07-14 04:10:00+00:00,1.24,0.0,12.48,0.19,3.0,20.23,2.07,0
2019-07-14 05:10:00+00:00,69.86,154.39,82.65,2.3,13.34,20.7,1.86,0
2019-07-14 06:10:00+00:00,112.36,252.16,112.49,4.72,24.22,22.52,1.86,0
2019-07-14 07:10:00+00:00,146.82,350.47,119.98,7.18,35.36,23.77,1.79,0
2019-07-14 08:10:00+00:00,171.76,438.02,118.69,9.45,46.42,25.5,0.97,0
2019-07-14 09:10:00+00:00,190.5,491.12,125.05,11.13,56.89,26.49,1.52,0
2019-07-14 10:10:00+00:00,200.44,481.48,165.18,11.95,65.59,27.39,2.28,0
2019-07-14 11:10:00+00:00,199.18,406.72,236.85,11.7,69.78,28.02,2.62,0
2019-07-14 12:10:00+00:00,202.08,492.35,157.06,12.15,66.77,28.22,3.1,0
2019-07-14 13:10:00+00:00,192.08,475.83,138.58,11.27,58.62,27.8,3.38,0
2019-07-14 14:10:00+00:00,173.1,402.39,148.32,9.54,48.35,26.98,4.0,0
2019-07-14 15:10:00+00:00,146.98,343.35,129.02,7.53,37.34,26.98,3.72,0
2019-07-14 16:10:00+00:00,112.7,250.25,119.45,5.1,26.19,26.51,3.45,0
2019-07-14 17:10:00+00:00,70.45,149.07,94.11,2.65,15.25,26.13,3.31,0
2019-07-14 18:10:00+00:00,8.87,16.49,27.68,0.44,4.79,25.49,3.1,0
2019-07-14 19:10:00+00:00,0.0,0.0,0.0,0.0,0.0,24.86,2.0,0
2019-07-14 20:10:00+00:00,0.0,0.0,0.0,0.0,0.0,24.4,0.76,0
2019-07-14 21:10:00+00:00,0.0,0.0,0.0,0.0,0.0,23.71,1.1,0
2019-07-14 22:10:00+00:00,0.0,0.0,0.0,0.0,0.0,23.3,1.79,0
2019-07-14 23:10:00+00:00,0.0,0.0,0.0,0.0,0.0,22.64,2.62,0
2019-07-15 00:10:00+00:00,0.0,0.0,0.0,0.0,0.0,22.19,2.9,0
2019-07-15 01:10:00+00:00,0.0,0.0,0.0,0.0,0.0,21.74,2.83,0
2019-07-15 02:10:00+00:00,0.0,0.0,0.0,0.0,0.0,21.63,2.83,0
2019-07-15 03:10:00+00:00,0.0,0.0,0.0,0.0,0.0,21.58,2.69,0
2019-07-15 04:10:00+00:00,0.36,0.0,8.02,0.12,2.88,21.38,2.69,0
2019-07-15 05:10:00+00:00,3.12,0.0,20.52,0.29,13.22,21.69,2.55,0
2019-07-15 06:10:00+00:00,27.92,0.0,101.65,1.46,24.11,22.53,2.34,0
2019-07-15 07:10:00+00:00,77.9,22.29,232.56,3.68,35.24,24.31,1.59,0
2019-07-15 08:10:00+00:00,34.14,0.0,122.17,1.76,46.31,25.34,1.59,0
2019-07-15 09:10:00+00:00,30.06,0.0,110.04,1.58,56.77,26.43,2.07,0
2019-07-15 10:10:00+00:00,52.92,0.0,179.99,2.59,65.45,26.52,2.62,0
2019-07-15 11:10:00+00:00,51.3,0.0,175.33,2.52,69.62,26.91,2.76,0
2019-07-15 12:10:00+00:00,145.32,58.84,409.9,7.1,66.65,27.11,2.76,0
2019-07-15 13:10:00+00:00,76.54,0.7,252.7,3.64,58.53,27.67,2.83,0
2019-07-15 14:10:00+00:00,41.66,0.0,146.42,2.1,48.27,27.76,2.62,0
2019-07-15 15:10:00+00:00,36.55,0.0,130.56,1.88,37.27,27.34,2.07,0
2019-07-15 16:10:00+00:00,57.84,22.08,174.52,2.8,26.12,26.78,1.31,0
2019-07-15 17:10:00+00:00,72.06,163.48,87.65,2.71,15.17,26.13,1.17,0
2019-07-15 18:10:00+00:00,0.41,0.0,8.39,0.12,4.7,25.42,1.93,0
2019-07-15 19:10:00+00:00,0.0,0.0,0.0,0.0,0.0,24.93,0.34,0
2019-07-15 20:10:00+00:00,0.0,0.0,0.0,0.0,0.0,23.55,1.93,0
2019-07-15 21:10:00+00:00,0.0,0.0,0.0,0.0,0.0,22.27,2.14,0
2019-07-15 22:10:00+00:00,0.0,0.0,0.0,0.0,0.0,21.86,2.07,0
2019-07-15 23:10:00+00:00,0.0,0.0,0.0,0.0,0.0,21.68,1.66,0
2019-07-16 00:10:00+00:00,0.0,0.0,0.0,0.0,0.0,21.31,1.86,0
2019-07-16 01:10:00+00:00,0.0,0.0,0.0,0.0,0.0,20.96,2.21,0
2019-07-16 02:10:00+00:00,0.0,0.0,0.0,0.0,0.0,20.54,2.28,0
2019-07-16 03:10:00+00:00,0.0,0.0,0.0,0.0,0.0,20.22,1.38,0
2019-07-16 04:10:00+00:00,0.7,0.0,9.81,0.15,2.75,19.95,1.79,0
2019-07-16 05:10:00+00:00,62.99,122.69,90.86,2.16,13.1,19.91,2.69,0
2019-07-16 06:10:00+00:00,96.02,148.62,159.33,4.07,23.99,20.82,2.97,0
2019-07-16 07:10:00+00:00,149.12,343.94,127.27,7.21,35.13,23.26,3.66,0
2019-07-16 08:10:00+00:00,175.42,420.82,134.7,9.42,46.19,24.94,3.24,0
2019-07-16 09:10:00+00:00,193.02,471.77,144.93,11.12,56.64,26.48,2.83,0
2019-07-16 10:10:00+00:00,203.14,508.99,146.45,12.26,65.3,27.77,2.48,0
2019-07-16 11:10:00+00:00,200.32,438.85,216.13,12.08,69.46,28.71,1.86,0
2019-07-16 12:10:00+00:00,185.82,290.76,320.45,10.58,66.52,29.19,1.66,0
2019-07-16 13:10:00+00:00,185.95,415.38,192.22,10.96,58.43,29.66,2.21,0
2019-07-16 14:10:00+00:00,167.84,373.02,174.48,9.43,48.19,30.11,2.76,0
2019-07-16 15:10:00+00:00,105.3,77.88,268.35,5.14,37.19,30.03,3.31,0
2019-07-16 16:10:00+00:00,95.23,142.69,174.02,4.41,26.04,29.44,3.93,0
2019-07-16 17:10:00+00:00,72.77,164.59,90.0,2.75,15.09,29.02,4.07,0
2019-07-16 18:10:00+00:00,18.1,50.51,29.79,0.56,4.61,28.14,4.28,0
2019-07-16 19:10:00+00:00,0.0,0.0,0.0,0.0,0.0,26.59,4.0,0
2019-07-16 20:10:00+00:00,0.0,0.0,0.0,0.0,0.0,25.21,3.86,0
2019-07-16 21:10:00+00:00,0.0,0.0,0.0,0.0,0.0,24.11,3.52,0
2019-07-16 22:10:00+00:00,0.0,0.0,0.0,0.0,0.0,23.1,3.03,0
2019-07-16 23:10:00+00:00,0.0,0.0,0.0,0.0,0.0,22.11,2.62,0
2019-07-17 00:10:00+00:00,0.0,0.0,0.0,0.0,0.0,21.23,2.34,0
2019-07-17 01:10:00+00:00,0.0,0.0,0.0,0.0,0.0,20.5,2.28,0
2019-07-17 02:10:00+00:00,0.0,0.0,0.0,0.0,0.0,19.94,2.21,0
2019-07-17 03:10:00+00:00,0.0,0.0,0.0,0.0,0.0,19.45,2.14,0
2019-07-17 04:10:00+00:00,0.88,0.0,10.7,0.16,2.62,19.06,2.14,0
2019-07-17 05:10:00+00:00,68.68,149.0,83.77,2.26,12.98,19.6,2.0,0
2019-07-17 06:10:00+00:00,112.61,256.32,109.47,4.74,23.88,22.1,1.79,0
2019-07-17 07:10:00+00:00,146.22,355.15,118.56,7.27,35.01,24.69,1.24,0
2019-07-17 08:10:00+00:00,170.79,435.87,121.67,9.51,46.07,26.0,0.69,0
2019-07-17 09:10:00+00:00,188.92,479.22,137.55,11.17,56.51,27.07,1.1,0
2019-07-17 10:10:00+00:00,197.06,435.53,205.09,11.72,65.14,27.88,1.93,0
2019-07-17 11:10:00+00:00,203.07,455.41,201.18,12.22,69.3,28.03,2.55,0
2019-07-17 12:10:00+00:00,204.94,528.33,130.38,12.54,66.38,27.97,2.97,0
2019-07-17 13:10:00+00:00,193.69,482.09,137.49,11.45,58.32,27.42,3.24,0
2019-07-17 14:10:00+00:00,176.01,448.63,114.62,9.95,48.1,27.07,3.24,0
2019-07-17 15:10:00+00:00,147.71,348.68,127.39,7.65,37.11,26.5,3.03,0
2019-07-17 16:10:00+00:00,113.83,260.74,114.32,5.21,25.96,26.38,2.83,0
2019-07-17 17:10:00+00:00,70.48,151.11,93.31,2.67,15.0,25.9,2.55,0
2019-07-17 18:10:00+00:00,13.48,34.08,28.3,0.5,4.51,25.21,1.86,0
2019-07-17 19:10:00+00:00,0.0,0.0,0.0,0.0,0.0,24.44,1.38,0
2019-07-17 20:10:00+00:00,0.0,0.0,0.0,0.0,0.0,23.8,1.03,0
2019-07-17 21:10:00+00:00,0.0,0.0,0.0,0.0,0.0,23.08,1.24,0
2019-07-17 22:10:00+00:00,0.0,0.0,0.0,0.0,0.0,22.0,1.24,0
2019-07-17 23:10:00+00:00,0.0,0.0,0.0,0.0,0.0,21.69,1.03,0
2019-07-18 00:10:00+00:00,0.0,0.0,0.0,0.0,0.0,21.82,0.83,0
2019-07-18 01:10:00+00:00,0.0,0.0,0.0,0.0,0.0,21.88,0.48,0
2019-07-18 02:10:00+00:00,0.0,0.0,0.0,0.0,0.0,21.55,0.28,0
2019-07-18 03:10:00+00:00,0.0,0.0,0.0,0.0,0.0,21.28,0.55,0
2019-07-18 04:10:00+00:00,0.37,0.0,8.02,0.12,2.48,20.56,0.9,0
2019-07-18 05:10:00+00:00,58.45,112.31,88.79,2.05,12.85,20.16,0.9,0
2019-07-18 06:10:00+00:00,105.57,223.79,122.66,4.51,23.75,22.62,0.76,0
2019-07-18 07:10:00+00:00,141.32,332.19,128.04,7.06,34.89,24.47,0.62,0
2019-07-18 08:10:00+00:00,168.1,409.67,134.65,9.26,45.94,25.86,1.24,0
2019-07-18 09:10:00+00:00,187.33,459.5,145.85,10.95,56.37,26.99,1.86,0
2019-07-18 10:10:00+00:00,200.35,506.51,139.42,12.15,64.98,27.91,2.55,0
2019-07-18 11:10:00+00:00,204.05,500.23,156.4,12.46,69.12,28.56,3.17,0
2019-07-18 12:10:00+00:00,199.38,461.1,177.79,11.95,66.23,28.72,3.86,0
2019-07-18 13:10:00+00:00,190.61,462.68,145.75,11.23,58.21,28.33,4.14,0
2019-07-18 14:10:00+00:00,169.68,391.55,152.14,9.49,48.01,28.0,3.79,0
2019-07-18 15:10:00+00:00,142.15,308.15,150.03,7.32,37.02,27.4,3.86,0
2019-07-18 16:10:00+00:00,110.8,246.7,117.95,5.08,25.87,26.64,3.59,0
2019-07-18 17:10:00+00:00,68.05,142.97,93.73,2.6,14.9,25.99,2.62,0
2019-07-18 18:10:00+00:00,11.32,27.63,26.68,0.46,4.41,25.14,1.79,0
2019-07-18 19:10:00+00:00,0.0,0.0,0.0,0.0,0.0,24.22,1.59,0
2019-07-18 20:10:00+00:00,0.0,0.0,0.0,0.0,0.0,23.72,0.9,0
2019-07-18 21:10:00+00:00,0.0,0.0,0.0,0.0,0.0,23.02,0.41,0
2019-07-18 22:10:00+00:00,0.0,0.0,0.0,0.0,0.0,23.0,0.34,0
2019-07-18 23:10:00+00:00,0.0,0.0,0.0,0.0,0.0,22.67,0.41,0
2019-07-19 00:10:00+00:00,0.0,0.0,0.0,0.0,0.0,22.39,0.41,0
2019-07-19 01:10:00+00:00,0.0,0.0,0.0,0.0,0.0,22.07,0.48,0
2019-07-19 02:10:00+00:00,0.0,0.0,0.0,0.0,0.0,21.69,0.41,0
2019-07-19 03:10:00+00:00,0.0,0.0,0.0,0.0,0.0,21.34,0.62,0
2019-07-19 04:10:00+00:00,0.22,0.0,7.13,0.11,2.35,20.58,0.9,0
2019-07-19 05:10:00+00:00,55.44,103.23,88.91,1.98,12.73,20.7,0.76,0
2019-07-19 06:10:00+00:00,102.37,213.06,124.26,4.41,23.63,22.55,0.34,0
2019-07-19 07:10:00+00:00,136.18,300.8,144.13,6.81,34.77,24.04,0.14,0
2019-07-19 08:10:00+00:00,162.08,371.4,157.89,8.94,45.82,25.53,0.41,0
2019-07-19 09:10:00+00:00,183.3,451.92,145.95,10.83,56.23,26.96,1.03,0
2019-07-19 10:10:00+00:00,197.49,516.84,124.62,12.15,64.82,28.09,1.86,0
2019-07-19 11:10:00+00:00,201.66,511.06,140.7,12.46,68.95,28.72,2.69,0
2019-07-19 12:10:00+00:00,199.61,509.31,131.65,12.23,66.08,28.7,3.38,0
2019-07-19 13:10:00+00:00,186.34,437.78,159.43,10.97,58.09,28.58,3.72,0
2019-07-19 14:10:00+00:00,91.62,13.18,286.76,4.37,47.91,28.08,3.38,0
2019-07-19 15:10:00+00:00,141.99,332.16,128.26,7.42,36.93,27.75,3.17,0
2019-07-19 16:10:00+00:00,107.99,240.31,117.74,5.0,25.78,27.47,3.1,0
2019-07-19 17:10:00+00:00,67.01,142.79,91.58,2.57,14.8,26.71,2.83,0
2019-07-19 18:10:00+00:00,11.36,28.04,26.72,0.46,4.3,25.8,2.14,0
2019-07-19 19:10:00+00:00,0.0,0.0,0.0,0.0,0.0,24.9,1.66,0
2019-07-19 20:10:00+00:00,0.0,0.0,0.0,0.0,0.0,24.31,1.1,0
2019-07-19 21:10:00+00:00,0.0,0.0,0.0,0.0,0.0,23.81,0.62,0
2019-07-19 22:10:00+00:00,0.0,0.0,0.0,0.0,0.0,23.61,0.28,0
2019-07-19 23:10:00+00:00,0.0,0.0,0.0,0.0,0.0,23.3,0.28,0
2019-07-20 00:10:00+00:00,0.0,0.0,0.0,0.0,0.0,22.97,0.28,0
2019-07-20 01:10:00+00:00,0.0,0.0,0.0,0.0,0.0,22.6,0.28,0
2019-07-20 02:10:00+00:00,0.0,0.0,0.0,0.0,0.0,22.24,0.34,0
2019-07-20 03:10:00+00:00,0.0,0.0,0.0,0.0,0.0,21.86,0.55,0
2019-07-20 04:10:00+00:00,0.0,0.0,0.0,0.0,0.0,21.26,0.83,0
2019-07-20 05:10:00+00:00,57.01,112.64,85.82,2.01,12.6,21.37,0.69,0
2019-07-20 06:10:00+00:00,103.93,226.09,117.59,4.49,23.51,23.25,0.48,0
2019-07-20 07:10:00+00:00,138.8,331.39,123.04,7.01,34.65,25.07,0.48,0
2019-07-20 08:10:00+00:00,164.0,417.36,123.38,9.27,45.69,26.5,0.14,0
2019-07-20 09:10:00+00:00,183.73,470.54,130.41,10.97,56.09,27.87,1.17,0
2019-07-20 10:10:00+00:00,197.08,508.62,131.33,12.12,64.65,29.02,2.34,0
2019-07-20 11:10:00+00:00,202.75,532.53,122.96,12.65,68.76,29.58,3.1,0
2019-07-20 12:10:00+00:00,198.9,510.6,131.29,12.29,65.92,29.76,3.45,0
2019-07-20 13:10:00+00:00,187.83,473.94,130.39,11.27,57.97,29.43,3.72,0
2019-07-20 14:10:00+00:00,169.61,431.61,115.4,9.73,47.8,29.16,3.66,0
2019-07-20 15:10:00+00:00,142.95,352.79,113.04,7.57,36.83,28.85,3.38,0
2019-07-20 16:10:00+00:00,109.19,254.77,108.96,5.09,25.68,28.21,3.17,0
2019-07-20 17:10:00+00:00,69.85,161.1,84.36,2.65,14.7,27.3,2.83,0
2019-07-20 18:10:00+00:00,13.1,35.61,26.33,0.47,4.18,26.31,2.28,0
2019-07-20 19:10:00+00:00,0.0,0.0,0.0,0.0,0.0,25.21,1.24,0
2019-07-20 20:10:00+00:00,0.0,0.0,0.0,0.0,0.0,24.63,1.1,0
2019-07-20 21:10:00+00:00,0.0,0.0,0.0,0.0,0.0,23.88,1.24,0
2019-07-20 22:10:00+00:00,0.0,0.0,0.0,0.0,0.0,22.9,1.03,0
2019-07-20 23:10:00+00:00,0.0,0.0,0.0,0.0,0.0,22.76,0.9,0
2019-07-21 00:10:00+00:00,0.0,0.0,0.0,0.0,0.0,22.82,0.83,0
2019-07-21 01:10:00+00:00,0.0,0.0,0.0,0.0,0.0,22.42,0.9,0
2019-07-21 02:10:00+00:00,0.0,0.0,0.0,0.0,0.0,21.05,1.31,0
2019-07-21 03:10:00+00:00,0.0,0.0,0.0,0.0,0.0,20.19,1.72,0
2019-07-21 04:10:00+00:00,0.0,0.0,0.0,0.0,0.0,19.92,1.59,0
2019-07-21 05:10:00+00:00,59.34,120.53,84.69,2.05,12.46,20.49,1.24,0
2019-07-21 06:10:00+00:00,103.62,223.58,118.47,4.47,23.38,23.37,0.9,0
2019-07-21 07:10:00+00:00,139.46,327.12,126.64,7.01,34.52,25.67,1.45,0
2019-07-21 08:10:00+00:00,166.09,412.41,127.68,9.27,45.56,27.48,1.66,0
2019-07-21 09:10:00+00:00,184.37,463.56,138.03,10.99,55.94,29.05,1.93,0
2019-07-21 10:10:00+00:00,196.58,501.74,138.78,12.14,64.48,30.27,2.69,0
2019-07-21 11:10:00+00:00,201.58,514.94,139.03,12.58,68.57,30.94,3.59,0
2019-07-21 12:10:00+00:00,198.21,493.64,146.66,12.22,65.76,31.13,4.34,0
2019-07-21 13:10:00+00:00,187.58,467.7,136.23,11.27,57.83,30.8,4.76,0
2019-07-21 14:10:00+00:00,169.5,425.91,120.49,9.73,47.69,30.32,4.83,0
2019-07-21 15:10:00+00:00,141.29,328.5,131.53,7.45,36.73,29.71,4.48,0
2019-07-21 16:10:00+00:00,108.78,252.12,110.77,5.09,25.57,28.99,3.93,0
2019-07-21 17:10:00+00:00,61.99,122.66,96.32,2.45,14.59,28.1,3.45,0
2019-07-21 18:10:00+00:00,8.94,21.75,24.15,0.4,4.06,26.98,2.76,0
2019-07-21 19:10:00+00:00,0.0,0.0,0.0,0.0,0.0,26.02,2.28,0
2019-07-21 20:10:00+00:00,0.0,0.0,0.0,0.0,0.0,25.19,1.93,0
2019-07-21 21:10:00+00:00,0.0,0.0,0.0,0.0,0.0,24.4,1.59,0
2019-07-21 22:10:00+00:00,0.0,0.0,0.0,0.0,0.0,23.41,1.45,0
2019-07-21 23:10:00+00:00,0.0,0.0,0.0,0.0,0.0,22.51,1.52,0
2019-07-22 00:10:00+00:00,0.0,0.0,0.0,0.0,0.0,21.84,1.59,0
2019-07-22 01:10:00+00:00,0.0,0.0,0.0,0.0,0.0,21.21,1.72,0
2019-07-22 02:10:00+00:00,0.0,0.0,0.0,0.0,0.0,20.63,1.72,0
2019-07-22 03:10:00+00:00,0.0,0.0,0.0,0.0,0.0,20.19,1.86,0
2019-07-22 04:10:00+00:00,0.0,0.0,0.0,0.0,0.0,19.77,1.86,0
2019-07-22 05:10:00+00:00,57.54,116.06,83.21,2.0,12.33,20.17,1.59,0
2019-07-22 06:10:00+00:00,102.97,226.19,113.44,4.45,23.25,23.48,1.31,0
2019-07-22 07:10:00+00:00,138.48,327.04,122.73,6.97,34.4,26.1,2.0,0
2019-07-22 08:10:00+00:00,165.34,412.7,123.04,9.23,45.43,28.15,2.41,0
2019-07-22 09:10:00+00:00,183.05,456.57,138.07,10.88,55.79,29.91,2.83,0
2019-07-22 10:10:00+00:00,195.09,503.68,131.8,12.1,64.31,31.27,3.24,0
2019-07-22 11:10:00+00:00,199.55,527.47,122.62,12.61,68.38,32.03,3.66,0
2019-07-22 12:10:00+00:00,194.8,486.8,146.73,12.11,65.58,32.34,4.21,0
2019-07-22 13:10:00+00:00,184.36,460.75,137.11,11.17,57.7,32.25,4.76,0
2019-07-22 14:10:00+00:00,165.9,411.49,127.67,9.59,47.57,31.95,4.9,0
2019-07-22 15:10:00+00:00,138.31,322.64,131.43,7.37,36.62,31.44,4.69,0
2019-07-22 16:10:00+00:00,100.72,203.34,135.32,4.76,25.46,30.71,4.21,0
2019-07-22 17:10:00+00:00,67.75,159.4,82.14,2.61,14.47,29.57,3.52,0
2019-07-22 18:10:00+00:00,6.77,14.78,22.61,0.36,3.94,28.4,2.41,0
2019-07-22 19:10:00+00:00,0.0,0.0,0.0,0.0,0.0,27.37,1.72,0
2019-07-22 20:10:00+00:00,0.0,0.0,0.0,0.0,0.0,26.48,1.31,0
2019-07-22 21:10:00+00:00,0.0,0.0,0.0,0.0,0.0,25.68,1.24,0
2019-07-22 22:10:00+00:00,0.0,0.0,0.0,0.0,0.0,24.85,0.9,0
2019-07-22 23:10:00+00:00,0.0,0.0,0.0,0.0,0.0,24.83,0.62,0
2019-07-23 00:10:00+00:00,0.0,0.0,0.0,0.0,0.0,24.74,0.34,0
2019-07-23 01:10:00+00:00,0.0,0.0,0.0,0.0,0.0,24.32,0.62,0
2019-07-23 02:10:00+00:00,0.0,0.0,0.0,0.0,0.0,22.66,1.1,0
2019-07-23 03:10:00+00:00,0.0,0.0,0.0,0.0,0.0,21.89,1.31,0
2019-07-23 04:10:00+00:00,0.0,0.0,0.0,0.0,0.0,21.27,1.52,0
2019-07-23 05:10:00+00:00,59.06,128.62,78.01,2.02,12.19,21.74,1.45,0
2019-07-23 06:10:00+00:00,98.02,204.14,121.73,4.29,23.12,24.73,1.17,0
2019-07-23 07:10:00+00:00,132.95,308.43,131.16,6.81,34.27,27.73,0.9,0
2019-07-23 08:10:00+00:00,156.66,355.13,161.87,8.79,45.29,29.57,1.24,0
2019-07-23 09:10:00+00:00,178.28,450.26,138.07,10.78,55.64,30.82,1.66,0
2019-07-23 10:10:00+00:00,189.95,487.95,138.9,11.92,64.13,31.71,2.07,0
2019-07-23 11:10:00+00:00,194.79,501.22,139.98,12.38,68.18,32.15,2.55,0
2019-07-23 12:10:00+00:00,191.72,489.32,139.69,12.08,65.41,32.61,3.17,0
2019-07-23 13:10:00+00:00,180.94,453.8,137.99,11.08,57.55,32.56,3.66,0
2019-07-23 14:10:00+00:00,162.64,397.11,134.02,9.45,47.45,32.05,4.14,0
2019-07-23 15:10:00+00:00,137.04,323.14,126.65,7.33,36.5,30.75,4.14,0
2019-07-23 16:10:00+00:00,103.42,231.8,116.14,4.9,25.35,29.74,3.38,0
2019-07-23 17:10:00+00:00,62.92,138.16,87.08,2.48,14.35,29.01,2.41,0
2019-07-23 18:10:00+00:00,8.48,22.65,22.21,0.38,3.81,28.12,1.31,0
2019-07-23 19:10:00+00:00,0.0,0.0,0.0,0.0,0.0,27.22,0.48,0
2019-07-23 20:10:00+00:00,0.0,0.0,0.0,0.0,0.0,26.66,0.28,0
2019-07-23 21:10:00+00:00,0.0,0.0,0.0,0.0,0.0,26.0,0.41,0
2019-07-23 22:10:00+00:00,0.0,0.0,0.0,0.0,0.0,25.95,0.34,0
2019-07-23 23:10:00+00:00,0.0,0.0,0.0,0.0,0.0,25.64,0.62,0
2019-07-24 00:10:00+00:00,0.0,0.0,0.0,0.0,0.0,24.27,1.03,0
2019-07-24 01:10:00+00:00,0.0,0.0,0.0,0.0,0.0,23.41,1.17,0
2019-07-24 02:10:00+00:00,0.0,0.0,0.0,0.0,0.0,22.77,1.24,0
2019-07-24 03:10:00+00:00,0.0,0.0,0.0,0.0,0.0,22.29,1.24,0
2019-07-24 04:10:00+00:00,0.0,0.0,0.0,0.0,0.0,21.94,1.31,0
2019-07-24 05:10:00+00:00,56.27,117.93,80.39,1.97,12.05,22.36,1.17,0
2019-07-24 06:10:00+00:00,100.78,229.23,108.35,4.43,22.99,25.55,0.97,0
2019-07-24 07:10:00+00:00,133.72,326.75,117.69,6.93,34.13,28.28,0.76,0
2019-07-24 08:10:00+00:00,159.48,414.62,115.47,9.2,45.15,29.95,0.83,0
2019-07-24 09:10:00+00:00,178.39,459.34,130.59,10.88,55.49,31.2,1.66,0
2019-07-24 10:10:00+00:00,191.44,507.34,122.79,12.1,63.94,32.05,2.48,0
2019-07-24 11:10:00+00:00,196.3,521.58,122.3,12.55,67.97,32.5,3.1,0
2019-07-24 12:10:00+00:00,192.52,499.78,130.6,12.19,65.22,32.66,3.45,0
2019-07-24 13:10:00+00:00,181.82,472.16,122.62,11.24,57.4,32.6,3.66,0
2019-07-24 14:10:00+00:00,163.54,420.99,114.72,9.63,47.32,32.32,3.86,0
2019-07-24 15:10:00+00:00,137.17,335.47,117.95,7.44,36.38,31.76,3.86,0
2019-07-24 16:10:00+00:00,104.37,245.09,108.33,5.0,25.23,30.9,3.59,0
2019-07-24 17:10:00+00:00,64.1,145.9,84.52,2.52,14.23,29.79,2.9,0
2019-07-24 18:10:00+00:00,10.28,30.91,21.8,0.39,3.67,28.63,1.79,0
2019-07-24 19:10:00+00:00,0.0,0.0,0.0,0.0,0.0,27.63,0.62,0
2019-07-24 20:10:00+00:00,0.0,0.0,0.0,0.0,0.0,27.13,0.48,0
2019-07-24 21:10:00+00:00,0.0,0.0,0.0,0.0,0.0,26.4,0.62,0
2019-07-24 22:10:00+00:00,0.0,0.0,0.0,0.0,0.0,26.06,0.62,0
2019-07-24 23:10:00+00:00,0.0,0.0,0.0,0.0,0.0,25.9,0.69,0
2019-07-25 00:10:00+00:00,0.0,0.0,0.0,0.0,0.0,25.41,0.83,0
2019-07-25 01:10:00+00:00,0.0,0.0,0.0,0.0,0.0,24.6,1.03,0
2019-07-25 02:10:00+00:00,0.0,0.0,0.0,0.0,0.0,24.0,1.1,0
2019-07-25 03:10:00+00:00,0.0,0.0,0.0,0.0,0.0,23.62,1.1,0
2019-07-25 04:10:00+00:00,0.0,0.0,0.0,0.0,0.0,23.22,1.17,0
2019-07-25 05:10:00+00:00,55.83,121.18,77.53,1.96,11.91,23.5,0.97,0
2019-07-25 06:10:00+00:00,99.09,227.63,107.22,4.41,22.85,26.29,0.48,0
2019-07-25 07:10:00+00:00,131.76,324.86,117.51,6.91,34.0,28.92,0.21,0
2019-07-25 08:10:00+00:00,157.77,404.3,121.65,9.14,45.01,30.66,0.9,0
2019-07-25 09:10:00+00:00,177.16,448.77,136.65,10.8,55.33,31.9,2.07,0
2019-07-25 10:10:00+00:00,190.86,495.61,131.24,12.03,63.76,32.56,3.03,0
2019-07-25 11:10:00+00:00,195.89,519.23,122.09,12.54,67.76,32.8,3.52,0
2019-07-25 12:10:00+00:00,191.48,488.83,137.38,12.11,65.03,32.89,3.79,0
2019-07-25 13:10:00+00:00,180.45,461.7,128.6,11.16,57.25,32.84,3.86,0
2019-07-25 14:10:00+00:00,161.04,395.81,132.59,9.46,47.18,32.54,3.86,0
2019-07-25 15:10:00+00:00,135.83,333.48,116.84,7.41,36.25,32.07,3.72,0
2019-07-25 16:10:00+00:00,103.15,243.35,107.2,4.97,25.1,31.22,3.45,0
2019-07-25 17:10:00+00:00,62.0,139.17,85.14,2.47,14.09,30.32,2.69,0
2019-07-25 18:10:00+00:00,9.09,27.75,20.55,0.36,3.53,29.31,1.66,0
2019-07-25 19:10:00+00:00,0.0,0.0,0.0,0.0,0.0,28.28,0.69,0
2019-07-25 20:10:00+00:00,0.0,0.0,0.0,0.0,0.0,27.63,0.55,0
2019-07-25 21:10:00+00:00,0.0,0.0,0.0,0.0,0.0,26.73,0.69,0
2019-07-25 22:10:00+00:00,0.0,0.0,0.0,0.0,0.0,25.99,0.9,0
2019-07-25 23:10:00+00:00,0.0,0.0,0.0,0.0,0.0,25.3,1.38,0
2019-07-26 00:10:00+00:00,0.0,0.0,0.0,0.0,0.0,24.84,1.72,0
2019-07-26 01:10:00+00:00,0.0,0.0,0.0,0.0,0.0,24.42,1.86,0
2019-07-26 02:10:00+00:00,0.0,0.0,0.0,0.0,0.0,23.86,1.72,0
2019-07-26 03:10:00+00:00,0.0,0.0,0.0,0.0,0.0,23.28,1.45,0
2019-07-26 04:10:00+00:00,0.0,0.0,0.0,0.0,0.0,23.26,1.17,0
2019-07-26 05:10:00+00:00,49.64,98.0,80.55,1.82,11.77,24.08,0.83,0
2019-07-26 06:10:00+00:00,95.12,208.69,113.65,4.26,22.72,26.33,0.28,0
2019-07-26 07:10:00+00:00,128.76,305.46,125.92,6.74,33.87,28.82,0.34,0
2019-07-26 08:10:00+00:00,155.48,382.09,133.53,8.94,44.87,30.58,1.31,0
2019-07-26 09:10:00+00:00,175.81,440.99,137.55,10.69,55.17,31.75,2.41,0
2019-07-26 10:10:00+00:00,188.67,487.92,131.31,11.91,63.57,32.49,3.03,0
2019-07-26 11:10:00+00:00,192.57,492.42,139.43,12.3,67.54,32.98,3.38,0
2019-07-26 12:10:00+00:00,188.71,471.93,146.18,11.94,64.83,33.2,3.79,0
2019-07-26 13:10:00+00:00,178.08,445.14,137.43,11.0,57.09,33.08,4.07,0
2019-07-26 14:10:00+00:00,159.1,388.66,133.45,9.36,47.04,32.67,4.0,0
2019-07-26 15:10:00+00:00,132.77,314.18,127.01,7.25,36.12,32.05,3.38,0
2019-07-26 16:10:00+00:00,100.32,232.3,109.88,4.86,24.97,31.23,2.97,0
2019-07-26 17:10:00+00:00,60.64,135.1,84.88,2.42,13.96,30.19,2.62,0
2019-07-26 18:10:00+00:00,5.96,16.31,18.78,0.31,3.38,29.02,1.79,0
2019-07-26 19:10:00+00:00,0.0,0.0,0.0,0.0,0.0,27.69,1.93,0
2019-07-26 20:10:00+00:00,0.0,0.0,0.0,0.0,0.0,26.93,1.79,0
2019-07-26 21:10:00+00:00,0.0,0.0,0.0,0.0,0.0,26.33,1.59,0
2019-07-26 22:10:00+00:00,0.0,0.0,0.0,0.0,0.0,25.79,1.59,0
2019-07-26 23:10:00+00:00,0.0,0.0,0.0,0.0,0.0,25.3,1.72,0
2019-07-27 00:10:00+00:00,0.0,0.0,0.0,0.0,0.0,24.85,1.93,0
2019-07-27 01:10:00+00:00,0.0,0.0,0.0,0.0,0.0,24.46,2.21,0
2019-07-27 02:10:00+00:00,0.0,0.0,0.0,0.0,0.0,24.11,2.48,0
2019-07-27 03:10:00+00:00,0.0,0.0,0.0,0.0,0.0,23.79,2.69,0
2019-07-27 04:10:00+00:00,0.0,0.0,0.0,0.0,0.0,23.54,3.03,0
2019-07-27 05:10:00+00:00,47.02,90.33,78.65,1.74,11.62,23.82,3.24,0
2019-07-27 06:10:00+00:00,93.82,192.87,118.07,4.13,22.58,25.45,3.93,0
2019-07-27 07:10:00+00:00,127.21,255.45,154.26,6.35,33.73,27.03,5.17,0
2019-07-27 08:10:00+00:00,111.01,53.33,304.88,5.37,44.73,28.4,5.59,0
2019-07-27 09:10:00+00:00,172.52,328.54,221.55,9.77,55.01,29.45,6.0,0
2019-07-27 10:10:00+00:00,189.87,434.81,168.76,11.44,63.37,30.23,6.69,0
2019-07-27 11:10:00+00:00,182.85,263.78,319.86,10.26,67.32,30.53,7.31,0
2019-07-27 12:10:00+00:00,122.23,22.46,372.19,5.83,64.63,30.24,7.59,0
2019-07-27 13:10:00+00:00,145.15,97.51,367.54,7.32,56.92,30.36,8.28,0
2019-07-27 14:10:00+00:00,122.88,76.3,318.67,6.07,46.89,29.66,8.07,0
2019-07-27 15:10:00+00:00,107.18,99.37,246.46,5.27,35.98,28.29,7.79,0
2019-07-27 16:10:00+00:00,62.46,37.04,173.04,3.0,24.83,27.8,7.59,0
2019-07-27 17:10:00+00:00,30.58,22.28,91.12,1.5,13.82,26.43,6.34,0
2019-07-27 18:10:00+00:00,0.93,0.0,11.19,0.16,3.23,26.13,6.0,0
2019-07-27 19:10:00+00:00,0.0,0.0,0.0,0.0,0.0,25.55,5.86,0
2019-07-27 20:10:00+00:00,0.0,0.0,0.0,0.0,0.0,23.97,5.24,0
2019-07-27 21:10:00+00:00,0.0,0.0,0.0,0.0,0.0,23.12,5.1,0
2019-07-27 22:10:00+00:00,0.0,0.0,0.0,0.0,0.0,22.86,5.38,0
2019-07-27 23:10:00+00:00,0.0,0.0,0.0,0.0,0.0,22.82,5.38,0
2019-07-28 00:10:00+00:00,0.0,0.0,0.0,0.0,0.0,22.2,4.62,0
2019-07-28 01:10:00+00:00,0.0,0.0,0.0,0.0,0.0,21.68,4.83,0
2019-07-28 02:10:00+00:00,0.0,0.0,0.0,0.0,0.0,21.28,3.93,0
2019-07-28 03:10:00+00:00,0.0,0.0,0.0,0.0,0.0,21.14,3.59,0
2019-07-28 04:10:00+00:00,0.0,0.0,0.0,0.0,0.0,20.82,3.38,0
2019-07-28 05:10:00+00:00,45.92,84.19,79.11,1.7,11.48,20.64,2.76,0
2019-07-28 06:10:00+00:00,76.46,94.12,154.85,3.39,22.44,20.95,3.93,0
2019-07-28 07:10:00+00:00,99.66,76.03,237.14,4.64,33.59,21.04,6.07,0
2019-07-28 08:10:00+00:00,60.57,0.0,197.71,2.84,44.58,21.36,5.1,0
2019-07-28 09:10:00+00:00,147.86,100.14,359.78,7.21,54.84,22.21,5.03,0
2019-07-28 10:10:00+00:00,152.64,75.87,399.31,7.36,63.17,23.65,6.83,0
2019-07-28 11:10:00+00:00,138.92,34.74,397.08,6.46,67.09,23.16,7.72,0
2019-07-28 12:10:00+00:00,111.4,9.21,340.65,5.09,64.42,23.35,7.31,0
2019-07-28 13:10:00+00:00,121.14,28.34,352.34,5.65,56.74,23.82,6.28,0
2019-07-28 14:10:00+00:00,119.39,56.83,319.61,5.71,46.74,24.03,5.59,0
2019-07-28 15:10:00+00:00,128.68,229.15,180.59,6.59,35.84,24.25,4.48,0
2019-07-28 16:10:00+00:00,95.89,179.0,136.02,4.49,24.69,24.04,3.79,0
2019-07-28 17:10:00+00:00,40.81,49.75,96.24,1.81,13.67,23.43,3.72,0
2019-07-28 18:10:00+00:00,3.33,8.71,14.44,0.23,3.07,22.8,3.52,0
2019-07-28 19:10:00+00:00,0.0,0.0,0.0,0.0,0.0,22.21,1.52,0
2019-07-28 20:10:00+00:00,0.0,0.0,0.0,0.0,0.0,21.99,1.86,0
2019-07-28 21:10:00+00:00,0.0,0.0,0.0,0.0,0.0,21.8,2.0,0
2019-07-28 22:10:00+00:00,0.0,0.0,0.0,0.0,0.0,21.4,1.72,0
2019-07-28 23:10:00+00:00,0.0,0.0,0.0,0.0,0.0,21.0,1.38,0
2019-07-29 00:10:00+00:00,0.0,0.0,0.0,0.0,0.0,21.02,1.1,0
2019-07-29 01:10:00+00:00,0.0,0.0,0.0,0.0,0.0,21.14,0.97,0
2019-07-29 02:10:00+00:00,0.0,0.0,0.0,0.0,0.0,20.34,1.17,0
2019-07-29 03:10:00+00:00,0.0,0.0,0.0,0.0,0.0,19.86,1.45,0
2019-07-29 04:10:00+00:00,0.0,0.0,0.0,0.0,0.0,19.69,1.66,0
2019-07-29 05:10:00+00:00,52.02,110.81,73.65,1.82,11.33,20.06,1.72,0
2019-07-29 06:10:00+00:00,98.08,221.95,101.69,4.3,22.3,21.77,1.66,0
2019-07-29 07:10:00+00:00,132.59,321.88,108.33,6.82,33.45,23.13,0.97,0
2019-07-29 08:10:00+00:00,157.71,396.98,115.51,9.03,44.43,24.18,0.41,0
2019-07-29 09:10:00+00:00,176.71,442.4,129.71,10.7,54.67,25.14,0.9,0
2019-07-29 10:10:00+00:00,189.01,490.02,121.97,11.92,62.97,26.09,1.24,0
2019-07-29 11:10:00+00:00,192.9,485.23,137.88,12.25,66.86,26.54,1.66,0
2019-07-29 12:10:00+00:00,186.09,383.59,214.16,11.25,64.21,26.79,2.48,0
2019-07-29 13:10:00+00:00,181.51,463.75,114.77,11.13,56.56,26.78,3.31,0
2019-07-29 14:10:00+00:00,161.82,396.24,120.14,9.41,46.58,26.65,3.86,0
2019-07-29 15:10:00+00:00,134.71,319.05,116.15,7.25,35.69,26.38,3.93,0
2019-07-29 16:10:00+00:00,100.93,234.42,102.65,4.84,24.54,26.23,3.38,0
2019-07-29 17:10:00+00:00,59.29,132.1,80.57,2.34,13.51,25.78,2.83,0
2019-07-29 18:10:00+00:00,1.39,0.0,13.37,0.2,2.91,25.1,2.34,0
2019-07-29 19:10:00+00:00,0.0,0.0,0.0,0.0,0.0,24.48,2.07,0
2019-07-29 20:10:00+00:00,0.0,0.0,0.0,0.0,0.0,23.74,1.79,0
2019-07-29 21:10:00+00:00,0.0,0.0,0.0,0.0,0.0,23.12,1.66,0
2019-07-29 22:10:00+00:00,0.0,0.0,0.0,0.0,0.0,22.63,1.45,0
2019-07-29 23:10:00+00:00,0.0,0.0,0.0,0.0,0.0,22.65,1.17,0
2019-07-30 00:10:00+00:00,0.0,0.0,0.0,0.0,0.0,22.17,1.24,0
2019-07-30 01:10:00+00:00,0.0,0.0,0.0,0.0,0.0,21.71,1.24,0
2019-07-30 02:10:00+00:00,0.0,0.0,0.0,0.0,0.0,21.28,1.31,0
2019-07-30 03:10:00+00:00,0.0,0.0,0.0,0.0,0.0,20.94,1.31,0
2019-07-30 04:10:00+00:00,0.0,0.0,0.0,0.0,0.0,20.56,1.31,0
2019-07-30 05:10:00+00:00,51.04,107.79,74.61,1.81,11.18,20.74,1.17,0
2019-07-30 06:10:00+00:00,96.96,221.21,102.58,4.31,22.16,22.95,0.9,0
2019-07-30 07:10:00+00:00,132.43,320.6,110.86,6.86,33.31,24.05,1.1,0
2019-07-30 08:10:00+00:00,158.9,393.94,119.61,9.07,44.28,25.22,1.38,0
2019-07-30 09:10:00+00:00,178.96,447.54,127.39,10.81,54.5,26.4,2.21,0
2019-07-30 10:10:00+00:00,193.08,504.68,112.74,12.12,62.76,27.33,3.1,0
2019-07-30 11:10:00+00:00,196.67,499.67,128.54,12.45,66.63,27.96,3.66,0
2019-07-30 12:10:00+00:00,192.36,469.66,143.86,12.02,63.99,28.28,4.21,0
2019-07-30 13:10:00+00:00,182.35,468.63,112.51,11.24,56.38,28.28,4.55,0
2019-07-30 14:10:00+00:00,162.1,393.22,124.99,9.46,46.42,27.96,4.9,0
2019-07-30 15:10:00+00:00,135.93,329.33,110.19,7.37,35.54,27.34,5.1,0
2019-07-30 16:10:00+00:00,102.37,242.69,98.66,4.92,24.39,26.56,4.83,0
2019-07-30 17:10:00+00:00,60.29,137.21,78.91,2.37,13.36,25.78,4.21,0
2019-07-30 18:10:00+00:00,1.39,0.0,13.37,0.2,2.74,24.94,3.31,0
2019-07-30 19:10:00+00:00,0.0,0.0,0.0,0.0,0.0,24.19,2.9,0
2019-07-30 20:10:00+00:00,0.0,0.0,0.0,0.0,0.0,23.46,2.41,0
2019-07-30 21:10:00+00:00,0.0,0.0,0.0,0.0,0.0,22.87,2.14,0
2019-07-30 22:10:00+00:00,0.0,0.0,0.0,0.0,0.0,22.19,1.72,0
2019-07-30 23:10:00+00:00,0.0,0.0,0.0,0.0,0.0,21.64,1.52,0
2019-07-31 00:10:00+00:00,0.0,0.0,0.0,0.0,0.0,21.35,1.52,0
2019-07-31 01:10:00+00:00,0.0,0.0,0.0,0.0,0.0,21.0,1.66,0
2019-07-31 02:10:00+00:00,0.0,0.0,0.0,0.0,0.0,20.69,1.66,0
2019-07-31 03:10:00+00:00,0.0,0.0,0.0,0.0,0.0,20.46,1.66,0
2019-07-31 04:10:00+00:00,0.0,0.0,0.0,0.0,0.0,20.39,1.45,0
2019-07-31 05:10:00+00:00,50.76,109.46,72.72,1.8,11.03,20.77,1.17,0
2019-07-31 06:10:00+00:00,94.97,213.43,104.29,4.25,22.01,22.98,0.9,0
2019-07-31 07:10:00+00:00,128.58,298.87,122.02,6.69,33.16,24.55,0.9,0
2019-07-31 08:10:00+00:00,156.61,382.12,125.78,8.98,44.13,25.86,1.38,0
2019-07-31 09:10:00+00:00,175.99,434.15,135.18,10.7,54.33,27.08,1.86,0
2019-07-31 10:10:00+00:00,189.2,490.21,121.17,12.0,62.55,28.04,2.34,0
2019-07-31 11:10:00+00:00,193.08,485.42,137.01,12.33,66.38,28.67,2.97,0
2019-07-31 12:10:00+00:00,189.22,465.22,143.71,11.96,63.76,28.9,3.38,0
2019-07-31 13:10:00+00:00,178.19,438.07,135.03,11.01,56.18,28.87,3.66,0
2019-07-31 14:10:00+00:00,158.75,381.06,131.14,9.35,46.25,28.55,3.79,0
2019-07-31 15:10:00+00:00,131.75,307.14,123.06,7.19,35.38,27.92,3.66,0
2019-07-31 16:10:00+00:00,98.42,225.33,106.15,4.78,24.23,27.11,3.1,0
2019-07-31 17:10:00+00:00,57.55,129.27,79.46,2.3,13.19,26.3,2.28,0
2019-07-31 18:10:00+00:00,1.01,0.0,11.59,0.17,2.56,25.43,1.66,0
2019-07-31 19:10:00+00:00,0.0,0.0,0.0,0.0,0.0,24.38,1.93,0
2019-07-31 20:10:00+00:00,0.0,0.0,0.0,0.0,0.0,23.42,1.24,0
2019-07-31 21:10:00+00:00,0.0,0.0,0.0,0.0,0.0,23.32,0.69,0
2019-07-31 22:10:00+00:00,0.0,0.0,0.0,0.0,0.0,23.18,0.34,0
2019-07-31 23:10:00+00:00,0.0,0.0,0.0,0.0,0.0,22.94,0.07,0
2019-08-01 00:10:00+00:00,0.0,0.0,0.0,0.0,0.0,22.65,0.28,0
2019-08-01 01:10:00+00:00,0.0,0.0,0.0,0.0,0.0,22.27,0.69,0
2019-08-01 02:10:00+00:00,0.0,0.0,0.0,0.0,0.0,21.4,0.97,0
2019-08-01 03:10:00+00:00,0.0,0.0,0.0,0.0,0.0,20.45,1.17,0
2019-08-01 04:10:00+00:00,0.0,0.0,0.0,0.0,0.0,19.65,1.38,0
2019-08-01 05:10:00+00:00,49.57,106.42,71.41,1.76,10.88,19.74,1.31,0
2019-08-01 06:10:00+00:00,94.31,213.64,102.17,4.23,21.87,22.67,0.83,0
2019-08-01 07:10:00+00:00,127.72,301.66,118.93,6.71,33.02,24.73,0.48,0
2019-08-01 08:10:00+00:00,153.42,367.43,134.69,8.87,43.97,26.27,0.76,0
2019-08-01 09:10:00+00:00,172.37,434.41,133.09,10.72,54.15,27.76,0.69,0
2019-08-01 10:10:00+00:00,184.82,491.52,117.47,12.02,62.33,28.92,1.03,0
2019-08-01 11:10:00+00:00,190.19,477.68,141.88,12.29,66.14,29.44,2.28,0
2019-08-01 12:10:00+00:00,188.74,465.94,141.58,11.99,63.53,29.13,3.52,0
2019-08-01 13:10:00+00:00,178.27,446.89,125.09,11.08,55.98,28.46,3.72,0
2019-08-01 14:10:00+00:00,157.94,380.82,129.06,9.35,46.07,27.97,3.31,0
2019-08-01 15:10:00+00:00,129.45,293.54,131.22,7.1,35.21,27.62,2.62,0
2019-08-01 16:10:00+00:00,95.06,205.35,116.45,4.65,24.07,27.12,2.14,0
2019-08-01 17:10:00+00:00,52.68,106.99,85.13,2.17,13.02,26.43,1.79,0
2019-08-01 18:10:00+00:00,0.84,0.0,10.7,0.16,2.38,25.56,0.76,0
2019-08-01 19:10:00+00:00,0.0,0.0,0.0,0.0,0.0,24.43,2.0,0
2019-08-01 20:10:00+00:00,0.0,0.0,0.0,0.0,0.0,23.62,1.59,0
2019-08-01 21:10:00+00:00,0.0,0.0,0.0,0.0,0.0,23.89,0.55,0
2019-08-01 22:10:00+00:00,0.0,0.0,0.0,0.0,0.0,23.05,0.97,0
2019-08-01 23:10:00+00:00,0.0,0.0,0.0,0.0,0.0,21.86,1.45,0
2019-08-02 00:10:00+00:00,0.0,0.0,0.0,0.0,0.0,21.31,1.66,0
2019-08-02 01:10:00+00:00,0.0,0.0,0.0,0.0,0.0,21.0,1.79,0
2019-08-02 02:10:00+00:00,0.0,0.0,0.0,0.0,0.0,21.0,1.31,0
2019-08-02 03:10:00+00:00,0.0,0.0,0.0,0.0,0.0,20.99,1.31,0
2019-08-02 04:10:00+00:00,0.0,0.0,0.0,0.0,0.0,20.96,2.41,0
2019-08-02 05:10:00+00:00,0.78,0.0,10.26,0.15,10.72,21.47,2.21,0
2019-08-02 06:10:00+00:00,4.53,0.0,26.11,0.38,21.72,23.42,3.17,0
2019-08-02 07:10:00+00:00,112.82,158.66,203.29,5.56,32.87,24.36,4.0,0
2019-08-02 08:10:00+00:00,140.66,196.64,252.5,7.4,43.82,26.59,4.41,0
2019-08-02 09:10:00+00:00,171.71,379.76,171.08,10.24,53.97,27.68,3.31,0
2019-08-02 10:10:00+00:00,180.47,319.14,256.7,10.57,62.11,27.87,4.34,0
2019-08-02 11:10:00+00:00,184.31,321.44,267.7,10.91,65.88,27.98,4.14,0
2019-08-02 12:10:00+00:00,178.75,293.64,279.55,10.45,63.29,28.05,3.79,0
2019-08-02 13:10:00+00:00,35.52,0.0,127.76,1.84,55.78,28.9,4.97,0
2019-08-02 14:10:00+00:00,146.12,234.44,236.18,8.09,45.89,29.09,5.1,0
2019-08-02 15:10:00+00:00,13.99,0.0,59.69,0.86,35.04,28.91,4.55,0
2019-08-02 16:10:00+00:00,7.45,0.0,37.3,0.54,23.9,28.42,3.66,0
2019-08-02 17:10:00+00:00,3.24,0.0,21.45,0.31,12.85,27.33,2.83,0
2019-08-02 18:10:00+00:00,0.5,0.0,8.92,0.13,2.2,26.4,2.9,0
2019-08-02 19:10:00+00:00,0.0,0.0,0.0,0.0,0.0,25.3,2.55,0
2019-08-02 20:10:00+00:00,0.0,0.0,0.0,0.0,0.0,24.79,2.41,0
2019-08-02 21:10:00+00:00,0.0,0.0,0.0,0.0,0.0,24.18,2.28,0
2019-08-02 22:10:00+00:00,0.0,0.0,0.0,0.0,0.0,23.57,1.86,0
2019-08-02 23:10:00+00:00,0.0,0.0,0.0,0.0,0.0,22.77,1.52,0
2019-08-03 00:10:00+00:00,0.0,0.0,0.0,0.0,0.0,22.17,1.52,0
2019-08-03 01:10:00+00:00,0.0,0.0,0.0,0.0,0.0,21.74,1.38,0
2019-08-03 02:10:00+00:00,0.0,0.0,0.0,0.0,0.0,21.67,1.17,0
2019-08-03 03:10:00+00:00,0.0,0.0,0.0,0.0,0.0,21.0,1.31,0
2019-08-03 04:10:00+00:00,0.0,0.0,0.0,0.0,0.0,20.42,1.45,0
2019-08-03 05:10:00+00:00,45.5,94.03,71.42,1.66,10.57,20.49,1.52,0
2019-08-03 06:10:00+00:00,91.7,203.04,104.67,4.15,21.57,23.02,1.31,0
2019-08-03 07:10:00+00:00,127.47,304.58,112.8,6.73,32.72,24.92,1.45,0
2019-08-03 08:10:00+00:00,154.72,377.84,123.11,8.96,43.66,26.38,2.0,0
2019-08-03 09:10:00+00:00,174.22,431.35,131.57,10.72,53.79,27.6,2.34,0
2019-08-03 10:10:00+00:00,187.91,497.15,109.15,12.1,61.89,28.56,2.83,0
2019-08-03 11:10:00+00:00,191.02,483.97,131.73,12.35,65.63,29.25,3.38,0
2019-08-03 12:10:00+00:00,185.02,420.27,176.37,11.66,63.04,29.64,3.79,0
2019-08-03 13:10:00+00:00,176.46,451.61,116.66,11.13,55.57,29.78,4.28,0
2019-08-03 14:10:00+00:00,156.38,384.36,121.32,9.38,45.71,29.53,4.62,0
2019-08-03 15:10:00+00:00,129.58,306.81,117.62,7.19,34.87,28.93,4.9,0
2019-08-03 16:10:00+00:00,95.28,218.07,104.63,4.7,23.72,28.13,4.83,0
2019-08-03 17:10:00+00:00,54.3,121.19,78.06,2.21,12.67,27.15,4.48,0
2019-08-03 18:10:00+00:00,0.0,0.0,0.0,0.0,0.0,26.07,3.93,0
2019-08-03 19:10:00+00:00,0.0,0.0,0.0,0.0,0.0,25.44,3.45,0
2019-08-03 20:10:00+00:00,0.0,0.0,0.0,0.0,0.0,24.77,3.1,0
2019-08-03 21:10:00+00:00,0.0,0.0,0.0,0.0,0.0,24.11,2.76,0
2019-08-03 22:10:00+00:00,0.0,0.0,0.0,0.0,0.0,23.34,2.48,0
2019-08-03 23:10:00+00:00,0.0,0.0,0.0,0.0,0.0,22.47,2.28,0
2019-08-04 00:10:00+00:00,0.0,0.0,0.0,0.0,0.0,21.52,2.07,0
2019-08-04 01:10:00+00:00,0.0,0.0,0.0,0.0,0.0,20.61,1.86,0
2019-08-04 02:10:00+00:00,0.0,0.0,0.0,0.0,0.0,19.77,1.72,0
2019-08-04 03:10:00+00:00,0.0,0.0,0.0,0.0,0.0,19.11,1.59,0
2019-08-04 04:10:00+00:00,0.0,0.0,0.0,0.0,0.0,18.66,1.59,0
2019-08-04 05:10:00+00:00,47.3,101.93,69.17,1.69,10.41,18.8,1.52,0
2019-08-04 06:10:00+00:00,91.29,205.14,100.6,4.14,21.42,21.97,1.24,0
2019-08-04 07:10:00+00:00,124.75,293.5,116.39,6.62,32.57,24.51,0.9,0
2019-08-04 08:10:00+00:00,150.9,372.49,122.96,8.9,43.5,26.3,0.62,0
2019-08-04 09:10:00+00:00,168.53,425.39,131.46,10.64,53.6,27.64,0.41,0
2019-08-04 10:10:00+00:00,180.88,455.51,140.03,11.76,61.67,28.69,1.03,0
2019-08-04 11:10:00+00:00,185.06,434.07,170.98,11.95,65.37,29.3,1.93,0
2019-08-04 12:10:00+00:00,181.73,406.92,183.45,11.52,62.8,29.5,2.76,0
2019-08-04 13:10:00+00:00,172.01,405.67,150.84,10.76,55.35,29.31,3.31,0
2019-08-04 14:10:00+00:00,154.23,378.43,122.04,9.31,45.51,28.83,3.45,0
2019-08-04 15:10:00+00:00,126.84,296.29,121.19,7.09,34.69,28.28,3.31,0
2019-08-04 16:10:00+00:00,93.32,212.64,105.39,4.65,23.55,27.61,2.9,0
2019-08-04 17:10:00+00:00,52.38,117.21,76.77,2.16,12.48,26.78,2.21,0
2019-08-04 18:10:00+00:00,0.0,0.0,0.0,0.0,0.0,25.82,1.17,0
2019-08-04 19:10:00+00:00,0.0,0.0,0.0,0.0,0.0,24.99,0.62,0
2019-08-04 20:10:00+00:00,0.0,0.0,0.0,0.0,0.0,24.61,0.28,0
2019-08-04 21:10:00+00:00,0.0,0.0,0.0,0.0,0.0,24.12,0.62,0
2019-08-04 22:10:00+00:00,0.0,0.0,0.0,0.0,0.0,23.85,0.62,0
2019-08-04 23:10:00+00:00,0.0,0.0,0.0,0.0,0.0,23.54,0.62,0
2019-08-05 00:10:00+00:00,0.0,0.0,0.0,0.0,0.0,23.3,0.76,0
2019-08-05 01:10:00+00:00,0.0,0.0,0.0,0.0,0.0,22.78,0.9,0
2019-08-05 02:10:00+00:00,0.0,0.0,0.0,0.0,0.0,21.89,1.03,0
2019-08-05 03:10:00+00:00,0.0,0.0,0.0,0.0,0.0,20.89,1.24,0
2019-08-05 04:10:00+00:00,0.0,0.0,0.0,0.0,0.0,20.13,1.45,0
2019-08-05 05:10:00+00:00,45.96,100.41,68.04,1.66,10.25,20.27,1.24,0
2019-08-05 06:10:00+00:00,89.8,201.29,102.36,4.13,21.27,22.88,0.69,0
2019-08-05 07:10:00+00:00,122.49,288.06,119.83,6.6,32.42,25.62,0.21,0
2019-08-05 08:10:00+00:00,149.43,365.71,127.13,8.87,43.34,27.26,0.69,0
2019-08-05 09:10:00+00:00,169.49,418.08,137.19,10.62,53.42,28.33,1.38,0
2019-08-05 10:10:00+00:00,183.4,473.44,123.95,11.94,61.44,29.07,2.14,0
2019-08-05 11:10:00+00:00,186.98,460.7,146.68,12.19,65.1,29.54,2.69,0
2019-08-05 12:10:00+00:00,183.6,449.05,146.39,11.9,62.54,29.72,3.03,0
2019-08-05 13:10:00+00:00,171.88,421.42,137.01,10.92,55.13,29.69,3.03,0
2019-08-05 14:10:00+00:00,151.91,364.28,132.44,9.23,45.32,29.51,2.9,0
2019-08-05 15:10:00+00:00,124.94,290.32,124.59,7.06,34.5,29.19,2.69,0
2019-08-05 16:10:00+00:00,91.62,208.12,107.1,4.62,23.36,28.53,2.21,0
2019-08-05 17:10:00+00:00,51.13,114.55,76.68,2.13,12.29,27.61,1.72,0
2019-08-05 18:10:00+00:00,0.0,0.0,0.0,0.0,0.0,26.45,1.24,0
2019-08-05 19:10:00+00:00,0.0,0.0,0.0,0.0,0.0,25.23,1.03,0
2019-08-05 20:10:00+00:00,0.0,0.0,0.0,0.0,0.0,24.09,0.9,0
2019-08-05 21:10:00+00:00,0.0,0.0,0.0,0.0,0.0,24.29,0.83,0
2019-08-05 22:10:00+00:00,0.0,0.0,0.0,0.0,0.0,24.11,0.48,0
2019-08-05 23:10:00+00:00,0.0,0.0,0.0,0.0,0.0,23.73,0.14,0
2019-08-06 00:10:00+00:00,0.0,0.0,0.0,0.0,0.0,23.41,0.21,0
2019-08-06 01:10:00+00:00,0.0,0.0,0.0,0.0,0.0,23.13,0.41,0
2019-08-06 02:10:00+00:00,0.0,0.0,0.0,0.0,0.0,22.23,1.03,0
2019-08-06 03:10:00+00:00,0.0,0.0,0.0,0.0,0.0,20.57,1.59,0
2019-08-06 04:10:00+00:00,0.0,0.0,0.0,0.0,0.0,19.98,1.66,0
2019-08-06 05:10:00+00:00,39.79,78.48,68.87,1.51,10.09,20.13,1.38,0
2019-08-06 06:10:00+00:00,85.78,182.76,107.73,3.97,21.12,22.75,0.62,0
2019-08-06 07:10:00+00:00,120.06,274.68,123.46,6.46,32.27,25.1,0.41,0
2019-08-06 08:10:00+00:00,148.14,370.27,117.12,8.84,43.17,26.7,0.69,0
2019-08-06 09:10:00+00:00,167.16,408.78,138.11,10.49,53.23,27.94,1.31,0
2019-08-06 10:10:00+00:00,181.11,472.54,117.18,11.86,61.2,28.8,2.0,0
2019-08-06 11:10:00+00:00,185.16,468.71,132.08,12.18,64.83,29.31,2.62,0
2019-08-06 12:10:00+00:00,181.74,456.5,131.78,11.87,62.28,29.54,3.1,0
2019-08-06 13:10:00+00:00,170.28,420.08,130.93,10.84,54.9,29.46,3.45,0
2019-08-06 14:10:00+00:00,150.03,355.67,132.48,9.1,45.11,29.19,3.52,0
2019-08-06 15:10:00+00:00,122.17,270.9,132.94,6.86,34.31,28.74,3.31,0
2019-08-06 16:10:00+00:00,88.58,192.94,110.69,4.46,23.17,28.1,3.1,0
2019-08-06 17:10:00+00:00,41.67,72.86,83.36,1.84,12.1,27.1,2.62,0
2019-08-06 18:10:00+00:00,0.0,0.0,0.0,0.0,0.0,26.03,1.72,0
2019-08-06 19:10:00+00:00,0.0,0.0,0.0,0.0,0.0,25.45,1.66,0
2019-08-06 20:10:00+00:00,0.0,0.0,0.0,0.0,0.0,24.66,1.59,0
2019-08-06 21:10:00+00:00,0.0,0.0,0.0,0.0,0.0,23.81,1.52,0
2019-08-06 22:10:00+00:00,0.0,0.0,0.0,0.0,0.0,23.36,2.0,0
2019-08-06 23:10:00+00:00,0.0,0.0,0.0,0.0,0.0,22.81,2.14,0
2019-08-07 00:10:00+00:00,0.0,0.0,0.0,0.0,0.0,22.27,2.14,0
2019-08-07 01:10:00+00:00,0.0,0.0,0.0,0.0,0.0,21.92,2.28,0
2019-08-07 02:10:00+00:00,0.0,0.0,0.0,0.0,0.0,21.78,2.48,0
2019-08-07 03:10:00+00:00,0.0,0.0,0.0,0.0,0.0,21.59,2.76,0
2019-08-07 04:10:00+00:00,0.0,0.0,0.0,0.0,0.0,21.31,2.83,0
2019-08-07 05:10:00+00:00,37.88,72.22,69.3,1.47,9.93,21.37,2.48,0
2019-08-07 06:10:00+00:00,85.15,177.02,110.4,3.94,20.96,23.52,2.21,0
2019-08-07 07:10:00+00:00,121.4,270.86,125.94,6.46,32.11,25.94,3.17,0
2019-08-07 08:10:00+00:00,149.46,345.09,137.54,8.71,43.01,27.73,3.72,0
2019-08-07 09:10:00+00:00,169.61,403.47,142.88,10.5,53.03,29.02,3.93,0
2019-08-07 10:10:00+00:00,182.84,456.9,131.2,11.8,60.97,29.95,4.41,0
2019-08-07 11:10:00+00:00,186.17,444.51,153.99,12.06,64.56,30.53,4.97,0
2019-08-07 12:10:00+00:00,182.0,424.69,160.8,11.7,62.01,30.83,5.31,0
2019-08-07 13:10:00+00:00,167.27,341.81,198.06,10.26,54.67,30.81,5.45,0
2019-08-07 14:10:00+00:00,148.29,317.88,163.94,8.86,44.9,30.62,5.45,0
2019-08-07 15:10:00+00:00,116.66,206.97,178.11,6.38,34.11,30.2,5.24,0
2019-08-07 16:10:00+00:00,68.38,69.91,164.01,3.39,22.98,29.51,4.83,0
2019-08-07 17:10:00+00:00,37.17,57.23,83.82,1.7,11.9,28.48,4.07,0
2019-08-07 18:10:00+00:00,0.0,0.0,0.0,0.0,0.0,27.31,3.86,0
2019-08-07 19:10:00+00:00,0.0,0.0,0.0,0.0,0.0,26.28,3.59,0
2019-08-07 20:10:00+00:00,0.0,0.0,0.0,0.0,0.0,25.56,3.38,0
2019-08-07 21:10:00+00:00,0.0,0.0,0.0,0.0,0.0,25.05,3.24,0
2019-08-07 22:10:00+00:00,0.0,0.0,0.0,0.0,0.0,24.68,3.24,0
2019-08-07 23:10:00+00:00,0.0,0.0,0.0,0.0,0.0,24.44,3.31,0
2019-08-08 00:10:00+00:00,0.0,0.0,0.0,0.0,0.0,24.27,3.38,0
2019-08-08 01:10:00+00:00,0.0,0.0,0.0,0.0,0.0,24.13,3.24,0
2019-08-08 02:10:00+00:00,0.0,0.0,0.0,0.0,0.0,23.94,3.03,0
2019-08-08 03:10:00+00:00,0.0,0.0,0.0,0.0,0.0,23.61,2.69,0
2019-08-08 04:10:00+00:00,0.0,0.0,0.0,0.0,0.0,23.33,2.55,0
2019-08-08 05:10:00+00:00,41.76,95.79,62.37,1.55,9.77,23.18,2.28,0
2019-08-08 06:10:00+00:00,23.93,0.0,90.46,1.3,20.81,25.07,1.86,0
2019-08-08 07:10:00+00:00,47.27,1.57,162.25,2.36,31.96,27.11,1.17,0
2019-08-08 08:10:00+00:00,102.91,44.93,293.05,5.1,42.84,28.38,2.07,0
2019-08-08 09:10:00+00:00,152.61,206.64,289.47,8.6,52.84,28.96,2.83,0
2019-08-08 10:10:00+00:00,148.28,96.52,386.13,7.73,60.73,29.02,2.83,0
2019-08-08 11:10:00+00:00,136.96,47.55,398.56,6.82,64.28,29.29,3.1,0
2019-08-08 12:10:00+00:00,148.17,90.43,391.87,7.7,61.74,29.17,2.97,0
2019-08-08 13:10:00+00:00,161.74,322.75,203.31,9.97,54.43,29.4,2.9,0
2019-08-08 14:10:00+00:00,143.59,304.75,164.31,8.63,44.69,29.33,3.17,0
2019-08-08 15:10:00+00:00,71.84,18.51,222.28,3.54,33.91,28.83,2.69,0
2019-08-08 16:10:00+00:00,54.69,30.82,158.34,2.73,22.78,28.31,2.48,0
2019-08-08 17:10:00+00:00,42.63,85.82,76.6,1.86,11.7,27.63,2.07,0
2019-08-08 18:10:00+00:00,0.0,0.0,0.0,0.0,0.0,27.04,1.86,0
2019-08-08 19:10:00+00:00,0.0,0.0,0.0,0.0,0.0,26.33,1.79,0
2019-08-08 20:10:00+00:00,0.0,0.0,0.0,0.0,0.0,25.85,1.52,0
2019-08-08 21:10:00+00:00,0.0,0.0,0.0,0.0,0.0,25.27,1.59,0
2019-08-08 22:10:00+00:00,0.0,0.0,0.0,0.0,0.0,24.76,1.86,0
2019-08-08 23:10:00+00:00,0.0,0.0,0.0,0.0,0.0,24.18,1.86,0
2019-08-09 00:10:00+00:00,0.0,0.0,0.0,0.0,0.0,23.62,1.72,0
2019-08-09 01:10:00+00:00,0.0,0.0,0.0,0.0,0.0,23.19,1.86,0
2019-08-09 02:10:00+00:00,0.0,0.0,0.0,0.0,0.0,22.9,2.07,0
2019-08-09 03:10:00+00:00,0.0,0.0,0.0,0.0,0.0,22.61,2.14,0
2019-08-09 04:10:00+00:00,0.0,0.0,0.0,0.0,0.0,22.24,2.0,0
2019-08-09 05:10:00+00:00,34.93,67.53,65.75,1.39,9.61,22.13,1.72,0
2019-08-09 06:10:00+00:00,80.73,169.42,106.94,3.82,20.66,24.4,1.45,0
2019-08-09 07:10:00+00:00,111.85,217.09,154.88,6.0,31.8,26.91,1.24,0
2019-08-09 08:10:00+00:00,142.04,344.9,127.24,8.63,42.67,28.77,0.83,0
2019-08-09 09:10:00+00:00,160.92,396.75,136.54,10.36,52.64,30.23,1.24,0
2019-08-09 10:10:00+00:00,175.01,450.52,124.23,11.66,60.48,31.32,2.48,0
2019-08-09 11:10:00+00:00,179.24,447.06,139.14,11.98,63.99,31.9,3.31,0
2019-08-09 12:10:00+00:00,176.4,452.42,123.38,11.8,61.47,32.1,3.79,0
2019-08-09 13:10:00+00:00,163.95,399.78,136.41,10.64,54.18,32.02,4.0,0
2019-08-09 14:10:00+00:00,144.37,349.51,126.38,9.0,44.47,31.84,4.0,0
2019-08-09 15:10:00+00:00,117.3,274.71,119.25,6.82,33.7,31.44,3.93,0
2019-08-09 16:10:00+00:00,84.33,192.78,102.48,4.39,22.57,30.75,3.66,0
2019-08-09 17:10:00+00:00,43.53,94.9,73.38,1.9,11.49,29.78,3.03,0
2019-08-09 18:10:00+00:00,0.0,0.0,0.0,0.0,0.0,28.53,2.07,0
2019-08-09 19:10:00+00:00,0.0,0.0,0.0,0.0,0.0,27.42,1.24,0
2019-08-09 20:10:00+00:00,0.0,0.0,0.0,0.0,0.0,26.46,0.9,0
2019-08-09 21:10:00+00:00,0.0,0.0,0.0,0.0,0.0,25.73,0.83,0
2019-08-09 22:10:00+00:00,0.0,0.0,0.0,0.0,0.0,25.6,0.83,0
2019-08-09 23:10:00+00:00,0.0,0.0,0.0,0.0,0.0,25.33,0.83,0
2019-08-10 00:10:00+00:00,0.0,0.0,0.0,0.0,0.0,24.04,1.24,0
2019-08-10 01:10:00+00:00,0.0,0.0,0.0,0.0,0.0,23.42,1.52,0
2019-08-10 02:10:00+00:00,0.0,0.0,0.0,0.0,0.0,23.19,1.45,0
2019-08-10 03:10:00+00:00,0.0,0.0,0.0,0.0,0.0,23.22,1.17,0
2019-08-10 04:10:00+00:00,0.0,0.0,0.0,0.0,0.0,22.92,1.1,0
2019-08-10 05:10:00+00:00,33.85,67.53,63.73,1.37,9.45,23.43,0.83,0
2019-08-10 06:10:00+00:00,78.76,167.53,104.77,3.78,20.5,24.62,0.48,0
2019-08-10 07:10:00+00:00,112.96,256.97,122.52,6.26,31.64,27.28,0.69,0
2019-08-10 08:10:00+00:00,140.04,331.86,132.57,8.49,42.5,28.81,1.1,0
2019-08-10 09:10:00+00:00,159.85,390.09,137.27,10.28,52.44,30.15,1.66,0
2019-08-10 10:10:00+00:00,172.18,427.47,138.83,11.44,60.24,31.19,2.28,0
2019-08-10 11:10:00+00:00,176.31,432.42,146.83,11.83,63.71,31.89,2.76,0
2019-08-10 12:10:00+00:00,172.61,420.9,145.73,11.52,61.18,32.24,3.17,0
2019-08-10 13:10:00+00:00,160.63,377.97,149.62,10.42,53.93,32.26,3.59,0
2019-08-10 14:10:00+00:00,142.15,336.24,132.54,8.87,44.24,31.82,4.07,0
2019-08-10 15:10:00+00:00,114.83,258.52,126.57,6.66,33.49,31.05,4.14,0
2019-08-10 16:10:00+00:00,81.62,179.58,106.07,4.26,22.36,30.11,3.59,0
2019-08-10 17:10:00+00:00,41.22,88.39,71.87,1.82,11.27,29.14,2.83,0
2019-08-10 18:10:00+00:00,0.0,0.0,0.0,0.0,0.0,28.11,1.72,0
2019-08-10 19:10:00+00:00,0.0,0.0,0.0,0.0,0.0,27.28,1.24,0
2019-08-10 20:10:00+00:00,0.0,0.0,0.0,0.0,0.0,26.41,1.1,0
2019-08-10 21:10:00+00:00,0.0,0.0,0.0,0.0,0.0,25.33,1.1,0
2019-08-10 22:10:00+00:00,0.0,0.0,0.0,0.0,0.0,24.75,1.17,0
2019-08-10 23:10:00+00:00,0.0,0.0,0.0,0.0,0.0,24.11,1.38,0
2019-08-11 00:10:00+00:00,0.0,0.0,0.0,0.0,0.0,23.48,1.45,0
2019-08-11 01:10:00+00:00,0.0,0.0,0.0,0.0,0.0,23.04,1.52,0
2019-08-11 02:10:00+00:00,0.0,0.0,0.0,0.0,0.0,22.72,1.52,0
2019-08-11 03:10:00+00:00,0.0,0.0,0.0,0.0,0.0,22.35,1.52,0
2019-08-11 04:10:00+00:00,0.0,0.0,0.0,0.0,0.0,22.12,1.52,0
2019-08-11 05:10:00+00:00,36.25,76.94,62.89,1.42,9.28,22.39,1.31,0
2019-08-11 06:10:00+00:00,80.69,183.7,96.08,3.9,20.34,24.59,0.69,0
2019-08-11 07:10:00+00:00,113.86,270.08,113.65,6.39,31.48,27.47,0.69,0
2019-08-11 08:10:00+00:00,140.24,341.69,125.6,8.63,42.32,29.25,0.97,0
2019-08-11 09:10:00+00:00,159.7,400.92,129.48,10.44,52.23,30.77,1.38,0
2019-08-11 10:10:00+00:00,172.19,447.74,122.55,11.68,59.98,31.97,2.0,0
2019-08-11 11:10:00+00:00,176.61,452.37,130.51,12.07,63.42,32.74,2.76,0
2019-08-11 12:10:00+00:00,173.37,449.02,121.73,11.82,60.9,33.07,3.38,0
2019-08-11 13:10:00+00:00,161.23,403.79,127.76,10.69,53.68,33.0,3.66,0
2019-08-11 14:10:00+00:00,141.56,345.66,124.76,8.99,44.01,32.69,3.66,0
2019-08-11 15:10:00+00:00,113.96,260.66,125.16,6.71,33.27,32.18,3.59,0
2019-08-11 16:10:00+00:00,80.87,182.09,103.96,4.29,22.14,31.32,3.17,0
2019-08-11 17:10:00+00:00,39.98,84.49,72.71,1.8,11.05,30.23,2.14,0
2019-08-11 18:10:00+00:00,0.0,0.0,0.0,0.0,0.0,28.98,1.31,0
2019-08-11 19:10:00+00:00,0.0,0.0,0.0,0.0,0.0,28.04,1.03,0
2019-08-11 20:10:00+00:00,0.0,0.0,0.0,0.0,0.0,27.18,1.17,0
2019-08-11 21:10:00+00:00,0.0,0.0,0.0,0.0,0.0,26.09,1.31,0
2019-08-11 22:10:00+00:00,0.0,0.0,0.0,0.0,0.0,25.54,1.24,0
2019-08-11 23:10:00+00:00,0.0,0.0,0.0,0.0,0.0,25.19,1.17,0
2019-08-12 00:10:00+00:00,0.0,0.0,0.0,0.0,0.0,24.35,1.45,0
2019-08-12 01:10:00+00:00,0.0,0.0,0.0,0.0,0.0,23.71,1.59,0
2019-08-12 02:10:00+00:00,0.0,0.0,0.0,0.0,0.0,23.23,1.66,0
2019-08-12 03:10:00+00:00,0.0,0.0,0.0,0.0,0.0,22.75,1.59,0
2019-08-12 04:10:00+00:00,0.0,0.0,0.0,0.0,0.0,22.51,1.52,0
2019-08-12 05:10:00+00:00,28.26,48.66,62.58,1.22,9.12,22.65,1.38,0
2019-08-12 06:10:00+00:00,74.68,143.81,114.6,3.62,20.18,24.8,0.9,0
2019-08-12 07:10:00+00:00,108.81,228.52,140.67,6.08,31.32,28.53,0.41,0
2019-08-12 08:10:00+00:00,137.32,313.59,145.37,8.41,42.15,30.73,1.45,0
2019-08-12 09:10:00+00:00,158.1,375.49,147.8,10.24,52.03,32.02,2.48,0
2019-08-12 10:10:00+00:00,168.64,403.66,157.91,11.33,59.73,33.02,2.07,0
2019-08-12 11:10:00+00:00,172.66,424.23,151.81,11.84,63.12,34.04,2.34,0
2019-08-12 12:10:00+00:00,170.15,420.79,143.72,11.6,60.61,34.65,3.52,0
2019-08-12 13:10:00+00:00,157.9,370.73,153.85,10.44,53.42,34.44,3.72,0
2019-08-12 14:10:00+00:00,137.94,310.63,150.74,8.71,43.77,34.02,3.79,0
2019-08-12 15:10:00+00:00,111.02,238.12,138.96,6.52,33.04,33.09,4.07,0
2019-08-12 16:10:00+00:00,76.08,147.46,121.71,4.02,21.92,31.73,3.24,0
2019-08-12 17:10:00+00:00,34.65,63.69,73.9,1.62,10.83,30.54,2.28,0
2019-08-12 18:10:00+00:00,0.0,0.0,0.0,0.0,0.0,29.21,1.93,0
2019-08-12 19:10:00+00:00,0.0,0.0,0.0,0.0,0.0,28.27,1.72,0
2019-08-12 20:10:00+00:00,0.0,0.0,0.0,0.0,0.0,27.41,1.31,0
2019-08-12 21:10:00+00:00,0.0,0.0,0.0,0.0,0.0,26.51,1.03,0
2019-08-12 22:10:00+00:00,0.0,0.0,0.0,0.0,0.0,25.89,1.17,0
2019-08-12 23:10:00+00:00,0.0,0.0,0.0,0.0,0.0,24.91,1.45,0
2019-08-13 00:10:00+00:00,0.0,0.0,0.0,0.0,0.0,25.07,1.1,0
2019-08-13 01:10:00+00:00,0.0,0.0,0.0,0.0,0.0,24.58,1.24,0
2019-08-13 02:10:00+00:00,0.0,0.0,0.0,0.0,0.0,23.72,1.66,0
2019-08-13 03:10:00+00:00,0.0,0.0,0.0,0.0,0.0,23.66,2.21,0
2019-08-13 04:10:00+00:00,0.0,0.0,0.0,0.0,0.0,23.29,1.86,0
2019-08-13 05:10:00+00:00,14.24,9.41,51.54,0.8,8.95,23.36,1.66,0
2019-08-13 06:10:00+00:00,70.02,127.87,115.96,3.43,20.02,25.71,1.17,0
2019-08-13 07:10:00+00:00,106.83,229.33,131.23,5.99,31.16,28.28,1.17,0
2019-08-13 08:10:00+00:00,132.69,293.27,150.36,8.12,41.97,30.1,1.1,0
2019-08-13 09:10:00+00:00,151.38,339.4,166.44,9.79,51.82,31.79,1.31,0
2019-08-13 10:10:00+00:00,162.5,332.16,208.59,10.57,59.47,33.04,2.21,0
2019-08-13 11:10:00+00:00,142.01,76.22,395.22,7.49,62.82,33.59,3.45,0
2019-08-13 12:10:00+00:00,133.21,54.45,384.14,6.81,60.31,32.63,4.34,0
2019-08-13 13:10:00+00:00,130.88,81.37,350.02,6.9,53.15,32.6,4.21,0
2019-08-13 14:10:00+00:00,94.52,26.94,287.82,4.72,43.53,32.29,4.21,0
2019-08-13 15:10:00+00:00,108.22,229.47,136.31,6.35,32.82,31.62,4.07,0
2019-08-13 16:10:00+00:00,66.24,90.03,141.97,3.43,21.7,30.43,4.0,0
2019-08-13 17:10:00+00:00,37.26,80.6,67.4,1.69,10.6,28.86,3.79,0
2019-08-13 18:10:00+00:00,0.0,0.0,0.0,0.0,0.0,27.39,2.9,0
2019-08-13 19:10:00+00:00,0.0,0.0,0.0,0.0,0.0,26.48,3.31,0
2019-08-13 20:10:00+00:00,0.0,0.0,0.0,0.0,0.0,25.81,2.9,0
2019-08-13 21:10:00+00:00,0.0,0.0,0.0,0.0,0.0,25.32,2.97,0
2019-08-13 22:10:00+00:00,0.0,0.0,0.0,0.0,0.0,24.88,2.83,0
2019-08-13 23:10:00+00:00,0.0,0.0,0.0,0.0,0.0,24.54,1.93,0
2019-08-14 00:10:00+00:00,0.0,0.0,0.0,0.0,0.0,24.05,1.59,0
2019-08-14 01:10:00+00:00,0.0,0.0,0.0,0.0,0.0,23.54,1.66,0
2019-08-14 02:10:00+00:00,0.0,0.0,0.0,0.0,0.0,22.92,1.52,0
2019-08-14 03:10:00+00:00,0.0,0.0,0.0,0.0,0.0,22.65,1.38,0
2019-08-14 04:10:00+00:00,0.0,0.0,0.0,0.0,0.0,22.26,1.59,0
2019-08-14 05:10:00+00:00,28.0,50.18,60.92,1.21,8.79,22.27,1.93,0
2019-08-14 06:10:00+00:00,76.38,157.87,105.76,3.72,19.86,24.06,2.28,0
2019-08-14 07:10:00+00:00,107.9,187.69,166.59,5.79,30.99,24.81,2.48,0
2019-08-14 08:10:00+00:00,140.34,301.61,152.67,8.37,41.79,26.02,2.83,0
2019-08-14 09:10:00+00:00,163.11,397.88,126.34,10.49,51.61,27.59,3.72,0
2019-08-14 10:10:00+00:00,175.11,412.09,148.71,11.5,59.21,28.7,4.62,0
2019-08-14 11:10:00+00:00,180.82,466.28,112.23,12.27,62.52,29.4,5.1,0
2019-08-14 12:10:00+00:00,173.34,354.09,201.48,11.12,60.01,29.66,5.66,0
2019-08-14 13:10:00+00:00,149.79,158.68,323.66,8.32,52.88,29.72,6.07,0
2019-08-14 14:10:00+00:00,135.44,210.28,228.74,7.84,43.29,29.57,6.21,0
2019-08-14 15:10:00+00:00,114.05,260.91,118.54,6.73,32.58,29.2,6.21,0
2019-08-14 16:10:00+00:00,79.26,177.31,100.44,4.22,21.47,28.66,6.0,0
2019-08-14 17:10:00+00:00,38.23,84.53,66.87,1.71,10.36,27.71,5.59,0
2019-08-14 18:10:00+00:00,0.0,0.0,0.0,0.0,0.0,26.72,4.97,0
2019-08-14 19:10:00+00:00,0.0,0.0,0.0,0.0,0.0,25.84,4.76,0
2019-08-14 20:10:00+00:00,0.0,0.0,0.0,0.0,0.0,25.34,4.41,0
2019-08-14 21:10:00+00:00,0.0,0.0,0.0,0.0,0.0,24.91,4.0,0
2019-08-14 22:10:00+00:00,0.0,0.0,0.0,0.0,0.0,24.51,3.52,0
2019-08-14 23:10:00+00:00,0.0,0.0,0.0,0.0,0.0,24.02,3.17,0
2019-08-15 00:10:00+00:00,0.0,0.0,0.0,0.0,0.0,23.54,3.1,0
2019-08-15 01:10:00+00:00,0.0,0.0,0.0,0.0,0.0,22.82,3.17,0
2019-08-15 02:10:00+00:00,0.0,0.0,0.0,0.0,0.0,22.19,3.1,0
2019-08-15 03:10:00+00:00,0.0,0.0,0.0,0.0,0.0,21.65,2.97,0
2019-08-15 04:10:00+00:00,0.0,0.0,0.0,0.0,0.0,21.17,2.9,0
2019-08-15 05:10:00+00:00,31.61,65.82,58.83,1.29,8.62,20.98,2.76,0
2019-08-15 06:10:00+00:00,76.98,168.86,96.01,3.76,19.7,22.36,2.62,0
2019-08-15 07:10:00+00:00,111.64,251.79,117.94,6.27,30.83,24.41,1.79,0
2019-08-15 08:10:00+00:00,137.94,326.6,127.72,8.55,41.61,25.95,0.83,0
2019-08-15 09:10:00+00:00,156.67,377.13,139.32,10.3,51.39,27.3,0.69,0
2019-08-15 10:10:00+00:00,170.08,406.04,148.55,11.41,58.95,28.63,2.07,0
2019-08-15 11:10:00+00:00,174.35,394.3,171.49,11.66,62.21,29.58,3.17,0
2019-08-15 12:10:00+00:00,171.27,398.64,155.49,11.47,59.7,30.01,4.07,0
2019-08-15 13:10:00+00:00,158.7,357.55,157.04,10.36,52.6,30.15,4.62,0
2019-08-15 14:10:00+00:00,139.09,316.06,138.56,8.78,43.03,29.91,5.17,0
2019-08-15 15:10:00+00:00,111.3,245.72,125.78,6.58,32.34,29.2,5.59,0
2019-08-15 16:10:00+00:00,77.09,168.61,102.13,4.13,21.24,28.21,5.52,0
2019-08-15 17:10:00+00:00,37.08,81.96,65.75,1.67,10.13,26.97,4.9,0
2019-08-15 18:10:00+00:00,0.0,0.0,0.0,0.0,0.0,25.79,3.79,0
2019-08-15 19:10:00+00:00,0.0,0.0,0.0,0.0,0.0,24.84,3.31,0
2019-08-15 20:10:00+00:00,0.0,0.0,0.0,0.0,0.0,24.2,2.48,0
2019-08-15 21:10:00+00:00,0.0,0.0,0.0,0.0,0.0,23.57,1.93,0
2019-08-15 22:10:00+00:00,0.0,0.0,0.0,0.0,0.0,22.78,1.59,0
2019-08-15 23:10:00+00:00,0.0,0.0,0.0,0.0,0.0,22.12,1.17,0
2019-08-16 00:10:00+00:00,0.0,0.0,0.0,0.0,0.0,22.62,0.76,0
2019-08-16 01:10:00+00:00,0.0,0.0,0.0,0.0,0.0,22.44,0.14,0
2019-08-16 02:10:00+00:00,0.0,0.0,0.0,0.0,0.0,22.08,0.34,0
2019-08-16 03:10:00+00:00,0.0,0.0,0.0,0.0,0.0,21.4,0.9,0
2019-08-16 04:10:00+00:00,0.0,0.0,0.0,0.0,0.0,20.21,1.1,0
2019-08-16 05:10:00+00:00,29.29,59.5,57.09,1.22,8.45,19.77,1.17,0
2019-08-16 06:10:00+00:00,74.25,161.22,96.65,3.68,19.54,21.76,0.69,0
2019-08-16 07:10:00+00:00,108.24,248.52,114.07,6.19,30.66,24.0,0.34,0
2019-08-16 08:10:00+00:00,135.23,323.78,123.16,8.47,41.43,25.71,0.48,0
2019-08-16 09:10:00+00:00,155.7,389.89,120.92,10.34,51.18,27.27,1.1,0
2019-08-16 10:10:00+00:00,167.86,404.85,141.67,11.33,58.68,28.45,2.14,0
2019-08-16 11:10:00+00:00,172.21,401.6,156.63,11.64,61.9,29.29,3.1,0
2019-08-16 12:10:00+00:00,169.59,413.14,134.68,11.52,59.39,29.52,3.93,0
2019-08-16 13:10:00+00:00,157.05,362.76,144.66,10.33,52.32,29.29,4.62,0
2019-08-16 14:10:00+00:00,136.69,314.04,132.32,8.68,42.78,29.02,4.69,0
2019-08-16 15:10:00+00:00,108.92,246.9,118.29,6.52,32.1,28.77,4.55,0
2019-08-16 16:10:00+00:00,74.68,164.19,100.04,4.05,21.0,28.13,4.34,0
2019-08-16 17:10:00+00:00,36.23,85.9,60.97,1.65,9.88,27.16,3.66,0
2019-08-16 18:10:00+00:00,0.0,0.0,0.0,0.0,0.0,26.04,2.28,0
2019-08-16 19:10:00+00:00,0.0,0.0,0.0,0.0,0.0,25.12,1.59,0
2019-08-16 20:10:00+00:00,0.0,0.0,0.0,0.0,0.0,24.5,1.24,0
2019-08-16 21:10:00+00:00,0.0,0.0,0.0,0.0,0.0,23.58,1.03,0
2019-08-16 22:10:00+00:00,0.0,0.0,0.0,0.0,0.0,22.82,1.03,0
2019-08-16 23:10:00+00:00,0.0,0.0,0.0,0.0,0.0,22.59,0.9,0
2019-08-17 00:10:00+00:00,0.0,0.0,0.0,0.0,0.0,23.08,0.69,0
2019-08-17 01:10:00+00:00,0.0,0.0,0.0,0.0,0.0,22.93,0.41,0
2019-08-17 02:10:00+00:00,0.0,0.0,0.0,0.0,0.0,22.64,0.34,0
2019-08-17 03:10:00+00:00,0.0,0.0,0.0,0.0,0.0,22.37,0.48,0
2019-08-17 04:10:00+00:00,0.0,0.0,0.0,0.0,0.0,22.18,0.48,0
2019-08-17 05:10:00+00:00,23.02,39.1,55.6,1.06,8.28,21.99,0.48,0
2019-08-17 06:10:00+00:00,71.06,149.07,100.13,3.58,19.37,22.49,0.07,0
2019-08-17 07:10:00+00:00,106.35,234.84,121.24,6.08,30.5,24.45,0.76,0
2019-08-17 08:10:00+00:00,133.67,313.61,127.4,8.37,41.24,25.67,0.69,0
2019-08-17 09:10:00+00:00,153.2,350.55,150.67,10.01,50.96,26.79,1.17,0
2019-08-17 10:10:00+00:00,146.6,103.92,374.42,7.88,58.41,27.62,1.72,0
2019-08-17 11:10:00+00:00,169.74,368.22,182.98,11.35,61.58,28.27,2.34,0
2019-08-17 12:10:00+00:00,166.8,392.73,148.3,11.33,59.08,28.71,2.83,0
2019-08-17 13:10:00+00:00,153.95,330.57,169.45,10.05,52.04,28.73,3.31,0
2019-08-17 14:10:00+00:00,135.63,333.12,111.57,8.82,42.52,28.65,3.86,0
2019-08-17 15:10:00+00:00,106.44,224.18,132.05,6.32,31.85,28.09,4.28,0
2019-08-17 16:10:00+00:00,59.1,59.39,145.89,3.04,20.75,27.24,4.21,0
2019-08-17 17:10:00+00:00,17.47,13.02,60.12,0.98,9.64,26.33,3.59,0
2019-08-17 18:10:00+00:00,0.0,0.0,0.0,0.0,0.0,25.25,2.62,0
2019-08-17 19:10:00+00:00,0.0,0.0,0.0,0.0,0.0,24.39,1.79,0
2019-08-17 20:10:00+00:00,0.0,0.0,0.0,0.0,0.0,23.98,0.97,0
2019-08-17 21:10:00+00:00,0.0,0.0,0.0,0.0,0.0,23.14,0.76,0
2019-08-17 22:10:00+00:00,0.0,0.0,0.0,0.0,0.0,22.85,0.69,0
2019-08-17 23:10:00+00:00,0.0,0.0,0.0,0.0,0.0,22.62,0.76,0
2019-08-18 00:10:00+00:00,0.0,0.0,0.0,0.0,0.0,21.94,0.97,0
2019-08-18 01:10:00+00:00,0.0,0.0,0.0,0.0,0.0,21.4,1.1,0
2019-08-18 02:10:00+00:00,0.0,0.0,0.0,0.0,0.0,21.18,1.03,0
2019-08-18 03:10:00+00:00,0.0,0.0,0.0,0.0,0.0,20.82,1.1,0
2019-08-18 04:10:00+00:00,0.0,0.0,0.0,0.0,0.0,20.33,1.24,0
2019-08-18 05:10:00+00:00,27.84,57.8,54.99,1.18,8.11,19.98,1.31,0
2019-08-18 06:10:00+00:00,71.86,156.1,95.15,3.63,19.21,21.82,0.9,0
2019-08-18 07:10:00+00:00,105.82,240.43,116.11,6.15,30.33,24.34,0.28,0
2019-08-18 08:10:00+00:00,133.46,314.72,126.72,8.44,41.06,26.07,0.76,0
2019-08-18 09:10:00+00:00,154.39,379.93,124.37,10.3,50.74,27.49,1.79,0
2019-08-18 10:10:00+00:00,166.74,393.89,147.51,11.31,58.14,28.39,2.55,0
2019-08-18 11:10:00+00:00,170.92,390.26,163.31,11.62,61.26,28.89,3.1,0
2019-08-18 12:10:00+00:00,167.13,393.88,147.46,11.41,58.76,29.16,3.45,0
2019-08-18 13:10:00+00:00,154.24,352.14,148.98,10.28,51.74,29.11,3.72,0
2019-08-18 14:10:00+00:00,133.84,303.52,135.96,8.61,42.25,28.78,3.79,0
2019-08-18 15:10:00+00:00,106.31,242.77,115.77,6.48,31.6,28.25,3.66,0
2019-08-18 16:10:00+00:00,72.28,159.54,98.61,3.99,20.51,27.63,3.24,0
2019-08-18 17:10:00+00:00,31.43,67.78,61.79,1.49,9.39,26.79,2.48,0
2019-08-18 18:10:00+00:00,0.0,0.0,0.0,0.0,0.0,25.82,1.52,0
2019-08-18 19:10:00+00:00,0.0,0.0,0.0,0.0,0.0,25.16,0.9,0
2019-08-18 20:10:00+00:00,0.0,0.0,0.0,0.0,0.0,24.38,0.76,0
2019-08-18 21:10:00+00:00,0.0,0.0,0.0,0.0,0.0,23.63,0.9,0
2019-08-18 22:10:00+00:00,0.0,0.0,0.0,0.0,0.0,22.96,1.1,0
2019-08-18 23:10:00+00:00,0.0,0.0,0.0,0.0,0.0,22.61,1.1,0
2019-08-19 00:10:00+00:00,0.0,0.0,0.0,0.0,0.0,22.4,1.03,0
2019-08-19 01:10:00+00:00,0.0,0.0,0.0,0.0,0.0,21.69,1.31,0
2019-08-19 02:10:00+00:00,0.0,0.0,0.0,0.0,0.0,21.21,1.38,0
2019-08-19 03:10:00+00:00,0.0,0.0,0.0,0.0,0.0,21.13,1.31,0
2019-08-19 04:10:00+00:00,0.0,0.0,0.0,0.0,0.0,21.82,1.03,0
2019-08-19 05:10:00+00:00,27.14,59.28,53.15,1.17,7.94,22.15,0.9,0
2019-08-19 06:10:00+00:00,71.4,159.36,92.99,3.67,19.04,22.74,0.55,0
2019-08-19 07:10:00+00:00,105.7,241.47,114.68,6.19,30.16,24.88,0.83,0
2019-08-19 08:10:00+00:00,133.32,321.64,119.85,8.53,40.87,26.67,1.1,0
2019-08-19 09:10:00+00:00,153.32,380.49,123.65,10.37,50.51,28.25,1.59,0
2019-08-19 10:10:00+00:00,165.7,402.73,138.94,11.44,57.86,29.38,2.41,0
2019-08-19 11:10:00+00:00,170.39,407.25,146.83,11.82,60.94,30.0,3.38,0
2019-08-19 12:10:00+00:00,166.86,410.29,131.25,11.6,58.44,30.14,4.0,0
2019-08-19 13:10:00+00:00,153.38,352.25,148.21,10.33,51.45,30.08,4.0,0
2019-08-19 14:10:00+00:00,132.56,298.26,139.8,8.61,41.98,29.89,3.86,0
2019-08-19 15:10:00+00:00,105.11,242.37,115.24,6.51,31.34,29.4,3.52,0
2019-08-19 16:10:00+00:00,70.77,156.78,98.36,3.97,20.25,28.59,3.17,0
2019-08-19 17:10:00+00:00,30.52,66.53,60.81,1.46,9.13,27.36,2.69,0
2019-08-19 18:10:00+00:00,0.0,0.0,0.0,0.0,0.0,26.21,1.86,0
2019-08-19 19:10:00+00:00,0.0,0.0,0.0,0.0,0.0,25.37,1.31,0
2019-08-19 20:10:00+00:00,0.0,0.0,0.0,0.0,0.0,24.61,1.45,0
2019-08-19 21:10:00+00:00,0.0,0.0,0.0,0.0,0.0,23.84,1.59,0
2019-08-19 22:10:00+00:00,0.0,0.0,0.0,0.0,0.0,22.98,1.45,0
2019-08-19 23:10:00+00:00,0.0,0.0,0.0,0.0,0.0,22.29,1.52,0
2019-08-20 00:10:00+00:00,0.0,0.0,0.0,0.0,0.0,21.72,1.45,0
2019-08-20 01:10:00+00:00,0.0,0.0,0.0,0.0,0.0,21.34,1.45,0
2019-08-20 02:10:00+00:00,0.0,0.0,0.0,0.0,0.0,21.08,1.38,0
2019-08-20 03:10:00+00:00,0.0,0.0,0.0,0.0,0.0,20.76,1.38,0
2019-08-20 04:10:00+00:00,0.0,0.0,0.0,0.0,0.0,20.38,1.59,0
2019-08-20 05:10:00+00:00,23.03,43.61,52.36,1.05,7.77,20.3,1.52,0
2019-08-20 06:10:00+00:00,67.17,137.51,99.26,3.46,18.88,22.39,1.03,0
2019-08-20 07:10:00+00:00,101.04,220.72,122.16,5.95,29.99,25.76,0.62,0
2019-08-20 08:10:00+00:00,127.75,291.31,135.44,8.19,40.68,27.73,0.76,0
2019-08-20 09:10:00+00:00,148.37,360.13,130.96,10.09,50.29,29.39,1.52,0
2019-08-20 10:10:00+00:00,160.8,374.03,153.4,11.07,57.58,30.45,2.69,0
2019-08-20 11:10:00+00:00,165.95,385.35,155.2,11.5,60.62,30.73,3.72,0
2019-08-20 12:10:00+00:00,161.9,373.63,153.36,11.16,58.11,30.6,4.0,0
2019-08-20 13:10:00+00:00,149.02,332.52,154.93,10.03,51.15,30.43,4.0,0
2019-08-20 14:10:00+00:00,128.41,285.48,140.2,8.39,41.7,30.19,3.86,0
2019-08-20 15:10:00+00:00,101.08,226.15,119.1,6.28,31.08,29.65,3.45,0
2019-08-20 16:10:00+00:00,66.81,140.08,102.01,3.76,20.0,28.8,2.97,0
2019-08-20 17:10:00+00:00,26.72,53.55,59.69,1.33,8.87,27.76,2.21,0
2019-08-20 18:10:00+00:00,0.0,0.0,0.0,0.0,0.0,26.72,1.31,0
2019-08-20 19:10:00+00:00,0.0,0.0,0.0,0.0,0.0,26.24,1.03,0
2019-08-20 20:10:00+00:00,0.0,0.0,0.0,0.0,0.0,25.48,1.1,0
2019-08-20 21:10:00+00:00,0.0,0.0,0.0,0.0,0.0,24.55,1.1,0
2019-08-20 22:10:00+00:00,0.0,0.0,0.0,0.0,0.0,23.77,1.03,0
2019-08-20 23:10:00+00:00,0.0,0.0,0.0,0.0,0.0,23.26,1.17,0
2019-08-21 00:10:00+00:00,0.0,0.0,0.0,0.0,0.0,22.77,1.24,0
2019-08-21 01:10:00+00:00,0.0,0.0,0.0,0.0,0.0,22.32,1.38,0
2019-08-21 02:10:00+00:00,0.0,0.0,0.0,0.0,0.0,21.87,1.52,0
2019-08-21 03:10:00+00:00,0.0,0.0,0.0,0.0,0.0,21.68,1.45,0
2019-08-21 04:10:00+00:00,0.0,0.0,0.0,0.0,0.0,22.56,0.97,0
2019-08-21 05:10:00+00:00,21.94,43.52,50.36,1.02,7.6,22.7,0.76,0
2019-08-21 06:10:00+00:00,65.6,136.33,97.08,3.43,18.71,22.77,0.55,0
2019-08-21 07:10:00+00:00,99.41,224.64,115.32,5.96,29.81,25.53,0.0,0
2019-08-21 08:10:00+00:00,126.95,297.51,126.05,8.23,40.48,27.4,0.9,0
2019-08-21 09:10:00+00:00,147.71,361.26,124.63,10.07,50.06,28.84,2.0,0
2019-08-21 10:10:00+00:00,160.46,390.38,133.15,11.19,57.3,29.72,2.97,0
2019-08-21 11:10:00+00:00,164.54,395.04,140.29,11.55,60.29,30.16,3.52,0
2019-08-21 12:10:00+00:00,160.93,404.96,118.78,11.4,57.78,30.32,3.86,0
2019-08-21 13:10:00+00:00,147.46,346.9,136.14,10.13,50.84,30.27,3.79,0
2019-08-21 14:10:00+00:00,126.91,297.1,124.67,8.45,41.42,30.06,3.72,0
2019-08-21 15:10:00+00:00,99.08,225.08,114.32,6.23,30.82,29.51,3.52,0
2019-08-21 16:10:00+00:00,64.97,135.78,100.85,3.7,19.74,28.7,2.9,0
2019-08-21 17:10:00+00:00,25.26,51.0,57.54,1.27,8.61,27.72,2.41,0
2019-08-21 18:10:00+00:00,0.0,0.0,0.0,0.0,0.0,26.47,1.66,0
2019-08-21 19:10:00+00:00,0.0,0.0,0.0,0.0,0.0,25.57,1.38,0
2019-08-21 20:10:00+00:00,0.0,0.0,0.0,0.0,0.0,25.07,1.17,0
2019-08-21 21:10:00+00:00,0.0,0.0,0.0,0.0,0.0,24.46,1.03,0
2019-08-21 22:10:00+00:00,0.0,0.0,0.0,0.0,0.0,23.67,0.9,0
2019-08-21 23:10:00+00:00,0.0,0.0,0.0,0.0,0.0,23.17,1.03,0
2019-08-22 00:10:00+00:00,0.0,0.0,0.0,0.0,0.0,22.62,1.31,0
2019-08-22 01:10:00+00:00,0.0,0.0,0.0,0.0,0.0,22.35,1.31,0
2019-08-22 02:10:00+00:00,0.0,0.0,0.0,0.0,0.0,22.52,0.97,0
2019-08-22 03:10:00+00:00,0.0,0.0,0.0,0.0,0.0,22.88,0.69,0
2019-08-22 04:10:00+00:00,0.0,0.0,0.0,0.0,0.0,22.71,0.83,0
2019-08-22 05:10:00+00:00,17.79,27.92,49.44,0.9,7.42,22.6,0.83,0
2019-08-22 06:10:00+00:00,61.73,115.81,104.27,3.24,18.54,23.24,0.62,0
2019-08-22 07:10:00+00:00,97.82,211.34,120.71,5.83,29.64,25.3,0.9,0
2019-08-22 08:10:00+00:00,125.21,292.0,125.81,8.16,40.29,26.9,0.76,0
2019-08-22 09:10:00+00:00,145.0,355.65,124.39,10.01,49.82,28.45,1.17,0
2019-08-22 10:10:00+00:00,157.7,384.21,133.74,11.12,57.01,29.63,2.14,0
2019-08-22 11:10:00+00:00,162.11,396.44,133.24,11.54,59.96,30.27,3.03,0
2019-08-22 12:10:00+00:00,157.86,376.76,139.04,11.13,57.44,30.45,3.45,0
2019-08-22 13:10:00+00:00,145.14,327.92,148.26,9.94,50.53,30.23,3.66,0
2019-08-22 14:10:00+00:00,124.6,280.04,134.35,8.28,41.14,29.69,3.45,0
2019-08-22 15:10:00+00:00,96.91,211.13,120.64,6.08,30.55,29.18,3.72,0
2019-08-22 16:10:00+00:00,61.59,116.97,107.33,3.5,19.47,28.47,2.83,0
2019-08-22 17:10:00+00:00,26.6,62.86,53.7,1.33,8.34,27.89,2.21,0
2019-08-22 18:10:00+00:00,0.0,0.0,0.0,0.0,0.0,27.17,1.52,0
2019-08-22 19:10:00+00:00,0.0,0.0,0.0,0.0,0.0,25.97,1.45,0
2019-08-22 20:10:00+00:00,0.0,0.0,0.0,0.0,0.0,25.45,0.83,0
2019-08-22 21:10:00+00:00,0.0,0.0,0.0,0.0,0.0,24.73,0.55,0
2019-08-22 22:10:00+00:00,0.0,0.0,0.0,0.0,0.0,24.05,1.1,0
2019-08-22 23:10:00+00:00,0.0,0.0,0.0,0.0,0.0,23.69,1.66,0
2019-08-23 00:10:00+00:00,0.0,0.0,0.0,0.0,0.0,23.18,1.52,0
2019-08-23 01:10:00+00:00,0.0,0.0,0.0,0.0,0.0,22.71,1.24,0
2019-08-23 02:10:00+00:00,0.0,0.0,0.0,0.0,0.0,22.5,1.17,0
2019-08-23 03:10:00+00:00,0.0,0.0,0.0,0.0,0.0,22.04,1.52,0
2019-08-23 04:10:00+00:00,0.0,0.0,0.0,0.0,0.0,21.79,1.52,0
2019-08-23 05:10:00+00:00,21.21,44.88,47.59,0.99,7.25,21.93,1.03,0
2019-08-23 06:10:00+00:00,23.12,0.87,86.74,1.26,18.38,23.54,0.69,0
2019-08-23 07:10:00+00:00,80.59,68.42,202.4,4.26,29.46,26.44,1.03,0
2019-08-23 08:10:00+00:00,70.3,6.35,231.69,3.47,40.09,28.32,0.0,0
2019-08-23 09:10:00+00:00,141.75,338.66,131.46,9.79,49.59,29.48,1.59,0
2019-08-23 10:10:00+00:00,154.12,332.75,172.69,10.58,56.72,30.19,2.76,0
2019-08-23 11:10:00+00:00,159.38,350.17,168.23,11.05,59.62,30.32,3.93,0
2019-08-23 12:10:00+00:00,154.56,338.52,166.41,10.72,57.11,29.73,3.03,0
2019-08-23 13:10:00+00:00,140.44,295.06,170.1,9.57,50.22,29.16,1.59,0
2019-08-23 14:10:00+00:00,118.76,236.78,164.05,7.81,40.85,29.6,1.03,0
2019-08-23 15:10:00+00:00,86.01,101.68,193.06,4.92,30.27,29.37,0.9,0
2019-08-23 16:10:00+00:00,33.04,6.4,115.6,1.77,19.2,29.34,0.83,0
2019-08-23 17:10:00+00:00,5.62,0.0,30.78,0.44,8.07,28.96,1.1,0
2019-08-23 18:10:00+00:00,0.0,0.0,0.0,0.0,0.0,27.88,1.45,0
2019-08-23 19:10:00+00:00,0.0,0.0,0.0,0.0,0.0,26.06,2.62,0
2019-08-23 20:10:00+00:00,0.0,0.0,0.0,0.0,0.0,25.51,2.14,0
2019-08-23 21:10:00+00:00,0.0,0.0,0.0,0.0,0.0,24.82,2.07,0
2019-08-23 22:10:00+00:00,0.0,0.0,0.0,0.0,0.0,24.25,2.14,0
2019-08-23 23:10:00+00:00,0.0,0.0,0.0,0.0,0.0,23.74,2.14,0
2019-08-24 00:10:00+00:00,0.0,0.0,0.0,0.0,0.0,23.35,2.07,0
2019-08-24 01:10:00+00:00,0.0,0.0,0.0,0.0,0.0,23.01,2.0,0
2019-08-24 02:10:00+00:00,0.0,0.0,0.0,0.0,0.0,22.64,1.93,0
2019-08-24 03:10:00+00:00,0.0,0.0,0.0,0.0,0.0,22.32,1.93,0
2019-08-24 04:10:00+00:00,0.0,0.0,0.0,0.0,0.0,22.01,2.0,0
2019-08-24 05:10:00+00:00,13.53,16.98,44.15,0.75,7.08,21.87,2.0,0
2019-08-24 06:10:00+00:00,57.27,94.69,109.28,3.03,18.21,23.12,1.72,0
2019-08-24 07:10:00+00:00,93.62,189.41,128.69,5.6,29.29,25.4,1.31,0
2019-08-24 08:10:00+00:00,119.64,235.65,164.09,7.62,39.9,27.57,0.97,0
2019-08-24 09:10:00+00:00,138.26,266.51,193.77,9.15,49.35,28.97,0.9,0
2019-08-24 10:10:00+00:00,145.1,154.52,325.72,8.59,56.43,29.82,1.52,0
2019-08-24 11:10:00+00:00,148.69,142.85,348.31,8.68,59.28,30.08,1.86,0
2019-08-24 12:10:00+00:00,130.12,57.64,371.41,6.82,56.76,30.15,2.14,0
2019-08-24 13:10:00+00:00,139.05,275.99,183.58,9.38,49.9,29.99,2.48,0
2019-08-24 14:10:00+00:00,118.68,247.08,152.34,7.92,40.56,29.71,1.79,0
2019-08-24 15:10:00+00:00,90.97,191.67,125.94,5.84,30.0,29.2,0.83,0
2019-08-24 16:10:00+00:00,58.75,127.74,92.71,3.51,18.93,28.3,0.28,0
2019-08-24 17:10:00+00:00,18.86,32.85,52.05,1.03,7.8,27.84,1.59,0
2019-08-24 18:10:00+00:00,0.0,0.0,0.0,0.0,0.0,27.17,1.17,0
2019-08-24 19:10:00+00:00,0.0,0.0,0.0,0.0,0.0,26.99,1.72,0
2019-08-24 20:10:00+00:00,0.0,0.0,0.0,0.0,0.0,26.05,1.24,0
2019-08-24 21:10:00+00:00,0.0,0.0,0.0,0.0,0.0,25.4,0.14,0
2019-08-24 22:10:00+00:00,0.0,0.0,0.0,0.0,0.0,24.56,0.69,0
2019-08-24 23:10:00+00:00,0.0,0.0,0.0,0.0,0.0,23.93,0.9,0
2019-08-25 00:10:00+00:00,0.0,0.0,0.0,0.0,0.0,23.35,1.03,0
2019-08-25 01:10:00+00:00,0.0,0.0,0.0,0.0,0.0,22.86,1.17,0
2019-08-25 02:10:00+00:00,0.0,0.0,0.0,0.0,0.0,22.56,1.24,0
2019-08-25 03:10:00+00:00,0.0,0.0,0.0,0.0,0.0,22.26,1.31,0
2019-08-25 04:10:00+00:00,0.0,0.0,0.0,0.0,0.0,21.9,1.24,0
2019-08-25 05:10:00+00:00,13.67,20.01,42.61,0.75,6.9,21.71,1.1,0
2019-08-25 06:10:00+00:00,54.62,84.36,111.8,2.92,18.03,23.68,0.69,0
2019-08-25 07:10:00+00:00,90.22,164.79,143.67,5.37,29.11,25.42,0.28,0
2019-08-25 08:10:00+00:00,118.02,254.29,142.51,7.76,39.7,26.72,0.21,0
2019-08-25 09:10:00+00:00,138.9,317.59,142.22,9.61,49.11,28.0,1.17,0
2019-08-25 10:10:00+00:00,151.32,344.57,152.4,10.68,56.13,28.54,1.72,0
2019-08-25 11:10:00+00:00,116.96,23.17,361.13,5.79,58.94,29.16,2.07,0
2019-08-25 12:10:00+00:00,108.44,16.43,339.88,5.31,56.42,29.49,2.69,0
2019-08-25 13:10:00+00:00,64.87,0.58,218.17,3.15,49.58,29.21,3.31,0
2019-08-25 14:10:00+00:00,116.92,207.04,181.6,7.49,40.26,28.64,2.83,0
2019-08-25 15:10:00+00:00,90.21,197.86,115.5,5.85,29.71,28.04,1.66,0
2019-08-25 16:10:00+00:00,58.06,137.62,82.09,3.55,18.66,27.77,0.97,0
2019-08-25 17:10:00+00:00,17.52,30.29,49.9,0.98,7.52,27.41,0.28,0
2019-08-25 18:10:00+00:00,0.0,0.0,0.0,0.0,0.0,26.83,0.28,0
2019-08-25 19:10:00+00:00,0.0,0.0,0.0,0.0,0.0,25.02,1.24,0
2019-08-25 20:10:00+00:00,0.0,0.0,0.0,0.0,0.0,24.81,1.03,0
2019-08-25 21:10:00+00:00,0.0,0.0,0.0,0.0,0.0,24.37,0.97,0
2019-08-25 22:10:00+00:00,0.0,0.0,0.0,0.0,0.0,23.84,0.69,0
2019-08-25 23:10:00+00:00,0.0,0.0,0.0,0.0,0.0,23.2,0.9,0
2019-08-26 00:10:00+00:00,0.0,0.0,0.0,0.0,0.0,22.86,1.31,0
2019-08-26 01:10:00+00:00,0.0,0.0,0.0,0.0,0.0,22.48,1.45,0
2019-08-26 02:10:00+00:00,0.0,0.0,0.0,0.0,0.0,22.07,1.38,0
2019-08-26 03:10:00+00:00,0.0,0.0,0.0,0.0,0.0,21.69,1.38,0
2019-08-26 04:10:00+00:00,0.0,0.0,0.0,0.0,0.0,21.52,1.38,0
2019-08-26 05:10:00+00:00,12.93,18.41,41.47,0.72,6.73,21.4,1.38,0
2019-08-26 06:10:00+00:00,55.56,97.81,103.12,3.03,17.86,23.14,0.97,0
2019-08-26 07:10:00+00:00,90.62,186.52,124.25,5.56,28.93,25.02,0.55,0
2019-08-26 08:10:00+00:00,117.46,262.01,132.87,7.84,39.5,26.52,0.34,0
2019-08-26 09:10:00+00:00,137.15,302.79,152.48,9.49,48.87,27.71,0.83,0
2019-08-26 10:10:00+00:00,140.44,114.19,347.63,7.94,55.84,28.6,1.59,0
2019-08-26 11:10:00+00:00,149.58,163.78,327.08,8.98,58.6,29.22,2.21,0
2019-08-26 12:10:00+00:00,114.14,23.06,351.74,5.65,56.07,29.75,2.83,0
2019-08-26 13:10:00+00:00,137.14,294.71,157.21,9.54,49.26,29.81,3.31,0
2019-08-26 14:10:00+00:00,116.7,258.58,131.72,7.97,39.96,28.63,2.9,0
2019-08-26 15:10:00+00:00,88.93,194.1,115.16,5.81,29.43,28.18,2.28,0
2019-08-26 16:10:00+00:00,55.01,109.08,97.08,3.3,18.38,27.94,1.79,0
2019-08-26 17:10:00+00:00,16.54,29.04,47.91,0.94,7.24,27.57,1.66,0
2019-08-26 18:10:00+00:00,0.0,0.0,0.0,0.0,0.0,26.77,1.45,0
2019-08-26 19:10:00+00:00,0.0,0.0,0.0,0.0,0.0,26.0,0.97,0
2019-08-26 20:10:00+00:00,0.0,0.0,0.0,0.0,0.0,25.45,1.17,0
2019-08-26 21:10:00+00:00,0.0,0.0,0.0,0.0,0.0,24.9,1.31,0
2019-08-26 22:10:00+00:00,0.0,0.0,0.0,0.0,0.0,24.22,1.31,0
2019-08-26 23:10:00+00:00,0.0,0.0,0.0,0.0,0.0,23.73,1.45,0
2019-08-27 00:10:00+00:00,0.0,0.0,0.0,0.0,0.0,22.96,1.38,0
2019-08-27 01:10:00+00:00,0.0,0.0,0.0,0.0,0.0,22.33,1.17,0
2019-08-27 02:10:00+00:00,0.0,0.0,0.0,0.0,0.0,21.84,1.38,0
2019-08-27 03:10:00+00:00,0.0,0.0,0.0,0.0,0.0,21.51,1.59,0
2019-08-27 04:10:00+00:00,0.0,0.0,0.0,0.0,0.0,21.09,1.52,0
2019-08-27 05:10:00+00:00,14.48,24.46,42.3,0.78,6.55,20.84,1.45,0
2019-08-27 06:10:00+00:00,56.16,109.26,95.29,3.12,17.69,22.56,1.17,0
2019-08-27 07:10:00+00:00,90.14,196.22,114.4,5.65,28.75,25.31,0.83,0
2019-08-27 08:10:00+00:00,116.61,270.75,122.41,7.93,39.29,27.25,0.69,0
2019-08-27 09:10:00+00:00,135.38,325.9,128.8,9.73,48.63,28.59,0.34,0
2019-08-27 10:10:00+00:00,148.14,354.04,137.33,10.81,55.54,29.64,1.45,0
2019-08-27 11:10:00+00:00,152.39,344.6,158.35,11.04,58.25,30.29,2.21,0
2019-08-27 12:10:00+00:00,148.48,332.05,156.61,10.68,55.72,30.4,2.97,0
2019-08-27 13:10:00+00:00,136.26,310.56,138.84,9.7,48.93,29.66,3.38,0
2019-08-27 14:10:00+00:00,115.76,261.7,125.8,8.01,39.65,28.63,3.31,0
2019-08-27 15:10:00+00:00,87.55,196.14,110.14,5.83,29.14,28.52,2.48,0
2019-08-27 16:10:00+00:00,54.55,118.06,89.2,3.36,18.09,28.18,2.07,0
2019-08-27 17:10:00+00:00,18.08,41.04,45.27,1.0,6.95,27.6,1.93,0
2019-08-27 18:10:00+00:00,0.0,0.0,0.0,0.0,0.0,26.64,1.31,0
2019-08-27 19:10:00+00:00,0.0,0.0,0.0,0.0,0.0,25.99,0.9,0
2019-08-27 20:10:00+00:00,0.0,0.0,0.0,0.0,0.0,25.41,0.55,0
2019-08-27 21:10:00+00:00,0.0,0.0,0.0,0.0,0.0,24.97,0.55,0
2019-08-27 22:10:00+00:00,0.0,0.0,0.0,0.0,0.0,25.0,0.14,0
2019-08-27 23:10:00+00:00,0.0,0.0,0.0,0.0,0.0,24.79,0.21,0
2019-08-28 00:10:00+00:00,0.0,0.0,0.0,0.0,0.0,24.56,0.34,0
2019-08-28 01:10:00+00:00,0.0,0.0,0.0,0.0,0.0,23.61,0.83,0
2019-08-28 02:10:00+00:00,0.0,0.0,0.0,0.0,0.0,23.76,0.48,0
2019-08-28 03:10:00+00:00,0.0,0.0,0.0,0.0,0.0,23.44,0.48,0
2019-08-28 04:10:00+00:00,0.0,0.0,0.0,0.0,0.0,22.08,1.1,0
2019-08-28 05:10:00+00:00,12.47,18.28,40.57,0.71,6.38,21.74,1.59,0
2019-08-28 06:10:00+00:00,46.06,45.35,119.48,2.45,17.52,23.26,1.1,0
2019-08-28 07:10:00+00:00,86.8,147.17,150.21,5.23,28.57,25.68,0.83,0
2019-08-28 08:10:00+00:00,115.06,221.45,163.35,7.5,39.09,27.05,1.24,0
2019-08-28 09:10:00+00:00,136.49,311.11,139.65,9.62,48.38,27.68,1.66,0
2019-08-28 10:10:00+00:00,117.15,28.53,355.38,5.85,55.23,28.71,2.21,0
2019-08-28 11:10:00+00:00,152.62,335.33,163.95,10.97,57.9,29.56,3.03,0
2019-08-28 12:10:00+00:00,148.5,316.73,168.43,10.56,55.36,29.5,3.59,0
2019-08-28 13:10:00+00:00,135.45,289.97,155.18,9.53,48.6,29.2,3.79,0
2019-08-28 14:10:00+00:00,113.92,239.38,142.59,7.81,39.34,28.97,3.38,0
2019-08-28 15:10:00+00:00,84.72,146.94,146.89,5.36,28.85,28.34,2.28,0
2019-08-28 16:10:00+00:00,46.53,48.89,121.96,2.63,17.8,28.07,1.86,0
2019-08-28 17:10:00+00:00,13.63,21.25,44.33,0.82,6.66,27.43,1.38,0
2019-08-28 18:10:00+00:00,0.0,0.0,0.0,0.0,0.0,26.54,0.97,0
2019-08-28 19:10:00+00:00,0.0,0.0,0.0,0.0,0.0,25.65,0.0,0
2019-08-28 20:10:00+00:00,0.0,0.0,0.0,0.0,0.0,24.99,0.28,0
2019-08-28 21:10:00+00:00,0.0,0.0,0.0,0.0,0.0,24.26,0.76,0
2019-08-28 22:10:00+00:00,0.0,0.0,0.0,0.0,0.0,23.94,0.76,0
2019-08-28 23:10:00+00:00,0.0,0.0,0.0,0.0,0.0,24.12,0.62,0
2019-08-29 00:10:00+00:00,0.0,0.0,0.0,0.0,0.0,23.45,0.76,0
2019-08-29 01:10:00+00:00,0.0,0.0,0.0,0.0,0.0,22.38,1.17,0
2019-08-29 02:10:00+00:00,0.0,0.0,0.0,0.0,0.0,21.83,1.66,0
2019-08-29 03:10:00+00:00,0.0,0.0,0.0,0.0,0.0,21.8,1.86,0
2019-08-29 04:10:00+00:00,0.0,0.0,0.0,0.0,0.0,21.78,1.86,0
2019-08-29 05:10:00+00:00,10.76,15.17,37.28,0.64,6.2,21.56,1.52,0
2019-08-29 06:10:00+00:00,51.05,87.19,100.42,2.88,17.34,23.11,0.62,0
2019-08-29 07:10:00+00:00,85.52,167.56,128.06,5.36,28.38,25.47,0.76,0
2019-08-29 08:10:00+00:00,111.08,188.05,184.7,7.1,38.88,27.26,0.83,0
2019-08-29 09:10:00+00:00,118.31,69.69,322.17,6.42,48.13,28.78,1.1,0
2019-08-29 10:10:00+00:00,143.77,247.48,227.48,9.7,54.93,29.8,2.07,0
2019-08-29 11:10:00+00:00,148.52,312.97,175.15,10.65,57.54,30.35,3.03,0
2019-08-29 12:10:00+00:00,145.01,312.56,161.77,10.41,55.0,29.82,3.86,0
2019-08-29 13:10:00+00:00,131.08,206.42,224.58,8.56,48.26,27.99,2.34,0
2019-08-29 14:10:00+00:00,110.5,243.02,130.07,7.76,39.03,28.0,1.93,0
2019-08-29 15:10:00+00:00,82.63,179.6,112.65,5.6,28.55,28.04,1.24,0
2019-08-29 16:10:00+00:00,49.58,92.97,96.54,3.07,17.51,27.8,0.9,0
2019-08-29 17:10:00+00:00,9.18,7.99,38.14,0.62,6.37,27.41,1.52,0
2019-08-29 18:10:00+00:00,0.0,0.0,0.0,0.0,0.0,26.66,1.66,0
2019-08-29 19:10:00+00:00,0.0,0.0,0.0,0.0,0.0,25.35,1.17,0
2019-08-29 20:10:00+00:00,0.0,0.0,0.0,0.0,0.0,25.04,0.62,0
2019-08-29 21:10:00+00:00,0.0,0.0,0.0,0.0,0.0,24.62,0.55,0
2019-08-29 22:10:00+00:00,0.0,0.0,0.0,0.0,0.0,24.18,0.48,0
2019-08-29 23:10:00+00:00,0.0,0.0,0.0,0.0,0.0,24.05,0.48,0
2019-08-30 00:10:00+00:00,0.0,0.0,0.0,0.0,0.0,23.77,0.55,0
2019-08-30 01:10:00+00:00,0.0,0.0,0.0,0.0,0.0,23.43,0.69,0
2019-08-30 02:10:00+00:00,0.0,0.0,0.0,0.0,0.0,23.27,0.69,0
2019-08-30 03:10:00+00:00,0.0,0.0,0.0,0.0,0.0,23.33,0.62,0
2019-08-30 04:10:00+00:00,0.0,0.0,0.0,0.0,0.0,22.92,0.62,0
2019-08-30 05:10:00+00:00,10.72,16.61,36.51,0.64,6.02,22.28,0.9,0
2019-08-30 06:10:00+00:00,50.52,90.14,97.29,2.91,17.17,23.52,0.69,0
2019-08-30 07:10:00+00:00,84.84,176.26,118.19,5.44,28.2,25.14,0.83,0
2019-08-30 08:10:00+00:00,111.17,256.1,121.46,7.77,38.67,27.04,0.41,0
2019-08-30 09:10:00+00:00,130.35,299.01,138.44,9.45,47.88,28.48,0.62,0
2019-08-30 10:10:00+00:00,142.8,325.25,148.63,10.5,54.62,29.62,1.66,0
2019-08-30 11:10:00+00:00,147.48,299.04,187.01,10.56,57.19,30.16,2.62,0
2019-08-30 12:10:00+00:00,143.08,316.55,154.89,10.48,54.64,30.25,3.17,0
2019-08-30 13:10:00+00:00,130.05,288.39,143.33,9.43,47.92,29.75,3.1,0
2019-08-30 14:10:00+00:00,108.67,222.27,146.05,7.57,38.72,29.8,2.9,0
2019-08-30 15:10:00+00:00,80.54,152.06,132.2,5.33,28.25,29.29,2.14,0
2019-08-30 16:10:00+00:00,47.41,80.73,100.26,2.92,17.22,27.65,1.03,0
2019-08-30 17:10:00+00:00,10.58,14.72,38.92,0.68,6.07,27.45,0.41,0
2019-08-30 18:10:00+00:00,0.0,0.0,0.0,0.0,0.0,26.89,0.41,0
2019-08-30 19:10:00+00:00,0.0,0.0,0.0,0.0,0.0,26.75,0.9,0
2019-08-30 20:10:00+00:00,0.0,0.0,0.0,0.0,0.0,26.14,0.76,0
2019-08-30 21:10:00+00:00,0.0,0.0,0.0,0.0,0.0,25.46,0.62,0
2019-08-30 22:10:00+00:00,0.0,0.0,0.0,0.0,0.0,24.86,0.83,0
2019-08-30 23:10:00+00:00,0.0,0.0,0.0,0.0,0.0,24.3,1.03,0
2019-08-31 00:10:00+00:00,0.0,0.0,0.0,0.0,0.0,23.78,1.03,0
2019-08-31 01:10:00+00:00,0.0,0.0,0.0,0.0,0.0,23.37,1.03,0
2019-08-31 02:10:00+00:00,0.0,0.0,0.0,0.0,0.0,22.99,1.03,0
2019-08-31 03:10:00+00:00,0.0,0.0,0.0,0.0,0.0,22.52,1.17,0
2019-08-31 04:10:00+00:00,0.0,0.0,0.0,0.0,0.0,22.27,1.24,0
2019-08-31 05:10:00+00:00,9.04,12.02,34.04,0.58,5.85,22.04,1.24,0
2019-08-31 06:10:00+00:00,48.68,83.43,97.99,2.83,16.99,23.75,0.76,0
2019-08-31 07:10:00+00:00,81.96,150.22,135.07,5.18,28.01,25.95,0.55,0
2019-08-31 08:10:00+00:00,109.49,232.32,138.4,7.54,38.46,27.54,1.03,0
2019-08-31 09:10:00+00:00,129.68,299.16,132.87,9.43,47.63,28.48,1.59,0
2019-08-31 10:10:00+00:00,141.11,307.8,159.88,10.32,54.31,29.2,1.66,0
2019-08-31 11:10:00+00:00,143.09,156.92,316.0,8.83,56.83,29.47,1.72,0
2019-08-31 12:10:00+00:00,134.96,109.14,337.28,7.84,54.27,29.73,1.79,0
2019-08-31 13:10:00+00:00,120.11,83.56,314.61,6.77,47.58,29.98,2.07,0
2019-08-31 14:10:00+00:00,78.59,14.29,248.89,3.94,38.4,29.71,2.62,0
2019-08-31 15:10:00+00:00,6.91,0.0,35.44,0.51,27.95,28.63,2.55,0
2019-08-31 16:10:00+00:00,38.44,25.86,116.62,2.16,16.92,27.75,0.9,0
2019-08-31 17:10:00+00:00,8.88,10.75,35.66,0.6,5.78,27.26,1.52,0
2019-08-31 18:10:00+00:00,0.0,0.0,0.0,0.0,0.0,26.5,1.66,0
2019-08-31 19:10:00+00:00,0.0,0.0,0.0,0.0,0.0,26.06,1.24,0
2019-08-31 20:10:00+00:00,0.0,0.0,0.0,0.0,0.0,25.59,1.1,0
2019-08-31 21:10:00+00:00,0.0,0.0,0.0,0.0,0.0,24.95,1.1,0
2019-08-31 22:10:00+00:00,0.0,0.0,0.0,0.0,0.0,24.35,0.97,0
2019-08-31 23:10:00+00:00,0.0,0.0,0.0,0.0,0.0,23.91,0.76,0
2019-09-01 00:10:00+00:00,0.0,0.0,0.0,0.0,0.0,23.53,0.83,0
2019-09-01 01:10:00+00:00,0.0,0.0,0.0,0.0,0.0,22.99,1.1,0
2019-09-01 02:10:00+00:00,0.0,0.0,0.0,0.0,0.0,22.77,1.24,0
2019-09-01 03:10:00+00:00,0.0,0.0,0.0,0.0,0.0,22.47,1.31,0
2019-09-01 04:10:00+00:00,0.0,0.0,0.0,0.0,0.0,22.31,1.45,0
2019-09-01 05:10:00+00:00,2.19,0.0,16.79,0.24,5.67,22.13,1.45,0
2019-09-01 06:10:00+00:00,32.92,11.76,108.03,1.76,16.82,23.38,1.24,0
2019-09-01 07:10:00+00:00,67.39,34.07,192.75,3.52,27.83,24.68,1.24,0
2019-09-01 08:10:00+00:00,107.04,174.97,184.8,6.94,38.25,26.69,0.83,0
2019-09-01 09:10:00+00:00,126.12,204.12,217.4,8.43,47.37,28.05,0.62,0
2019-09-01 10:10:00+00:00,137.54,155.83,299.21,8.53,53.99,28.82,1.38,0
2019-09-01 11:10:00+00:00,143.31,287.69,185.02,10.37,56.47,29.16,2.07,0
2019-09-01 12:10:00+00:00,120.03,39.1,353.59,6.16,53.91,28.9,2.76,0
2019-09-01 13:10:00+00:00,95.99,16.34,300.4,4.76,47.23,28.68,2.14,0
2019-09-01 14:10:00+00:00,65.92,3.96,216.8,3.22,38.08,26.32,1.24,0
2019-09-01 15:10:00+00:00,60.98,19.58,188.1,3.16,27.64,26.25,1.03,0
2019-09-01 16:10:00+00:00,18.18,0.0,72.74,1.05,16.62,26.31,1.79,0
2019-09-01 17:10:00+00:00,0.0,0.0,4.66,0.07,5.48,26.03,1.59,0
2019-09-01 18:10:00+00:00,0.0,0.0,0.0,0.0,0.0,25.55,1.24,0
2019-09-01 19:10:00+00:00,0.0,0.0,0.0,0.0,0.0,25.24,0.76,0
2019-09-01 20:10:00+00:00,0.0,0.0,0.0,0.0,0.0,24.85,1.17,0
2019-09-01 21:10:00+00:00,0.0,0.0,0.0,0.0,0.0,24.07,1.17,0
2019-09-01 22:10:00+00:00,0.0,0.0,0.0,0.0,0.0,23.43,1.03,0
2019-09-01 23:10:00+00:00,0.0,0.0,0.0,0.0,0.0,23.21,0.83,0
2019-09-02 00:10:00+00:00,0.0,0.0,0.0,0.0,0.0,22.82,0.9,0
2019-09-02 01:10:00+00:00,0.0,0.0,0.0,0.0,0.0,22.66,0.9,0
2019-09-02 02:10:00+00:00,0.0,0.0,0.0,0.0,0.0,22.59,0.76,0
2019-09-02 03:10:00+00:00,0.0,0.0,0.0,0.0,0.0,22.6,0.62,0
2019-09-02 04:10:00+00:00,0.0,0.0,0.0,0.0,0.0,21.63,0.97,0
2019-09-02 05:10:00+00:00,2.42,0.0,17.72,0.25,5.49,21.83,0.76,0
2019-09-02 06:10:00+00:00,30.97,10.05,103.35,1.66,16.64,22.59,0.48,0
2019-09-02 07:10:00+00:00,59.58,17.15,184.95,3.04,27.64,24.68,0.34,0
2019-09-02 08:10:00+00:00,105.36,147.68,204.58,6.62,38.03,25.73,0.69,0
2019-09-02 09:10:00+00:00,124.84,148.77,264.05,7.74,47.11,26.75,0.83,0
2019-09-02 10:10:00+00:00,138.15,286.4,170.07,10.07,53.67,27.48,1.24,0
2019-09-02 11:10:00+00:00,131.76,64.15,365.96,7.06,56.11,27.82,2.14,0
2019-09-02 12:10:00+00:00,108.87,19.12,335.08,5.35,53.54,27.64,3.03,0
2019-09-02 13:10:00+00:00,104.3,26.98,312.28,5.23,46.88,27.1,3.17,0
2019-09-02 14:10:00+00:00,98.16,66.67,256.02,5.43,37.75,26.27,2.76,0
2019-09-02 15:10:00+00:00,69.31,44.15,190.54,3.79,27.33,24.9,1.45,0
2019-09-02 16:10:00+00:00,25.49,3.6,92.2,1.39,16.32,23.85,0.9,0
2019-09-02 17:10:00+00:00,0.0,0.0,4.66,0.07,5.17,22.87,0.9,0
2019-09-02 18:10:00+00:00,0.0,0.0,0.0,0.0,0.0,22.56,1.79,0
2019-09-02 19:10:00+00:00,0.0,0.0,0.0,0.0,0.0,22.08,2.07,0
2019-09-02 20:10:00+00:00,0.0,0.0,0.0,0.0,0.0,22.03,1.17,0
2019-09-02 21:10:00+00:00,0.0,0.0,0.0,0.0,0.0,21.54,0.9,0
2019-09-02 22:10:00+00:00,0.0,0.0,0.0,0.0,0.0,21.09,0.9,0
2019-09-02 23:10:00+00:00,0.0,0.0,0.0,0.0,0.0,20.69,1.38,0
2019-09-03 00:10:00+00:00,0.0,0.0,0.0,0.0,0.0,20.4,1.38,0
2019-09-03 01:10:00+00:00,0.0,0.0,0.0,0.0,0.0,20.12,1.17,0
2019-09-03 02:10:00+00:00,0.0,0.0,0.0,0.0,0.0,20.02,1.03,0
2019-09-03 03:10:00+00:00,0.0,0.0,0.0,0.0,0.0,19.8,1.31,0
2019-09-03 04:10:00+00:00,0.0,0.0,0.0,0.0,0.0,19.68,1.38,0
2019-09-03 05:10:00+00:00,8.07,14.75,29.21,0.56,5.31,19.62,1.31,0
2019-09-03 06:10:00+00:00,47.52,94.47,85.6,2.92,16.46,20.97,1.24,0
2019-09-03 07:10:00+00:00,80.8,174.4,107.13,5.44,27.45,22.73,1.31,0
2019-09-03 08:10:00+00:00,108.47,249.83,113.22,7.77,37.82,24.0,1.72,0
2019-09-03 09:10:00+00:00,128.1,297.98,124.12,9.5,46.85,25.57,1.86,0
2019-09-03 10:10:00+00:00,138.96,324.76,133.44,10.57,53.36,26.93,1.45,0
2019-09-03 11:10:00+00:00,141.81,361.0,107.99,11.2,55.74,27.91,1.52,0
2019-09-03 12:10:00+00:00,136.77,315.2,138.86,10.5,53.16,28.43,1.66,0
2019-09-03 13:10:00+00:00,123.57,285.96,128.18,9.43,46.53,28.36,1.86,0
2019-09-03 14:10:00+00:00,103.48,202.87,148.01,7.37,37.42,27.17,2.21,0
2019-09-03 15:10:00+00:00,64.71,27.48,191.45,3.42,27.02,25.88,2.55,0
2019-09-03 16:10:00+00:00,40.77,52.58,102.89,2.51,16.02,25.85,2.21,0
2019-09-03 17:10:00+00:00,5.86,6.84,27.47,0.47,4.87,25.62,1.86,0
2019-09-03 18:10:00+00:00,0.0,0.0,0.0,0.0,0.0,24.69,1.38,0
2019-09-03 19:10:00+00:00,0.0,0.0,0.0,0.0,0.0,24.93,2.69,0
2019-09-03 20:10:00+00:00,0.0,0.0,0.0,0.0,0.0,23.78,2.41,0
2019-09-03 21:10:00+00:00,0.0,0.0,0.0,0.0,0.0,22.92,2.21,0
2019-09-03 22:10:00+00:00,0.0,0.0,0.0,0.0,0.0,22.2,2.14,0
2019-09-03 23:10:00+00:00,0.0,0.0,0.0,0.0,0.0,21.59,2.0,0
2019-09-04 00:10:00+00:00,0.0,0.0,0.0,0.0,0.0,21.26,2.0,0
2019-09-04 01:10:00+00:00,0.0,0.0,0.0,0.0,0.0,20.86,1.93,0
2019-09-04 02:10:00+00:00,0.0,0.0,0.0,0.0,0.0,20.42,1.86,0
2019-09-04 03:10:00+00:00,0.0,0.0,0.0,0.0,0.0,20.27,2.14,0
2019-09-04 04:10:00+00:00,0.0,0.0,0.0,0.0,0.0,19.97,2.34,0
2019-09-04 05:10:00+00:00,8.39,19.03,27.98,0.59,5.13,19.78,2.41,0
2019-09-04 06:10:00+00:00,46.49,83.28,91.01,2.83,16.28,20.01,2.34,0
2019-09-04 07:10:00+00:00,80.58,180.24,100.06,5.52,27.26,21.85,2.34,0
2019-09-04 08:10:00+00:00,107.68,253.92,106.45,7.84,37.6,23.51,2.0,0
2019-09-04 09:10:00+00:00,126.79,291.28,128.51,9.49,46.59,24.89,1.03,0
2019-09-04 10:10:00+00:00,137.28,317.56,137.83,10.54,53.03,25.75,0.41,0
2019-09-04 11:10:00+00:00,141.78,333.28,132.97,10.99,55.37,26.25,1.31,0
2019-09-04 12:10:00+00:00,137.48,301.87,149.37,10.41,52.79,26.46,2.0,0
2019-09-04 13:10:00+00:00,124.3,273.1,137.93,9.34,46.17,26.54,2.76,0
2019-09-04 14:10:00+00:00,102.76,234.64,113.72,7.7,37.09,26.14,3.45,0
2019-09-04 15:10:00+00:00,74.55,165.75,101.09,5.43,26.7,25.54,3.72,0
2019-09-04 16:10:00+00:00,42.03,86.84,80.84,2.88,15.71,24.7,3.45,0
2019-09-04 17:10:00+00:00,6.64,15.15,25.83,0.54,4.56,24.12,2.69,0
2019-09-04 18:10:00+00:00,0.0,0.0,0.0,0.0,0.0,23.46,1.79,0
2019-09-04 19:10:00+00:00,0.0,0.0,0.0,0.0,0.0,23.36,2.28,0
2019-09-04 20:10:00+00:00,0.0,0.0,0.0,0.0,0.0,22.69,1.79,0
2019-09-04 21:10:00+00:00,0.0,0.0,0.0,0.0,0.0,22.42,1.1,0
2019-09-04 22:10:00+00:00,0.0,0.0,0.0,0.0,0.0,22.88,0.83,0
2019-09-04 23:10:00+00:00,0.0,0.0,0.0,0.0,0.0,22.87,0.76,0
2019-09-05 00:10:00+00:00,0.0,0.0,0.0,0.0,0.0,22.19,0.9,0
2019-09-05 01:10:00+00:00,0.0,0.0,0.0,0.0,0.0,21.17,1.24,0
2019-09-05 02:10:00+00:00,0.0,0.0,0.0,0.0,0.0,20.34,1.45,0
2019-09-05 03:10:00+00:00,0.0,0.0,0.0,0.0,0.0,20.01,1.52,0
2019-09-05 04:10:00+00:00,0.0,0.0,0.0,0.0,0.0,19.84,1.38,0
2019-09-05 05:10:00+00:00,7.07,13.07,27.27,0.52,4.95,19.95,1.24,0
2019-09-05 06:10:00+00:00,45.17,93.78,81.12,2.91,16.1,21.15,0.83,0
2019-09-05 07:10:00+00:00,77.38,182.15,93.37,5.52,27.06,23.59,0.9,0
2019-09-05 08:10:00+00:00,104.18,248.28,106.93,7.78,37.38,24.9,0.69,0
2019-09-05 09:10:00+00:00,123.96,291.58,122.18,9.47,46.32,25.8,0.9,0
2019-09-05 10:10:00+00:00,136.34,311.97,138.25,10.49,52.71,26.68,1.45,0
2019-09-05 11:10:00+00:00,140.04,334.34,125.89,10.99,55.0,27.28,2.21,0
2019-09-05 12:10:00+00:00,135.45,296.44,149.02,10.34,52.41,27.57,2.76,0
2019-09-05 13:10:00+00:00,121.77,278.21,126.32,9.36,45.82,27.13,3.1,0
2019-09-05 14:10:00+00:00,99.77,237.41,104.7,7.7,36.76,26.9,3.03,0
2019-09-05 15:10:00+00:00,71.5,167.06,93.61,5.4,26.38,26.58,2.9,0
2019-09-05 16:10:00+00:00,39.84,86.21,76.83,2.84,15.4,26.11,2.55,0
2019-09-05 17:10:00+00:00,5.66,12.5,24.14,0.48,4.25,25.28,1.72,0
2019-09-05 18:10:00+00:00,0.0,0.0,0.0,0.0,0.0,24.21,1.17,0
2019-09-05 19:10:00+00:00,0.0,0.0,0.0,0.0,0.0,23.86,0.83,0
2019-09-05 20:10:00+00:00,0.0,0.0,0.0,0.0,0.0,24.11,0.28,0
2019-09-05 21:10:00+00:00,0.0,0.0,0.0,0.0,0.0,23.65,0.34,0
2019-09-05 22:10:00+00:00,0.0,0.0,0.0,0.0,0.0,23.16,0.48,0
2019-09-05 23:10:00+00:00,0.0,0.0,0.0,0.0,0.0,22.82,0.41,0
2019-09-06 00:10:00+00:00,0.0,0.0,0.0,0.0,0.0,22.56,0.55,0
2019-09-06 01:10:00+00:00,0.0,0.0,0.0,0.0,0.0,22.34,0.76,0
2019-09-06 02:10:00+00:00,0.0,0.0,0.0,0.0,0.0,21.14,1.17,0
2019-09-06 03:10:00+00:00,0.0,0.0,0.0,0.0,0.0,20.15,1.38,0
2019-09-06 04:10:00+00:00,0.0,0.0,0.0,0.0,0.0,19.68,1.45,0
2019-09-06 05:10:00+00:00,6.66,14.4,25.27,0.51,4.77,19.48,1.38,0
2019-09-06 06:10:00+00:00,44.44,82.07,88.35,2.83,15.92,20.84,1.31,0
2019-09-06 07:10:00+00:00,73.82,61.51,185.52,4.14,26.87,22.4,2.83,0
2019-09-06 08:10:00+00:00,107.0,135.18,213.5,6.63,37.15,22.54,3.1,0
2019-09-06 09:10:00+00:00,124.26,86.84,310.1,6.9,46.05,22.96,2.97,0
2019-09-06 10:10:00+00:00,140.08,303.81,147.25,10.52,52.38,23.58,3.03,0
2019-09-06 11:10:00+00:00,143.96,301.55,161.27,10.78,54.63,24.1,3.24,0
2019-09-06 12:10:00+00:00,138.39,283.35,163.41,10.32,52.03,24.61,3.66,0
2019-09-06 13:10:00+00:00,123.89,265.47,139.79,9.34,45.46,24.58,3.93,0
2019-09-06 14:10:00+00:00,100.56,240.01,101.09,7.8,36.42,24.37,3.86,0
2019-09-06 15:10:00+00:00,72.8,115.4,139.51,4.9,26.06,23.94,3.38,0
2019-09-06 16:10:00+00:00,39.25,83.46,76.47,2.81,15.09,23.36,2.69,0
2019-09-06 17:10:00+00:00,5.0,11.23,22.35,0.44,3.93,22.71,1.93,0
2019-09-06 18:10:00+00:00,0.0,0.0,0.0,0.0,0.0,21.94,1.45,0
2019-09-06 19:10:00+00:00,0.0,0.0,0.0,0.0,0.0,21.62,0.9,0
2019-09-06 20:10:00+00:00,0.0,0.0,0.0,0.0,0.0,21.87,0.62,0
2019-09-06 21:10:00+00:00,0.0,0.0,0.0,0.0,0.0,21.57,0.76,0
2019-09-06 22:10:00+00:00,0.0,0.0,0.0,0.0,0.0,19.75,1.24,0
2019-09-06 23:10:00+00:00,0.0,0.0,0.0,0.0,0.0,18.77,1.45,0
2019-09-07 00:10:00+00:00,0.0,0.0,0.0,0.0,0.0,18.37,1.45,0
2019-09-07 01:10:00+00:00,0.0,0.0,0.0,0.0,0.0,18.66,1.17,0
2019-09-07 02:10:00+00:00,0.0,0.0,0.0,0.0,0.0,19.03,0.9,0
2019-09-07 03:10:00+00:00,0.0,0.0,0.0,0.0,0.0,19.23,0.55,0
2019-09-07 04:10:00+00:00,0.0,0.0,0.0,0.0,0.0,18.99,0.55,0
2019-09-07 05:10:00+00:00,1.18,0.0,12.12,0.17,4.59,18.1,0.97,0
2019-09-07 06:10:00+00:00,30.78,10.71,101.19,1.66,15.74,19.32,0.55,0
2019-09-07 07:10:00+00:00,74.95,175.4,91.59,5.47,26.67,21.07,0.55,0
2019-09-07 08:10:00+00:00,102.05,232.14,113.1,7.64,36.93,22.25,0.62,0
2019-09-07 09:10:00+00:00,123.28,257.79,146.65,9.15,45.78,23.23,1.66,0
2019-09-07 10:10:00+00:00,135.73,107.95,327.53,7.86,52.06,23.79,2.41,0
2019-09-07 11:10:00+00:00,111.61,16.2,340.77,5.37,54.26,24.06,2.9,0
2019-09-07 12:10:00+00:00,131.21,73.43,345.21,7.14,51.65,23.82,3.24,0
2019-09-07 13:10:00+00:00,122.64,183.65,213.66,8.32,45.09,23.51,3.45,0
2019-09-07 14:10:00+00:00,98.92,174.14,156.97,7.02,36.08,23.72,3.45,0
2019-09-07 15:10:00+00:00,69.48,140.91,108.63,5.12,25.74,23.46,3.24,0
2019-09-07 16:10:00+00:00,36.92,72.03,78.48,2.64,14.77,23.11,2.9,0
2019-09-07 17:10:00+00:00,2.88,0.0,19.62,0.29,3.62,22.65,2.34,0
2019-09-07 18:10:00+00:00,0.0,0.0,0.0,0.0,0.0,21.91,1.86,0
2019-09-07 19:10:00+00:00,0.0,0.0,0.0,0.0,0.0,21.47,1.59,0
2019-09-07 20:10:00+00:00,0.0,0.0,0.0,0.0,0.0,20.65,1.38,0
2019-09-07 21:10:00+00:00,0.0,0.0,0.0,0.0,0.0,20.44,1.31,0
2019-09-07 22:10:00+00:00,0.0,0.0,0.0,0.0,0.0,20.66,1.03,0
2019-09-07 23:10:00+00:00,0.0,0.0,0.0,0.0,0.0,20.96,0.76,0
2019-09-08 00:10:00+00:00,0.0,0.0,0.0,0.0,0.0,20.45,0.55,0
2019-09-08 01:10:00+00:00,0.0,0.0,0.0,0.0,0.0,20.06,0.55,0
2019-09-08 02:10:00+00:00,0.0,0.0,0.0,0.0,0.0,19.71,0.83,0
2019-09-08 03:10:00+00:00,0.0,0.0,0.0,0.0,0.0,18.38,1.1,0
2019-09-08 04:10:00+00:00,0.0,0.0,0.0,0.0,0.0,17.65,1.24,0
2019-09-08 05:10:00+00:00,5.24,8.46,23.65,0.43,4.41,17.48,1.24,0
2019-09-08 06:10:00+00:00,41.39,91.81,72.57,2.85,15.56,18.82,1.1,0
2019-09-08 07:10:00+00:00,73.98,124.82,131.91,4.94,26.48,21.38,2.07,0
2019-09-08 08:10:00+00:00,99.77,74.64,247.74,5.6,36.7,22.17,3.31,0
2019-09-08 09:10:00+00:00,124.84,173.64,227.32,8.19,45.51,23.08,4.21,0
2019-09-08 10:10:00+00:00,137.01,118.0,315.87,8.03,51.72,23.27,4.76,0
2019-09-08 11:10:00+00:00,141.61,195.45,254.82,9.42,53.88,23.9,5.03,0
2019-09-08 12:10:00+00:00,130.6,69.17,344.8,7.03,51.27,24.16,5.31,0
2019-09-08 13:10:00+00:00,120.2,208.02,182.34,8.59,44.73,24.37,5.52,0
2019-09-08 14:10:00+00:00,96.27,72.66,241.14,5.53,35.74,24.49,5.86,0
2019-09-08 15:10:00+00:00,68.35,87.53,150.48,4.45,25.42,24.23,5.72,0
2019-09-08 16:10:00+00:00,35.31,60.89,82.34,2.49,14.45,23.79,5.38,0
2019-09-08 17:10:00+00:00,2.01,0.0,16.05,0.24,3.3,23.07,4.55,0
2019-09-08 18:10:00+00:00,0.0,0.0,0.0,0.0,0.0,22.16,4.0,0
2019-09-08 19:10:00+00:00,0.0,0.0,0.0,0.0,0.0,21.65,4.14,0
2019-09-08 20:10:00+00:00,0.0,0.0,0.0,0.0,0.0,21.21,4.28,0
2019-09-08 21:10:00+00:00,0.0,0.0,0.0,0.0,0.0,20.91,4.62,0
2019-09-08 22:10:00+00:00,0.0,0.0,0.0,0.0,0.0,20.78,5.17,0
2019-09-08 23:10:00+00:00,0.0,0.0,0.0,0.0,0.0,20.67,5.45,0
2019-09-09 00:10:00+00:00,0.0,0.0,0.0,0.0,0.0,20.38,5.24,0
2019-09-09 01:10:00+00:00,0.0,0.0,0.0,0.0,0.0,20.05,4.55,0
2019-09-09 02:10:00+00:00,0.0,0.0,0.0,0.0,0.0,19.67,3.66,0
2019-09-09 03:10:00+00:00,0.0,0.0,0.0,0.0,0.0,19.43,3.03,0
2019-09-09 04:10:00+00:00,0.0,0.0,0.0,0.0,0.0,18.88,2.62,0
2019-09-09 05:10:00+00:00,5.22,11.15,22.46,0.44,4.22,18.43,2.14,0
2019-09-09 06:10:00+00:00,40.96,88.02,74.88,2.85,15.37,18.76,1.52,0
2019-09-09 07:10:00+00:00,72.82,165.67,94.92,5.43,26.28,21.32,1.52,0
2019-09-09 08:10:00+00:00,102.59,130.33,206.6,6.55,36.48,22.07,2.34,0
2019-09-09 09:10:00+00:00,123.73,191.72,209.76,8.49,45.24,22.82,2.55,0
2019-09-09 10:10:00+00:00,136.16,223.05,215.8,9.62,51.39,23.43,2.83,0
2019-09-09 11:10:00+00:00,141.01,179.59,272.61,9.3,53.5,23.81,3.17,0
2019-09-09 12:10:00+00:00,133.2,253.47,177.6,9.97,50.88,24.01,3.45,0
2019-09-09 13:10:00+00:00,117.76,245.31,142.27,9.08,44.36,23.92,3.52,0
2019-09-09 14:10:00+00:00,94.6,206.91,115.86,7.41,35.4,23.58,3.59,0
2019-09-09 15:10:00+00:00,65.91,144.34,97.34,5.16,25.09,23.17,3.24,0
2019-09-09 16:10:00+00:00,34.07,69.98,73.12,2.59,14.14,22.57,2.9,0
2019-09-09 17:10:00+00:00,1.82,0.0,15.16,0.23,2.98,21.84,2.28,0
2019-09-09 18:10:00+00:00,0.0,0.0,0.0,0.0,0.0,20.95,1.79,0
2019-09-09 19:10:00+00:00,0.0,0.0,0.0,0.0,0.0,20.11,1.66,0
2019-09-09 20:10:00+00:00,0.0,0.0,0.0,0.0,0.0,19.19,1.66,0
2019-09-09 21:10:00+00:00,0.0,0.0,0.0,0.0,0.0,18.63,1.52,0
2019-09-09 22:10:00+00:00,0.0,0.0,0.0,0.0,0.0,18.36,1.38,0
2019-09-09 23:10:00+00:00,0.0,0.0,0.0,0.0,0.0,17.69,1.52,0
2019-09-10 00:10:00+00:00,0.0,0.0,0.0,0.0,0.0,16.78,1.79,0
2019-09-10 01:10:00+00:00,0.0,0.0,0.0,0.0,0.0,16.47,1.93,0
2019-09-10 02:10:00+00:00,0.0,0.0,0.0,0.0,0.0,16.4,2.07,0
2019-09-10 03:10:00+00:00,0.0,0.0,0.0,0.0,0.0,16.28,2.14,0
2019-09-10 04:10:00+00:00,0.0,0.0,0.0,0.0,0.0,16.2,2.28,0
2019-09-10 05:10:00+00:00,4.12,8.25,19.89,0.38,4.04,16.34,2.41,0
2019-09-10 06:10:00+00:00,35.74,28.31,102.53,2.06,15.19,17.73,2.28,0
2019-09-10 07:10:00+00:00,70.35,168.8,84.1,5.4,26.08,20.33,2.69,0
2019-09-10 08:10:00+00:00,100.12,149.23,181.42,6.74,36.25,21.94,2.9,0
2019-09-10 09:10:00+00:00,96.33,14.7,294.49,4.66,44.96,23.04,2.55,0
2019-09-10 10:10:00+00:00,128.96,73.4,340.63,7.13,51.06,23.9,2.41,0
2019-09-10 11:10:00+00:00,134.66,93.77,340.98,7.78,53.12,24.55,2.07,0
2019-09-10 12:10:00+00:00,130.64,149.67,276.93,8.53,50.49,24.94,1.66,0
2019-09-10 13:10:00+00:00,115.74,118.51,263.13,7.36,44.0,25.3,1.45,0
2019-09-10 14:10:00+00:00,92.69,89.1,222.34,5.8,35.05,25.48,1.45,0
2019-09-10 15:10:00+00:00,62.92,116.08,115.73,4.77,24.76,25.36,1.66,0
2019-09-10 16:10:00+00:00,31.54,64.74,71.22,2.48,13.82,24.84,2.34,0
2019-09-10 17:10:00+00:00,1.21,0.0,12.48,0.19,2.66,23.78,2.34,0
2019-09-10 18:10:00+00:00,0.0,0.0,0.0,0.0,0.0,22.56,2.14,0
2019-09-10 19:10:00+00:00,0.0,0.0,0.0,0.0,0.0,22.1,1.79,0
2019-09-10 20:10:00+00:00,0.0,0.0,0.0,0.0,0.0,21.28,1.86,0
2019-09-10 21:10:00+00:00,0.0,0.0,0.0,0.0,0.0,20.69,2.07,0
2019-09-10 22:10:00+00:00,0.0,0.0,0.0,0.0,0.0,20.3,2.34,0
2019-09-10 23:10:00+00:00,0.0,0.0,0.0,0.0,0.0,19.94,2.48,0
2019-09-11 00:10:00+00:00,0.0,0.0,0.0,0.0,0.0,19.33,2.34,0
2019-09-11 01:10:00+00:00,0.0,0.0,0.0,0.0,0.0,18.71,2.21,0
2019-09-11 02:10:00+00:00,0.0,0.0,0.0,0.0,0.0,18.32,2.34,0
2019-09-11 03:10:00+00:00,0.0,0.0,0.0,0.0,0.0,18.0,2.41,0
2019-09-11 04:10:00+00:00,0.0,0.0,0.0,0.0,0.0,17.64,2.55,0
2019-09-11 05:10:00+00:00,3.77,8.13,18.91,0.36,3.86,17.25,2.62,0
2019-09-11 06:10:00+00:00,37.66,86.46,67.67,2.8,15.0,18.02,2.28,0
2019-09-11 07:10:00+00:00,68.86,153.8,94.45,5.27,25.88,20.72,1.86,0
2019-09-11 08:10:00+00:00,94.63,224.28,101.63,7.58,36.01,23.64,1.52,0
2019-09-11 09:10:00+00:00,113.43,266.5,117.59,9.27,44.68,25.73,0.83,0
2019-09-11 10:10:00+00:00,123.97,298.27,120.19,10.38,50.72,26.89,0.48,0
2019-09-11 11:10:00+00:00,127.64,295.33,133.22,10.61,52.74,27.63,1.03,0
2019-09-11 12:10:00+00:00,123.32,265.01,148.87,10.01,50.11,28.15,1.86,0
2019-09-11 13:10:00+00:00,111.14,206.26,168.73,8.56,43.62,28.36,3.1,0
2019-09-11 14:10:00+00:00,86.9,208.39,98.98,7.34,34.7,27.94,4.21,0
2019-09-11 15:10:00+00:00,59.98,134.27,93.46,4.97,24.43,27.07,4.55,0
2019-09-11 16:10:00+00:00,29.94,62.68,69.05,2.44,13.49,26.04,4.14,0
2019-09-11 17:10:00+00:00,0.84,0.0,10.7,0.16,2.34,24.86,3.31,0
2019-09-11 18:10:00+00:00,0.0,0.0,0.0,0.0,0.0,23.75,2.55,0
2019-09-11 19:10:00+00:00,0.0,0.0,0.0,0.0,0.0,22.99,1.79,0
2019-09-11 20:10:00+00:00,0.0,0.0,0.0,0.0,0.0,22.1,1.1,0
2019-09-11 21:10:00+00:00,0.0,0.0,0.0,0.0,0.0,21.99,0.9,0
2019-09-11 22:10:00+00:00,0.0,0.0,0.0,0.0,0.0,21.42,1.03,0
2019-09-11 23:10:00+00:00,0.0,0.0,0.0,0.0,0.0,20.5,1.24,0
2019-09-12 00:10:00+00:00,0.0,0.0,0.0,0.0,0.0,19.48,1.45,0
2019-09-12 01:10:00+00:00,0.0,0.0,0.0,0.0,0.0,18.51,1.72,0
2019-09-12 02:10:00+00:00,0.0,0.0,0.0,0.0,0.0,17.92,1.79,0
2019-09-12 03:10:00+00:00,0.0,0.0,0.0,0.0,0.0,17.58,1.93,0
2019-09-12 04:10:00+00:00,0.0,0.0,0.0,0.0,0.0,17.33,2.0,0
2019-09-12 05:10:00+00:00,3.46,8.0,17.94,0.35,3.67,17.08,2.07,0
2019-09-12 06:10:00+00:00,36.36,83.28,67.28,2.77,14.81,18.15,1.93,0
2019-09-12 07:10:00+00:00,67.06,151.82,92.95,5.27,25.67,21.72,1.79,0
2019-09-12 08:10:00+00:00,93.32,217.65,104.46,7.54,35.78,24.17,2.21,0
2019-09-12 09:10:00+00:00,113.12,254.42,126.31,9.18,44.4,26.12,2.14,0
2019-09-12 10:10:00+00:00,124.11,290.11,125.23,10.34,50.38,27.67,2.21,0
2019-09-12 11:10:00+00:00,128.24,271.94,155.55,10.41,52.36,28.77,2.83,0
2019-09-12 12:10:00+00:00,123.22,243.79,168.54,9.81,49.72,29.33,3.38,0
2019-09-12 13:10:00+00:00,107.78,233.73,134.33,8.9,43.25,29.58,3.93,0
2019-09-12 14:10:00+00:00,85.36,190.57,113.23,7.17,34.35,29.5,4.41,0
2019-09-12 15:10:00+00:00,57.78,126.66,95.87,4.88,24.1,29.02,4.69,0
2019-09-12 16:10:00+00:00,28.38,56.97,69.83,2.36,13.17,28.16,4.28,0
2019-09-12 17:10:00+00:00,0.34,0.0,8.02,0.12,2.02,27.15,4.14,0
2019-09-12 18:10:00+00:00,0.0,0.0,0.0,0.0,0.0,26.08,4.34,0
2019-09-12 19:10:00+00:00,0.0,0.0,0.0,0.0,0.0,25.24,4.07,0
2019-09-12 20:10:00+00:00,0.0,0.0,0.0,0.0,0.0,24.14,3.86,0
2019-09-12 21:10:00+00:00,0.0,0.0,0.0,0.0,0.0,22.96,3.38,0
2019-09-12 22:10:00+00:00,0.0,0.0,0.0,0.0,0.0,21.88,2.9,0
2019-09-12 23:10:00+00:00,0.0,0.0,0.0,0.0,0.0,21.06,2.62,0
2019-09-13 00:10:00+00:00,0.0,0.0,0.0,0.0,0.0,20.42,2.41,0
2019-09-13 01:10:00+00:00,0.0,0.0,0.0,0.0,0.0,19.79,2.28,0
2019-09-13 02:10:00+00:00,0.0,0.0,0.0,0.0,0.0,19.21,2.21,0
2019-09-13 03:10:00+00:00,0.0,0.0,0.0,0.0,0.0,18.81,2.34,0
2019-09-13 04:10:00+00:00,0.0,0.0,0.0,0.0,0.0,18.5,2.55,0
2019-09-13 05:10:00+00:00,2.68,5.23,16.31,0.29,3.49,18.23,2.69,0
2019-09-13 06:10:00+00:00,34.78,77.59,67.94,2.71,14.62,19.1,2.48,0
2019-09-13 07:10:00+00:00,65.2,147.06,92.58,5.21,25.47,21.99,2.0,0
2019-09-13 08:10:00+00:00,90.43,216.65,99.75,7.53,35.54,25.22,1.72,0
2019-09-13 09:10:00+00:00,109.37,254.26,119.97,9.16,44.11,27.46,1.24,0
2019-09-13 10:10:00+00:00,119.51,290.18,118.24,10.33,50.04,28.72,0.62,0
2019-09-13 11:10:00+00:00,123.09,298.36,119.48,10.68,51.98,29.44,1.45,0
2019-09-13 12:10:00+00:00,119.07,262.32,140.77,9.99,49.32,29.79,2.69,0
2019-09-13 13:10:00+00:00,104.68,241.77,118.42,8.96,42.88,29.65,3.86,0
2019-09-13 14:10:00+00:00,82.79,195.56,101.44,7.21,34.0,28.93,4.55,0
2019-09-13 15:10:00+00:00,55.65,126.34,90.06,4.85,23.76,27.89,4.62,0
2019-09-13 16:10:00+00:00,26.68,55.49,65.86,2.3,12.84,26.67,4.0,0
2019-09-13 17:10:00+00:00,0.0,0.0,0.0,0.0,0.0,25.35,3.1,0
2019-09-13 18:10:00+00:00,0.0,0.0,0.0,0.0,0.0,24.25,2.41,0
2019-09-13 19:10:00+00:00,0.0,0.0,0.0,0.0,0.0,23.63,1.86,0
2019-09-13 20:10:00+00:00,0.0,0.0,0.0,0.0,0.0,22.76,1.17,0
2019-09-13 21:10:00+00:00,0.0,0.0,0.0,0.0,0.0,23.09,0.55,0
2019-09-13 22:10:00+00:00,0.0,0.0,0.0,0.0,0.0,22.66,0.48,0
2019-09-13 23:10:00+00:00,0.0,0.0,0.0,0.0,0.0,22.15,0.62,0
2019-09-14 00:10:00+00:00,0.0,0.0,0.0,0.0,0.0,20.74,1.1,0
2019-09-14 01:10:00+00:00,0.0,0.0,0.0,0.0,0.0,19.15,1.52,0
2019-09-14 02:10:00+00:00,0.0,0.0,0.0,0.0,0.0,18.45,1.52,0
2019-09-14 03:10:00+00:00,0.0,0.0,0.0,0.0,0.0,18.08,1.59,0
2019-09-14 04:10:00+00:00,0.0,0.0,0.0,0.0,0.0,17.86,1.79,0
2019-09-14 05:10:00+00:00,2.22,2.56,15.6,0.25,3.3,17.57,1.86,0
2019-09-14 06:10:00+00:00,33.04,71.41,67.83,2.61,14.44,18.53,1.52,0
2019-09-14 07:10:00+00:00,62.72,138.08,94.38,5.08,25.26,22.22,1.31,0
2019-09-14 08:10:00+00:00,88.54,201.07,108.37,7.33,35.31,24.61,1.59,0
2019-09-14 09:10:00+00:00,107.94,245.76,120.81,9.03,43.83,26.04,1.72,0
2019-09-14 10:10:00+00:00,118.54,286.81,112.55,10.24,49.7,27.05,1.72,0
2019-09-14 11:10:00+00:00,121.99,284.15,125.41,10.46,51.59,27.77,2.07,0
2019-09-14 12:10:00+00:00,117.33,254.05,140.87,9.85,48.93,28.11,2.69,0
2019-09-14 13:10:00+00:00,102.61,229.19,122.85,8.76,42.5,27.98,3.24,0
2019-09-14 14:10:00+00:00,80.95,177.2,112.16,6.94,33.65,27.46,3.38,0
2019-09-14 15:10:00+00:00,53.45,121.36,88.13,4.76,23.43,26.76,3.45,0
2019-09-14 16:10:00+00:00,25.42,46.55,67.97,2.16,12.52,25.74,3.1,0
2019-09-14 17:10:00+00:00,0.0,0.0,0.0,0.0,0.0,24.59,2.14,0
2019-09-14 18:10:00+00:00,0.0,0.0,0.0,0.0,0.0,23.68,0.97,0
2019-09-14 19:10:00+00:00,0.0,0.0,0.0,0.0,0.0,22.99,0.55,0
2019-09-14 20:10:00+00:00,0.0,0.0,0.0,0.0,0.0,22.43,0.55,0
2019-09-14 21:10:00+00:00,0.0,0.0,0.0,0.0,0.0,21.91,0.76,0
2019-09-14 22:10:00+00:00,0.0,0.0,0.0,0.0,0.0,20.9,1.17,0
2019-09-14 23:10:00+00:00,0.0,0.0,0.0,0.0,0.0,20.02,1.52,0
2019-09-15 00:10:00+00:00,0.0,0.0,0.0,0.0,0.0,19.45,1.59,0
2019-09-15 01:10:00+00:00,0.0,0.0,0.0,0.0,0.0,18.96,1.52,0
2019-09-15 02:10:00+00:00,0.0,0.0,0.0,0.0,0.0,18.63,1.45,0
2019-09-15 03:10:00+00:00,0.0,0.0,0.0,0.0,0.0,18.29,1.52,0
2019-09-15 04:10:00+00:00,0.0,0.0,0.0,0.0,0.0,18.03,1.59,0
2019-09-15 05:10:00+00:00,1.97,2.5,14.66,0.24,3.12,17.77,1.59,0
2019-09-15 06:10:00+00:00,32.11,60.59,73.4,2.49,14.24,18.98,1.17,0
2019-09-15 07:10:00+00:00,62.03,117.3,110.89,4.85,25.05,22.72,1.03,0
2019-09-15 08:10:00+00:00,86.61,193.19,111.44,7.25,35.07,24.82,1.17,0
2019-09-15 09:10:00+00:00,106.72,227.83,135.09,8.84,43.54,26.03,1.52,0
2019-09-15 10:10:00+00:00,117.99,260.9,135.54,9.97,49.35,26.78,1.86,0
2019-09-15 11:10:00+00:00,121.18,263.18,142.77,10.24,51.2,27.31,2.14,0
2019-09-15 12:10:00+00:00,116.57,231.05,160.8,9.58,48.54,27.5,2.34,0
2019-09-15 13:10:00+00:00,101.5,211.22,137.27,8.56,42.13,27.55,2.62,0
2019-09-15 14:10:00+00:00,81.17,144.61,142.42,6.54,33.3,27.27,2.9,0
2019-09-15 15:10:00+00:00,55.28,73.18,131.65,4.1,23.09,26.6,2.97,0
2019-09-15 16:10:00+00:00,23.62,13.76,81.83,1.54,12.19,25.67,2.62,0
2019-09-15 17:10:00+00:00,0.0,0.0,0.0,0.0,0.0,24.63,1.66,0
2019-09-15 18:10:00+00:00,0.0,0.0,0.0,0.0,0.0,23.9,1.03,0
2019-09-15 19:10:00+00:00,0.0,0.0,0.0,0.0,0.0,23.29,0.62,0
2019-09-15 20:10:00+00:00,0.0,0.0,0.0,0.0,0.0,22.25,0.97,0
2019-09-15 21:10:00+00:00,0.0,0.0,0.0,0.0,0.0,21.79,0.97,0
2019-09-15 22:10:00+00:00,0.0,0.0,0.0,0.0,0.0,21.13,1.17,0
2019-09-15 23:10:00+00:00,0.0,0.0,0.0,0.0,0.0,20.42,1.38,0
2019-09-16 00:10:00+00:00,0.0,0.0,0.0,0.0,0.0,19.94,1.38,0
2019-09-16 01:10:00+00:00,0.0,0.0,0.0,0.0,0.0,19.61,1.24,0
2019-09-16 02:10:00+00:00,0.0,0.0,0.0,0.0,0.0,19.64,1.03,0
2019-09-16 03:10:00+00:00,0.0,0.0,0.0,0.0,0.0,19.93,0.9,0
2019-09-16 04:10:00+00:00,0.0,0.0,0.0,0.0,0.0,20.09,0.83,0
2019-09-16 05:10:00+00:00,0.12,0.0,6.53,0.09,2.93,19.49,0.97,0
2019-09-16 06:10:00+00:00,30.6,57.21,72.24,2.44,14.05,19.54,0.9,0
2019-09-16 07:10:00+00:00,57.37,143.2,77.59,5.1,24.85,22.42,0.34,0
2019-09-16 08:10:00+00:00,83.6,189.78,107.05,7.17,34.82,24.42,0.41,0
2019-09-16 09:10:00+00:00,102.74,238.47,114.4,8.91,43.25,25.78,1.03,0
2019-09-16 10:10:00+00:00,115.26,253.09,135.57,9.83,49.01,26.8,1.72,0
2019-09-16 11:10:00+00:00,123.78,176.55,233.83,9.1,50.82,27.42,2.48,0
2019-09-16 12:10:00+00:00,118.24,166.89,226.3,8.69,48.14,27.71,3.1,0
2019-09-16 13:10:00+00:00,99.25,200.5,140.18,8.37,41.75,27.59,3.38,0
2019-09-16 14:10:00+00:00,78.37,144.09,134.95,6.48,32.94,27.26,3.45,0
2019-09-16 15:10:00+00:00,49.34,106.19,89.9,4.5,22.75,26.64,3.24,0
2019-09-16 16:10:00+00:00,22.88,35.11,68.22,1.94,11.86,25.73,2.9,0
2019-09-16 17:10:00+00:00,0.0,0.0,0.0,0.0,0.0,24.57,2.14,0
2019-09-16 18:10:00+00:00,0.0,0.0,0.0,0.0,0.0,23.58,1.31,0
2019-09-16 19:10:00+00:00,0.0,0.0,0.0,0.0,0.0,23.04,1.03,0
2019-09-16 20:10:00+00:00,0.0,0.0,0.0,0.0,0.0,22.21,0.76,0
2019-09-16 21:10:00+00:00,0.0,0.0,0.0,0.0,0.0,22.27,0.62,0
2019-09-16 22:10:00+00:00,0.0,0.0,0.0,0.0,0.0,21.92,0.55,0
2019-09-16 23:10:00+00:00,0.0,0.0,0.0,0.0,0.0,21.57,0.48,0
2019-09-17 00:10:00+00:00,0.0,0.0,0.0,0.0,0.0,21.23,0.48,0
2019-09-17 01:10:00+00:00,0.0,0.0,0.0,0.0,0.0,20.86,0.76,0
2019-09-17 02:10:00+00:00,0.0,0.0,0.0,0.0,0.0,19.88,1.03,0
2019-09-17 03:10:00+00:00,0.0,0.0,0.0,0.0,0.0,19.49,1.03,0
2019-09-17 04:10:00+00:00,0.0,0.0,0.0,0.0,0.0,19.76,0.97,0
2019-09-17 05:10:00+00:00,1.03,1.17,11.07,0.17,2.74,18.99,1.03,0
2019-09-17 06:10:00+00:00,28.94,60.12,66.06,2.47,13.86,18.97,0.97,0
2019-09-17 07:10:00+00:00,57.62,123.32,94.25,4.9,24.63,21.67,0.83,0
2019-09-17 08:10:00+00:00,82.71,183.48,109.87,7.13,34.58,23.55,0.41,0
2019-09-17 09:10:00+00:00,101.89,226.43,123.88,8.82,42.96,25.13,0.62,0
2019-09-17 10:10:00+00:00,113.08,264.99,117.12,9.99,48.66,26.33,1.93,0
2019-09-17 11:10:00+00:00,117.7,252.28,141.24,10.09,50.43,26.86,3.03,0
2019-09-17 12:10:00+00:00,112.27,233.8,143.33,9.58,47.75,26.94,3.66,0
2019-09-17 13:10:00+00:00,96.69,213.01,120.13,8.53,41.37,26.59,3.79,0
2019-09-17 14:10:00+00:00,74.97,161.72,109.43,6.71,32.58,26.13,3.66,0
2019-09-17 15:10:00+00:00,48.59,96.72,95.18,4.38,22.41,25.54,3.1,0
2019-09-17 16:10:00+00:00,21.46,33.32,65.21,1.89,11.53,24.8,2.34,0
2019-09-17 17:10:00+00:00,0.0,0.0,0.0,0.0,0.0,23.94,1.59,0
2019-09-17 18:10:00+00:00,0.0,0.0,0.0,0.0,0.0,23.24,1.24,0
2019-09-17 19:10:00+00:00,0.0,0.0,0.0,0.0,0.0,22.62,0.55,0
2019-09-17 20:10:00+00:00,0.0,0.0,0.0,0.0,0.0,22.22,0.41,0
2019-09-17 21:10:00+00:00,0.0,0.0,0.0,0.0,0.0,21.9,0.48,0
2019-09-17 22:10:00+00:00,0.0,0.0,0.0,0.0,0.0,21.53,0.55,0
2019-09-17 23:10:00+00:00,0.0,0.0,0.0,0.0,0.0,21.12,0.76,0
2019-09-18 00:10:00+00:00,0.0,0.0,0.0,0.0,0.0,20.41,0.97,0
2019-09-18 01:10:00+00:00,0.0,0.0,0.0,0.0,0.0,19.74,1.1,0
2019-09-18 02:10:00+00:00,0.0,0.0,0.0,0.0,0.0,18.82,1.52,0
2019-09-18 03:10:00+00:00,0.0,0.0,0.0,0.0,0.0,18.47,1.79,0
2019-09-18 04:10:00+00:00,0.0,0.0,0.0,0.0,0.0,18.62,1.86,0
2019-09-18 05:10:00+00:00,0.61,0.0,9.33,0.13,2.55,18.38,1.93,0
2019-09-18 06:10:00+00:00,28.35,43.45,75.26,2.22,13.67,19.16,1.72,0
2019-09-18 07:10:00+00:00,56.35,106.55,104.75,4.66,24.42,22.4,1.66,0
2019-09-18 08:10:00+00:00,80.86,167.86,117.42,6.87,34.33,23.8,1.66,0
2019-09-18 09:10:00+00:00,99.02,216.88,123.54,8.61,42.66,25.14,1.1,0
2019-09-18 10:10:00+00:00,111.58,230.47,145.82,9.51,48.31,26.25,1.86,0
2019-09-18 11:10:00+00:00,114.97,233.44,152.24,9.78,50.04,26.95,2.69,0
2019-09-18 12:10:00+00:00,116.44,113.13,271.71,7.76,47.35,27.19,2.9,0
2019-09-18 13:10:00+00:00,93.37,198.73,125.82,8.28,40.99,27.15,2.9,0
2019-09-18 14:10:00+00:00,78.1,39.94,223.54,4.57,32.23,27.01,3.38,0
2019-09-18 15:10:00+00:00,46.82,12.83,151.54,2.6,22.07,25.97,3.38,0
2019-09-18 16:10:00+00:00,20.17,28.04,64.58,1.77,11.2,25.14,3.24,0
2019-09-18 17:10:00+00:00,0.0,0.0,0.0,0.0,0.0,24.45,2.21,0
2019-09-18 18:10:00+00:00,0.0,0.0,0.0,0.0,0.0,23.83,1.1,0
2019-09-18 19:10:00+00:00,0.0,0.0,0.0,0.0,0.0,23.42,0.48,0
2019-09-18 20:10:00+00:00,0.0,0.0,0.0,0.0,0.0,23.12,0.55,0
2019-09-18 21:10:00+00:00,0.0,0.0,0.0,0.0,0.0,22.23,0.69,0
2019-09-18 22:10:00+00:00,0.0,0.0,0.0,0.0,0.0,21.39,1.52,0
2019-09-18 23:10:00+00:00,0.0,0.0,0.0,0.0,0.0,20.87,1.66,0
2019-09-19 00:10:00+00:00,0.0,0.0,0.0,0.0,0.0,20.47,1.17,0
2019-09-19 01:10:00+00:00,0.0,0.0,0.0,0.0,0.0,20.1,1.38,0
2019-09-19 02:10:00+00:00,0.0,0.0,0.0,0.0,0.0,19.65,1.17,0
2019-09-19 03:10:00+00:00,0.0,0.0,0.0,0.0,0.0,19.39,0.55,0
2019-09-19 04:10:00+00:00,0.0,0.0,0.0,0.0,0.0,19.41,0.55,0
2019-09-19 05:10:00+00:00,0.0,0.0,0.93,0.01,2.36,18.77,0.9,0
2019-09-19 06:10:00+00:00,9.74,0.0,43.83,0.63,13.47,19.69,1.1,0
2019-09-19 07:10:00+00:00,25.03,0.0,92.33,1.33,24.21,20.81,1.03,0
2019-09-19 08:10:00+00:00,70.36,9.68,221.46,3.5,34.09,22.15,1.24,0
2019-09-19 09:10:00+00:00,97.85,27.06,291.65,5.1,42.37,23.4,0.97,0
2019-09-19 10:10:00+00:00,117.24,116.61,270.99,7.86,47.96,24.53,0.83,0
2019-09-19 11:10:00+00:00,116.61,181.85,206.27,9.08,49.65,25.37,1.66,0
2019-09-19 12:10:00+00:00,108.05,202.1,161.79,9.07,46.95,25.88,2.48,0
2019-09-19 13:10:00+00:00,94.29,27.65,281.64,5.01,40.61,26.14,2.76,0
2019-09-19 14:10:00+00:00,68.21,13.21,215.45,3.55,31.87,26.01,2.28,0
2019-09-19 15:10:00+00:00,4.78,0.0,27.04,0.39,21.73,23.5,2.28,0
2019-09-19 16:10:00+00:00,9.33,0.0,42.9,0.62,10.87,22.08,0.55,0
2019-09-19 17:10:00+00:00,0.0,0.0,0.0,0.0,0.0,21.96,0.76,0
2019-09-19 18:10:00+00:00,0.0,0.0,0.0,0.0,0.0,21.72,0.48,0
2019-09-19 19:10:00+00:00,0.0,0.0,0.0,0.0,0.0,21.29,1.52,0
2019-09-19 20:10:00+00:00,0.0,0.0,0.0,0.0,0.0,20.67,1.31,0
2019-09-19 21:10:00+00:00,0.0,0.0,0.0,0.0,0.0,20.23,1.1,0
2019-09-19 22:10:00+00:00,0.0,0.0,0.0,0.0,0.0,19.52,1.17,0
2019-09-19 23:10:00+00:00,0.0,0.0,0.0,0.0,0.0,19.28,1.17,0
2019-09-20 00:10:00+00:00,0.0,0.0,0.0,0.0,0.0,19.28,0.76,0
2019-09-20 01:10:00+00:00,0.0,0.0,0.0,0.0,0.0,19.38,0.41,0
2019-09-20 02:10:00+00:00,0.0,0.0,0.0,0.0,0.0,18.94,0.62,0
2019-09-20 03:10:00+00:00,0.0,0.0,0.0,0.0,0.0,18.77,1.31,0
2019-09-20 04:10:00+00:00,0.0,0.0,0.0,0.0,0.0,18.96,2.14,0
2019-09-20 05:10:00+00:00,0.0,0.0,0.0,0.0,0.0,18.6,2.07,0
2019-09-20 06:10:00+00:00,23.73,6.69,83.72,1.39,13.28,18.8,1.59,0
2019-09-20 07:10:00+00:00,51.96,117.94,84.0,4.84,23.99,20.49,1.17,0
2019-09-20 08:10:00+00:00,77.25,176.29,99.92,7.05,33.84,22.02,1.31,0
2019-09-20 09:10:00+00:00,96.91,211.99,121.0,8.64,42.07,22.98,0.83,0
2019-09-20 10:10:00+00:00,107.41,244.55,120.12,9.75,47.61,23.41,0.55,0
2019-09-20 11:10:00+00:00,112.53,228.64,148.77,9.79,49.26,23.83,1.24,0
2019-09-20 12:10:00+00:00,108.08,202.74,160.08,9.18,46.55,24.15,2.14,0
2019-09-20 13:10:00+00:00,91.49,193.07,122.51,8.27,40.23,23.37,2.76,0
2019-09-20 14:10:00+00:00,69.28,146.42,106.68,6.48,31.51,23.42,3.1,0
2019-09-20 15:10:00+00:00,43.14,85.59,88.89,4.18,21.39,23.05,3.24,0
2019-09-20 16:10:00+00:00,17.5,27.26,57.12,1.73,10.54,22.54,3.1,0
2019-09-20 17:10:00+00:00,0.0,0.0,0.0,0.0,0.0,21.91,2.55,0
2019-09-20 18:10:00+00:00,0.0,0.0,0.0,0.0,0.0,21.27,2.07,0
2019-09-20 19:10:00+00:00,0.0,0.0,0.0,0.0,0.0,21.23,1.86,0
2019-09-20 20:10:00+00:00,0.0,0.0,0.0,0.0,0.0,20.26,1.24,0
2019-09-20 21:10:00+00:00,0.0,0.0,0.0,0.0,0.0,20.44,0.9,0
2019-09-20 22:10:00+00:00,0.0,0.0,0.0,0.0,0.0,20.83,0.69,0
2019-09-20 23:10:00+00:00,0.0,0.0,0.0,0.0,0.0,19.24,1.1,0
2019-09-21 00:10:00+00:00,0.0,0.0,0.0,0.0,0.0,18.67,1.24,0
2019-09-21 01:10:00+00:00,0.0,0.0,0.0,0.0,0.0,18.29,1.31,0
2019-09-21 02:10:00+00:00,0.0,0.0,0.0,0.0,0.0,18.29,1.31,0
2019-09-21 03:10:00+00:00,0.0,0.0,0.0,0.0,0.0,18.33,1.52,0
2019-09-21 04:10:00+00:00,0.0,0.0,0.0,0.0,0.0,18.73,1.59,0
2019-09-21 05:10:00+00:00,0.0,0.0,0.0,0.0,0.0,18.62,1.45,0
2019-09-21 06:10:00+00:00,24.38,44.11,65.26,2.24,13.08,19.26,1.17,0
2019-09-21 07:10:00+00:00,50.4,112.0,84.65,4.76,23.78,20.09,1.45,0
2019-09-21 08:10:00+00:00,75.55,166.5,103.35,6.9,33.59,21.36,1.59,0
2019-09-21 09:10:00+00:00,96.75,190.41,138.58,8.35,41.77,22.43,1.72,0
2019-09-21 10:10:00+00:00,110.3,191.36,176.0,9.06,47.25,23.35,1.93,0
2019-09-21 11:10:00+00:00,112.82,196.74,178.9,9.34,48.86,24.0,2.0,0
2019-09-21 12:10:00+00:00,112.13,129.8,240.79,8.07,46.16,24.3,2.21,0
2019-09-21 13:10:00+00:00,95.29,126.2,196.14,7.29,39.85,24.45,2.48,0
2019-09-21 14:10:00+00:00,68.01,129.51,118.71,6.22,31.15,23.9,2.69,0
2019-09-21 15:10:00+00:00,35.14,2.11,122.57,1.84,21.05,23.51,2.9,0
2019-09-21 16:10:00+00:00,16.44,22.79,56.46,1.62,10.21,22.84,2.69,0
2019-09-21 17:10:00+00:00,0.0,0.0,0.0,0.0,0.0,22.2,1.66,0
2019-09-21 18:10:00+00:00,0.0,0.0,0.0,0.0,0.0,21.52,2.07,0
2019-09-21 19:10:00+00:00,0.0,0.0,0.0,0.0,0.0,21.23,2.41,0
2019-09-21 20:10:00+00:00,0.0,0.0,0.0,0.0,0.0,20.97,3.45,0
2019-09-21 21:10:00+00:00,0.0,0.0,0.0,0.0,0.0,20.57,2.07,0
2019-09-21 22:10:00+00:00,0.0,0.0,0.0,0.0,0.0,20.33,2.21,0
2019-09-21 23:10:00+00:00,0.0,0.0,0.0,0.0,0.0,20.26,2.69,0
2019-09-22 00:10:00+00:00,0.0,0.0,0.0,0.0,0.0,20.19,2.76,0
2019-09-22 01:10:00+00:00,0.0,0.0,0.0,0.0,0.0,20.28,3.24,0
2019-09-22 02:10:00+00:00,0.0,0.0,0.0,0.0,0.0,20.32,3.72,0
2019-09-22 03:10:00+00:00,0.0,0.0,0.0,0.0,0.0,20.36,3.86,0
2019-09-22 04:10:00+00:00,0.0,0.0,0.0,0.0,0.0,20.46,4.14,0
2019-09-22 05:10:00+00:00,0.0,0.0,0.0,0.0,0.0,20.61,4.62,0
2019-09-22 06:10:00+00:00,1.56,0.0,13.99,0.2,12.88,21.1,5.1,0
2019-09-22 07:10:00+00:00,17.44,0.0,68.08,0.98,23.56,18.87,5.03,0
2019-09-22 08:10:00+00:00,78.24,21.85,229.51,4.06,33.33,19.56,5.03,0
2019-09-22 09:10:00+00:00,26.37,0.0,96.06,1.38,41.47,21.0,5.31,0
2019-09-22 10:10:00+00:00,47.06,0.0,158.54,2.28,46.9,22.56,6.14,0
2019-09-22 11:10:00+00:00,43.93,0.0,149.21,2.14,48.47,22.59,6.41,0
2019-09-22 12:10:00+00:00,35.43,0.0,124.03,1.78,45.76,22.77,6.21,0
2019-09-22 13:10:00+00:00,14.47,0.0,59.69,0.86,39.47,22.59,5.66,0
2019-09-22 14:10:00+00:00,8.26,0.0,39.17,0.56,30.79,22.02,4.76,0
2019-09-22 15:10:00+00:00,33.74,2.05,116.97,1.76,20.71,21.25,5.1,0
2019-09-22 16:10:00+00:00,0.78,0.0,10.26,0.15,9.88,20.77,5.17,0
2019-09-22 17:10:00+00:00,0.0,0.0,0.0,0.0,0.0,20.56,5.1,0
2019-09-22 18:10:00+00:00,0.0,0.0,0.0,0.0,0.0,20.27,5.03,0
2019-09-22 19:10:00+00:00,0.0,0.0,0.0,0.0,0.0,20.72,5.1,0
2019-09-22 20:10:00+00:00,0.0,0.0,0.0,0.0,0.0,20.83,5.31,0
2019-09-22 21:10:00+00:00,0.0,0.0,0.0,0.0,0.0,20.74,5.52,0
2019-09-22 22:10:00+00:00,0.0,0.0,0.0,0.0,0.0,20.7,4.97,0
2019-09-22 23:10:00+00:00,0.0,0.0,0.0,0.0,0.0,20.69,4.34,0
2019-09-23 00:10:00+00:00,0.0,0.0,0.0,0.0,0.0,20.84,4.07,0
2019-09-23 01:10:00+00:00,0.0,0.0,0.0,0.0,0.0,20.76,3.72,0
2019-09-23 02:10:00+00:00,0.0,0.0,0.0,0.0,0.0,20.67,3.31,0
2019-09-23 03:10:00+00:00,0.0,0.0,0.0,0.0,0.0,20.32,2.83,0
2019-09-23 04:10:00+00:00,0.0,0.0,0.0,0.0,0.0,20.11,2.62,0
2019-09-23 05:10:00+00:00,0.0,0.0,0.0,0.0,0.0,20.05,2.62,0
2019-09-23 06:10:00+00:00,22.13,36.97,64.09,2.12,12.68,20.63,2.48,0
2019-09-23 07:10:00+00:00,47.91,93.89,93.57,4.5,23.34,21.7,2.76,0
2019-09-23 08:10:00+00:00,81.54,55.74,216.0,5.09,33.08,22.46,2.97,0
2019-09-23 09:10:00+00:00,102.04,78.45,255.96,6.51,41.17,23.28,2.97,0
2019-09-23 10:10:00+00:00,101.31,17.66,308.6,5.08,46.54,23.85,2.69,0
2019-09-23 11:10:00+00:00,110.72,29.22,325.78,5.76,48.08,22.92,2.48,0
2019-09-23 12:10:00+00:00,109.9,102.73,258.97,7.52,45.36,24.03,2.41,0
2019-09-23 13:10:00+00:00,96.26,71.84,245.26,6.22,39.09,23.19,3.31,0
2019-09-23 14:10:00+00:00,61.58,6.89,197.4,3.09,30.43,22.92,3.17,0
2019-09-23 15:10:00+00:00,27.16,0.4,98.76,1.43,20.37,22.18,4.21,0
2019-09-23 16:10:00+00:00,4.09,0.0,24.25,0.35,9.55,21.39,3.24,0
2019-09-23 17:10:00+00:00,0.0,0.0,0.0,0.0,0.0,20.87,2.14,0
2019-09-23 18:10:00+00:00,0.0,0.0,0.0,0.0,0.0,20.54,1.31,0
2019-09-23 19:10:00+00:00,0.0,0.0,0.0,0.0,0.0,20.84,1.03,0
2019-09-23 20:10:00+00:00,0.0,0.0,0.0,0.0,0.0,20.13,1.03,0
2019-09-23 21:10:00+00:00,0.0,0.0,0.0,0.0,0.0,19.57,1.24,0
2019-09-23 22:10:00+00:00,0.0,0.0,0.0,0.0,0.0,18.94,2.07,0
2019-09-23 23:10:00+00:00,0.0,0.0,0.0,0.0,0.0,18.76,2.48,0
2019-09-24 00:10:00+00:00,0.0,0.0,0.0,0.0,0.0,18.7,2.34,0
2019-09-24 01:10:00+00:00,0.0,0.0,0.0,0.0,0.0,18.2,2.07,0
2019-09-24 02:10:00+00:00,0.0,0.0,0.0,0.0,0.0,17.95,1.93,0
2019-09-24 03:10:00+00:00,0.0,0.0,0.0,0.0,0.0,17.6,1.93,0
2019-09-24 04:10:00+00:00,0.0,0.0,0.0,0.0,0.0,17.69,1.93,0
2019-09-24 05:10:00+00:00,0.0,0.0,0.0,0.0,0.0,17.5,1.93,0
2019-09-24 06:10:00+00:00,19.81,43.58,53.49,2.24,12.48,17.57,2.14,0
2019-09-24 07:10:00+00:00,44.82,107.15,74.27,4.73,23.12,18.46,2.14,0
2019-09-24 08:10:00+00:00,70.66,157.66,97.3,6.85,32.82,19.41,2.48,0
2019-09-24 09:10:00+00:00,90.17,196.87,112.48,8.47,40.86,20.68,2.97,0
2019-09-24 10:10:00+00:00,101.06,228.22,112.46,9.58,46.19,21.75,3.38,0
2019-09-24 11:10:00+00:00,105.59,213.0,140.1,9.59,47.69,22.59,3.45,0
2019-09-24 12:10:00+00:00,101.96,173.29,169.05,8.75,44.96,23.25,3.38,0
2019-09-24 13:10:00+00:00,94.18,92.72,221.78,6.71,38.71,23.69,3.79,0
2019-09-24 14:10:00+00:00,72.69,50.3,197.15,4.8,30.08,23.65,4.41,0
2019-09-24 15:10:00+00:00,37.73,61.16,93.42,3.75,20.03,23.21,4.62,0
2019-09-24 16:10:00+00:00,14.46,11.12,55.87,1.31,9.22,22.44,4.41,0
2019-09-24 17:10:00+00:00,0.0,0.0,0.0,0.0,0.0,21.46,4.07,0
2019-09-24 18:10:00+00:00,0.0,0.0,0.0,0.0,0.0,20.75,3.38,0
2019-09-24 19:10:00+00:00,0.0,0.0,0.0,0.0,0.0,20.42,3.1,0
2019-09-24 20:10:00+00:00,0.0,0.0,0.0,0.0,0.0,19.96,2.62,0
2019-09-24 21:10:00+00:00,0.0,0.0,0.0,0.0,0.0,19.29,2.0,0
2019-09-24 22:10:00+00:00,0.0,0.0,0.0,0.0,0.0,18.62,1.66,0
2019-09-24 23:10:00+00:00,0.0,0.0,0.0,0.0,0.0,18.16,1.45,0
2019-09-25 00:10:00+00:00,0.0,0.0,0.0,0.0,0.0,17.86,1.31,0
2019-09-25 01:10:00+00:00,0.0,0.0,0.0,0.0,0.0,17.55,1.17,0
2019-09-25 02:10:00+00:00,0.0,0.0,0.0,0.0,0.0,17.43,1.1,0
2019-09-25 03:10:00+00:00,0.0,0.0,0.0,0.0,0.0,17.26,1.1,0
2019-09-25 04:10:00+00:00,0.0,0.0,0.0,0.0,0.0,17.18,1.1,0
2019-09-25 05:10:00+00:00,0.0,0.0,0.0,0.0,0.0,16.98,1.17,0
2019-09-25 06:10:00+00:00,18.76,38.56,53.56,2.14,12.28,17.24,1.03,0
2019-09-25 07:10:00+00:00,48.63,67.4,115.91,4.11,22.89,19.88,1.03,0
2019-09-25 08:10:00+00:00,67.09,149.54,97.59,6.69,32.57,21.49,1.38,0
2019-09-25 09:10:00+00:00,97.77,99.23,226.02,6.94,40.56,22.5,1.93,0
2019-09-25 10:10:00+00:00,106.8,139.87,214.74,8.27,45.83,23.21,2.34,0
2019-09-25 11:10:00+00:00,113.38,110.95,260.72,7.94,47.29,23.73,2.83,0
2019-09-25 12:10:00+00:00,99.03,18.05,300.38,5.01,44.56,23.7,3.52,0
2019-09-25 13:10:00+00:00,25.83,0.0,95.12,1.37,38.33,22.47,3.59,0
2019-09-25 14:10:00+00:00,69.64,23.58,208.21,3.94,29.72,22.21,3.17,0
2019-09-25 15:10:00+00:00,40.6,36.81,117.52,3.23,19.69,22.12,2.69,0
2019-09-25 16:10:00+00:00,13.64,4.26,55.7,1.02,8.89,22.12,2.28,0
2019-09-25 17:10:00+00:00,0.0,0.0,0.0,0.0,0.0,21.71,1.93,0
2019-09-25 18:10:00+00:00,0.0,0.0,0.0,0.0,0.0,21.23,1.93,0
2019-09-25 19:10:00+00:00,0.0,0.0,0.0,0.0,0.0,20.9,2.0,0
2019-09-25 20:10:00+00:00,0.0,0.0,0.0,0.0,0.0,20.53,1.72,0
2019-09-25 21:10:00+00:00,0.0,0.0,0.0,0.0,0.0,19.92,1.59,0
2019-09-25 22:10:00+00:00,0.0,0.0,0.0,0.0,0.0,19.4,1.31,0
2019-09-25 23:10:00+00:00,0.0,0.0,0.0,0.0,0.0,19.64,1.17,0
2019-09-26 00:10:00+00:00,0.0,0.0,0.0,0.0,0.0,19.5,1.31,0
2019-09-26 01:10:00+00:00,0.0,0.0,0.0,0.0,0.0,19.24,1.24,0
2019-09-26 02:10:00+00:00,0.0,0.0,0.0,0.0,0.0,18.97,1.24,0
2019-09-26 03:10:00+00:00,0.0,0.0,0.0,0.0,0.0,19.0,1.24,0
2019-09-26 04:10:00+00:00,0.0,0.0,0.0,0.0,0.0,18.81,1.38,0
2019-09-26 05:10:00+00:00,0.0,0.0,0.0,0.0,0.0,18.48,1.72,0
2019-09-26 06:10:00+00:00,18.45,33.77,56.09,2.09,12.07,19.2,2.0,0
2019-09-26 07:10:00+00:00,43.19,87.55,86.44,4.46,22.67,19.61,1.93,0
2019-09-26 08:10:00+00:00,72.67,105.67,150.19,6.1,32.31,21.2,1.86,0
2019-09-26 09:10:00+00:00,87.51,166.0,138.06,8.07,40.25,22.55,1.52,0
2019-09-26 10:10:00+00:00,98.64,182.59,155.29,8.96,45.47,23.58,0.9,0
2019-09-26 11:10:00+00:00,99.17,198.89,142.97,9.39,46.9,24.12,0.55,0
2019-09-26 12:10:00+00:00,95.31,167.24,162.05,8.64,44.16,24.77,1.03,0
2019-09-26 13:10:00+00:00,79.6,147.05,136.77,7.6,37.94,24.91,1.93,0
2019-09-26 14:10:00+00:00,54.75,120.99,93.45,6.07,29.36,24.79,2.62,0
2019-09-26 15:10:00+00:00,31.84,62.2,78.2,3.76,19.35,24.35,2.97,0
2019-09-26 16:10:00+00:00,10.78,12.13,44.54,1.34,8.56,23.62,2.9,0
2019-09-26 17:10:00+00:00,0.0,0.0,0.0,0.0,0.0,22.56,2.76,0
2019-09-26 18:10:00+00:00,0.0,0.0,0.0,0.0,0.0,21.64,2.41,0
2019-09-26 19:10:00+00:00,0.0,0.0,0.0,0.0,0.0,21.0,1.72,0
2019-09-26 20:10:00+00:00,0.0,0.0,0.0,0.0,0.0,20.46,1.38,0
2019-09-26 21:10:00+00:00,0.0,0.0,0.0,0.0,0.0,20.36,1.17,0
2019-09-26 22:10:00+00:00,0.0,0.0,0.0,0.0,0.0,20.38,1.03,0
2019-09-26 23:10:00+00:00,0.0,0.0,0.0,0.0,0.0,20.19,0.9,0
2019-09-27 00:10:00+00:00,0.0,0.0,0.0,0.0,0.0,19.37,0.97,0
2019-09-27 01:10:00+00:00,0.0,0.0,0.0,0.0,0.0,18.68,1.03,0
2019-09-27 02:10:00+00:00,0.0,0.0,0.0,0.0,0.0,18.02,1.17,0
2019-09-27 03:10:00+00:00,0.0,0.0,0.0,0.0,0.0,17.52,1.31,0
2019-09-27 04:10:00+00:00,0.0,0.0,0.0,0.0,0.0,17.12,1.38,0
2019-09-27 05:10:00+00:00,0.0,0.0,0.0,0.0,0.0,16.84,1.38,0
2019-09-27 06:10:00+00:00,16.67,33.68,50.92,2.09,11.87,17.41,1.1,0
2019-09-27 07:10:00+00:00,39.45,92.69,74.02,4.56,22.44,20.35,0.62,0
2019-09-27 08:10:00+00:00,63.58,141.27,97.86,6.65,32.05,22.09,0.41,0
2019-09-27 09:10:00+00:00,80.87,189.14,101.12,8.39,39.94,23.2,0.69,0
2019-09-27 10:10:00+00:00,90.96,220.65,99.13,9.49,45.11,24.05,1.03,0
2019-09-27 11:10:00+00:00,96.06,205.87,126.84,9.5,46.51,24.63,1.59,0
2019-09-27 12:10:00+00:00,92.33,173.67,146.76,8.75,43.77,24.88,2.07,0
2019-09-27 13:10:00+00:00,71.83,176.43,89.53,8.01,37.56,24.83,2.41,0
2019-09-27 14:10:00+00:00,50.92,125.52,79.95,6.15,29.0,24.5,2.55,0
2019-09-27 15:10:00+00:00,29.3,60.89,72.32,3.74,19.01,23.88,2.48,0
2019-09-27 16:10:00+00:00,10.21,9.73,43.49,1.29,8.23,23.09,2.14,0
2019-09-27 17:10:00+00:00,0.0,0.0,0.0,0.0,0.0,22.18,1.52,0
2019-09-27 18:10:00+00:00,0.0,0.0,0.0,0.0,0.0,21.11,0.9,0
2019-09-27 19:10:00+00:00,0.0,0.0,0.0,0.0,0.0,21.84,0.34,0
2019-09-27 20:10:00+00:00,0.0,0.0,0.0,0.0,0.0,21.53,0.14,0
2019-09-27 21:10:00+00:00,0.0,0.0,0.0,0.0,0.0,21.13,0.41,0
2019-09-27 22:10:00+00:00,0.0,0.0,0.0,0.0,0.0,20.76,0.48,0
2019-09-27 23:10:00+00:00,0.0,0.0,0.0,0.0,0.0,20.44,0.62,0
2019-09-28 00:10:00+00:00,0.0,0.0,0.0,0.0,0.0,20.05,0.9,0
2019-09-28 01:10:00+00:00,0.0,0.0,0.0,0.0,0.0,19.78,0.97,0
2019-09-28 02:10:00+00:00,0.0,0.0,0.0,0.0,0.0,19.88,0.83,0
2019-09-28 03:10:00+00:00,0.0,0.0,0.0,0.0,0.0,19.93,0.55,0
2019-09-28 04:10:00+00:00,0.0,0.0,0.0,0.0,0.0,19.79,0.41,0
2019-09-28 05:10:00+00:00,0.0,0.0,0.0,0.0,0.0,19.57,0.62,0
2019-09-28 06:10:00+00:00,16.69,27.04,54.98,1.97,11.66,19.32,0.83,0
2019-09-28 07:10:00+00:00,38.5,82.21,79.67,4.37,22.22,20.9,0.69,0
2019-09-28 08:10:00+00:00,65.06,114.18,123.93,6.19,31.78,21.75,1.17,0
2019-09-28 09:10:00+00:00,94.93,36.12,273.98,5.39,39.63,22.6,1.66,0
2019-09-28 10:10:00+00:00,90.62,8.93,284.07,4.43,44.75,23.5,2.28,0
2019-09-28 11:10:00+00:00,95.88,10.8,298.18,4.72,46.11,23.84,2.9,0
2019-09-28 12:10:00+00:00,60.2,0.0,199.57,2.87,43.37,23.89,3.17,0
2019-09-28 13:10:00+00:00,84.0,17.13,256.9,4.41,37.18,23.63,3.24,0
2019-09-28 14:10:00+00:00,50.4,2.14,168.03,2.51,28.64,23.18,3.17,0
2019-09-28 15:10:00+00:00,36.25,29.04,111.17,3.0,18.67,22.66,2.9,0
2019-09-28 16:10:00+00:00,9.0,0.38,41.67,0.63,7.9,22.28,2.34,0
2019-09-28 17:10:00+00:00,0.0,0.0,0.0,0.0,0.0,21.85,1.72,0
2019-09-28 18:10:00+00:00,0.0,0.0,0.0,0.0,0.0,21.38,1.59,0
2019-09-28 19:10:00+00:00,0.0,0.0,0.0,0.0,0.0,20.87,1.38,0
2019-09-28 20:10:00+00:00,0.0,0.0,0.0,0.0,0.0,20.22,1.24,0
2019-09-28 21:10:00+00:00,0.0,0.0,0.0,0.0,0.0,20.3,0.97,0
2019-09-28 22:10:00+00:00,0.0,0.0,0.0,0.0,0.0,20.63,0.69,0
2019-09-28 23:10:00+00:00,0.0,0.0,0.0,0.0,0.0,20.27,0.41,0
2019-09-29 00:10:00+00:00,0.0,0.0,0.0,0.0,0.0,20.16,0.41,0
2019-09-29 01:10:00+00:00,0.0,0.0,0.0,0.0,0.0,19.47,0.83,0
2019-09-29 02:10:00+00:00,0.0,0.0,0.0,0.0,0.0,18.89,1.03,0
2019-09-29 03:10:00+00:00,0.0,0.0,0.0,0.0,0.0,18.46,1.24,0
2019-09-29 04:10:00+00:00,0.0,0.0,0.0,0.0,0.0,17.97,1.52,0
2019-09-29 05:10:00+00:00,0.0,0.0,0.0,0.0,0.0,17.53,1.66,0
2019-09-29 06:10:00+00:00,16.72,22.89,56.86,1.9,11.46,17.85,1.52,0
2019-09-29 07:10:00+00:00,39.31,72.17,89.29,4.25,21.99,20.66,1.52,0
2019-09-29 08:10:00+00:00,62.08,122.07,109.67,6.38,31.52,22.0,2.07,0
2019-09-29 09:10:00+00:00,90.64,19.81,274.63,4.76,39.32,22.95,2.21,0
2019-09-29 10:10:00+00:00,103.74,107.16,237.99,7.74,44.39,23.6,2.48,0
2019-09-29 11:10:00+00:00,104.76,120.91,228.56,8.17,45.72,24.11,2.9,0
2019-09-29 12:10:00+00:00,104.0,68.78,273.46,6.81,42.97,24.29,3.24,0
2019-09-29 13:10:00+00:00,68.9,158.84,96.95,7.77,36.8,24.0,3.24,0
2019-09-29 14:10:00+00:00,47.96,110.55,84.41,5.92,28.28,23.77,3.1,0
2019-09-29 15:10:00+00:00,26.79,51.17,71.96,3.56,18.33,23.23,2.83,0
2019-09-29 16:10:00+00:00,8.48,5.42,38.89,1.15,7.57,22.61,2.34,0
2019-09-29 17:10:00+00:00,0.0,0.0,0.0,0.0,0.0,21.72,1.86,0
2019-09-29 18:10:00+00:00,0.0,0.0,0.0,0.0,0.0,20.86,1.66,0
2019-09-29 19:10:00+00:00,0.0,0.0,0.0,0.0,0.0,19.93,1.52,0
2019-09-29 20:10:00+00:00,0.0,0.0,0.0,0.0,0.0,19.44,1.45,0
2019-09-29 21:10:00+00:00,0.0,0.0,0.0,0.0,0.0,19.34,1.31,0
2019-09-29 22:10:00+00:00,0.0,0.0,0.0,0.0,0.0,19.59,1.1,0
2019-09-29 23:10:00+00:00,0.0,0.0,0.0,0.0,0.0,19.92,0.9,0
2019-09-30 00:10:00+00:00,0.0,0.0,0.0,0.0,0.0,19.84,0.62,0
2019-09-30 01:10:00+00:00,0.0,0.0,0.0,0.0,0.0,19.71,0.41,0
2019-09-30 02:10:00+00:00,0.0,0.0,0.0,0.0,0.0,19.78,0.28,0
2019-09-30 03:10:00+00:00,0.0,0.0,0.0,0.0,0.0,19.64,0.41,0
2019-09-30 04:10:00+00:00,0.0,0.0,0.0,0.0,0.0,19.55,0.48,0
2019-09-30 05:10:00+00:00,0.0,0.0,0.0,0.0,0.0,19.24,0.76,0
2019-09-30 06:10:00+00:00,18.94,4.76,71.21,1.27,11.25,18.8,0.9,0
2019-09-30 07:10:00+00:00,37.04,71.03,84.28,4.23,21.76,20.36,1.17,0
2019-09-30 08:10:00+00:00,74.25,29.04,217.94,4.37,31.25,21.05,1.52,0
2019-09-30 09:10:00+00:00,84.61,11.2,262.29,4.23,39.01,21.9,2.21,0
2019-09-30 10:10:00+00:00,93.06,10.11,288.88,4.57,44.03,22.72,2.83,0
2019-09-30 11:10:00+00:00,109.88,47.29,307.71,6.42,45.33,23.38,3.52,0
2019-09-30 12:10:00+00:00,99.84,89.48,241.82,7.26,42.58,23.6,3.79,0
2019-09-30 13:10:00+00:00,75.02,116.46,150.0,7.1,36.43,23.47,3.66,0
2019-09-30 14:10:00+00:00,61.19,51.07,166.6,4.77,27.93,23.45,3.24,0
2019-09-30 15:10:00+00:00,34.59,23.17,110.62,2.85,17.99,23.1,2.76,0
2019-09-30 16:10:00+00:00,8.97,2.55,41.18,1.02,7.25,22.72,2.21,0
2019-09-30 17:10:00+00:00,0.0,0.0,0.0,0.0,0.0,22.09,2.0,0
2019-09-30 18:10:00+00:00,0.0,0.0,0.0,0.0,0.0,21.5,2.28,0
2019-09-30 19:10:00+00:00,0.0,0.0,0.0,0.0,0.0,21.17,2.07,0
2019-09-30 20:10:00+00:00,0.0,0.0,0.0,0.0,0.0,20.82,2.21,0
2019-09-30 21:10:00+00:00,0.0,0.0,0.0,0.0,0.0,20.47,2.28,0
2019-09-30 22:10:00+00:00,0.0,0.0,0.0,0.0,0.0,20.19,2.34,0
2019-09-30 23:10:00+00:00,0.0,0.0,0.0,0.0,0.0,20.12,2.28,0
2019-10-01 00:10:00+00:00,0.0,0.0,0.0,0.0,0.0,20.15,2.14,0
2019-10-01 01:10:00+00:00,0.0,0.0,0.0,0.0,0.0,20.05,2.0,0
2019-10-01 02:10:00+00:00,0.0,0.0,0.0,0.0,0.0,19.84,1.86,0
2019-10-01 03:10:00+00:00,0.0,0.0,0.0,0.0,0.0,19.38,1.66,0
2019-10-01 04:10:00+00:00,0.0,0.0,0.0,0.0,0.0,18.82,1.66,0
2019-10-01 05:10:00+00:00,0.0,0.0,0.0,0.0,0.0,18.82,1.59,0
2019-10-01 06:10:00+00:00,18.11,8.68,67.52,1.47,11.04,19.41,1.59,0
2019-10-01 07:10:00+00:00,42.74,5.76,142.04,2.3,21.52,20.92,2.0,0
2019-10-01 08:10:00+00:00,62.69,5.38,201.17,3.12,30.99,21.56,2.55,0
2019-10-01 09:10:00+00:00,42.79,0.0,146.42,2.1,38.7,22.5,2.9,0
2019-10-01 10:10:00+00:00,103.12,27.57,304.92,5.56,43.67,23.32,3.24,0
2019-10-01 11:10:00+00:00,100.85,117.71,220.04,8.11,44.93,23.9,3.45,0
2019-10-01 12:10:00+00:00,97.06,93.84,231.11,7.37,42.18,23.98,3.66,0
2019-10-01 13:10:00+00:00,78.52,89.4,183.78,6.6,36.05,23.92,3.52,0
2019-10-01 14:10:00+00:00,54.71,65.36,138.26,5.09,27.57,23.43,3.24,0
2019-10-01 15:10:00+00:00,30.7,27.77,97.2,3.0,17.65,23.15,2.9,0
2019-10-01 16:10:00+00:00,7.27,1.41,35.4,1.02,6.92,22.62,2.55,0
2019-10-01 17:10:00+00:00,0.0,0.0,0.0,0.0,0.0,21.83,2.0,0
2019-10-01 18:10:00+00:00,0.0,0.0,0.0,0.0,0.0,21.17,1.86,0
2019-10-01 19:10:00+00:00,0.0,0.0,0.0,0.0,0.0,20.44,1.66,0
2019-10-01 20:10:00+00:00,0.0,0.0,0.0,0.0,0.0,19.7,1.52,0
2019-10-01 21:10:00+00:00,0.0,0.0,0.0,0.0,0.0,19.5,1.38,0
2019-10-01 22:10:00+00:00,0.0,0.0,0.0,0.0,0.0,19.02,1.45,0
2019-10-01 23:10:00+00:00,0.0,0.0,0.0,0.0,0.0,18.72,1.59,0
2019-10-02 00:10:00+00:00,0.0,0.0,0.0,0.0,0.0,18.73,1.72,0
2019-10-02 01:10:00+00:00,0.0,0.0,0.0,0.0,0.0,18.75,1.86,0
2019-10-02 02:10:00+00:00,0.0,0.0,0.0,0.0,0.0,18.75,1.93,0
2019-10-02 03:10:00+00:00,0.0,0.0,0.0,0.0,0.0,18.89,2.07,0
2019-10-02 04:10:00+00:00,0.0,0.0,0.0,0.0,0.0,18.78,2.28,0
2019-10-02 05:10:00+00:00,0.0,0.0,0.0,0.0,0.0,18.49,2.34,0
2019-10-02 06:10:00+00:00,17.55,3.91,67.27,1.22,10.83,18.7,2.21,0
2019-10-02 07:10:00+00:00,35.89,57.88,90.09,3.99,21.29,19.24,2.21,0
2019-10-02 08:10:00+00:00,55.91,112.73,99.32,6.22,30.72,19.49,4.48,0
2019-10-02 09:10:00+00:00,87.55,89.9,202.42,6.78,38.38,20.61,5.66,0
2019-10-02 10:10:00+00:00,13.67,0.0,56.89,0.82,43.31,21.51,5.86,0
2019-10-02 11:10:00+00:00,60.12,0.0,196.77,2.83,44.54,22.06,5.86,0
2019-10-02 12:10:00+00:00,88.66,8.45,273.34,4.3,41.79,21.03,4.9,0
2019-10-02 13:10:00+00:00,20.98,0.0,79.27,1.14,35.67,19.65,3.59,0
2019-10-02 14:10:00+00:00,45.02,0.94,150.69,2.21,27.22,19.39,2.0,0
2019-10-02 15:10:00+00:00,30.71,2.54,107.5,1.7,17.32,19.14,2.07,0
2019-10-02 16:10:00+00:00,7.36,0.0,35.67,0.54,6.6,19.12,2.62,0
2019-10-02 17:10:00+00:00,0.0,0.0,0.0,0.0,0.0,18.61,3.24,0
2019-10-02 18:10:00+00:00,0.0,0.0,0.0,0.0,0.0,18.12,3.45,0
2019-10-02 19:10:00+00:00,0.0,0.0,0.0,0.0,0.0,18.51,2.62,0
2019-10-02 20:10:00+00:00,0.0,0.0,0.0,0.0,0.0,18.14,4.07,0
2019-10-02 21:10:00+00:00,0.0,0.0,0.0,0.0,0.0,18.01,4.41,0
2019-10-02 22:10:00+00:00,0.0,0.0,0.0,0.0,0.0,17.79,4.28,0
2019-10-02 23:10:00+00:00,0.0,0.0,0.0,0.0,0.0,17.67,4.07,0
2019-10-03 00:10:00+00:00,0.0,0.0,0.0,0.0,0.0,17.67,3.86,0
2019-10-03 01:10:00+00:00,0.0,0.0,0.0,0.0,0.0,17.8,3.38,0
2019-10-03 02:10:00+00:00,0.0,0.0,0.0,0.0,0.0,17.79,2.48,0
2019-10-03 03:10:00+00:00,0.0,0.0,0.0,0.0,0.0,17.81,1.79,0
2019-10-03 04:10:00+00:00,0.0,0.0,0.0,0.0,0.0,17.63,1.66,0
2019-10-03 05:10:00+00:00,0.0,0.0,0.0,0.0,0.0,17.48,1.79,0
2019-10-03 06:10:00+00:00,10.25,18.81,39.61,1.9,10.62,17.52,2.28,0
2019-10-03 07:10:00+00:00,32.02,65.12,74.39,4.21,21.06,16.8,1.86,0
2019-10-03 08:10:00+00:00,58.91,96.08,121.83,6.03,30.45,18.16,1.38,0
2019-10-03 09:10:00+00:00,72.48,149.26,111.79,7.9,38.07,19.22,1.79,0
2019-10-03 10:10:00+00:00,14.03,0.0,57.82,0.83,42.95,20.17,2.34,0
2019-10-03 11:10:00+00:00,92.25,142.82,170.41,8.59,44.15,20.8,3.1,0
2019-10-03 12:10:00+00:00,95.5,93.12,221.56,7.38,41.4,19.57,4.69,0
2019-10-03 13:10:00+00:00,61.29,140.27,90.18,7.53,35.3,18.81,4.69,0
2019-10-03 14:10:00+00:00,40.28,92.97,76.87,5.67,26.87,19.4,4.28,0
2019-10-03 15:10:00+00:00,20.93,36.76,63.56,3.31,16.99,19.75,4.21,0
2019-10-03 16:10:00+00:00,7.61,0.0,36.56,0.55,6.28,19.3,4.34,0
2019-10-03 17:10:00+00:00,0.0,0.0,0.0,0.0,0.0,17.83,5.52,0
2019-10-03 18:10:00+00:00,0.0,0.0,0.0,0.0,0.0,16.54,6.0,0
2019-10-03 19:10:00+00:00,0.0,0.0,0.0,0.0,0.0,15.5,6.21,0
2019-10-03 20:10:00+00:00,0.0,0.0,0.0,0.0,0.0,15.05,5.86,0
2019-10-03 21:10:00+00:00,0.0,0.0,0.0,0.0,0.0,14.64,5.31,0
2019-10-03 22:10:00+00:00,0.0,0.0,0.0,0.0,0.0,14.25,4.9,0
2019-10-03 23:10:00+00:00,0.0,0.0,0.0,0.0,0.0,13.86,4.76,0
2019-10-04 00:10:00+00:00,0.0,0.0,0.0,0.0,0.0,13.55,4.34,0
2019-10-04 01:10:00+00:00,0.0,0.0,0.0,0.0,0.0,13.24,4.07,0
2019-10-04 02:10:00+00:00,0.0,0.0,0.0,0.0,0.0,12.93,3.93,0
2019-10-04 03:10:00+00:00,0.0,0.0,0.0,0.0,0.0,12.66,3.79,0
2019-10-04 04:10:00+00:00,0.0,0.0,0.0,0.0,0.0,12.39,3.72,0
2019-10-04 05:10:00+00:00,0.0,0.0,0.0,0.0,0.0,12.14,3.72,0
2019-10-04 06:10:00+00:00,10.46,15.9,40.53,1.9,10.41,12.29,3.72,0
2019-10-04 07:10:00+00:00,30.55,66.08,69.11,4.33,20.82,13.65,3.38,0
2019-10-04 08:10:00+00:00,53.15,115.12,89.78,6.47,30.18,15.57,3.38,0
2019-10-04 09:10:00+00:00,68.12,169.2,81.72,8.36,37.75,17.3,3.17,0
2019-10-04 10:10:00+00:00,82.42,174.63,114.4,9.08,42.58,18.71,2.62,0
2019-10-04 11:10:00+00:00,88.92,156.52,149.69,8.98,43.76,19.75,2.21,0
2019-10-04 12:10:00+00:00,78.7,154.87,124.92,8.64,41.0,20.53,2.62,0
2019-10-04 13:10:00+00:00,58.8,140.76,86.5,7.68,34.92,20.94,3.45,0
2019-10-04 14:10:00+00:00,40.66,85.34,85.42,5.64,26.51,21.04,3.66,0
2019-10-04 15:10:00+00:00,19.99,33.75,63.12,3.32,16.65,20.71,3.52,0
2019-10-04 16:10:00+00:00,5.3,0.0,28.53,0.43,5.96,19.83,3.1,0
2019-10-04 17:10:00+00:00,0.0,0.0,0.0,0.0,0.0,18.59,3.03,0
2019-10-04 18:10:00+00:00,0.0,0.0,0.0,0.0,0.0,17.54,2.83,0
2019-10-04 19:10:00+00:00,0.0,0.0,0.0,0.0,0.0,16.54,2.55,0
2019-10-04 20:10:00+00:00,0.0,0.0,0.0,0.0,0.0,15.62,2.0,0
2019-10-04 21:10:00+00:00,0.0,0.0,0.0,0.0,0.0,16.55,1.38,0
2019-10-04 22:10:00+00:00,0.0,0.0,0.0,0.0,0.0,17.32,1.24,0
2019-10-04 23:10:00+00:00,0.0,0.0,0.0,0.0,0.0,17.38,1.31,0
2019-10-05 00:10:00+00:00,0.0,0.0,0.0,0.0,0.0,17.43,0.9,0
2019-10-05 01:10:00+00:00,0.0,0.0,0.0,0.0,0.0,17.19,0.9,0
2019-10-05 02:10:00+00:00,0.0,0.0,0.0,0.0,0.0,16.45,0.83,0
2019-10-05 03:10:00+00:00,0.0,0.0,0.0,0.0,0.0,15.5,1.31,0
2019-10-05 04:10:00+00:00,0.0,0.0,0.0,0.0,0.0,15.85,2.07,0
2019-10-05 05:10:00+00:00,0.0,0.0,0.0,0.0,0.0,16.0,2.55,0
2019-10-05 06:10:00+00:00,11.7,9.87,47.04,1.67,10.19,16.16,2.62,0
2019-10-05 07:10:00+00:00,28.8,57.83,71.14,4.1,20.58,16.76,1.79,0
2019-10-05 08:10:00+00:00,49.13,106.9,87.82,6.22,29.9,18.27,1.93,0
2019-10-05 09:10:00+00:00,71.51,126.45,129.93,7.54,37.43,19.36,1.86,0
2019-10-05 10:10:00+00:00,89.24,114.67,190.06,7.92,42.22,20.61,1.24,0
2019-10-05 11:10:00+00:00,93.12,107.37,209.85,7.93,43.37,21.38,0.48,0
2019-10-05 12:10:00+00:00,91.57,76.85,232.1,6.99,40.61,21.74,0.97,0
2019-10-05 13:10:00+00:00,10.46,0.0,46.63,0.67,34.55,21.92,1.52,0
2019-10-05 14:10:00+00:00,40.69,0.56,139.62,2.04,26.16,21.86,2.0,0
2019-10-05 15:10:00+00:00,31.84,5.3,111.13,2.04,16.32,21.54,2.34,0
2019-10-05 16:10:00+00:00,6.51,0.0,32.99,0.5,5.64,20.94,2.28,0
2019-10-05 17:10:00+00:00,0.0,0.0,0.0,0.0,0.0,20.12,2.0,0
2019-10-05 18:10:00+00:00,0.0,0.0,0.0,0.0,0.0,19.33,1.52,0
2019-10-05 19:10:00+00:00,0.0,0.0,0.0,0.0,0.0,19.16,1.03,0
2019-10-05 20:10:00+00:00,0.0,0.0,0.0,0.0,0.0,19.4,0.76,0
2019-10-05 21:10:00+00:00,0.0,0.0,0.0,0.0,0.0,19.05,0.83,0
2019-10-05 22:10:00+00:00,0.0,0.0,0.0,0.0,0.0,17.16,1.52,0
2019-10-05 23:10:00+00:00,0.0,0.0,0.0,0.0,0.0,16.65,1.72,0
2019-10-06 00:10:00+00:00,0.0,0.0,0.0,0.0,0.0,16.16,1.59,0
2019-10-06 01:10:00+00:00,0.0,0.0,0.0,0.0,0.0,15.65,1.52,0
2019-10-06 02:10:00+00:00,0.0,0.0,0.0,0.0,0.0,15.22,1.52,0
2019-10-06 03:10:00+00:00,0.0,0.0,0.0,0.0,0.0,14.86,1.66,0
2019-10-06 04:10:00+00:00,0.0,0.0,0.0,0.0,0.0,14.67,1.72,0
2019-10-06 05:10:00+00:00,0.0,0.0,0.0,0.0,0.0,14.28,1.72,0
2019-10-06 06:10:00+00:00,10.2,8.51,42.43,1.69,9.98,14.53,1.59,0
2019-10-06 07:10:00+00:00,28.68,51.12,75.59,3.98,20.34,17.17,1.24,0
2019-10-06 08:10:00+00:00,65.34,47.76,178.69,5.0,29.63,18.73,0.97,0
2019-10-06 09:10:00+00:00,72.58,110.34,148.4,7.27,37.11,20.01,1.1,0
2019-10-06 10:10:00+00:00,75.54,157.35,114.98,8.67,41.86,20.83,1.24,0
2019-10-06 11:10:00+00:00,84.64,132.51,162.15,8.41,42.98,21.31,1.59,0
2019-10-06 12:10:00+00:00,93.68,60.24,250.55,6.56,40.22,21.5,2.07,0
2019-10-06 13:10:00+00:00,80.08,36.2,231.13,5.23,34.18,21.59,2.21,0
2019-10-06 14:10:00+00:00,35.61,74.34,80.4,5.35,25.82,21.29,2.28,0
2019-10-06 15:10:00+00:00,24.2,16.68,83.85,2.73,15.99,21.03,2.14,0
2019-10-06 16:10:00+00:00,6.04,0.0,31.21,0.47,5.33,19.82,1.24,0
2019-10-06 17:10:00+00:00,0.0,0.0,0.0,0.0,0.0,19.09,0.21,0
2019-10-06 18:10:00+00:00,0.0,0.0,0.0,0.0,0.0,18.52,1.03,0
2019-10-06 19:10:00+00:00,0.0,0.0,0.0,0.0,0.0,19.5,0.21,0
2019-10-06 20:10:00+00:00,0.0,0.0,0.0,0.0,0.0,19.31,0.41,0
2019-10-06 21:10:00+00:00,0.0,0.0,0.0,0.0,0.0,18.98,0.55,0
2019-10-06 22:10:00+00:00,0.0,0.0,0.0,0.0,0.0,18.51,0.69,0
2019-10-06 23:10:00+00:00,0.0,0.0,0.0,0.0,0.0,17.67,0.9,0
2019-10-07 00:10:00+00:00,0.0,0.0,0.0,0.0,0.0,16.38,1.45,0
2019-10-07 01:10:00+00:00,0.0,0.0,0.0,0.0,0.0,15.92,1.45,0
2019-10-07 02:10:00+00:00,0.0,0.0,0.0,0.0,0.0,15.94,1.66,0
2019-10-07 03:10:00+00:00,0.0,0.0,0.0,0.0,0.0,15.58,1.86,0
2019-10-07 04:10:00+00:00,0.0,0.0,0.0,0.0,0.0,15.37,1.86,0
2019-10-07 05:10:00+00:00,0.0,0.0,0.0,0.0,0.0,15.38,2.21,0
2019-10-07 06:10:00+00:00,0.81,0.0,10.26,0.15,9.76,15.48,3.31,0
2019-10-07 07:10:00+00:00,6.58,0.0,32.64,0.47,20.1,16.19,3.24,0
2019-10-07 08:10:00+00:00,22.51,0.0,83.0,1.19,29.35,16.84,3.59,0
2019-10-07 09:10:00+00:00,45.54,0.0,151.08,2.17,36.8,17.41,3.72,0
2019-10-07 10:10:00+00:00,100.24,26.94,290.22,5.49,41.5,18.24,3.59,0
2019-10-07 11:10:00+00:00,86.06,119.9,173.88,8.17,42.6,19.26,2.97,0
2019-10-07 12:10:00+00:00,67.22,146.18,102.52,8.35,39.84,20.33,2.28,0
2019-10-07 13:10:00+00:00,68.08,71.7,169.27,6.23,33.81,20.7,2.28,0
2019-10-07 14:10:00+00:00,28.76,80.35,57.74,5.48,25.47,21.1,2.48,0
2019-10-07 15:10:00+00:00,16.08,21.41,57.57,3.0,15.67,21.22,2.83,0
2019-10-07 16:10:00+00:00,5.28,0.0,28.53,0.43,5.01,20.57,3.24,0
2019-10-07 17:10:00+00:00,0.0,0.0,0.0,0.0,0.0,19.29,3.59,0
2019-10-07 18:10:00+00:00,0.0,0.0,0.0,0.0,0.0,18.04,3.72,0
2019-10-07 19:10:00+00:00,0.0,0.0,0.0,0.0,0.0,17.35,4.0,0
2019-10-07 20:10:00+00:00,0.0,0.0,0.0,0.0,0.0,16.65,3.93,0
2019-10-07 21:10:00+00:00,0.0,0.0,0.0,0.0,0.0,16.06,4.07,0
2019-10-07 22:10:00+00:00,0.0,0.0,0.0,0.0,0.0,15.52,4.21,0
2019-10-07 23:10:00+00:00,0.0,0.0,0.0,0.0,0.0,15.0,4.14,0
2019-10-08 00:10:00+00:00,0.0,0.0,0.0,0.0,0.0,14.52,4.07,0
2019-10-08 01:10:00+00:00,0.0,0.0,0.0,0.0,0.0,14.08,3.93,0
2019-10-08 02:10:00+00:00,0.0,0.0,0.0,0.0,0.0,13.67,3.86,0
2019-10-08 03:10:00+00:00,0.0,0.0,0.0,0.0,0.0,13.33,3.79,0
2019-10-08 04:10:00+00:00,0.0,0.0,0.0,0.0,0.0,13.05,3.66,0
2019-10-08 05:10:00+00:00,0.0,0.0,0.0,0.0,0.0,12.78,3.52,0
2019-10-08 06:10:00+00:00,9.12,3.88,39.53,1.65,9.54,12.81,3.03,0
2019-10-08 07:10:00+00:00,24.7,49.27,65.36,4.07,19.86,14.17,2.76,0
2019-10-08 08:10:00+00:00,45.13,95.64,86.75,6.19,29.08,16.44,2.21,0
2019-10-08 09:10:00+00:00,59.57,140.73,87.56,7.94,36.48,18.61,1.59,0
2019-10-08 10:10:00+00:00,72.9,149.67,115.79,8.69,41.14,20.2,1.03,0
2019-10-08 11:10:00+00:00,79.04,136.75,144.49,8.63,42.21,21.0,1.17,0
2019-10-08 12:10:00+00:00,70.68,128.42,130.08,8.2,39.45,21.4,1.31,0
2019-10-08 13:10:00+00:00,49.36,117.46,83.71,7.3,33.44,21.54,1.45,0
2019-10-08 14:10:00+00:00,31.06,69.59,72.42,5.37,25.13,21.41,1.72,0
2019-10-08 15:10:00+00:00,16.13,17.65,59.27,2.97,15.34,20.92,1.86,0
2019-10-08 16:10:00+00:00,4.8,0.0,26.75,0.4,4.7,20.09,1.52,0
2019-10-08 17:10:00+00:00,0.0,0.0,0.0,0.0,0.0,18.75,1.03,0
2019-10-08 18:10:00+00:00,0.0,0.0,0.0,0.0,0.0,18.9,0.55,0
2019-10-08 19:10:00+00:00,0.0,0.0,0.0,0.0,0.0,19.14,0.62,0
2019-10-08 20:10:00+00:00,0.0,0.0,0.0,0.0,0.0,18.72,0.69,0
2019-10-08 21:10:00+00:00,0.0,0.0,0.0,0.0,0.0,18.28,0.83,0
2019-10-08 22:10:00+00:00,0.0,0.0,0.0,0.0,0.0,16.94,1.24,0
2019-10-08 23:10:00+00:00,0.0,0.0,0.0,0.0,0.0,15.01,1.79,0
2019-10-09 00:10:00+00:00,0.0,0.0,0.0,0.0,0.0,14.18,2.0,0
2019-10-09 01:10:00+00:00,0.0,0.0,0.0,0.0,0.0,13.7,2.0,0
2019-10-09 02:10:00+00:00,0.0,0.0,0.0,0.0,0.0,13.22,1.93,0
2019-10-09 03:10:00+00:00,0.0,0.0,0.0,0.0,0.0,12.82,1.93,0
2019-10-09 04:10:00+00:00,0.0,0.0,0.0,0.0,0.0,12.49,1.93,0
2019-10-09 05:10:00+00:00,0.0,0.0,0.0,0.0,0.0,12.18,1.86,0
2019-10-09 06:10:00+00:00,8.55,1.41,37.85,1.58,9.33,12.37,1.72,0
2019-10-09 07:10:00+00:00,23.4,44.31,65.49,3.97,19.62,15.89,1.38,0
2019-10-09 08:10:00+00:00,41.18,93.33,80.07,6.14,28.8,19.35,1.66,0
2019-10-09 09:10:00+00:00,55.42,138.74,79.74,7.89,36.16,20.53,2.21,0
2019-10-09 10:10:00+00:00,67.35,154.46,96.98,8.75,40.78,21.23,2.28,0
2019-10-09 11:10:00+00:00,75.13,136.0,134.17,8.57,41.82,21.73,2.55,0
2019-10-09 12:10:00+00:00,63.49,137.01,103.0,8.31,39.07,22.02,2.9,0
2019-10-09 13:10:00+00:00,44.06,119.1,68.28,7.3,33.08,21.97,3.1,0
2019-10-09 14:10:00+00:00,30.27,62.22,75.28,5.2,24.78,21.71,3.03,0
2019-10-09 15:10:00+00:00,14.92,14.12,56.76,2.88,15.02,21.21,2.76,0
2019-10-09 16:10:00+00:00,4.54,0.0,25.86,0.39,4.39,20.4,2.34,0
2019-10-09 17:10:00+00:00,0.0,0.0,0.0,0.0,0.0,19.28,2.34,0
2019-10-09 18:10:00+00:00,0.0,0.0,0.0,0.0,0.0,18.39,2.34,0
2019-10-09 19:10:00+00:00,0.0,0.0,0.0,0.0,0.0,17.98,2.34,0
2019-10-09 20:10:00+00:00,0.0,0.0,0.0,0.0,0.0,17.1,1.93,0
2019-10-09 21:10:00+00:00,0.0,0.0,0.0,0.0,0.0,16.97,1.66,0
2019-10-09 22:10:00+00:00,0.0,0.0,0.0,0.0,0.0,16.09,1.93,0
2019-10-09 23:10:00+00:00,0.0,0.0,0.0,0.0,0.0,15.68,2.0,0
2019-10-10 00:10:00+00:00,0.0,0.0,0.0,0.0,0.0,15.4,1.72,0
2019-10-10 01:10:00+00:00,0.0,0.0,0.0,0.0,0.0,15.18,1.52,0
2019-10-10 02:10:00+00:00,0.0,0.0,0.0,0.0,0.0,15.14,1.45,0
2019-10-10 03:10:00+00:00,0.0,0.0,0.0,0.0,0.0,15.05,1.52,0
2019-10-10 04:10:00+00:00,0.0,0.0,0.0,0.0,0.0,15.11,1.59,0
2019-10-10 05:10:00+00:00,0.0,0.0,0.0,0.0,0.0,15.14,1.66,0
2019-10-10 06:10:00+00:00,12.42,0.0,51.72,0.78,9.11,15.63,1.59,0
2019-10-10 07:10:00+00:00,31.11,26.43,98.07,3.43,19.38,18.18,1.31,0
2019-10-10 08:10:00+00:00,42.34,80.14,93.46,5.85,28.52,19.87,1.93,0
2019-10-10 09:10:00+00:00,80.69,11.43,249.47,4.21,35.84,20.67,2.76,0
2019-10-10 10:10:00+00:00,92.87,57.06,249.92,6.6,40.42,21.33,3.45,0
2019-10-10 11:10:00+00:00,46.87,0.0,157.61,2.26,41.44,21.46,4.07,0
2019-10-10 12:10:00+00:00,62.68,0.58,203.97,2.96,38.69,21.4,3.93,0
2019-10-10 13:10:00+00:00,70.72,6.67,223.94,3.62,32.71,21.43,3.59,0
2019-10-10 14:10:00+00:00,38.85,40.91,112.9,4.61,24.44,21.28,3.03,0
2019-10-10 15:10:00+00:00,17.41,8.8,66.1,2.64,14.7,20.91,2.55,0
2019-10-10 16:10:00+00:00,3.83,0.0,23.18,0.35,4.08,20.48,2.07,0
2019-10-10 17:10:00+00:00,0.0,0.0,0.0,0.0,0.0,19.48,1.86,0
2019-10-10 18:10:00+00:00,0.0,0.0,0.0,0.0,0.0,18.28,1.52,0
2019-10-10 19:10:00+00:00,0.0,0.0,0.0,0.0,0.0,18.09,1.24,0
2019-10-10 20:10:00+00:00,0.0,0.0,0.0,0.0,0.0,16.94,1.59,0
2019-10-10 21:10:00+00:00,0.0,0.0,0.0,0.0,0.0,16.19,1.86,0
2019-10-10 22:10:00+00:00,0.0,0.0,0.0,0.0,0.0,15.82,2.0,0
2019-10-10 23:10:00+00:00,0.0,0.0,0.0,0.0,0.0,15.8,2.0,0
2019-10-11 00:10:00+00:00,0.0,0.0,0.0,0.0,0.0,15.38,2.07,0
2019-10-11 01:10:00+00:00,0.0,0.0,0.0,0.0,0.0,15.06,2.0,0
2019-10-11 02:10:00+00:00,0.0,0.0,0.0,0.0,0.0,14.64,1.93,0
2019-10-11 03:10:00+00:00,0.0,0.0,0.0,0.0,0.0,14.38,1.93,0
2019-10-11 04:10:00+00:00,0.0,0.0,0.0,0.0,0.0,13.93,1.93,0
2019-10-11 05:10:00+00:00,0.0,0.0,0.0,0.0,0.0,13.71,1.93,0
2019-10-11 06:10:00+00:00,11.4,0.0,48.15,0.72,8.89,13.9,1.86,0
2019-10-11 07:10:00+00:00,21.18,36.29,64.16,3.83,19.13,16.53,1.59,0
2019-10-11 08:10:00+00:00,36.92,84.96,75.5,6.0,28.24,19.03,1.24,0
2019-10-11 09:10:00+00:00,53.36,120.08,91.24,7.58,35.52,20.76,1.03,0
2019-10-11 10:10:00+00:00,69.73,120.32,135.12,8.15,40.06,21.83,1.17,0
2019-10-11 11:10:00+00:00,81.6,93.54,191.48,7.73,41.06,22.55,1.52,0
2019-10-11 12:10:00+00:00,59.72,123.33,106.6,8.08,38.31,22.89,1.79,0
2019-10-11 13:10:00+00:00,52.16,78.64,123.68,6.5,32.35,22.96,1.86,0
2019-10-11 14:10:00+00:00,36.36,39.18,108.2,4.61,24.11,22.74,1.93,0
2019-10-11 15:10:00+00:00,21.9,4.12,81.74,2.33,14.38,22.17,2.0,0
2019-10-11 16:10:00+00:00,3.35,0.0,21.4,0.32,3.78,21.25,1.66,0
2019-10-11 17:10:00+00:00,0.0,0.0,0.0,0.0,0.0,20.18,1.31,0
2019-10-11 18:10:00+00:00,0.0,0.0,0.0,0.0,0.0,19.81,0.34,0
2019-10-11 19:10:00+00:00,0.0,0.0,0.0,0.0,0.0,19.63,0.83,0
2019-10-11 20:10:00+00:00,0.0,0.0,0.0,0.0,0.0,17.96,1.24,0
2019-10-11 21:10:00+00:00,0.0,0.0,0.0,0.0,0.0,16.99,1.52,0
2019-10-11 22:10:00+00:00,0.0,0.0,0.0,0.0,0.0,16.23,1.59,0
2019-10-11 23:10:00+00:00,0.0,0.0,0.0,0.0,0.0,15.82,1.52,0
2019-10-12 00:10:00+00:00,0.0,0.0,0.0,0.0,0.0,15.45,1.45,0
2019-10-12 01:10:00+00:00,0.0,0.0,0.0,0.0,0.0,14.82,1.59,0
2019-10-12 02:10:00+00:00,0.0,0.0,0.0,0.0,0.0,14.26,1.72,0
2019-10-12 03:10:00+00:00,0.0,0.0,0.0,0.0,0.0,13.97,1.79,0
2019-10-12 04:10:00+00:00,0.0,0.0,0.0,0.0,0.0,13.84,1.86,0
2019-10-12 05:10:00+00:00,0.0,0.0,0.0,0.0,0.0,13.75,1.93,0
2019-10-12 06:10:00+00:00,13.1,0.0,53.5,0.8,8.66,13.95,1.86,0
2019-10-12 07:10:00+00:00,38.42,3.69,129.03,2.2,18.89,16.85,1.45,0
2019-10-12 08:10:00+00:00,35.92,79.66,77.26,5.95,27.96,19.79,2.14,0
2019-10-12 09:10:00+00:00,56.52,104.0,112.6,7.33,35.2,20.89,3.1,0
2019-10-12 10:10:00+00:00,80.4,84.76,193.28,7.42,39.7,21.56,3.31,0
2019-10-12 11:10:00+00:00,88.66,68.53,230.08,7.13,40.68,21.88,3.52,0
2019-10-12 12:10:00+00:00,84.84,52.05,233.03,6.4,37.93,21.97,3.72,0
2019-10-12 13:10:00+00:00,58.54,60.79,153.72,6.1,31.99,21.86,3.66,0
2019-10-12 14:10:00+00:00,29.26,44.29,84.29,4.85,23.77,21.25,3.31,0
2019-10-12 15:10:00+00:00,13.86,3.81,55.69,2.64,14.07,20.81,2.9,0
2019-10-12 16:10:00+00:00,2.92,0.0,19.62,0.29,3.48,20.11,2.14,0
2019-10-12 17:10:00+00:00,0.0,0.0,0.0,0.0,0.0,19.14,1.66,0
2019-10-12 18:10:00+00:00,0.0,0.0,0.0,0.0,0.0,18.18,1.17,0
2019-10-12 19:10:00+00:00,0.0,0.0,0.0,0.0,0.0,17.9,1.24,0
2019-10-12 20:10:00+00:00,0.0,0.0,0.0,0.0,0.0,17.25,1.38,0
2019-10-12 21:10:00+00:00,0.0,0.0,0.0,0.0,0.0,16.73,1.38,0
2019-10-12 22:10:00+00:00,0.0,0.0,0.0,0.0,0.0,15.92,1.52,0
2019-10-12 23:10:00+00:00,0.0,0.0,0.0,0.0,0.0,15.02,1.86,0
2019-10-13 00:10:00+00:00,0.0,0.0,0.0,0.0,0.0,14.77,2.0,0
2019-10-13 01:10:00+00:00,0.0,0.0,0.0,0.0,0.0,14.54,2.07,0
2019-10-13 02:10:00+00:00,0.0,0.0,0.0,0.0,0.0,14.36,2.07,0
2019-10-13 03:10:00+00:00,0.0,0.0,0.0,0.0,0.0,14.09,2.07,0
2019-10-13 04:10:00+00:00,0.0,0.0,0.0,0.0,0.0,13.93,2.0,0
2019-10-13 05:10:00+00:00,0.0,0.0,0.0,0.0,0.0,13.75,2.07,0
2019-10-13 06:10:00+00:00,11.42,0.0,48.15,0.72,8.44,13.73,2.07,0
2019-10-13 07:10:00+00:00,15.31,32.72,48.96,3.83,18.64,16.29,1.72,0
2019-10-13 08:10:00+00:00,45.06,54.84,119.59,5.35,27.68,18.97,1.72,0
2019-10-13 09:10:00+00:00,50.3,107.63,93.33,7.37,34.88,20.26,1.45,0
2019-10-13 10:10:00+00:00,68.28,104.43,145.22,7.84,39.34,21.26,0.76,0
2019-10-13 11:10:00+00:00,62.75,125.26,113.31,8.4,40.3,22.02,0.41,0
2019-10-13 12:10:00+00:00,73.98,67.98,193.24,6.83,37.55,22.53,0.62,0
2019-10-13 13:10:00+00:00,57.84,52.87,159.71,5.84,31.64,22.7,0.97,0
2019-10-13 14:10:00+00:00,35.66,30.14,111.97,4.37,23.44,22.61,1.03,0
2019-10-13 15:10:00+00:00,10.5,0.85,45.18,2.64,13.75,22.27,1.17,0
2019-10-13 16:10:00+00:00,0.08,0.0,6.24,0.09,3.18,21.4,1.45,0
2019-10-13 17:10:00+00:00,0.0,0.0,0.0,0.0,0.0,20.36,1.17,0
2019-10-13 18:10:00+00:00,0.0,0.0,0.0,0.0,0.0,19.72,0.83,0
2019-10-13 19:10:00+00:00,0.0,0.0,0.0,0.0,0.0,18.73,1.24,0
2019-10-13 20:10:00+00:00,0.0,0.0,0.0,0.0,0.0,18.08,1.45,0
2019-10-13 21:10:00+00:00,0.0,0.0,0.0,0.0,0.0,17.64,1.59,0
2019-10-13 22:10:00+00:00,0.0,0.0,0.0,0.0,0.0,17.25,1.66,0
2019-10-13 23:10:00+00:00,0.0,0.0,0.0,0.0,0.0,17.03,1.79,0
2019-10-14 00:10:00+00:00,0.0,0.0,0.0,0.0,0.0,16.86,1.86,0
2019-10-14 01:10:00+00:00,0.0,0.0,0.0,0.0,0.0,16.6,1.86,0
2019-10-14 02:10:00+00:00,0.0,0.0,0.0,0.0,0.0,16.35,1.86,0
2019-10-14 03:10:00+00:00,0.0,0.0,0.0,0.0,0.0,16.08,1.79,0
2019-10-14 04:10:00+00:00,0.0,0.0,0.0,0.0,0.0,15.77,1.72,0
2019-10-14 05:10:00+00:00,0.0,0.0,0.0,0.0,0.0,15.63,1.66,0
2019-10-14 06:10:00+00:00,11.58,0.0,49.04,0.74,8.22,15.65,1.66,0
2019-10-14 07:10:00+00:00,24.79,18.85,83.79,3.34,18.39,17.88,1.52,0
2019-10-14 08:10:00+00:00,52.93,34.91,155.63,4.73,27.4,19.92,1.72,0
2019-10-14 09:10:00+00:00,56.58,83.91,129.97,6.87,34.56,21.09,1.86,0
2019-10-14 10:10:00+00:00,74.42,80.33,182.11,7.27,38.99,21.78,1.86,0
2019-10-14 11:10:00+00:00,71.99,92.03,166.48,7.69,39.92,22.59,1.86,0
2019-10-14 12:10:00+00:00,85.6,21.34,261.23,5.1,37.18,22.94,2.0,0
2019-10-14 13:10:00+00:00,53.57,0.91,178.42,2.63,31.28,22.57,2.28,0
2019-10-14 14:10:00+00:00,48.57,5.47,161.32,2.88,23.11,22.3,2.55,0
2019-10-14 15:10:00+00:00,23.96,0.0,89.17,1.34,13.45,21.74,2.69,0
2019-10-14 16:10:00+00:00,1.83,0.0,15.16,0.23,2.89,21.08,2.28,0
2019-10-14 17:10:00+00:00,0.0,0.0,0.0,0.0,0.0,20.18,2.07,0
2019-10-14 18:10:00+00:00,0.0,0.0,0.0,0.0,0.0,19.55,1.86,0
2019-10-14 19:10:00+00:00,0.0,0.0,0.0,0.0,0.0,19.0,1.79,0
2019-10-14 20:10:00+00:00,0.0,0.0,0.0,0.0,0.0,18.82,1.93,0
2019-10-14 21:10:00+00:00,0.0,0.0,0.0,0.0,0.0,18.49,2.28,0
2019-10-14 22:10:00+00:00,0.0,0.0,0.0,0.0,0.0,18.09,2.48,0
2019-10-14 23:10:00+00:00,0.0,0.0,0.0,0.0,0.0,17.68,2.34,0
2019-10-15 00:10:00+00:00,0.0,0.0,0.0,0.0,0.0,17.21,2.34,0
2019-10-15 01:10:00+00:00,0.0,0.0,0.0,0.0,0.0,16.75,2.34,0
2019-10-15 02:10:00+00:00,0.0,0.0,0.0,0.0,0.0,16.4,2.41,0
2019-10-15 03:10:00+00:00,0.0,0.0,0.0,0.0,0.0,16.25,2.76,0
2019-10-15 04:10:00+00:00,0.0,0.0,0.0,0.0,0.0,16.22,3.03,0
2019-10-15 05:10:00+00:00,0.0,0.0,0.0,0.0,0.0,15.71,3.17,0
2019-10-15 06:10:00+00:00,10.74,0.0,46.37,0.7,7.99,15.86,3.17,0
2019-10-15 07:10:00+00:00,17.46,20.74,60.98,3.48,18.15,17.52,3.59,0
2019-10-15 08:10:00+00:00,55.93,24.38,169.41,4.29,27.12,19.17,3.79,0
2019-10-15 09:10:00+00:00,10.27,0.0,45.7,0.66,34.24,20.67,4.21,0
2019-10-15 10:10:00+00:00,19.88,0.0,76.47,1.1,38.63,21.7,5.1,0
2019-10-15 11:10:00+00:00,63.09,0.52,204.89,2.97,39.55,21.69,5.66,0
2019-10-15 12:10:00+00:00,70.27,2.48,224.94,3.39,36.81,22.05,6.07,0
2019-10-15 13:10:00+00:00,43.1,0.0,146.42,2.1,30.93,22.04,6.34,0
2019-10-15 14:10:00+00:00,38.8,0.88,133.21,2.01,22.78,21.88,6.41,0
2019-10-15 15:10:00+00:00,17.99,0.0,70.44,1.06,13.14,21.38,6.07,0
2019-10-15 16:10:00+00:00,0.0,0.0,5.35,0.08,2.59,20.71,5.66,0
2019-10-15 17:10:00+00:00,0.0,0.0,0.0,0.0,0.0,19.74,4.9,0
2019-10-15 18:10:00+00:00,0.0,0.0,0.0,0.0,0.0,18.99,4.28,0
2019-10-15 19:10:00+00:00,0.0,0.0,0.0,0.0,0.0,18.44,4.62,0
2019-10-15 20:10:00+00:00,0.0,0.0,0.0,0.0,0.0,18.17,4.14,0
2019-10-15 21:10:00+00:00,0.0,0.0,0.0,0.0,0.0,17.87,3.93,0
2019-10-15 22:10:00+00:00,0.0,0.0,0.0,0.0,0.0,17.89,3.31,0
2019-10-15 23:10:00+00:00,0.0,0.0,0.0,0.0,0.0,18.06,2.69,0
2019-10-16 00:10:00+00:00,0.0,0.0,0.0,0.0,0.0,17.98,2.21,0
2019-10-16 01:10:00+00:00,0.0,0.0,0.0,0.0,0.0,17.85,2.21,0
2019-10-16 02:10:00+00:00,0.0,0.0,0.0,0.0,0.0,17.41,2.41,0
2019-10-16 03:10:00+00:00,0.0,0.0,0.0,0.0,0.0,17.23,2.48,0
2019-10-16 04:10:00+00:00,0.0,0.0,0.0,0.0,0.0,17.13,2.28,0
2019-10-16 05:10:00+00:00,0.0,0.0,0.0,0.0,0.0,16.65,2.0,0
2019-10-16 06:10:00+00:00,9.63,0.0,42.8,0.64,7.77,15.89,1.93,0
2019-10-16 07:10:00+00:00,15.91,18.7,57.2,3.58,17.9,17.52,1.52,0
2019-10-16 08:10:00+00:00,27.33,65.78,64.22,5.8,26.84,19.06,2.21,0
2019-10-16 09:10:00+00:00,54.71,76.83,129.93,6.83,33.92,19.73,2.9,0
2019-10-16 10:10:00+00:00,82.87,6.36,259.26,4.13,38.28,20.36,3.03,0
2019-10-16 11:10:00+00:00,65.08,96.73,141.99,7.92,39.18,20.43,2.9,0
2019-10-16 12:10:00+00:00,51.23,98.31,104.33,7.72,36.44,20.64,2.69,0
2019-10-16 13:10:00+00:00,37.7,69.64,90.58,6.47,30.58,20.52,2.41,0
2019-10-16 14:10:00+00:00,24.07,28.64,78.09,4.56,22.46,20.39,2.14,0
2019-10-16 15:10:00+00:00,17.19,0.0,67.77,1.02,12.84,20.07,1.72,0
2019-10-16 16:10:00+00:00,1.06,0.0,11.59,0.17,2.31,19.42,1.31,0
2019-10-16 17:10:00+00:00,0.0,0.0,0.0,0.0,0.0,18.09,1.17,0
2019-10-16 18:10:00+00:00,0.0,0.0,0.0,0.0,0.0,18.47,0.55,0
2019-10-16 19:10:00+00:00,0.0,0.0,0.0,0.0,0.0,18.4,0.69,0
2019-10-16 20:10:00+00:00,0.0,0.0,0.0,0.0,0.0,17.28,1.03,0
2019-10-16 21:10:00+00:00,0.0,0.0,0.0,0.0,0.0,16.49,1.24,0
2019-10-16 22:10:00+00:00,0.0,0.0,0.0,0.0,0.0,16.07,1.24,0
2019-10-16 23:10:00+00:00,0.0,0.0,0.0,0.0,0.0,15.44,1.38,0
2019-10-17 00:10:00+00:00,0.0,0.0,0.0,0.0,0.0,14.88,1.52,0
2019-10-17 01:10:00+00:00,0.0,0.0,0.0,0.0,0.0,14.43,1.52,0
2019-10-17 02:10:00+00:00,0.0,0.0,0.0,0.0,0.0,13.95,1.59,0
2019-10-17 03:10:00+00:00,0.0,0.0,0.0,0.0,0.0,13.41,1.66,0
2019-10-17 04:10:00+00:00,0.0,0.0,0.0,0.0,0.0,13.1,1.66,0
2019-10-17 05:10:00+00:00,0.0,0.0,0.0,0.0,0.0,12.91,1.66,0
2019-10-17 06:10:00+00:00,9.5,0.0,41.91,0.63,7.54,12.96,1.52,0
2019-10-17 07:10:00+00:00,35.32,2.64,119.71,2.22,17.65,15.21,1.24,0
2019-10-17 08:10:00+00:00,26.99,59.32,67.35,5.67,26.56,17.84,1.03,0
2019-10-17 09:10:00+00:00,40.35,95.13,77.66,7.26,33.6,19.16,0.69,0
2019-10-17 10:10:00+00:00,47.68,119.33,77.62,8.28,37.92,20.1,0.97,0
2019-10-17 11:10:00+00:00,46.82,127.31,68.89,8.57,38.81,20.72,1.45,0
2019-10-17 12:10:00+00:00,48.04,94.47,99.55,7.62,36.08,21.07,1.72,0
2019-10-17 13:10:00+00:00,34.14,67.02,83.12,6.42,30.24,21.13,1.93,0
2019-10-17 14:10:00+00:00,20.6,26.36,69.03,4.54,22.14,20.96,2.21,0
2019-10-17 15:10:00+00:00,16.89,0.0,66.87,1.0,12.54,20.4,2.41,0
2019-10-17 16:10:00+00:00,0.0,0.0,0.0,0.0,0.0,19.46,2.07,0
2019-10-17 17:10:00+00:00,0.0,0.0,0.0,0.0,0.0,18.4,1.79,0
2019-10-17 18:10:00+00:00,0.0,0.0,0.0,0.0,0.0,17.19,1.45,0
2019-10-17 19:10:00+00:00,0.0,0.0,0.0,0.0,0.0,16.55,1.31,0
2019-10-17 20:10:00+00:00,0.0,0.0,0.0,0.0,0.0,16.39,1.17,0
2019-10-17 21:10:00+00:00,0.0,0.0,0.0,0.0,0.0,15.9,1.24,0
2019-10-17 22:10:00+00:00,0.0,0.0,0.0,0.0,0.0,15.32,1.24,0
2019-10-17 23:10:00+00:00,0.0,0.0,0.0,0.0,0.0,14.75,1.31,0
2019-10-18 00:10:00+00:00,0.0,0.0,0.0,0.0,0.0,14.25,1.31,0
2019-10-18 01:10:00+00:00,0.0,0.0,0.0,0.0,0.0,13.82,1.38,0
2019-10-18 02:10:00+00:00,0.0,0.0,0.0,0.0,0.0,13.35,1.45,0
2019-10-18 03:10:00+00:00,0.0,0.0,0.0,0.0,0.0,12.95,1.52,0
2019-10-18 04:10:00+00:00,0.0,0.0,0.0,0.0,0.0,12.51,1.66,0
2019-10-18 05:10:00+00:00,0.0,0.0,0.0,0.0,0.0,12.09,1.72,0
2019-10-18 06:10:00+00:00,9.27,0.0,41.02,0.62,7.32,12.06,1.66,0
2019-10-18 07:10:00+00:00,15.66,10.92,58.18,3.34,17.4,14.53,1.24,0
2019-10-18 08:10:00+00:00,26.16,52.77,69.03,5.47,26.28,17.5,0.9,0
2019-10-18 09:10:00+00:00,39.01,87.31,79.98,7.05,33.28,18.96,0.48,0
2019-10-18 10:10:00+00:00,48.54,104.6,91.89,7.9,37.57,19.81,0.41,0
2019-10-18 11:10:00+00:00,46.68,113.8,79.42,8.23,38.44,20.4,1.03,0
2019-10-18 12:10:00+00:00,45.57,88.62,97.24,7.44,35.71,20.71,1.59,0
2019-10-18 13:10:00+00:00,34.82,57.97,91.07,6.14,29.9,20.79,1.86,0
2019-10-18 14:10:00+00:00,25.78,18.01,88.05,4.14,21.82,20.56,1.93,0
2019-10-18 15:10:00+00:00,16.9,0.0,66.87,1.0,12.24,20.14,1.93,0
2019-10-18 16:10:00+00:00,0.0,0.0,0.0,0.0,0.0,19.34,1.79,0
2019-10-18 17:10:00+00:00,0.0,0.0,0.0,0.0,0.0,18.34,1.66,0
2019-10-18 18:10:00+00:00,0.0,0.0,0.0,0.0,0.0,17.18,1.31,0
2019-10-18 19:10:00+00:00,0.0,0.0,0.0,0.0,0.0,16.86,1.45,0
2019-10-18 20:10:00+00:00,0.0,0.0,0.0,0.0,0.0,17.39,1.03,0
2019-10-18 21:10:00+00:00,0.0,0.0,0.0,0.0,0.0,16.94,1.03,0
2019-10-18 22:10:00+00:00,0.0,0.0,0.0,0.0,0.0,15.74,1.38,0
2019-10-18 23:10:00+00:00,0.0,0.0,0.0,0.0,0.0,14.98,1.59,0
2019-10-19 00:10:00+00:00,0.0,0.0,0.0,0.0,0.0,14.5,1.66,0
2019-10-19 01:10:00+00:00,0.0,0.0,0.0,0.0,0.0,14.05,1.66,0
2019-10-19 02:10:00+00:00,0.0,0.0,0.0,0.0,0.0,13.64,1.66,0
2019-10-19 03:10:00+00:00,0.0,0.0,0.0,0.0,0.0,13.25,1.66,0
2019-10-19 04:10:00+00:00,0.0,0.0,0.0,0.0,0.0,12.98,1.66,0
2019-10-19 05:10:00+00:00,0.0,0.0,0.0,0.0,0.0,12.96,1.79,0
2019-10-19 06:10:00+00:00,8.96,0.0,40.12,0.6,7.09,12.92,1.79,0
2019-10-19 07:10:00+00:00,15.26,7.89,57.74,3.35,17.15,15.2,1.24,0
2019-10-19 08:10:00+00:00,25.25,49.23,69.2,5.49,25.99,18.33,1.38,0
2019-10-19 09:10:00+00:00,37.91,83.6,80.14,7.07,32.96,19.45,2.0,0
2019-10-19 10:10:00+00:00,71.3,58.25,190.6,6.81,37.22,20.12,2.55,0
2019-10-19 11:10:00+00:00,70.43,64.2,183.74,7.1,38.07,20.5,2.9,0
2019-10-19 12:10:00+00:00,78.56,28.56,233.43,5.56,35.36,20.71,2.97,0
2019-10-19 13:10:00+00:00,65.5,6.43,209.15,3.62,29.56,20.59,2.97,0
2019-10-19 14:10:00+00:00,22.09,16.78,77.29,4.27,21.5,20.67,3.17,0
2019-10-19 15:10:00+00:00,15.48,0.0,62.42,0.94,11.95,20.4,3.31,0
2019-10-19 16:10:00+00:00,0.0,0.0,0.0,0.0,0.0,19.59,3.03,0
2019-10-19 17:10:00+00:00,0.0,0.0,0.0,0.0,0.0,18.6,3.03,0
2019-10-19 18:10:00+00:00,0.0,0.0,0.0,0.0,0.0,17.91,3.03,0
2019-10-19 19:10:00+00:00,0.0,0.0,0.0,0.0,0.0,17.64,2.97,0
2019-10-19 20:10:00+00:00,0.0,0.0,0.0,0.0,0.0,17.2,3.1,0
2019-10-19 21:10:00+00:00,0.0,0.0,0.0,0.0,0.0,16.82,3.1,0
2019-10-19 22:10:00+00:00,0.0,0.0,0.0,0.0,0.0,16.43,3.03,0
2019-10-19 23:10:00+00:00,0.0,0.0,0.0,0.0,0.0,15.97,3.1,0
2019-10-20 00:10:00+00:00,0.0,0.0,0.0,0.0,0.0,15.56,3.24,0
2019-10-20 01:10:00+00:00,0.0,0.0,0.0,0.0,0.0,15.6,3.45,0
2019-10-20 02:10:00+00:00,0.0,0.0,0.0,0.0,0.0,15.67,3.59,0
2019-10-20 03:10:00+00:00,0.0,0.0,0.0,0.0,0.0,15.69,3.66,0
2019-10-20 04:10:00+00:00,0.0,0.0,0.0,0.0,0.0,15.8,3.72,0
2019-10-20 05:10:00+00:00,0.0,0.0,0.0,0.0,0.0,16.09,3.79,0
2019-10-20 06:10:00+00:00,8.53,0.0,39.23,0.59,6.86,16.39,3.86,0
2019-10-20 07:10:00+00:00,31.54,0.51,109.71,1.86,16.9,17.07,3.38,0
2019-10-20 08:10:00+00:00,51.17,2.32,167.63,2.65,25.71,19.04,3.66,0
2019-10-20 09:10:00+00:00,63.62,2.23,205.02,3.12,32.64,20.67,4.34,0
2019-10-20 10:10:00+00:00,80.6,7.51,252.46,4.18,36.87,21.74,4.97,0
2019-10-20 11:10:00+00:00,83.05,8.62,259.75,4.37,37.71,22.52,5.17,0
2019-10-20 12:10:00+00:00,62.19,49.17,173.79,6.36,35.0,22.93,5.31,0
2019-10-20 13:10:00+00:00,61.93,4.55,201.0,3.35,29.22,23.1,5.17,0
2019-10-20 14:10:00+00:00,37.51,6.17,128.31,3.36,21.19,23.02,5.17,0
2019-10-20 15:10:00+00:00,17.02,0.0,67.77,1.02,11.66,22.57,4.69,0
2019-10-20 16:10:00+00:00,0.0,0.0,0.0,0.0,0.0,21.69,4.34,0
2019-10-20 17:10:00+00:00,0.0,0.0,0.0,0.0,0.0,20.65,4.21,0
2019-10-20 18:10:00+00:00,0.0,0.0,0.0,0.0,0.0,20.04,4.07,0
2019-10-20 19:10:00+00:00,0.0,0.0,0.0,0.0,0.0,19.62,3.38,0
2019-10-20 20:10:00+00:00,0.0,0.0,0.0,0.0,0.0,19.2,3.24,0
2019-10-20 21:10:00+00:00,0.0,0.0,0.0,0.0,0.0,18.75,2.97,0
2019-10-20 22:10:00+00:00,0.0,0.0,0.0,0.0,0.0,18.23,2.9,0
2019-10-20 23:10:00+00:00,0.0,0.0,0.0,0.0,0.0,17.71,2.9,0
2019-10-21 00:10:00+00:00,0.0,0.0,0.0,0.0,0.0,17.25,2.83,0
2019-10-21 01:10:00+00:00,0.0,0.0,0.0,0.0,0.0,16.92,2.76,0
2019-10-21 02:10:00+00:00,0.0,0.0,0.0,0.0,0.0,16.62,2.69,0
2019-10-21 03:10:00+00:00,0.0,0.0,0.0,0.0,0.0,16.39,2.69,0
2019-10-21 04:10:00+00:00,0.0,0.0,0.0,0.0,0.0,16.27,2.69,0
2019-10-21 05:10:00+00:00,0.0,0.0,0.0,0.0,0.0,16.21,2.76,0
2019-10-21 06:10:00+00:00,8.26,0.0,38.34,0.58,6.64,16.3,2.76,0
2019-10-21 07:10:00+00:00,23.68,0.95,85.75,2.81,16.64,18.21,2.41,0
2019-10-21 08:10:00+00:00,25.74,37.43,78.51,5.21,25.43,21.21,2.41,0
2019-10-21 09:10:00+00:00,37.19,69.5,90.37,6.79,32.32,22.72,2.97,0
2019-10-21 10:10:00+00:00,38.54,99.57,71.29,7.97,36.53,23.56,3.24,0
2019-10-21 11:10:00+00:00,40.4,100.52,75.84,8.12,37.35,24.14,3.38,0
2019-10-21 12:10:00+00:00,36.74,81.26,81.25,7.45,34.65,24.42,3.45,0
2019-10-21 13:10:00+00:00,28.04,48.44,79.85,6.07,28.89,24.34,3.38,0
2019-10-21 14:10:00+00:00,17.26,10.79,65.04,4.22,20.89,23.92,3.24,0
2019-10-21 15:10:00+00:00,15.26,0.0,62.42,0.94,11.37,23.11,2.62,0
2019-10-21 16:10:00+00:00,0.0,0.0,0.0,0.0,0.0,21.98,2.14,0
2019-10-21 17:10:00+00:00,0.0,0.0,0.0,0.0,0.0,20.9,1.93,0
2019-10-21 18:10:00+00:00,0.0,0.0,0.0,0.0,0.0,19.8,1.72,0
2019-10-21 19:10:00+00:00,0.0,0.0,0.0,0.0,0.0,19.1,1.52,0
2019-10-21 20:10:00+00:00,0.0,0.0,0.0,0.0,0.0,18.45,1.52,0
2019-10-21 21:10:00+00:00,0.0,0.0,0.0,0.0,0.0,17.52,1.79,0
2019-10-21 22:10:00+00:00,0.0,0.0,0.0,0.0,0.0,16.82,1.93,0
2019-10-21 23:10:00+00:00,0.0,0.0,0.0,0.0,0.0,16.15,1.86,0
2019-10-22 00:10:00+00:00,0.0,0.0,0.0,0.0,0.0,15.61,1.79,0
2019-10-22 01:10:00+00:00,0.0,0.0,0.0,0.0,0.0,15.29,1.86,0
2019-10-22 02:10:00+00:00,0.0,0.0,0.0,0.0,0.0,14.99,1.93,0
2019-10-22 03:10:00+00:00,0.0,0.0,0.0,0.0,0.0,14.75,2.0,0
2019-10-22 04:10:00+00:00,0.0,0.0,0.0,0.0,0.0,14.57,2.0,0
2019-10-22 05:10:00+00:00,0.0,0.0,0.0,0.0,0.0,14.32,2.0,0
2019-10-22 06:10:00+00:00,8.09,0.0,37.45,0.56,6.41,14.11,1.93,0
2019-10-22 07:10:00+00:00,23.68,0.0,86.49,1.3,16.39,16.23,1.17,0
2019-10-22 08:10:00+00:00,31.96,28.16,101.57,4.93,25.15,20.21,0.97,0
2019-10-22 09:10:00+00:00,26.99,78.64,55.93,7.14,32.01,22.22,0.97,0
2019-10-22 10:10:00+00:00,40.38,89.0,85.55,7.81,36.18,23.7,1.03,0
2019-10-22 11:10:00+00:00,40.06,93.44,81.69,8.04,37.0,24.78,1.38,0
2019-10-22 12:10:00+00:00,35.54,76.29,82.65,7.41,34.3,25.27,1.79,0
2019-10-22 13:10:00+00:00,26.42,44.95,77.9,6.07,28.56,25.27,2.07,0
2019-10-22 14:10:00+00:00,27.77,4.87,99.8,3.74,20.58,24.61,2.28,0
2019-10-22 15:10:00+00:00,14.39,0.0,59.74,0.9,11.09,23.46,2.07,0
2019-10-22 16:10:00+00:00,0.0,0.0,0.0,0.0,0.0,22.03,1.72,0
2019-10-22 17:10:00+00:00,0.0,0.0,0.0,0.0,0.0,20.59,0.97,0
2019-10-22 18:10:00+00:00,0.0,0.0,0.0,0.0,0.0,19.92,0.97,0
2019-10-22 19:10:00+00:00,0.0,0.0,0.0,0.0,0.0,19.08,1.45,0
2019-10-22 20:10:00+00:00,0.0,0.0,0.0,0.0,0.0,17.89,1.86,0
2019-10-22 21:10:00+00:00,0.0,0.0,0.0,0.0,0.0,17.31,2.14,0
2019-10-22 22:10:00+00:00,0.0,0.0,0.0,0.0,0.0,16.84,2.28,0
2019-10-22 23:10:00+00:00,0.0,0.0,0.0,0.0,0.0,16.23,2.14,0
2019-10-23 00:10:00+00:00,0.0,0.0,0.0,0.0,0.0,15.7,2.0,0
2019-10-23 01:10:00+00:00,0.0,0.0,0.0,0.0,0.0,15.24,1.93,0
2019-10-23 02:10:00+00:00,0.0,0.0,0.0,0.0,0.0,14.8,1.93,0
2019-10-23 03:10:00+00:00,0.0,0.0,0.0,0.0,0.0,14.48,2.14,0
2019-10-23 04:10:00+00:00,0.0,0.0,0.0,0.0,0.0,14.44,2.28,0
2019-10-23 05:10:00+00:00,0.0,0.0,0.0,0.0,0.0,14.3,2.28,0
2019-10-23 06:10:00+00:00,7.55,0.0,35.67,0.54,6.18,14.07,2.0,0
2019-10-23 07:10:00+00:00,22.8,0.0,83.82,1.26,16.14,16.32,1.66,0
2019-10-23 08:10:00+00:00,23.19,30.78,74.41,5.17,24.86,20.45,2.0,0
2019-10-23 09:10:00+00:00,32.87,63.67,82.92,6.79,31.69,22.6,2.41,0
2019-10-23 10:10:00+00:00,36.75,88.12,76.25,7.86,35.84,23.96,2.55,0
2019-10-23 11:10:00+00:00,40.56,85.6,88.93,7.9,36.64,24.69,2.97,0
2019-10-23 12:10:00+00:00,33.18,73.33,77.95,7.41,33.95,24.9,3.38,0
2019-10-23 13:10:00+00:00,22.64,43.31,67.42,6.12,28.24,24.84,3.59,0
2019-10-23 14:10:00+00:00,17.01,3.59,65.56,4.11,20.28,24.46,3.52,0
2019-10-23 15:10:00+00:00,16.9,0.0,67.77,1.02,10.81,23.67,3.24,0
2019-10-23 16:10:00+00:00,0.0,0.0,0.0,0.0,0.0,22.36,3.1,0
2019-10-23 17:10:00+00:00,0.0,0.0,0.0,0.0,0.0,21.06,3.03,0
2019-10-23 18:10:00+00:00,0.0,0.0,0.0,0.0,0.0,20.09,2.9,0
2019-10-23 19:10:00+00:00,0.0,0.0,0.0,0.0,0.0,19.15,2.97,0
2019-10-23 20:10:00+00:00,0.0,0.0,0.0,0.0,0.0,18.37,2.97,0
2019-10-23 21:10:00+00:00,0.0,0.0,0.0,0.0,0.0,17.98,3.59,0
2019-10-23 22:10:00+00:00,0.0,0.0,0.0,0.0,0.0,17.78,4.14,0
2019-10-23 23:10:00+00:00,0.0,0.0,0.0,0.0,0.0,17.75,3.59,0
2019-10-24 00:10:00+00:00,0.0,0.0,0.0,0.0,0.0,17.43,3.03,0
2019-10-24 01:10:00+00:00,0.0,0.0,0.0,0.0,0.0,17.61,3.72,0
2019-10-24 02:10:00+00:00,0.0,0.0,0.0,0.0,0.0,17.43,3.52,0
2019-10-24 03:10:00+00:00,0.0,0.0,0.0,0.0,0.0,17.29,3.31,0
2019-10-24 04:10:00+00:00,0.0,0.0,0.0,0.0,0.0,16.97,3.24,0
2019-10-24 05:10:00+00:00,0.0,0.0,0.0,0.0,0.0,16.65,3.24,0
2019-10-24 06:10:00+00:00,6.41,0.0,32.1,0.48,5.95,16.67,3.38,0
2019-10-24 07:10:00+00:00,7.38,0.0,35.67,0.54,15.89,18.61,4.21,0
2019-10-24 08:10:00+00:00,45.96,1.04,153.67,2.37,24.58,20.29,4.41,0
2019-10-24 09:10:00+00:00,68.42,15.21,212.85,4.61,31.38,21.31,5.24,0
2019-10-24 10:10:00+00:00,61.47,45.79,174.43,6.47,35.5,22.61,5.31,0
2019-10-24 11:10:00+00:00,60.79,49.31,171.2,6.7,36.29,23.71,4.55,0
2019-10-24 12:10:00+00:00,72.3,5.67,232.26,3.9,33.61,23.98,4.48,0
2019-10-24 13:10:00+00:00,40.48,23.73,129.84,5.17,27.92,23.77,5.03,0
2019-10-24 14:10:00+00:00,23.36,0.0,87.66,1.26,19.99,23.1,5.59,0
2019-10-24 15:10:00+00:00,16.78,0.0,66.87,1.0,10.54,22.16,6.21,0
2019-10-24 16:10:00+00:00,0.0,0.0,0.0,0.0,0.0,21.02,6.41,0
2019-10-24 17:10:00+00:00,0.0,0.0,0.0,0.0,0.0,20.34,5.93,0
2019-10-24 18:10:00+00:00,0.0,0.0,0.0,0.0,0.0,19.7,5.38,0
2019-10-24 19:10:00+00:00,0.0,0.0,0.0,0.0,0.0,17.69,2.55,0
2019-10-24 20:10:00+00:00,0.0,0.0,0.0,0.0,0.0,17.11,1.66,0
2019-10-24 21:10:00+00:00,0.0,0.0,0.0,0.0,0.0,17.05,0.28,0
2019-10-24 22:10:00+00:00,0.0,0.0,0.0,0.0,0.0,16.7,1.79,0
2019-10-24 23:10:00+00:00,0.0,0.0,0.0,0.0,0.0,16.5,2.83,0
2019-10-25 00:10:00+00:00,0.0,0.0,0.0,0.0,0.0,16.37,3.52,0
2019-10-25 01:10:00+00:00,0.0,0.0,0.0,0.0,0.0,16.17,3.86,0
2019-10-25 02:10:00+00:00,0.0,0.0,0.0,0.0,0.0,16.31,3.66,0
2019-10-25 03:10:00+00:00,0.0,0.0,0.0,0.0,0.0,15.92,3.1,0
2019-10-25 04:10:00+00:00,0.0,0.0,0.0,0.0,0.0,15.44,2.34,0
2019-10-25 05:10:00+00:00,0.0,0.0,0.0,0.0,0.0,14.86,1.72,0
2019-10-25 06:10:00+00:00,6.73,0.0,32.99,0.5,5.72,14.88,1.45,0
2019-10-25 07:10:00+00:00,30.06,0.0,105.22,1.58,15.63,16.02,2.21,0
2019-10-25 08:10:00+00:00,28.91,18.65,95.87,4.68,24.3,17.93,2.0,0
2019-10-25 09:10:00+00:00,29.18,54.96,77.24,6.56,31.07,19.96,1.93,0
2019-10-25 10:10:00+00:00,32.32,78.54,69.61,7.61,35.16,20.74,2.62,0
2019-10-25 11:10:00+00:00,33.9,79.59,73.55,7.74,35.94,21.66,2.76,0
2019-10-25 12:10:00+00:00,36.64,55.06,99.33,6.85,33.27,22.57,2.69,0
2019-10-25 13:10:00+00:00,57.77,3.26,190.41,3.26,27.6,23.03,2.69,0
2019-10-25 14:10:00+00:00,31.71,0.0,113.24,1.7,19.7,22.82,2.48,0
2019-10-25 15:10:00+00:00,13.68,0.0,57.07,0.86,10.27,21.97,2.34,0
2019-10-25 16:10:00+00:00,0.0,0.0,0.0,0.0,0.0,20.85,2.07,0
2019-10-25 17:10:00+00:00,0.0,0.0,0.0,0.0,0.0,19.9,1.59,0
2019-10-25 18:10:00+00:00,0.0,0.0,0.0,0.0,0.0,18.99,1.03,0
2019-10-25 19:10:00+00:00,0.0,0.0,0.0,0.0,0.0,20.3,0.55,0
2019-10-25 20:10:00+00:00,0.0,0.0,0.0,0.0,0.0,20.03,0.69,0
2019-10-25 21:10:00+00:00,0.0,0.0,0.0,0.0,0.0,18.21,1.31,0
2019-10-25 22:10:00+00:00,0.0,0.0,0.0,0.0,0.0,17.26,1.86,0
2019-10-25 23:10:00+00:00,0.0,0.0,0.0,0.0,0.0,16.76,2.0,0
2019-10-26 00:10:00+00:00,0.0,0.0,0.0,0.0,0.0,16.42,2.14,0
2019-10-26 01:10:00+00:00,0.0,0.0,0.0,0.0,0.0,16.33,2.41,0
2019-10-26 02:10:00+00:00,0.0,0.0,0.0,0.0,0.0,16.14,2.62,0
2019-10-26 03:10:00+00:00,0.0,0.0,0.0,0.0,0.0,15.71,2.48,0
2019-10-26 04:10:00+00:00,0.0,0.0,0.0,0.0,0.0,15.18,2.21,0
2019-10-26 05:10:00+00:00,0.0,0.0,0.0,0.0,0.0,14.64,2.0,0
2019-10-26 06:10:00+00:00,6.49,0.0,32.1,0.48,5.49,14.23,1.86,0
2019-10-26 07:10:00+00:00,22.26,0.0,82.03,1.23,15.38,15.89,1.66,0
2019-10-26 08:10:00+00:00,19.74,19.81,68.12,4.97,24.02,18.25,1.66,0
2019-10-26 09:10:00+00:00,27.42,51.62,74.71,6.56,30.75,20.26,1.66,0
2019-10-26 10:10:00+00:00,29.39,76.27,64.13,7.66,34.82,21.89,1.38,0
2019-10-26 11:10:00+00:00,33.01,74.48,76.14,7.72,35.6,23.16,1.03,0
2019-10-26 12:10:00+00:00,26.92,60.42,69.32,7.17,32.94,23.96,0.14,0
2019-10-26 13:10:00+00:00,22.46,27.78,74.91,5.72,27.29,24.26,1.03,0
2019-10-26 14:10:00+00:00,31.53,0.0,113.24,1.7,19.41,23.84,2.14,0
2019-10-26 15:10:00+00:00,13.34,0.0,56.17,0.84,10.0,22.74,2.41,0
2019-10-26 16:10:00+00:00,0.0,0.0,0.0,0.0,0.0,21.21,2.34,0
2019-10-26 17:10:00+00:00,0.0,0.0,0.0,0.0,0.0,20.01,1.79,0
2019-10-26 18:10:00+00:00,0.0,0.0,0.0,0.0,0.0,19.12,1.03,0
2019-10-26 19:10:00+00:00,0.0,0.0,0.0,0.0,0.0,19.59,1.03,0
2019-10-26 20:10:00+00:00,0.0,0.0,0.0,0.0,0.0,19.67,0.83,0
2019-10-26 21:10:00+00:00,0.0,0.0,0.0,0.0,0.0,19.35,0.9,0
2019-10-26 22:10:00+00:00,0.0,0.0,0.0,0.0,0.0,18.95,0.97,0
2019-10-26 23:10:00+00:00,0.0,0.0,0.0,0.0,0.0,17.52,1.24,0
2019-10-27 00:10:00+00:00,0.0,0.0,0.0,0.0,0.0,15.98,1.59,0
2019-10-27 01:10:00+00:00,0.0,0.0,0.0,0.0,0.0,14.96,1.72,0
2019-10-27 02:10:00+00:00,0.0,0.0,0.0,0.0,0.0,14.38,1.72,0
2019-10-27 03:10:00+00:00,0.0,0.0,0.0,0.0,0.0,14.03,1.66,0
2019-10-27 04:10:00+00:00,0.0,0.0,0.0,0.0,0.0,13.64,1.66,0
2019-10-27 05:10:00+00:00,0.0,0.0,0.0,0.0,0.0,13.25,1.72,0
2019-10-27 06:10:00+00:00,5.75,0.0,29.42,0.44,5.26,13.01,1.72,0
2019-10-27 07:10:00+00:00,20.3,0.0,75.79,1.14,15.13,14.76,1.38,0
2019-10-27 08:10:00+00:00,18.2,16.82,64.61,5.04,23.74,18.94,1.03,0
2019-10-27 09:10:00+00:00,24.5,50.2,67.84,6.71,30.44,21.06,0.76,0
2019-10-27 10:10:00+00:00,28.3,72.67,64.33,7.74,34.49,22.34,0.76,0
2019-10-27 11:10:00+00:00,31.07,72.35,72.53,7.84,35.26,23.01,1.24,0
2019-10-27 12:10:00+00:00,28.25,54.67,76.57,7.15,32.6,23.29,1.93,0
2019-10-27 13:10:00+00:00,22.0,24.37,74.49,5.77,26.98,23.15,2.48,0
2019-10-27 14:10:00+00:00,25.3,0.0,93.62,1.41,19.13,22.65,2.69,0
2019-10-27 15:10:00+00:00,13.14,0.0,55.28,0.83,9.74,21.72,2.41,0
2019-10-27 16:10:00+00:00,0.0,0.0,0.0,0.0,0.0,20.48,1.93,0
2019-10-27 17:10:00+00:00,0.0,0.0,0.0,0.0,0.0,19.21,1.59,0
2019-10-27 18:10:00+00:00,0.0,0.0,0.0,0.0,0.0,17.95,1.45,0
2019-10-27 19:10:00+00:00,0.0,0.0,0.0,0.0,0.0,18.54,0.97,0
2019-10-27 20:10:00+00:00,0.0,0.0,0.0,0.0,0.0,17.5,1.1,0
2019-10-27 21:10:00+00:00,0.0,0.0,0.0,0.0,0.0,16.84,1.17,0
2019-10-27 22:10:00+00:00,0.0,0.0,0.0,0.0,0.0,16.51,1.1,0
2019-10-27 23:10:00+00:00,0.0,0.0,0.0,0.0,0.0,15.93,1.17,0
2019-10-28 00:10:00+00:00,0.0,0.0,0.0,0.0,0.0,15.09,1.24,0
2019-10-28 01:10:00+00:00,0.0,0.0,0.0,0.0,0.0,14.4,1.24,0
2019-10-28 02:10:00+00:00,0.0,0.0,0.0,0.0,0.0,14.08,1.24,0
2019-10-28 03:10:00+00:00,0.0,0.0,0.0,0.0,0.0,13.5,1.31,0
2019-10-28 04:10:00+00:00,0.0,0.0,0.0,0.0,0.0,13.12,1.38,0
2019-10-28 05:10:00+00:00,0.0,0.0,0.0,0.0,0.0,12.78,1.45,0
2019-10-28 06:10:00+00:00,5.5,0.0,28.53,0.43,5.03,12.73,1.38,0
2019-10-28 07:10:00+00:00,19.44,0.0,73.12,1.1,14.88,14.35,0.9,0
2019-10-28 08:10:00+00:00,17.72,12.93,63.87,4.94,23.46,17.49,0.69,0
2019-10-28 09:10:00+00:00,24.72,44.46,71.03,6.56,30.14,18.86,0.9,0
2019-10-28 10:10:00+00:00,34.78,58.76,90.91,7.33,34.16,19.82,1.24,0
2019-10-28 11:10:00+00:00,29.96,67.12,71.9,7.72,34.92,20.53,1.72,0
2019-10-28 12:10:00+00:00,26.39,50.81,72.64,7.09,32.28,20.88,2.14,0
2019-10-28 13:10:00+00:00,18.9,21.49,65.3,5.77,26.68,20.87,2.34,0
2019-10-28 14:10:00+00:00,30.57,0.0,108.78,1.63,18.85,20.59,2.34,0
2019-10-28 15:10:00+00:00,14.94,0.0,60.63,0.91,9.49,20.01,2.28,0
2019-10-28 16:10:00+00:00,0.0,0.0,0.0,0.0,0.0,19.05,2.07,0
2019-10-28 17:10:00+00:00,0.0,0.0,0.0,0.0,0.0,18.09,1.79,0
2019-10-28 18:10:00+00:00,0.0,0.0,0.0,0.0,0.0,17.09,1.72,0
2019-10-28 19:10:00+00:00,0.0,0.0,0.0,0.0,0.0,16.81,1.52,0
2019-10-28 20:10:00+00:00,0.0,0.0,0.0,0.0,0.0,17.57,1.03,0
2019-10-28 21:10:00+00:00,0.0,0.0,0.0,0.0,0.0,17.44,0.55,0
2019-10-28 22:10:00+00:00,0.0,0.0,0.0,0.0,0.0,17.19,0.76,0
2019-10-28 23:10:00+00:00,0.0,0.0,0.0,0.0,0.0,16.41,0.97,0
2019-10-29 00:10:00+00:00,0.0,0.0,0.0,0.0,0.0,15.51,1.17,0
2019-10-29 01:10:00+00:00,0.0,0.0,0.0,0.0,0.0,15.52,1.1,0
2019-10-29 02:10:00+00:00,0.0,0.0,0.0,0.0,0.0,15.38,1.1,0
2019-10-29 03:10:00+00:00,0.0,0.0,0.0,0.0,0.0,15.34,1.1,0
2019-10-29 04:10:00+00:00,0.0,0.0,0.0,0.0,0.0,15.24,1.17,0
2019-10-29 05:10:00+00:00,0.0,0.0,0.0,0.0,0.0,15.41,1.1,0
2019-10-29 06:10:00+00:00,4.68,0.0,25.86,0.39,4.8,15.15,1.24,0
2019-10-29 07:10:00+00:00,19.85,0.0,74.9,1.13,14.63,16.12,0.76,0
2019-10-29 08:10:00+00:00,23.91,7.73,84.26,4.64,23.18,17.65,0.62,0
2019-10-29 09:10:00+00:00,33.03,33.04,101.58,6.12,29.83,18.69,0.41,0
2019-10-29 10:10:00+00:00,34.58,53.35,94.07,7.21,33.83,19.68,0.76,0
2019-10-29 11:10:00+00:00,33.17,57.58,87.29,7.46,34.58,19.97,1.24,0
2019-10-29 12:10:00+00:00,40.4,34.36,122.73,6.42,31.95,20.4,1.59,0
2019-10-29 13:10:00+00:00,51.01,6.25,167.21,4.29,26.38,20.27,1.86,0
2019-10-29 14:10:00+00:00,38.39,0.0,131.97,1.98,18.57,20.05,2.0,0
2019-10-29 15:10:00+00:00,14.67,0.0,59.74,0.9,9.23,19.73,1.86,0
2019-10-29 16:10:00+00:00,0.0,0.0,0.0,0.0,0.0,19.08,1.52,0
2019-10-29 17:10:00+00:00,0.0,0.0,0.0,0.0,0.0,18.27,1.31,0
2019-10-29 18:10:00+00:00,0.0,0.0,0.0,0.0,0.0,17.99,0.76,0
2019-10-29 19:10:00+00:00,0.0,0.0,0.0,0.0,0.0,18.5,0.28,0
2019-10-29 20:10:00+00:00,0.0,0.0,0.0,0.0,0.0,18.2,0.28,0
2019-10-29 21:10:00+00:00,0.0,0.0,0.0,0.0,0.0,17.86,0.69,0
2019-10-29 22:10:00+00:00,0.0,0.0,0.0,0.0,0.0,17.47,0.83,0
2019-10-29 23:10:00+00:00,0.0,0.0,0.0,0.0,0.0,16.56,1.03,0
2019-10-30 00:10:00+00:00,0.0,0.0,0.0,0.0,0.0,15.32,1.31,0
2019-10-30 01:10:00+00:00,0.0,0.0,0.0,0.0,0.0,14.41,1.52,0
2019-10-30 02:10:00+00:00,0.0,0.0,0.0,0.0,0.0,14.11,1.45,0
2019-10-30 03:10:00+00:00,0.0,0.0,0.0,0.0,0.0,13.94,1.45,0
2019-10-30 04:10:00+00:00,0.0,0.0,0.0,0.0,0.0,13.68,1.45,0
2019-10-30 05:10:00+00:00,0.0,0.0,0.0,0.0,0.0,13.5,1.59,0
2019-10-30 06:10:00+00:00,1.5,0.0,13.37,0.2,4.57,13.42,1.72,0
2019-10-30 07:10:00+00:00,26.79,0.0,95.41,1.43,14.37,15.23,1.1,0
2019-10-30 08:10:00+00:00,39.34,0.11,133.23,2.0,22.9,16.91,1.17,0
2019-10-30 09:10:00+00:00,42.65,22.31,134.34,5.51,29.52,18.15,1.59,0
2019-10-30 10:10:00+00:00,62.12,23.88,189.99,5.73,33.51,18.77,1.45,0
2019-10-30 11:10:00+00:00,32.64,51.0,89.43,7.17,34.25,19.1,1.59,0
2019-10-30 12:10:00+00:00,68.6,3.8,219.24,3.74,31.64,19.11,1.86,0
2019-10-30 13:10:00+00:00,31.32,9.43,106.13,5.0,26.08,18.34,1.72,0
2019-10-30 14:10:00+00:00,35.9,0.0,123.94,1.86,18.3,18.39,0.97,0
2019-10-30 15:10:00+00:00,11.42,0.0,49.04,0.74,8.99,18.11,0.62,0
2019-10-30 16:10:00+00:00,0.0,0.0,0.0,0.0,0.0,17.33,0.14,0
2019-10-30 17:10:00+00:00,0.0,0.0,0.0,0.0,0.0,17.02,0.34,0
2019-10-30 18:10:00+00:00,0.0,0.0,0.0,0.0,0.0,16.39,0.76,0
2019-10-30 19:10:00+00:00,0.0,0.0,0.0,0.0,0.0,17.06,0.69,0
2019-10-30 20:10:00+00:00,0.0,0.0,0.0,0.0,0.0,16.33,0.97,0
2019-10-30 21:10:00+00:00,0.0,0.0,0.0,0.0,0.0,14.8,1.38,0
2019-10-30 22:10:00+00:00,0.0,0.0,0.0,0.0,0.0,13.88,1.72,0
2019-10-30 23:10:00+00:00,0.0,0.0,0.0,0.0,0.0,13.33,1.79,0
2019-10-31 00:10:00+00:00,0.0,0.0,0.0,0.0,0.0,13.02,1.79,0
2019-10-31 01:10:00+00:00,0.0,0.0,0.0,0.0,0.0,12.65,1.86,0
2019-10-31 02:10:00+00:00,0.0,0.0,0.0,0.0,0.0,12.66,1.93,0
2019-10-31 03:10:00+00:00,0.0,0.0,0.0,0.0,0.0,12.58,1.86,0
2019-10-31 04:10:00+00:00,0.0,0.0,0.0,0.0,0.0,12.61,1.86,0
2019-10-31 05:10:00+00:00,0.0,0.0,0.0,0.0,0.0,12.37,2.0,0
2019-10-31 06:10:00+00:00,4.01,0.0,23.18,0.35,4.34,12.42,1.93,0
2019-10-31 07:10:00+00:00,26.62,0.0,94.52,1.42,14.12,14.38,1.31,0
2019-10-31 08:10:00+00:00,18.62,1.85,68.6,4.56,22.63,17.68,1.24,0
2019-10-31 09:10:00+00:00,23.53,29.84,75.14,6.15,29.22,18.98,1.45,0
2019-10-31 10:10:00+00:00,30.5,45.39,87.14,6.97,33.18,19.57,1.38,0
2019-10-31 11:10:00+00:00,47.54,34.34,142.92,6.51,33.93,19.9,1.38,0
2019-10-31 12:10:00+00:00,17.97,40.36,53.44,6.9,31.32,19.99,1.59,0
2019-10-31 13:10:00+00:00,54.99,1.54,180.13,3.42,25.79,19.67,2.14,0
2019-10-31 14:10:00+00:00,36.8,0.0,126.62,1.9,18.04,18.74,1.66,0
2019-10-31 15:10:00+00:00,13.37,0.0,55.28,0.83,8.74,18.15,1.45,0
2019-10-31 16:10:00+00:00,0.0,0.0,0.0,0.0,0.0,17.18,1.17,0
2019-10-31 17:10:00+00:00,0.0,0.0,0.0,0.0,0.0,16.73,1.38,0
2019-10-31 18:10:00+00:00,0.0,0.0,0.0,0.0,0.0,16.7,1.52,0
2019-10-31 19:10:00+00:00,0.0,0.0,0.0,0.0,0.0,16.36,1.93,0
2019-10-31 20:10:00+00:00,0.0,0.0,0.0,0.0,0.0,16.11,1.93,0
2019-10-31 21:10:00+00:00,0.0,0.0,0.0,0.0,0.0,15.9,1.93,0
2019-10-31 22:10:00+00:00,0.0,0.0,0.0,0.0,0.0,15.53,1.93,0
2019-10-31 23:10:00+00:00,0.0,0.0,0.0,0.0,0.0,15.54,2.28,0
2019-11-01 00:10:00+00:00,0.0,0.0,0.0,0.0,0.0,15.5,2.62,0
2019-11-01 01:10:00+00:00,0.0,0.0,0.0,0.0,0.0,15.26,2.55,0
2019-11-01 02:10:00+00:00,0.0,0.0,0.0,0.0,0.0,15.12,2.14,0
2019-11-01 03:10:00+00:00,0.0,0.0,0.0,0.0,0.0,14.98,1.86,0
2019-11-01 04:10:00+00:00,0.0,0.0,0.0,0.0,0.0,14.97,1.86,0
2019-11-01 05:10:00+00:00,0.0,0.0,0.0,0.0,0.0,14.94,2.07,0
2019-11-01 06:10:00+00:00,3.24,0.0,20.51,0.31,4.11,14.89,2.21,0
2019-11-01 07:10:00+00:00,20.54,0.0,76.68,1.15,13.87,15.45,2.07,0
2019-11-01 08:10:00+00:00,35.42,0.0,121.27,1.82,22.35,16.49,2.0,0
2019-11-01 09:10:00+00:00,55.02,0.72,179.01,2.72,28.92,17.34,1.93,0
2019-11-01 10:10:00+00:00,29.16,41.49,84.89,6.87,32.87,18.09,1.93,0
2019-11-01 11:10:00+00:00,28.55,44.28,81.71,7.07,33.6,18.74,2.14,0
2019-11-01 12:10:00+00:00,59.28,12.51,187.6,5.08,31.01,18.6,1.93,0
2019-11-01 13:10:00+00:00,27.22,0.0,97.92,1.41,25.5,18.5,1.86,0
2019-11-01 14:10:00+00:00,29.38,0.0,104.32,1.57,17.78,18.42,1.86,0
2019-11-01 15:10:00+00:00,10.34,0.0,45.47,0.68,8.51,18.07,1.86,0
2019-11-01 16:10:00+00:00,0.0,0.0,0.0,0.0,0.0,17.65,1.66,0
2019-11-01 17:10:00+00:00,0.0,0.0,0.0,0.0,0.0,17.2,1.66,0
2019-11-01 18:10:00+00:00,0.0,0.0,0.0,0.0,0.0,16.94,2.21,0
2019-11-01 19:10:00+00:00,0.0,0.0,0.0,0.0,0.0,16.74,2.76,0
2019-11-01 20:10:00+00:00,0.0,0.0,0.0,0.0,0.0,16.39,2.9,0
2019-11-01 21:10:00+00:00,0.0,0.0,0.0,0.0,0.0,16.18,3.24,0
2019-11-01 22:10:00+00:00,0.0,0.0,0.0,0.0,0.0,16.09,3.52,0
2019-11-01 23:10:00+00:00,0.0,0.0,0.0,0.0,0.0,15.96,3.38,0
2019-11-02 00:10:00+00:00,0.0,0.0,0.0,0.0,0.0,15.9,3.38,0
2019-11-02 01:10:00+00:00,0.0,0.0,0.0,0.0,0.0,15.82,3.52,0
2019-11-02 02:10:00+00:00,0.0,0.0,0.0,0.0,0.0,15.62,3.24,0
2019-11-02 03:10:00+00:00,0.0,0.0,0.0,0.0,0.0,15.54,3.17,0
2019-11-02 04:10:00+00:00,0.0,0.0,0.0,0.0,0.0,15.55,3.1,0
2019-11-02 05:10:00+00:00,0.0,0.0,0.0,0.0,0.0,15.59,2.69,0
2019-11-02 06:10:00+00:00,0.0,0.0,5.35,0.08,3.88,15.62,2.48,0
2019-11-02 07:10:00+00:00,25.23,0.0,90.95,1.37,13.62,15.9,1.59,0
2019-11-02 08:10:00+00:00,35.9,0.0,123.05,1.85,22.08,17.08,1.72,0
2019-11-02 09:10:00+00:00,60.07,6.21,191.46,4.27,28.62,17.48,2.41,0
2019-11-02 10:10:00+00:00,60.0,0.62,193.71,2.88,32.55,18.12,3.1,0
2019-11-02 11:10:00+00:00,74.86,5.31,234.79,4.22,33.29,18.02,3.38,0
2019-11-02 12:10:00+00:00,50.41,14.94,159.72,5.47,30.71,18.32,3.86,0
2019-11-02 13:10:00+00:00,30.42,1.35,104.51,4.78,25.22,18.59,4.14,0
2019-11-02 14:10:00+00:00,21.17,0.0,79.36,1.19,17.52,18.37,4.28,0
2019-11-02 15:10:00+00:00,12.01,0.0,50.82,0.76,8.27,18.13,4.69,0
2019-11-02 16:10:00+00:00,0.0,0.0,0.0,0.0,0.0,18.12,4.76,0
2019-11-02 17:10:00+00:00,0.0,0.0,0.0,0.0,0.0,17.73,4.83,0
2019-11-02 18:10:00+00:00,0.0,0.0,0.0,0.0,0.0,17.37,5.1,0
2019-11-02 19:10:00+00:00,0.0,0.0,0.0,0.0,0.0,17.56,5.45,0
2019-11-02 20:10:00+00:00,0.0,0.0,0.0,0.0,0.0,17.31,5.38,0
2019-11-02 21:10:00+00:00,0.0,0.0,0.0,0.0,0.0,17.32,6.34,0
2019-11-02 22:10:00+00:00,0.0,0.0,0.0,0.0,0.0,17.49,7.1,0
2019-11-02 23:10:00+00:00,0.0,0.0,0.0,0.0,0.0,17.4,7.31,0
2019-11-03 00:10:00+00:00,0.0,0.0,0.0,0.0,0.0,17.42,6.21,0
2019-11-03 01:10:00+00:00,0.0,0.0,0.0,0.0,0.0,17.31,5.1,0
2019-11-03 02:10:00+00:00,0.0,0.0,0.0,0.0,0.0,17.43,4.34,0
2019-11-03 03:10:00+00:00,0.0,0.0,0.0,0.0,0.0,17.32,4.0,0
2019-11-03 04:10:00+00:00,0.0,0.0,0.0,0.0,0.0,17.05,3.45,0
2019-11-03 05:10:00+00:00,0.0,0.0,0.0,0.0,0.0,17.07,2.9,0
2019-11-03 06:10:00+00:00,2.75,0.0,18.72,0.28,3.65,17.04,3.03,0
2019-11-03 07:10:00+00:00,24.21,0.0,88.27,1.33,13.38,17.36,3.17,0
2019-11-03 08:10:00+00:00,44.08,0.0,147.12,2.21,21.81,18.15,4.14,0
2019-11-03 09:10:00+00:00,60.68,1.65,195.39,3.28,28.33,19.13,5.31,0
2019-11-03 10:10:00+00:00,71.68,4.16,225.99,3.99,32.24,19.3,6.69,0
2019-11-03 11:10:00+00:00,66.79,1.36,213.27,3.3,32.97,19.71,7.1,0
2019-11-03 12:10:00+00:00,66.87,4.25,212.32,4.11,30.41,19.5,6.48,0
2019-11-03 13:10:00+00:00,50.63,0.0,166.74,2.51,24.95,19.85,8.0,0
2019-11-03 14:10:00+00:00,29.74,0.0,105.22,1.58,17.27,19.29,8.0,0
2019-11-03 15:10:00+00:00,8.97,0.0,41.02,0.62,8.05,18.78,8.41,0
2019-11-03 16:10:00+00:00,0.0,0.0,0.0,0.0,0.0,18.21,7.93,0
2019-11-03 17:10:00+00:00,0.0,0.0,0.0,0.0,0.0,17.69,7.52,0
2019-11-03 18:10:00+00:00,0.0,0.0,0.0,0.0,0.0,17.7,6.48,0
2019-11-03 19:10:00+00:00,0.0,0.0,0.0,0.0,0.0,17.45,6.69,0
2019-11-03 20:10:00+00:00,0.0,0.0,0.0,0.0,0.0,16.95,5.72,0
2019-11-03 21:10:00+00:00,0.0,0.0,0.0,0.0,0.0,17.18,5.52,0
2019-11-03 22:10:00+00:00,0.0,0.0,0.0,0.0,0.0,16.74,6.07,0
2019-11-03 23:10:00+00:00,0.0,0.0,0.0,0.0,0.0,16.54,6.41,0
2019-11-04 00:10:00+00:00,0.0,0.0,0.0,0.0,0.0,16.59,6.14,0
2019-11-04 01:10:00+00:00,0.0,0.0,0.0,0.0,0.0,16.36,5.38,0
2019-11-04 02:10:00+00:00,0.0,0.0,0.0,0.0,0.0,16.22,4.41,0
2019-11-04 03:10:00+00:00,0.0,0.0,0.0,0.0,0.0,16.21,3.93,0
2019-11-04 04:10:00+00:00,0.0,0.0,0.0,0.0,0.0,15.86,3.38,0
2019-11-04 05:10:00+00:00,0.0,0.0,0.0,0.0,0.0,15.35,3.45,0
2019-11-04 06:10:00+00:00,2.55,0.0,17.83,0.27,3.42,15.54,4.0,0
2019-11-04 07:10:00+00:00,22.63,0.0,82.92,1.25,13.13,15.88,4.69,0
2019-11-04 08:10:00+00:00,24.59,0.0,89.17,1.34,21.54,17.06,4.9,0
2019-11-04 09:10:00+00:00,47.56,7.86,153.47,4.98,28.03,17.77,5.45,0
2019-11-04 10:10:00+00:00,56.44,16.01,176.24,5.69,31.93,18.22,5.17,0
2019-11-04 11:10:00+00:00,55.95,17.81,174.47,5.91,32.66,18.86,5.1,0
2019-11-04 12:10:00+00:00,23.36,19.76,78.35,6.43,30.11,19.16,5.1,0
2019-11-04 13:10:00+00:00,31.47,0.0,110.57,1.66,24.67,19.41,5.38,0
2019-11-04 14:10:00+00:00,32.11,0.0,112.35,1.69,17.02,19.18,5.45,0
2019-11-04 15:10:00+00:00,9.78,0.0,43.69,0.66,7.82,18.76,5.03,0
2019-11-04 16:10:00+00:00,0.0,0.0,0.0,0.0,0.0,18.15,3.93,0
2019-11-04 17:10:00+00:00,0.0,0.0,0.0,0.0,0.0,17.92,3.1,0
2019-11-04 18:10:00+00:00,0.0,0.0,0.0,0.0,0.0,17.39,2.76,0
2019-11-04 19:10:00+00:00,0.0,0.0,0.0,0.0,0.0,17.26,2.62,0
2019-11-04 20:10:00+00:00,0.0,0.0,0.0,0.0,0.0,17.32,2.9,0
2019-11-04 21:10:00+00:00,0.0,0.0,0.0,0.0,0.0,17.24,3.52,0
2019-11-04 22:10:00+00:00,0.0,0.0,0.0,0.0,0.0,17.46,3.93,0
2019-11-04 23:10:00+00:00,0.0,0.0,0.0,0.0,0.0,17.76,4.28,0
2019-11-05 00:10:00+00:00,0.0,0.0,0.0,0.0,0.0,17.94,4.83,0
2019-11-05 01:10:00+00:00,0.0,0.0,0.0,0.0,0.0,17.65,4.9,0
2019-11-05 02:10:00+00:00,0.0,0.0,0.0,0.0,0.0,17.8,4.83,0
2019-11-05 03:10:00+00:00,0.0,0.0,0.0,0.0,0.0,18.08,4.76,0
2019-11-05 04:10:00+00:00,0.0,0.0,0.0,0.0,0.0,18.41,5.03,0
2019-11-05 05:10:00+00:00,0.0,0.0,0.0,0.0,0.0,18.52,5.52,0
2019-11-05 06:10:00+00:00,1.87,0.0,15.16,0.23,3.19,17.85,5.86,0
2019-11-05 07:10:00+00:00,12.27,0.0,51.72,0.78,12.88,18.45,6.21,0
2019-11-05 08:10:00+00:00,40.79,0.0,137.32,2.06,21.27,18.46,7.1,0
2019-11-05 09:10:00+00:00,54.88,0.41,178.35,2.75,27.74,18.85,7.17,0
2019-11-05 10:10:00+00:00,64.18,0.98,205.02,3.16,31.62,18.92,7.79,0
2019-11-05 11:10:00+00:00,63.15,0.71,202.28,3.05,32.35,19.13,8.0,0
2019-11-05 12:10:00+00:00,64.78,3.48,206.31,4.21,29.82,19.59,7.45,0
2019-11-05 13:10:00+00:00,17.29,0.0,67.77,1.02,24.41,19.72,7.17,0
2019-11-05 14:10:00+00:00,2.93,0.0,19.62,0.29,16.78,19.57,6.76,0
2019-11-05 15:10:00+00:00,9.49,0.0,42.8,0.64,7.61,19.16,6.14,0
2019-11-05 16:10:00+00:00,0.0,0.0,0.0,0.0,0.0,18.33,6.0,0
2019-11-05 17:10:00+00:00,0.0,0.0,0.0,0.0,0.0,17.67,6.0,0
2019-11-05 18:10:00+00:00,0.0,0.0,0.0,0.0,0.0,16.96,5.79,0
2019-11-05 19:10:00+00:00,0.0,0.0,0.0,0.0,0.0,17.25,6.28,0
2019-11-05 20:10:00+00:00,0.0,0.0,0.0,0.0,0.0,16.98,6.28,0
2019-11-05 21:10:00+00:00,0.0,0.0,0.0,0.0,0.0,16.7,5.86,0
2019-11-05 22:10:00+00:00,0.0,0.0,0.0,0.0,0.0,16.26,5.1,0
2019-11-05 23:10:00+00:00,0.0,0.0,0.0,0.0,0.0,16.04,4.48,0
2019-11-06 00:10:00+00:00,0.0,0.0,0.0,0.0,0.0,15.78,4.21,0
2019-11-06 01:10:00+00:00,0.0,0.0,0.0,0.0,0.0,15.4,3.86,0
2019-11-06 02:10:00+00:00,0.0,0.0,0.0,0.0,0.0,15.08,3.52,0
2019-11-06 03:10:00+00:00,0.0,0.0,0.0,0.0,0.0,14.85,3.31,0
2019-11-06 04:10:00+00:00,0.0,0.0,0.0,0.0,0.0,14.52,3.03,0
2019-11-06 05:10:00+00:00,0.0,0.0,0.0,0.0,0.0,14.26,2.9,0
2019-11-06 06:10:00+00:00,1.91,0.0,15.16,0.23,2.97,14.14,3.1,0
2019-11-06 07:10:00+00:00,21.84,0.0,80.25,1.21,12.64,14.54,2.41,0
2019-11-06 08:10:00+00:00,36.8,0.0,124.83,1.88,21.0,15.74,2.41,0
2019-11-06 09:10:00+00:00,46.73,4.0,151.68,4.82,27.45,16.53,2.9,0
2019-11-06 10:10:00+00:00,46.96,15.01,148.4,5.91,31.32,16.58,4.0,0
2019-11-06 11:10:00+00:00,45.95,0.0,151.08,2.17,32.05,15.91,4.9,0
2019-11-06 12:10:00+00:00,10.61,15.71,39.13,6.71,29.53,16.55,4.48,0
2019-11-06 13:10:00+00:00,23.71,0.0,86.49,1.3,24.15,16.81,4.28,0
2019-11-06 14:10:00+00:00,29.76,0.0,104.32,1.57,16.55,16.53,4.34,0
2019-11-06 15:10:00+00:00,8.84,0.0,40.12,0.6,7.4,15.55,3.17,0
2019-11-06 16:10:00+00:00,0.0,0.0,0.0,0.0,0.0,15.34,2.28,0
2019-11-06 17:10:00+00:00,0.0,0.0,0.0,0.0,0.0,14.51,2.0,0
2019-11-06 18:10:00+00:00,0.0,0.0,0.0,0.0,0.0,13.51,2.14,0
2019-11-06 19:10:00+00:00,0.0,0.0,0.0,0.0,0.0,13.76,2.28,0
2019-11-06 20:10:00+00:00,0.0,0.0,0.0,0.0,0.0,12.98,2.28,0
2019-11-06 21:10:00+00:00,0.0,0.0,0.0,0.0,0.0,12.73,1.86,0
2019-11-06 22:10:00+00:00,0.0,0.0,0.0,0.0,0.0,12.57,1.93,0
2019-11-06 23:10:00+00:00,0.0,0.0,0.0,0.0,0.0,12.69,1.93,0
2019-11-07 00:10:00+00:00,0.0,0.0,0.0,0.0,0.0,12.94,1.52,0
2019-11-07 01:10:00+00:00,0.0,0.0,0.0,0.0,0.0,12.98,1.24,0
2019-11-07 02:10:00+00:00,0.0,0.0,0.0,0.0,0.0,13.44,0.76,0
2019-11-07 03:10:00+00:00,0.0,0.0,0.0,0.0,0.0,13.31,0.48,0
2019-11-07 04:10:00+00:00,0.0,0.0,0.0,0.0,0.0,11.94,1.1,0
2019-11-07 05:10:00+00:00,0.0,0.0,0.0,0.0,0.0,10.85,1.52,0
2019-11-07 06:10:00+00:00,1.53,0.0,13.37,0.2,2.74,10.73,1.72,0
2019-11-07 07:10:00+00:00,13.26,0.0,53.5,0.8,12.39,11.51,1.45,0
2019-11-07 08:10:00+00:00,24.52,0.0,88.27,1.33,20.73,14.28,1.24,0
2019-11-07 09:10:00+00:00,13.19,5.12,49.51,6.1,27.17,15.51,0.9,0
2019-11-07 10:10:00+00:00,20.19,21.6,67.35,6.89,31.02,16.22,0.34,0
2019-11-07 11:10:00+00:00,19.48,24.02,64.4,7.1,31.76,16.73,0.14,0
2019-11-07 12:10:00+00:00,19.96,9.56,70.36,6.39,29.25,17.17,0.48,0
2019-11-07 13:10:00+00:00,31.59,0.0,110.57,1.66,23.89,17.36,1.1,0
2019-11-07 14:10:00+00:00,20.93,0.0,78.47,1.18,16.32,17.22,1.59,0
2019-11-07 15:10:00+00:00,8.78,0.0,40.12,0.6,7.19,16.73,1.72,0
2019-11-07 16:10:00+00:00,0.0,0.0,0.0,0.0,0.0,15.89,1.72,0
2019-11-07 17:10:00+00:00,0.0,0.0,0.0,0.0,0.0,14.59,1.1,0
2019-11-07 18:10:00+00:00,0.0,0.0,0.0,0.0,0.0,15.37,0.14,0
2019-11-07 19:10:00+00:00,0.0,0.0,0.0,0.0,0.0,15.2,0.62,0
2019-11-07 20:10:00+00:00,0.0,0.0,0.0,0.0,0.0,14.57,0.97,0
2019-11-07 21:10:00+00:00,0.0,0.0,0.0,0.0,0.0,12.18,1.52,0
2019-11-07 22:10:00+00:00,0.0,0.0,0.0,0.0,0.0,11.01,2.07,0
2019-11-07 23:10:00+00:00,0.0,0.0,0.0,0.0,0.0,11.03,2.34,0
2019-11-08 00:10:00+00:00,0.0,0.0,0.0,0.0,0.0,11.48,2.69,0
2019-11-08 01:10:00+00:00,0.0,0.0,0.0,0.0,0.0,12.16,3.1,0
2019-11-08 02:10:00+00:00,0.0,0.0,0.0,0.0,0.0,12.87,3.52,0
2019-11-08 03:10:00+00:00,0.0,0.0,0.0,0.0,0.0,13.45,3.86,0
2019-11-08 04:10:00+00:00,0.0,0.0,0.0,0.0,0.0,13.36,4.28,0
2019-11-08 05:10:00+00:00,0.0,0.0,0.0,0.0,0.0,13.53,4.76,0
2019-11-08 06:10:00+00:00,0.56,0.0,8.92,0.13,2.52,13.54,4.76,0
2019-11-08 07:10:00+00:00,21.93,0.0,80.25,1.21,12.15,14.14,4.69,0
2019-11-08 08:10:00+00:00,25.15,0.0,90.06,1.35,20.47,14.9,4.62,0
2019-11-08 09:10:00+00:00,24.3,0.0,87.66,1.26,26.89,15.19,5.17,0
2019-11-08 10:10:00+00:00,28.06,0.0,98.85,1.42,30.73,15.46,5.17,0
2019-11-08 11:10:00+00:00,20.49,0.0,76.47,1.1,31.46,15.76,5.52,0
2019-11-08 12:10:00+00:00,62.5,1.46,197.14,4.26,28.98,15.87,5.66,0
2019-11-08 13:10:00+00:00,47.11,0.0,154.26,2.32,23.64,15.94,5.38,0
2019-11-08 14:10:00+00:00,3.0,0.0,19.62,0.29,16.09,15.43,5.38,0
2019-11-08 15:10:00+00:00,6.74,0.0,32.99,0.5,6.99,14.89,4.34,0
2019-11-08 16:10:00+00:00,0.0,0.0,0.0,0.0,0.0,14.36,2.97,0
2019-11-08 17:10:00+00:00,0.0,0.0,0.0,0.0,0.0,13.25,1.45,0
2019-11-08 18:10:00+00:00,0.0,0.0,0.0,0.0,0.0,12.62,1.52,0
2019-11-08 19:10:00+00:00,0.0,0.0,0.0,0.0,0.0,13.24,2.55,0
2019-11-08 20:10:00+00:00,0.0,0.0,0.0,0.0,0.0,13.5,2.83,0
2019-11-08 21:10:00+00:00,0.0,0.0,0.0,0.0,0.0,13.17,3.31,0
2019-11-08 22:10:00+00:00,0.0,0.0,0.0,0.0,0.0,12.78,2.97,0
2019-11-08 23:10:00+00:00,0.0,0.0,0.0,0.0,0.0,12.78,3.1,0
2019-11-09 00:10:00+00:00,0.0,0.0,0.0,0.0,0.0,12.78,2.97,0
2019-11-09 01:10:00+00:00,0.0,0.0,0.0,0.0,0.0,12.17,2.76,0
2019-11-09 02:10:00+00:00,0.0,0.0,0.0,0.0,0.0,11.95,2.62,0
2019-11-09 03:10:00+00:00,0.0,0.0,0.0,0.0,0.0,11.4,2.69,0
2019-11-09 04:10:00+00:00,0.0,0.0,0.0,0.0,0.0,11.19,2.28,0
2019-11-09 05:10:00+00:00,0.0,0.0,0.0,0.0,0.0,10.78,1.79,0
2019-11-09 06:10:00+00:00,0.94,0.0,10.7,0.16,2.29,10.82,1.52,0
2019-11-09 07:10:00+00:00,13.28,0.0,53.5,0.8,11.91,11.18,1.72,0
2019-11-09 08:10:00+00:00,26.48,0.0,93.62,1.41,20.21,13.35,2.14,0
2019-11-09 09:10:00+00:00,57.49,0.0,182.79,2.75,26.61,13.42,3.03,0
2019-11-09 10:10:00+00:00,69.47,1.61,215.97,3.85,30.44,13.48,3.93,0
2019-11-09 11:10:00+00:00,71.07,2.64,221.12,4.29,31.18,14.02,2.97,0
2019-11-09 12:10:00+00:00,44.86,0.01,147.16,2.13,28.71,14.04,2.9,0
2019-11-09 13:10:00+00:00,52.37,0.0,168.52,2.53,23.39,13.99,3.17,0
2019-11-09 14:10:00+00:00,32.7,0.0,111.46,1.67,15.88,13.1,3.59,0
2019-11-09 15:10:00+00:00,6.56,0.0,32.1,0.48,6.79,12.4,2.55,0
2019-11-09 16:10:00+00:00,0.0,0.0,0.0,0.0,0.0,12.26,2.76,0
2019-11-09 17:10:00+00:00,0.0,0.0,0.0,0.0,0.0,11.84,2.69,0
2019-11-09 18:10:00+00:00,0.0,0.0,0.0,0.0,0.0,11.55,2.55,0
2019-11-09 19:10:00+00:00,0.0,0.0,0.0,0.0,0.0,10.75,2.0,0
2019-11-09 20:10:00+00:00,0.0,0.0,0.0,0.0,0.0,10.3,2.28,0
2019-11-09 21:10:00+00:00,0.0,0.0,0.0,0.0,0.0,10.22,2.07,0
2019-11-09 22:10:00+00:00,0.0,0.0,0.0,0.0,0.0,9.48,1.52,0
2019-11-09 23:10:00+00:00,0.0,0.0,0.0,0.0,0.0,9.28,0.9,0
2019-11-10 00:10:00+00:00,0.0,0.0,0.0,0.0,0.0,8.46,1.31,0
2019-11-10 01:10:00+00:00,0.0,0.0,0.0,0.0,0.0,8.43,1.72,0
2019-11-10 02:10:00+00:00,0.0,0.0,0.0,0.0,0.0,8.13,1.79,0
2019-11-10 03:10:00+00:00,0.0,0.0,0.0,0.0,0.0,7.6,1.79,0
2019-11-10 04:10:00+00:00,0.0,0.0,0.0,0.0,0.0,7.82,1.79,0
2019-11-10 05:10:00+00:00,0.0,0.0,0.0,0.0,0.0,7.68,1.72,0
2019-11-10 06:10:00+00:00,0.0,0.0,0.0,0.0,0.0,6.96,1.59,0
2019-11-10 07:10:00+00:00,15.22,0.0,58.85,0.88,11.67,8.49,1.24,0
2019-11-10 08:10:00+00:00,22.72,0.0,82.03,1.23,19.95,11.63,1.24,0
2019-11-10 09:10:00+00:00,24.38,0.0,87.38,1.31,26.33,13.17,2.0,0
2019-11-10 10:10:00+00:00,32.8,7.78,107.91,6.12,30.15,14.15,2.83,0
2019-11-10 11:10:00+00:00,9.16,14.4,34.06,7.14,30.89,14.73,3.17,0
2019-11-10 12:10:00+00:00,36.98,0.0,124.83,1.88,28.44,15.1,3.52,0
2019-11-10 13:10:00+00:00,33.29,0.0,114.13,1.71,23.15,15.23,3.79,0
2019-11-10 14:10:00+00:00,23.92,0.0,86.49,1.3,15.66,14.86,3.52,0
2019-11-10 15:10:00+00:00,9.15,0.0,41.02,0.62,6.6,14.63,2.83,0
2019-11-10 16:10:00+00:00,0.0,0.0,0.0,0.0,0.0,14.05,3.24,0
2019-11-10 17:10:00+00:00,0.0,0.0,0.0,0.0,0.0,13.4,3.66,0
2019-11-10 18:10:00+00:00,0.0,0.0,0.0,0.0,0.0,13.06,4.07,0
2019-11-10 19:10:00+00:00,0.0,0.0,0.0,0.0,0.0,12.75,4.34,0
2019-11-10 20:10:00+00:00,0.0,0.0,0.0,0.0,0.0,12.34,4.83,0
2019-11-10 21:10:00+00:00,0.0,0.0,0.0,0.0,0.0,12.24,5.1,0
2019-11-10 22:10:00+00:00,0.0,0.0,0.0,0.0,0.0,12.31,5.38,0
2019-11-10 23:10:00+00:00,0.0,0.0,0.0,0.0,0.0,12.4,5.59,0
2019-11-11 00:10:00+00:00,0.0,0.0,0.0,0.0,0.0,12.45,5.79,0
2019-11-11 01:10:00+00:00,0.0,0.0,0.0,0.0,0.0,12.45,5.59,0
2019-11-11 02:10:00+00:00,0.0,0.0,0.0,0.0,0.0,12.51,5.59,0
2019-11-11 03:10:00+00:00,0.0,0.0,0.0,0.0,0.0,12.74,5.52,0
2019-11-11 04:10:00+00:00,0.0,0.0,0.0,0.0,0.0,12.94,5.38,0
2019-11-11 05:10:00+00:00,0.0,0.0,0.0,0.0,0.0,12.92,5.31,0
2019-11-11 06:10:00+00:00,0.0,0.0,0.0,0.0,0.0,13.02,5.24,0
2019-11-11 07:10:00+00:00,1.3,0.0,12.48,0.19,11.43,13.14,4.83,0
2019-11-11 08:10:00+00:00,40.14,0.0,132.86,2.0,19.7,13.44,4.62,0
2019-11-11 09:10:00+00:00,40.33,0.0,133.75,2.01,26.06,14.0,4.41,0
2019-11-11 10:10:00+00:00,45.5,0.02,149.03,2.16,29.87,14.66,4.55,0
2019-11-11 11:10:00+00:00,67.74,0.57,212.6,3.48,30.62,15.32,5.45,0
2019-11-11 12:10:00+00:00,38.16,0.0,128.4,1.93,28.18,15.92,5.66,0
2019-11-11 13:10:00+00:00,18.78,0.0,71.33,1.07,22.92,15.97,5.03,0
2019-11-11 14:10:00+00:00,0.0,0.0,0.0,0.0,0.0,16.03,4.62,0
2019-11-11 15:10:00+00:00,4.67,0.0,25.86,0.39,6.42,15.78,4.28,0
2019-11-11 16:10:00+00:00,0.0,0.0,0.0,0.0,0.0,15.16,4.28,0
2019-11-11 17:10:00+00:00,0.0,0.0,0.0,0.0,0.0,14.84,4.07,0
2019-11-11 18:10:00+00:00,0.0,0.0,0.0,0.0,0.0,14.59,3.17,0
2019-11-11 19:10:00+00:00,0.0,0.0,0.0,0.0,0.0,13.25,2.41,0
2019-11-11 20:10:00+00:00,0.0,0.0,0.0,0.0,0.0,12.74,2.76,0
2019-11-11 21:10:00+00:00,0.0,0.0,0.0,0.0,0.0,12.59,2.97,0
2019-11-11 22:10:00+00:00,0.0,0.0,0.0,0.0,0.0,12.45,2.97,0
2019-11-11 23:10:00+00:00,0.0,0.0,0.0,0.0,0.0,12.29,2.76,0
2019-11-12 00:10:00+00:00,0.0,0.0,0.0,0.0,0.0,11.84,3.03,0
2019-11-12 01:10:00+00:00,0.0,0.0,0.0,0.0,0.0,12.04,3.52,0
2019-11-12 02:10:00+00:00,0.0,0.0,0.0,0.0,0.0,12.33,3.66,0
2019-11-12 03:10:00+00:00,0.0,0.0,0.0,0.0,0.0,12.28,3.66,0
2019-11-12 04:10:00+00:00,0.0,0.0,0.0,0.0,0.0,12.27,3.72,0
2019-11-12 05:10:00+00:00,0.0,0.0,0.0,0.0,0.0,12.21,4.07,0
2019-11-12 06:10:00+00:00,0.0,0.0,0.0,0.0,0.0,12.05,4.41,0
2019-11-12 07:10:00+00:00,11.51,0.0,48.15,0.72,11.19,12.33,3.86,0
2019-11-12 08:10:00+00:00,16.97,0.0,65.09,0.98,19.44,12.88,3.45,0
2019-11-12 09:10:00+00:00,23.78,0.0,85.6,1.29,25.79,13.53,3.72,0
2019-11-12 10:10:00+00:00,40.76,0.0,135.22,1.94,29.6,14.15,4.0,0
2019-11-12 11:10:00+00:00,61.58,0.15,195.05,2.99,30.35,14.71,4.28,0
2019-11-12 12:10:00+00:00,53.74,0.0,172.98,2.6,27.93,14.84,3.45,0
2019-11-12 13:10:00+00:00,38.06,0.0,128.4,1.93,22.69,15.62,2.62,0
2019-11-12 14:10:00+00:00,9.39,0.0,41.91,0.63,15.25,15.3,2.62,0
2019-11-12 15:10:00+00:00,1.5,0.0,13.37,0.2,6.24,14.27,7.31,0
2019-11-12 16:10:00+00:00,0.0,0.0,0.0,0.0,0.0,13.89,7.17,0
2019-11-12 17:10:00+00:00,0.0,0.0,0.0,0.0,0.0,13.25,6.34,0
2019-11-12 18:10:00+00:00,0.0,0.0,0.0,0.0,0.0,12.92,6.41,0
2019-11-12 19:10:00+00:00,0.0,0.0,0.0,0.0,0.0,12.8,3.45,0
2019-11-12 20:10:00+00:00,0.0,0.0,0.0,0.0,0.0,12.46,3.79,0
2019-11-12 21:10:00+00:00,0.0,0.0,0.0,0.0,0.0,12.3,3.59,0
2019-11-12 22:10:00+00:00,0.0,0.0,0.0,0.0,0.0,12.11,3.31,0
2019-11-12 23:10:00+00:00,0.0,0.0,0.0,0.0,0.0,11.99,3.38,0
2019-11-13 00:10:00+00:00,0.0,0.0,0.0,0.0,0.0,11.72,3.24,0
2019-11-13 01:10:00+00:00,0.0,0.0,0.0,0.0,0.0,11.6,2.48,0
2019-11-13 02:10:00+00:00,0.0,0.0,0.0,0.0,0.0,11.08,1.93,0
2019-11-13 03:10:00+00:00,0.0,0.0,0.0,0.0,0.0,10.39,1.59,0
2019-11-13 04:10:00+00:00,0.0,0.0,0.0,0.0,0.0,10.71,1.03,0
2019-11-13 05:10:00+00:00,0.0,0.0,0.0,0.0,0.0,11.69,0.69,0
2019-11-13 06:10:00+00:00,0.0,0.0,0.0,0.0,0.0,12.17,0.62,0
2019-11-13 07:10:00+00:00,10.66,0.0,45.47,0.68,10.96,11.95,1.31,0
2019-11-13 08:10:00+00:00,18.07,0.0,68.66,1.03,19.19,13.58,2.07,0
2019-11-13 09:10:00+00:00,39.89,0.0,132.86,2.0,25.52,14.3,3.24,0
2019-11-13 10:10:00+00:00,65.9,0.0,207.76,3.12,29.32,14.67,3.45,0
2019-11-13 11:10:00+00:00,64.79,0.41,203.81,4.65,30.08,15.1,3.1,0
2019-11-13 12:10:00+00:00,31.41,0.0,108.78,1.63,27.68,15.15,2.41,0
2019-11-13 13:10:00+00:00,37.46,0.0,126.62,1.9,22.47,15.36,2.07,0
2019-11-13 14:10:00+00:00,18.51,0.0,70.44,1.06,15.05,15.4,3.17,0
2019-11-13 15:10:00+00:00,6.73,0.0,32.99,0.5,6.06,15.14,4.21,0
2019-11-13 16:10:00+00:00,0.0,0.0,0.0,0.0,0.0,14.5,4.69,0
2019-11-13 17:10:00+00:00,0.0,0.0,0.0,0.0,0.0,14.09,4.69,0
2019-11-13 18:10:00+00:00,0.0,0.0,0.0,0.0,0.0,13.93,4.34,0
2019-11-13 19:10:00+00:00,0.0,0.0,0.0,0.0,0.0,13.47,3.45,0
2019-11-13 20:10:00+00:00,0.0,0.0,0.0,0.0,0.0,13.1,2.9,0
2019-11-13 21:10:00+00:00,0.0,0.0,0.0,0.0,0.0,12.66,2.21,0
2019-11-13 22:10:00+00:00,0.0,0.0,0.0,0.0,0.0,12.48,1.45,0
2019-11-13 23:10:00+00:00,0.0,0.0,0.0,0.0,0.0,12.04,1.31,0
2019-11-14 00:10:00+00:00,0.0,0.0,0.0,0.0,0.0,11.52,1.52,0
2019-11-14 01:10:00+00:00,0.0,0.0,0.0,0.0,0.0,11.52,1.52,0
2019-11-14 02:10:00+00:00,0.0,0.0,0.0,0.0,0.0,12.03,1.93,0
2019-11-14 03:10:00+00:00,0.0,0.0,0.0,0.0,0.0,11.89,2.21,0
2019-11-14 04:10:00+00:00,0.0,0.0,0.0,0.0,0.0,11.66,2.21,0
2019-11-14 05:10:00+00:00,0.0,0.0,0.0,0.0,0.0,11.51,2.0,0
2019-11-14 06:10:00+00:00,0.0,0.0,0.0,0.0,0.0,11.28,2.07,0
2019-11-14 07:10:00+00:00,18.86,0.0,70.44,1.06,10.73,11.43,2.21,0
2019-11-14 08:10:00+00:00,34.28,0.0,115.92,1.74,18.94,12.46,2.14,0
2019-11-14 09:10:00+00:00,57.65,0.0,183.68,2.76,25.26,13.61,2.34,0
2019-11-14 10:10:00+00:00,66.54,0.0,209.54,3.15,29.06,14.02,2.41,0
2019-11-14 11:10:00+00:00,69.18,0.0,217.57,3.27,29.82,14.66,2.76,0
2019-11-14 12:10:00+00:00,59.09,0.0,188.14,2.83,27.43,14.42,3.1,0
2019-11-14 13:10:00+00:00,37.03,0.0,124.83,1.88,22.25,14.94,3.79,0
2019-11-14 14:10:00+00:00,19.15,0.0,72.22,1.09,14.86,14.94,3.79,0
2019-11-14 15:10:00+00:00,0.09,0.0,6.24,0.09,5.9,14.5,3.59,0
2019-11-14 16:10:00+00:00,0.0,0.0,0.0,0.0,0.0,13.97,4.07,0
2019-11-14 17:10:00+00:00,0.0,0.0,0.0,0.0,0.0,13.76,4.21,0
2019-11-14 18:10:00+00:00,0.0,0.0,0.0,0.0,0.0,13.58,4.48,0
2019-11-14 19:10:00+00:00,0.0,0.0,0.0,0.0,0.0,13.89,5.45,0
2019-11-14 20:10:00+00:00,0.0,0.0,0.0,0.0,0.0,13.86,5.72,0
2019-11-14 21:10:00+00:00,0.0,0.0,0.0,0.0,0.0,13.89,5.93,0
2019-11-14 22:10:00+00:00,0.0,0.0,0.0,0.0,0.0,13.92,6.07,0
2019-11-14 23:10:00+00:00,0.0,0.0,0.0,0.0,0.0,14.07,6.07,0
2019-11-15 00:10:00+00:00,0.0,0.0,0.0,0.0,0.0,14.4,6.14,0
2019-11-15 01:10:00+00:00,0.0,0.0,0.0,0.0,0.0,14.54,6.14,0
2019-11-15 02:10:00+00:00,0.0,0.0,0.0,0.0,0.0,14.56,6.14,0
2019-11-15 03:10:00+00:00,0.0,0.0,0.0,0.0,0.0,14.73,6.07,0
2019-11-15 04:10:00+00:00,0.0,0.0,0.0,0.0,0.0,14.81,6.14,0
2019-11-15 05:10:00+00:00,0.0,0.0,0.0,0.0,0.0,14.79,6.21,0
2019-11-15 06:10:00+00:00,0.0,0.0,0.0,0.0,0.0,15.09,6.69,0
2019-11-15 07:10:00+00:00,16.78,0.0,65.09,0.98,10.5,15.61,7.24,0
2019-11-15 08:10:00+00:00,32.34,0.0,111.46,1.67,18.7,16.21,7.93,0
2019-11-15 09:10:00+00:00,39.64,0.0,132.86,2.0,25.01,16.65,8.07,0
2019-11-15 10:10:00+00:00,52.3,0.0,169.42,2.55,28.79,16.96,8.48,0
2019-11-15 11:10:00+00:00,38.33,0.0,129.29,1.94,29.56,17.24,9.31,0
2019-11-15 12:10:00+00:00,61.22,0.0,195.27,2.93,27.2,17.5,9.24,0
2019-11-15 13:10:00+00:00,12.14,0.0,50.82,0.76,22.04,16.36,8.62,0
2019-11-15 14:10:00+00:00,16.22,0.0,63.31,0.95,14.68,15.31,8.41,0
2019-11-15 15:10:00+00:00,5.2,0.0,27.64,0.42,5.73,14.59,6.14,0
2019-11-15 16:10:00+00:00,0.0,0.0,0.0,0.0,0.0,14.37,4.41,0
2019-11-15 17:10:00+00:00,0.0,0.0,0.0,0.0,0.0,14.27,3.17,0
2019-11-15 18:10:00+00:00,0.0,0.0,0.0,0.0,0.0,14.04,2.34,0
2019-11-15 19:10:00+00:00,0.0,0.0,0.0,0.0,0.0,14.52,4.83,0
2019-11-15 20:10:00+00:00,0.0,0.0,0.0,0.0,0.0,14.71,4.9,0
2019-11-15 21:10:00+00:00,0.0,0.0,0.0,0.0,0.0,14.47,5.79,0
2019-11-15 22:10:00+00:00,0.0,0.0,0.0,0.0,0.0,14.53,5.24,0
2019-11-15 23:10:00+00:00,0.0,0.0,0.0,0.0,0.0,14.6,4.9,0
2019-11-16 00:10:00+00:00,0.0,0.0,0.0,0.0,0.0,14.11,4.83,0
2019-11-16 01:10:00+00:00,0.0,0.0,0.0,0.0,0.0,13.88,4.07,0
2019-11-16 02:10:00+00:00,0.0,0.0,0.0,0.0,0.0,13.85,3.86,0
2019-11-16 03:10:00+00:00,0.0,0.0,0.0,0.0,0.0,13.55,3.79,0
2019-11-16 04:10:00+00:00,0.0,0.0,0.0,0.0,0.0,13.18,3.45,0
2019-11-16 05:10:00+00:00,0.0,0.0,0.0,0.0,0.0,12.81,2.9,0
2019-11-16 06:10:00+00:00,0.0,0.0,0.0,0.0,0.0,12.4,2.28,0
2019-11-16 07:10:00+00:00,14.6,0.0,57.96,0.87,10.27,13.21,2.34,0
2019-11-16 08:10:00+00:00,38.94,0.0,130.18,1.96,18.46,14.18,2.55,0
2019-11-16 09:10:00+00:00,44.99,0.0,148.02,2.22,24.75,14.91,2.83,0
2019-11-16 10:10:00+00:00,21.44,0.0,79.36,1.19,28.53,15.67,3.24,0
2019-11-16 11:10:00+00:00,15.88,0.0,62.42,0.94,29.31,15.43,2.83,0
2019-11-16 12:10:00+00:00,11.63,0.0,49.04,0.74,26.97,14.71,1.45,0
2019-11-16 13:10:00+00:00,36.1,0.0,122.16,1.84,21.83,14.69,2.83,0
2019-11-16 14:10:00+00:00,17.08,0.0,65.98,0.99,14.5,14.99,3.03,0
2019-11-16 15:10:00+00:00,3.72,0.0,22.29,0.33,5.58,15.04,4.21,0
2019-11-16 16:10:00+00:00,0.0,0.0,0.0,0.0,0.0,14.71,6.14,0
2019-11-16 17:10:00+00:00,0.0,0.0,0.0,0.0,0.0,14.69,6.9,0
2019-11-16 18:10:00+00:00,0.0,0.0,0.0,0.0,0.0,15.41,7.24,0
2019-11-16 19:10:00+00:00,0.0,0.0,0.0,0.0,0.0,16.9,7.66,0
2019-11-16 20:10:00+00:00,0.0,0.0,0.0,0.0,0.0,17.27,8.48,0
2019-11-16 21:10:00+00:00,0.0,0.0,0.0,0.0,0.0,17.69,9.24,0
2019-11-16 22:10:00+00:00,0.0,0.0,0.0,0.0,0.0,17.37,9.45,0
2019-11-16 23:10:00+00:00,0.0,0.0,0.0,0.0,0.0,17.08,9.38,0
2019-11-17 00:10:00+00:00,0.0,0.0,0.0,0.0,0.0,16.49,9.1,0
2019-11-17 01:10:00+00:00,0.0,0.0,0.0,0.0,0.0,16.41,9.38,0
2019-11-17 02:10:00+00:00,0.0,0.0,0.0,0.0,0.0,16.13,9.59,0
2019-11-17 03:10:00+00:00,0.0,0.0,0.0,0.0,0.0,15.53,10.0,0
2019-11-17 04:10:00+00:00,0.0,0.0,0.0,0.0,0.0,15.52,9.38,0
2019-11-17 05:10:00+00:00,0.0,0.0,0.0,0.0,0.0,15.16,9.59,0
2019-11-17 06:10:00+00:00,0.0,0.0,0.0,0.0,0.0,14.92,9.79,0
2019-11-17 07:10:00+00:00,9.39,0.0,41.91,0.63,10.05,15.79,8.69,0
2019-11-17 08:10:00+00:00,27.89,0.0,98.08,1.47,18.22,15.37,8.76,0
2019-11-17 09:10:00+00:00,56.1,0.0,178.33,2.68,24.5,14.45,8.76,0
2019-11-17 10:10:00+00:00,66.56,0.0,207.76,3.12,28.28,14.07,7.79,0
2019-11-17 11:10:00+00:00,40.04,0.0,132.86,2.0,29.07,14.3,6.21,0
2019-11-17 12:10:00+00:00,58.19,0.0,184.57,2.77,26.74,13.88,4.83,0
2019-11-17 13:10:00+00:00,45.38,0.0,148.02,2.22,21.63,13.46,3.72,0
2019-11-17 14:10:00+00:00,28.41,0.0,98.97,1.49,14.33,13.07,3.66,0
2019-11-17 15:10:00+00:00,6.56,0.0,32.1,0.48,5.43,12.46,3.31,0
2019-11-17 16:10:00+00:00,0.0,0.0,0.0,0.0,0.0,12.37,2.34,0
2019-11-17 17:10:00+00:00,0.0,0.0,0.0,0.0,0.0,12.36,1.17,0
2019-11-17 18:10:00+00:00,0.0,0.0,0.0,0.0,0.0,12.18,0.62,0
2019-11-17 19:10:00+00:00,0.0,0.0,0.0,0.0,0.0,11.38,2.83,0
2019-11-17 20:10:00+00:00,0.0,0.0,0.0,0.0,0.0,11.17,2.83,0
2019-11-17 21:10:00+00:00,0.0,0.0,0.0,0.0,0.0,11.04,2.97,0
2019-11-17 22:10:00+00:00,0.0,0.0,0.0,0.0,0.0,10.82,2.83,0
2019-11-17 23:10:00+00:00,0.0,0.0,0.0,0.0,0.0,10.38,2.48,0
2019-11-18 00:10:00+00:00,0.0,0.0,0.0,0.0,0.0,9.93,2.21,0
2019-11-18 01:10:00+00:00,0.0,0.0,0.0,0.0,0.0,9.72,2.21,0
2019-11-18 02:10:00+00:00,0.0,0.0,0.0,0.0,0.0,10.31,1.93,0
2019-11-18 03:10:00+00:00,0.0,0.0,0.0,0.0,0.0,10.71,2.07,0
2019-11-18 04:10:00+00:00,0.0,0.0,0.0,0.0,0.0,11.41,2.34,0
2019-11-18 05:10:00+00:00,0.0,0.0,0.0,0.0,0.0,11.66,2.55,0
2019-11-18 06:10:00+00:00,0.0,0.0,0.0,0.0,0.0,11.44,2.62,0
2019-11-18 07:10:00+00:00,13.26,0.0,53.5,0.8,9.82,11.83,3.1,0
2019-11-18 08:10:00+00:00,10.38,0.0,44.58,0.67,17.98,12.42,3.45,0
2019-11-18 09:10:00+00:00,55.4,0.0,176.55,2.65,24.26,13.64,4.41,0
2019-11-18 10:10:00+00:00,64.4,0.0,202.41,3.04,28.03,14.19,5.17,0
2019-11-18 11:10:00+00:00,55.52,0.0,177.44,2.67,28.83,14.77,5.72,0
2019-11-18 12:10:00+00:00,34.9,0.0,118.59,1.78,26.52,15.26,6.0,0
2019-11-18 13:10:00+00:00,5.18,0.0,27.64,0.42,21.44,15.32,6.0,0
2019-11-18 14:10:00+00:00,27.97,0.0,98.08,1.47,14.16,14.4,5.59,0
2019-11-18 15:10:00+00:00,5.99,0.0,30.32,0.46,5.28,13.87,5.93,0
2019-11-18 16:10:00+00:00,0.0,0.0,0.0,0.0,0.0,13.15,5.86,0
2019-11-18 17:10:00+00:00,0.0,0.0,0.0,0.0,0.0,13.11,5.86,0
2019-11-18 18:10:00+00:00,0.0,0.0,0.0,0.0,0.0,13.17,6.0,0
2019-11-18 19:10:00+00:00,0.0,0.0,0.0,0.0,0.0,13.73,6.69,0
2019-11-18 20:10:00+00:00,0.0,0.0,0.0,0.0,0.0,13.66,6.9,0
2019-11-18 21:10:00+00:00,0.0,0.0,0.0,0.0,0.0,13.69,7.24,0
2019-11-18 22:10:00+00:00,0.0,0.0,0.0,0.0,0.0,13.75,7.03,0
2019-11-18 23:10:00+00:00,0.0,0.0,0.0,0.0,0.0,13.98,6.9,0
2019-11-19 00:10:00+00:00,0.0,0.0,0.0,0.0,0.0,14.09,6.83,0
2019-11-19 01:10:00+00:00,0.0,0.0,0.0,0.0,0.0,14.11,6.9,0
2019-11-19 02:10:00+00:00,0.0,0.0,0.0,0.0,0.0,13.65,6.9,0
2019-11-19 03:10:00+00:00,0.0,0.0,0.0,0.0,0.0,13.61,6.97,0
2019-11-19 04:10:00+00:00,0.0,0.0,0.0,0.0,0.0,13.4,7.03,0
2019-11-19 05:10:00+00:00,0.0,0.0,0.0,0.0,0.0,13.55,6.9,0
2019-11-19 06:10:00+00:00,0.0,0.0,0.0,0.0,0.0,13.76,6.83,0
2019-11-19 07:10:00+00:00,10.29,0.0,44.58,0.67,9.6,14.27,6.14,0
2019-11-19 08:10:00+00:00,37.5,0.0,125.72,1.89,17.75,14.59,6.14,0
2019-11-19 09:10:00+00:00,52.69,0.0,169.42,2.55,24.01,15.02,6.48,0
2019-11-19 10:10:00+00:00,62.85,0.0,198.84,2.99,27.79,15.43,6.0,0
2019-11-19 11:10:00+00:00,41.63,0.0,138.21,2.08,28.59,15.64,6.0,0
2019-11-19 12:10:00+00:00,22.08,0.0,81.14,1.22,26.31,15.65,6.14,0
2019-11-19 13:10:00+00:00,45.32,0.0,148.91,2.24,21.25,15.59,5.24,0
2019-11-19 14:10:00+00:00,27.48,0.0,97.19,1.46,14.0,15.66,4.97,0
2019-11-19 15:10:00+00:00,5.94,0.0,30.32,0.46,5.15,15.37,4.34,0
2019-11-19 16:10:00+00:00,0.0,0.0,0.0,0.0,0.0,14.76,4.14,0
2019-11-19 17:10:00+00:00,0.0,0.0,0.0,0.0,0.0,14.33,4.41,0
2019-11-19 18:10:00+00:00,0.0,0.0,0.0,0.0,0.0,13.71,4.76,0
2019-11-19 19:10:00+00:00,0.0,0.0,0.0,0.0,0.0,13.23,3.59,0
2019-11-19 20:10:00+00:00,0.0,0.0,0.0,0.0,0.0,12.92,3.31,0
2019-11-19 21:10:00+00:00,0.0,0.0,0.0,0.0,0.0,12.64,2.76,0
2019-11-19 22:10:00+00:00,0.0,0.0,0.0,0.0,0.0,12.44,2.14,0
2019-11-19 23:10:00+00:00,0.0,0.0,0.0,0.0,0.0,12.05,1.72,0
2019-11-20 00:10:00+00:00,0.0,0.0,0.0,0.0,0.0,11.64,1.38,0
2019-11-20 01:10:00+00:00,0.0,0.0,0.0,0.0,0.0,11.35,1.1,0
2019-11-20 02:10:00+00:00,0.0,0.0,0.0,0.0,0.0,11.07,1.03,0
2019-11-20 03:10:00+00:00,0.0,0.0,0.0,0.0,0.0,10.73,1.1,0
2019-11-20 04:10:00+00:00,0.0,0.0,0.0,0.0,0.0,10.38,1.24,0
2019-11-20 05:10:00+00:00,0.0,0.0,0.0,0.0,0.0,10.11,1.24,0
2019-11-20 06:10:00+00:00,0.0,0.0,0.0,0.0,0.0,9.73,1.24,0
2019-11-20 07:10:00+00:00,13.93,0.0,55.28,0.83,9.39,10.0,0.97,0
2019-11-20 08:10:00+00:00,31.17,0.0,107.0,1.61,17.52,11.92,0.55,0
2019-11-20 09:10:00+00:00,33.73,0.0,115.02,1.73,23.78,12.92,0.14,0
2019-11-20 10:10:00+00:00,62.59,0.0,198.84,2.99,27.55,13.57,0.83,0
2019-11-20 11:10:00+00:00,66.06,0.0,208.65,3.14,28.37,14.11,1.79,0
2019-11-20 12:10:00+00:00,7.02,0.0,33.88,0.51,26.1,14.27,2.28,0
2019-11-20 13:10:00+00:00,4.96,0.0,26.75,0.4,21.07,14.13,2.34,0
2019-11-20 14:10:00+00:00,10.01,0.0,43.69,0.66,13.84,13.93,2.34,0
2019-11-20 15:10:00+00:00,5.73,0.0,29.42,0.44,5.01,13.89,2.34,0
2019-11-20 16:10:00+00:00,0.0,0.0,0.0,0.0,0.0,12.81,2.0,0
2019-11-20 17:10:00+00:00,0.0,0.0,0.0,0.0,0.0,12.28,1.17,0
2019-11-20 18:10:00+00:00,0.0,0.0,0.0,0.0,0.0,12.22,0.97,0
2019-11-20 19:10:00+00:00,0.0,0.0,0.0,0.0,0.0,11.41,1.66,0
2019-11-20 20:10:00+00:00,0.0,0.0,0.0,0.0,0.0,11.59,1.45,0
2019-11-20 21:10:00+00:00,0.0,0.0,0.0,0.0,0.0,11.46,1.38,0
2019-11-20 22:10:00+00:00,0.0,0.0,0.0,0.0,0.0,10.89,1.45,0
2019-11-20 23:10:00+00:00,0.0,0.0,0.0,0.0,0.0,10.54,1.52,0
2019-11-21 00:10:00+00:00,0.0,0.0,0.0,0.0,0.0,10.21,1.72,0
2019-11-21 01:10:00+00:00,0.0,0.0,0.0,0.0,0.0,10.38,2.0,0
2019-11-21 02:10:00+00:00,0.0,0.0,0.0,0.0,0.0,10.38,2.14,0
2019-11-21 03:10:00+00:00,0.0,0.0,0.0,0.0,0.0,10.35,2.48,0
2019-11-21 04:10:00+00:00,0.0,0.0,0.0,0.0,0.0,10.29,2.55,0
2019-11-21 05:10:00+00:00,0.0,0.0,0.0,0.0,0.0,10.31,2.62,0
2019-11-21 06:10:00+00:00,0.0,0.0,0.0,0.0,0.0,10.42,2.76,0
2019-11-21 07:10:00+00:00,10.47,0.0,44.58,0.67,9.17,10.66,3.03,0
2019-11-21 08:10:00+00:00,32.97,0.0,111.46,1.67,17.3,11.33,3.17,0
2019-11-21 09:10:00+00:00,51.6,0.0,164.96,2.48,23.55,12.24,3.66,0
2019-11-21 10:10:00+00:00,53.4,0.0,170.31,2.56,27.32,12.74,4.0,0
2019-11-21 11:10:00+00:00,32.16,0.0,109.67,1.65,28.14,12.82,4.28,0
2019-11-21 12:10:00+00:00,42.68,0.0,139.99,2.1,25.9,13.04,4.14,0
2019-11-21 13:10:00+00:00,40.76,0.0,134.64,2.02,20.9,13.28,4.14,0
2019-11-21 14:10:00+00:00,26.57,0.0,93.62,1.41,13.69,13.13,3.93,0
2019-11-21 15:10:00+00:00,5.51,0.0,28.53,0.43,4.89,12.85,3.72,0
2019-11-21 16:10:00+00:00,0.0,0.0,0.0,0.0,0.0,12.13,3.86,0
2019-11-21 17:10:00+00:00,0.0,0.0,0.0,0.0,0.0,11.66,3.93,0
2019-11-21 18:10:00+00:00,0.0,0.0,0.0,0.0,0.0,11.24,3.79,0
2019-11-21 19:10:00+00:00,0.0,0.0,0.0,0.0,0.0,11.56,3.93,0
2019-11-21 20:10:00+00:00,0.0,0.0,0.0,0.0,0.0,11.1,3.86,0
2019-11-21 21:10:00+00:00,0.0,0.0,0.0,0.0,0.0,10.82,3.66,0
2019-11-21 22:10:00+00:00,0.0,0.0,0.0,0.0,0.0,10.87,3.45,0
2019-11-21 23:10:00+00:00,0.0,0.0,0.0,0.0,0.0,10.79,3.45,0
2019-11-22 00:10:00+00:00,0.0,0.0,0.0,0.0,0.0,10.75,3.52,0
2019-11-22 01:10:00+00:00,0.0,0.0,0.0,0.0,0.0,10.59,3.59,0
2019-11-22 02:10:00+00:00,0.0,0.0,0.0,0.0,0.0,10.61,3.45,0
2019-11-22 03:10:00+00:00,0.0,0.0,0.0,0.0,0.0,10.21,3.38,0
2019-11-22 04:10:00+00:00,0.0,0.0,0.0,0.0,0.0,10.28,3.31,0
2019-11-22 05:10:00+00:00,0.0,0.0,0.0,0.0,0.0,10.29,3.38,0
2019-11-22 06:10:00+00:00,0.0,0.0,0.0,0.0,0.0,10.42,3.38,0
2019-11-22 07:10:00+00:00,9.64,0.0,41.91,0.63,8.96,10.36,3.24,0
2019-11-22 08:10:00+00:00,36.02,0.0,120.37,1.81,17.08,11.7,3.17,0
2019-11-22 09:10:00+00:00,31.76,0.0,108.78,1.63,23.32,13.27,3.66,0
2019-11-22 10:10:00+00:00,31.95,0.0,109.67,1.65,27.09,14.18,4.34,0
2019-11-22 11:10:00+00:00,23.98,0.0,86.49,1.3,27.93,14.6,4.69,0
2019-11-22 12:10:00+00:00,28.85,0.0,100.76,1.51,25.7,14.46,4.55,0
2019-11-22 13:10:00+00:00,31.88,0.0,109.67,1.65,20.73,14.64,4.34,0
2019-11-22 14:10:00+00:00,18.36,0.0,69.55,1.05,13.55,13.99,4.34,0
2019-11-22 15:10:00+00:00,4.73,0.0,25.86,0.39,4.77,13.53,4.0,0
2019-11-22 16:10:00+00:00,0.0,0.0,0.0,0.0,0.0,12.94,4.14,0
2019-11-22 17:10:00+00:00,0.0,0.0,0.0,0.0,0.0,12.6,4.21,0
2019-11-22 18:10:00+00:00,0.0,0.0,0.0,0.0,0.0,12.42,4.28,0
2019-11-22 19:10:00+00:00,0.0,0.0,0.0,0.0,0.0,12.54,4.62,0
2019-11-22 20:10:00+00:00,0.0,0.0,0.0,0.0,0.0,12.23,4.62,0
2019-11-22 21:10:00+00:00,0.0,0.0,0.0,0.0,0.0,12.17,4.69,0
2019-11-22 22:10:00+00:00,0.0,0.0,0.0,0.0,0.0,12.14,4.9,0
2019-11-22 23:10:00+00:00,0.0,0.0,0.0,0.0,0.0,12.14,5.17,0
2019-11-23 00:10:00+00:00,0.0,0.0,0.0,0.0,0.0,12.06,5.38,0
2019-11-23 01:10:00+00:00,0.0,0.0,0.0,0.0,0.0,12.13,5.52,0
2019-11-23 02:10:00+00:00,0.0,0.0,0.0,0.0,0.0,12.14,5.66,0
2019-11-23 03:10:00+00:00,0.0,0.0,0.0,0.0,0.0,12.34,6.0,0
2019-11-23 04:10:00+00:00,0.0,0.0,0.0,0.0,0.0,12.6,6.55,0
2019-11-23 05:10:00+00:00,0.0,0.0,0.0,0.0,0.0,13.01,6.9,0
2019-11-23 06:10:00+00:00,0.0,0.0,0.0,0.0,0.0,13.19,7.17,0
2019-11-23 07:10:00+00:00,13.42,0.0,54.39,0.82,8.75,14.0,7.66,0
2019-11-23 08:10:00+00:00,28.87,0.0,100.76,1.51,16.86,14.84,8.0,0
2019-11-23 09:10:00+00:00,44.78,0.0,147.12,2.21,23.1,15.71,7.59,0
2019-11-23 10:10:00+00:00,56.83,0.0,181.9,2.73,26.87,16.17,7.66,0
2019-11-23 11:10:00+00:00,62.36,0.0,197.95,2.97,27.72,16.45,7.59,0
2019-11-23 12:10:00+00:00,56.05,0.0,180.12,2.71,25.52,16.79,7.86,0
2019-11-23 13:10:00+00:00,26.46,0.0,94.52,1.42,20.56,16.9,7.52,0
2019-11-23 14:10:00+00:00,19.3,0.0,73.12,1.1,13.42,16.95,8.41,0
2019-11-23 15:10:00+00:00,4.65,0.0,25.86,0.39,4.66,16.56,8.21,0
2019-11-23 16:10:00+00:00,0.0,0.0,0.0,0.0,0.0,16.37,7.86,0
2019-11-23 17:10:00+00:00,0.0,0.0,0.0,0.0,0.0,16.27,7.59,0
2019-11-23 18:10:00+00:00,0.0,0.0,0.0,0.0,0.0,15.94,7.79,0
2019-11-23 19:10:00+00:00,0.0,0.0,0.0,0.0,0.0,14.94,8.28,0
2019-11-23 20:10:00+00:00,0.0,0.0,0.0,0.0,0.0,14.36,8.41,0
2019-11-23 21:10:00+00:00,0.0,0.0,0.0,0.0,0.0,14.43,8.14,0
2019-11-23 22:10:00+00:00,0.0,0.0,0.0,0.0,0.0,14.52,8.28,0
2019-11-23 23:10:00+00:00,0.0,0.0,0.0,0.0,0.0,13.8,8.55,0
2019-11-24 00:10:00+00:00,0.0,0.0,0.0,0.0,0.0,13.39,8.21,0
2019-11-24 01:10:00+00:00,0.0,0.0,0.0,0.0,0.0,13.26,8.0,0
2019-11-24 02:10:00+00:00,0.0,0.0,0.0,0.0,0.0,13.15,7.52,0
2019-11-24 03:10:00+00:00,0.0,0.0,0.0,0.0,0.0,12.99,5.86,0
2019-11-24 04:10:00+00:00,0.0,0.0,0.0,0.0,0.0,12.71,5.31,0
2019-11-24 05:10:00+00:00,0.0,0.0,0.0,0.0,0.0,12.69,5.66,0
2019-11-24 06:10:00+00:00,0.0,0.0,0.0,0.0,0.0,12.87,5.52,0
2019-11-24 07:10:00+00:00,4.0,0.0,23.18,0.35,8.55,13.11,4.41,0
2019-11-24 08:10:00+00:00,17.8,0.0,67.77,1.02,16.65,13.63,3.93,0
2019-11-24 09:10:00+00:00,32.88,0.0,112.35,1.69,22.88,13.95,3.59,0
2019-11-24 10:10:00+00:00,41.5,0.0,137.32,2.06,26.66,14.02,3.38,0
2019-11-24 11:10:00+00:00,44.6,0.0,146.23,2.2,27.52,14.04,3.38,0
2019-11-24 12:10:00+00:00,42.68,0.0,140.88,2.12,25.34,14.07,2.62,0
2019-11-24 13:10:00+00:00,32.15,0.0,110.57,1.66,20.41,14.1,1.86,0
2019-11-24 14:10:00+00:00,20.99,0.0,77.57,1.17,13.29,14.04,2.14,0
2019-11-24 15:10:00+00:00,2.57,0.0,17.83,0.27,4.55,13.88,2.55,0
2019-11-24 16:10:00+00:00,0.0,0.0,0.0,0.0,0.0,13.65,2.41,0
2019-11-24 17:10:00+00:00,0.0,0.0,0.0,0.0,0.0,13.44,2.28,0
2019-11-24 18:10:00+00:00,0.0,0.0,0.0,0.0,0.0,13.41,2.14,0
2019-11-24 19:10:00+00:00,0.0,0.0,0.0,0.0,0.0,13.58,2.34,0
2019-11-24 20:10:00+00:00,0.0,0.0,0.0,0.0,0.0,13.35,2.07,0
2019-11-24 21:10:00+00:00,0.0,0.0,0.0,0.0,0.0,13.15,1.66,0
2019-11-24 22:10:00+00:00,0.0,0.0,0.0,0.0,0.0,12.61,1.31,0
2019-11-24 23:10:00+00:00,0.0,0.0,0.0,0.0,0.0,12.52,1.24,0
2019-11-25 00:10:00+00:00,0.0,0.0,0.0,0.0,0.0,12.62,1.38,0
2019-11-25 01:10:00+00:00,0.0,0.0,0.0,0.0,0.0,12.55,1.31,0
2019-11-25 02:10:00+00:00,0.0,0.0,0.0,0.0,0.0,12.14,1.31,0
2019-11-25 03:10:00+00:00,0.0,0.0,0.0,0.0,0.0,11.59,1.38,0
2019-11-25 04:10:00+00:00,0.0,0.0,0.0,0.0,0.0,11.56,1.31,0
2019-11-25 05:10:00+00:00,0.0,0.0,0.0,0.0,0.0,11.52,1.45,0
2019-11-25 06:10:00+00:00,0.0,0.0,0.0,0.0,0.0,11.25,1.59,0
2019-11-25 07:10:00+00:00,11.85,0.0,49.04,0.74,8.35,11.11,1.66,0
2019-11-25 08:10:00+00:00,33.47,0.0,114.13,1.71,16.44,13.21,1.17,0
2019-11-25 09:10:00+00:00,45.84,0.0,150.69,2.26,22.66,14.22,0.9,0
2019-11-25 10:10:00+00:00,55.4,0.0,179.22,2.69,26.45,15.47,1.24,0
2019-11-25 11:10:00+00:00,26.39,0.0,94.52,1.42,27.32,16.06,1.24,0
2019-11-25 12:10:00+00:00,26.93,0.0,96.3,1.45,25.16,16.58,1.45,0
2019-11-25 13:10:00+00:00,24.5,0.0,89.17,1.34,20.26,17.07,1.93,0
2019-11-25 14:10:00+00:00,14.87,0.0,59.74,0.9,13.16,17.21,2.41,0
2019-11-25 15:10:00+00:00,4.4,0.0,24.97,0.38,4.45,16.6,2.69,0
2019-11-25 16:10:00+00:00,0.0,0.0,0.0,0.0,0.0,15.72,2.76,0
2019-11-25 17:10:00+00:00,0.0,0.0,0.0,0.0,0.0,15.09,2.62,0
2019-11-25 18:10:00+00:00,0.0,0.0,0.0,0.0,0.0,14.56,2.34,0
2019-11-25 19:10:00+00:00,0.0,0.0,0.0,0.0,0.0,13.79,1.93,0
2019-11-25 20:10:00+00:00,0.0,0.0,0.0,0.0,0.0,12.89,1.79,0
2019-11-25 21:10:00+00:00,0.0,0.0,0.0,0.0,0.0,11.9,1.72,0
2019-11-25 22:10:00+00:00,0.0,0.0,0.0,0.0,0.0,11.18,1.72,0
2019-11-25 23:10:00+00:00,0.0,0.0,0.0,0.0,0.0,10.73,1.79,0
2019-11-26 00:10:00+00:00,0.0,0.0,0.0,0.0,0.0,10.29,1.86,0
2019-11-26 01:10:00+00:00,0.0,0.0,0.0,0.0,0.0,9.82,1.79,0
2019-11-26 02:10:00+00:00,0.0,0.0,0.0,0.0,0.0,9.36,1.79,0
2019-11-26 03:10:00+00:00,0.0,0.0,0.0,0.0,0.0,8.88,1.66,0
2019-11-26 04:10:00+00:00,0.0,0.0,0.0,0.0,0.0,8.59,1.52,0
2019-11-26 05:10:00+00:00,0.0,0.0,0.0,0.0,0.0,8.22,1.59,0
2019-11-26 06:10:00+00:00,0.0,0.0,0.0,0.0,0.0,8.02,1.79,0
2019-11-26 07:10:00+00:00,11.16,0.0,46.37,0.7,8.15,8.28,1.79,0
2019-11-26 08:10:00+00:00,18.32,0.0,68.66,1.03,16.23,10.64,1.59,0
2019-11-26 09:10:00+00:00,25.84,0.0,91.84,1.38,22.46,13.17,0.9,0
2019-11-26 10:10:00+00:00,26.51,0.0,94.52,1.42,26.24,14.92,0.62,0
2019-11-26 11:10:00+00:00,26.98,0.0,96.3,1.45,27.13,16.07,1.03,0
2019-11-26 12:10:00+00:00,26.6,0.0,95.41,1.43,24.99,16.78,1.31,0
2019-11-26 13:10:00+00:00,26.25,0.0,94.52,1.42,20.12,17.1,1.17,0
2019-11-26 14:10:00+00:00,22.42,0.0,82.92,1.25,13.05,17.05,1.52,0
2019-11-26 15:10:00+00:00,3.92,0.0,23.18,0.35,4.35,16.31,2.34,0
2019-11-26 16:10:00+00:00,0.0,0.0,0.0,0.0,0.0,15.21,2.48,0
2019-11-26 17:10:00+00:00,0.0,0.0,0.0,0.0,0.0,14.48,1.79,0
2019-11-26 18:10:00+00:00,0.0,0.0,0.0,0.0,0.0,14.76,0.76,0
2019-11-26 19:10:00+00:00,0.0,0.0,0.0,0.0,0.0,14.78,0.07,0
2019-11-26 20:10:00+00:00,0.0,0.0,0.0,0.0,0.0,14.39,0.48,0
2019-11-26 21:10:00+00:00,0.0,0.0,0.0,0.0,0.0,13.44,0.97,0
2019-11-26 22:10:00+00:00,0.0,0.0,0.0,0.0,0.0,12.11,1.45,0
2019-11-26 23:10:00+00:00,0.0,0.0,0.0,0.0,0.0,11.75,1.66,0
2019-11-27 00:10:00+00:00,0.0,0.0,0.0,0.0,0.0,11.44,1.79,0
2019-11-27 01:10:00+00:00,0.0,0.0,0.0,0.0,0.0,11.16,1.72,0
2019-11-27 02:10:00+00:00,0.0,0.0,0.0,0.0,0.0,11.25,1.52,0
2019-11-27 03:10:00+00:00,0.0,0.0,0.0,0.0,0.0,11.07,1.72,0
2019-11-27 04:10:00+00:00,0.0,0.0,0.0,0.0,0.0,11.81,1.86,0
2019-11-27 05:10:00+00:00,0.0,0.0,0.0,0.0,0.0,12.23,2.0,0
2019-11-27 06:10:00+00:00,0.0,0.0,0.0,0.0,0.0,12.23,1.93,0
2019-11-27 07:10:00+00:00,10.38,0.0,44.58,0.67,7.96,12.1,1.93,0
2019-11-27 08:10:00+00:00,22.15,0.0,81.14,1.22,16.03,14.31,2.0,0
2019-11-27 09:10:00+00:00,38.14,0.0,128.4,1.93,22.25,15.36,3.17,0
2019-11-27 10:10:00+00:00,44.57,0.0,147.12,2.21,26.05,16.03,4.62,0
2019-11-27 11:10:00+00:00,39.91,0.0,133.75,2.01,26.95,16.45,5.79,0
2019-11-27 12:10:00+00:00,48.86,0.0,159.61,2.4,24.83,16.71,6.76,0
2019-11-27 13:10:00+00:00,43.33,0.0,143.56,2.16,19.98,16.45,6.34,0
2019-11-27 14:10:00+00:00,24.12,0.0,87.38,1.31,12.94,16.14,6.14,0
2019-11-27 15:10:00+00:00,0.23,0.0,7.13,0.11,4.26,15.54,5.24,0
2019-11-27 16:10:00+00:00,0.0,0.0,0.0,0.0,0.0,15.26,5.66,0
2019-11-27 17:10:00+00:00,0.0,0.0,0.0,0.0,0.0,15.34,5.93,0
2019-11-27 18:10:00+00:00,0.0,0.0,0.0,0.0,0.0,15.63,5.93,0
2019-11-27 19:10:00+00:00,0.0,0.0,0.0,0.0,0.0,15.42,4.55,0
2019-11-27 20:10:00+00:00,0.0,0.0,0.0,0.0,0.0,15.49,3.93,0
2019-11-27 21:10:00+00:00,0.0,0.0,0.0,0.0,0.0,15.64,3.79,0
2019-11-27 22:10:00+00:00,0.0,0.0,0.0,0.0,0.0,15.73,3.66,0
2019-11-27 23:10:00+00:00,0.0,0.0,0.0,0.0,0.0,15.57,3.24,0
2019-11-28 00:10:00+00:00,0.0,0.0,0.0,0.0,0.0,14.96,2.69,0
2019-11-28 01:10:00+00:00,0.0,0.0,0.0,0.0,0.0,14.12,2.41,0
2019-11-28 02:10:00+00:00,0.0,0.0,0.0,0.0,0.0,13.15,2.14,0
2019-11-28 03:10:00+00:00,0.0,0.0,0.0,0.0,0.0,12.55,2.34,0
2019-11-28 04:10:00+00:00,0.0,0.0,0.0,0.0,0.0,12.7,2.97,0
2019-11-28 05:10:00+00:00,0.0,0.0,0.0,0.0,0.0,12.84,3.17,0
2019-11-28 06:10:00+00:00,0.0,0.0,0.0,0.0,0.0,12.86,3.03,0
2019-11-28 07:10:00+00:00,6.26,0.0,31.21,0.47,7.77,13.3,2.97,0
2019-11-28 08:10:00+00:00,12.21,0.0,50.82,0.76,15.84,14.71,3.17,0
2019-11-28 09:10:00+00:00,46.43,0.0,152.47,2.29,22.06,15.67,3.66,0
2019-11-28 10:10:00+00:00,57.07,0.0,182.79,2.75,25.85,15.5,4.34,0
2019-11-28 11:10:00+00:00,58.31,0.0,186.36,2.8,26.77,15.52,4.41,0
2019-11-28 12:10:00+00:00,56.11,0.0,180.12,2.71,24.68,15.82,4.97,0
2019-11-28 13:10:00+00:00,40.14,0.0,133.75,2.01,19.85,15.16,5.31,0
2019-11-28 14:10:00+00:00,13.32,0.0,54.39,0.82,12.83,15.23,4.97,0
2019-11-28 15:10:00+00:00,2.12,0.0,16.05,0.24,4.18,15.24,4.55,0
2019-11-28 16:10:00+00:00,0.0,0.0,0.0,0.0,0.0,14.77,4.41,0
2019-11-28 17:10:00+00:00,0.0,0.0,0.0,0.0,0.0,14.68,4.28,0
2019-11-28 18:10:00+00:00,0.0,0.0,0.0,0.0,0.0,14.57,3.52,0
2019-11-28 19:10:00+00:00,0.0,0.0,0.0,0.0,0.0,13.87,1.86,0
2019-11-28 20:10:00+00:00,0.0,0.0,0.0,0.0,0.0,12.82,2.14,0
2019-11-28 21:10:00+00:00,0.0,0.0,0.0,0.0,0.0,12.67,2.21,0
2019-11-28 22:10:00+00:00,0.0,0.0,0.0,0.0,0.0,12.74,2.69,0
2019-11-28 23:10:00+00:00,0.0,0.0,0.0,0.0,0.0,12.76,3.1,0
2019-11-29 00:10:00+00:00,0.0,0.0,0.0,0.0,0.0,12.71,3.1,0
2019-11-29 01:10:00+00:00,0.0,0.0,0.0,0.0,0.0,12.46,2.69,0
2019-11-29 02:10:00+00:00,0.0,0.0,0.0,0.0,0.0,11.78,2.34,0
2019-11-29 03:10:00+00:00,0.0,0.0,0.0,0.0,0.0,11.42,2.41,0
2019-11-29 04:10:00+00:00,0.0,0.0,0.0,0.0,0.0,10.94,2.48,0
2019-11-29 05:10:00+00:00,0.0,0.0,0.0,0.0,0.0,11.04,2.48,0
2019-11-29 06:10:00+00:00,0.0,0.0,0.0,0.0,0.0,11.0,2.34,0
2019-11-29 07:10:00+00:00,9.58,0.0,41.91,0.63,7.58,11.49,2.28,0
2019-11-29 08:10:00+00:00,27.96,0.0,98.08,1.47,15.65,13.82,2.48,0
2019-11-29 09:10:00+00:00,19.68,0.0,74.01,1.11,21.87,15.46,3.24,0
2019-11-29 10:10:00+00:00,24.08,0.0,87.38,1.31,25.67,16.24,4.48,0
2019-11-29 11:10:00+00:00,61.66,0.0,196.17,2.95,26.6,16.21,5.66,0
2019-11-29 12:10:00+00:00,42.82,0.0,141.77,2.13,24.53,16.0,6.69,0
2019-11-29 13:10:00+00:00,14.98,0.0,59.74,0.9,19.73,16.29,6.69,0
2019-11-29 14:10:00+00:00,1.68,0.0,14.27,0.21,12.74,16.09,6.55,0
2019-11-29 15:10:00+00:00,0.0,0.0,5.35,0.08,4.11,15.88,6.21,0
2019-11-29 16:10:00+00:00,0.0,0.0,0.0,0.0,0.0,15.35,4.97,0
2019-11-29 17:10:00+00:00,0.0,0.0,0.0,0.0,0.0,15.0,4.34,0
2019-11-29 18:10:00+00:00,0.0,0.0,0.0,0.0,0.0,14.47,3.86,0
2019-11-29 19:10:00+00:00,0.0,0.0,0.0,0.0,0.0,14.72,4.0,0
2019-11-29 20:10:00+00:00,0.0,0.0,0.0,0.0,0.0,14.19,3.52,0
2019-11-29 21:10:00+00:00,0.0,0.0,0.0,0.0,0.0,13.83,2.97,0
2019-11-29 22:10:00+00:00,0.0,0.0,0.0,0.0,0.0,13.26,2.62,0
2019-11-29 23:10:00+00:00,0.0,0.0,0.0,0.0,0.0,12.21,2.21,0
2019-11-30 00:10:00+00:00,0.0,0.0,0.0,0.0,0.0,11.12,1.79,0
2019-11-30 01:10:00+00:00,0.0,0.0,0.0,0.0,0.0,10.39,1.52,0
2019-11-30 02:10:00+00:00,0.0,0.0,0.0,0.0,0.0,10.0,1.45,0
2019-11-30 03:10:00+00:00,0.0,0.0,0.0,0.0,0.0,9.4,1.59,0
2019-11-30 04:10:00+00:00,0.0,0.0,0.0,0.0,0.0,9.24,1.66,0
2019-11-30 05:10:00+00:00,0.0,0.0,0.0,0.0,0.0,8.57,1.79,0
2019-11-30 06:10:00+00:00,0.0,0.0,0.0,0.0,0.0,8.3,1.86,0
2019-11-30 07:10:00+00:00,10.58,0.0,44.58,0.67,7.4,8.33,1.79,0
2019-11-30 08:10:00+00:00,20.22,0.0,74.01,1.11,15.46,9.62,1.52,0
2019-11-30 09:10:00+00:00,25.1,0.0,89.17,1.34,21.68,12.11,1.45,0
2019-11-30 10:10:00+00:00,26.11,0.0,92.73,1.39,25.49,13.76,1.66,0
2019-11-30 11:10:00+00:00,30.82,0.0,107.0,1.61,26.44,14.79,1.79,0
2019-11-30 12:10:00+00:00,28.31,0.0,99.87,1.5,24.39,15.42,1.79,0
2019-11-30 13:10:00+00:00,22.3,0.0,82.03,1.23,19.62,15.69,2.14,0
2019-11-30 14:10:00+00:00,15.56,0.0,61.52,0.92,12.64,15.59,2.14,0
2019-11-30 15:10:00+00:00,3.47,0.0,21.4,0.32,4.04,15.09,1.79,0
2019-11-30 16:10:00+00:00,0.0,0.0,0.0,0.0,0.0,14.02,1.59,0
2019-11-30 17:10:00+00:00,0.0,0.0,0.0,0.0,0.0,12.82,1.17,0
2019-11-30 18:10:00+00:00,0.0,0.0,0.0,0.0,0.0,12.17,1.31,0
2019-11-30 19:10:00+00:00,0.0,0.0,0.0,0.0,0.0,11.06,1.59,0
2019-11-30 20:10:00+00:00,0.0,0.0,0.0,0.0,0.0,10.71,1.45,0
2019-11-30 21:10:00+00:00,0.0,0.0,0.0,0.0,0.0,10.31,1.24,0
2019-11-30 22:10:00+00:00,0.0,0.0,0.0,0.0,0.0,9.35,1.38,0
2019-11-30 23:10:00+00:00,0.0,0.0,0.0,0.0,0.0,8.38,1.52,0
2019-12-01 00:10:00+00:00,0.0,0.0,0.0,0.0,0.0,7.47,1.79,0
2019-12-01 01:10:00+00:00,0.0,0.0,0.0,0.0,0.0,7.25,2.07,0
2019-12-01 02:10:00+00:00,0.0,0.0,0.0,0.0,0.0,7.28,2.28,0
2019-12-01 03:10:00+00:00,0.0,0.0,0.0,0.0,0.0,7.49,2.34,0
2019-12-01 04:10:00+00:00,0.0,0.0,0.0,0.0,0.0,7.65,2.34,0
2019-12-01 05:10:00+00:00,0.0,0.0,0.0,0.0,0.0,7.83,2.48,0
2019-12-01 06:10:00+00:00,0.0,0.0,0.0,0.0,0.0,8.35,2.62,0
2019-12-01 07:10:00+00:00,9.44,0.0,41.02,0.62,7.22,8.74,2.48,0
2019-12-01 08:10:00+00:00,25.28,0.0,89.17,1.34,15.28,10.92,2.41,0
2019-12-01 09:10:00+00:00,36.64,0.0,123.05,1.85,21.5,13.34,2.69,0
2019-12-01 10:10:00+00:00,55.34,0.0,177.44,2.67,25.32,14.78,3.72,0
2019-12-01 11:10:00+00:00,38.84,0.0,130.18,1.96,26.28,15.45,4.97,0
2019-12-01 12:10:00+00:00,30.24,0.0,105.22,1.58,24.25,15.59,5.52,0
2019-12-01 13:10:00+00:00,41.94,0.0,139.1,2.09,19.51,15.57,5.72,0
2019-12-01 14:10:00+00:00,19.72,0.0,74.01,1.11,12.56,15.36,5.45,0
2019-12-01 15:10:00+00:00,3.02,0.0,19.62,0.29,3.97,14.82,4.76,0
2019-12-01 16:10:00+00:00,0.0,0.0,0.0,0.0,0.0,14.27,4.55,0
2019-12-01 17:10:00+00:00,0.0,0.0,0.0,0.0,0.0,13.89,4.48,0
2019-12-01 18:10:00+00:00,0.0,0.0,0.0,0.0,0.0,13.7,4.41,0
2019-12-01 19:10:00+00:00,0.0,0.0,0.0,0.0,0.0,14.06,4.9,0
2019-12-01 20:10:00+00:00,0.0,0.0,0.0,0.0,0.0,14.14,4.97,0
2019-12-01 21:10:00+00:00,0.0,0.0,0.0,0.0,0.0,14.03,4.76,0
2019-12-01 22:10:00+00:00,0.0,0.0,0.0,0.0,0.0,13.89,4.69,0
2019-12-01 23:10:00+00:00,0.0,0.0,0.0,0.0,0.0,13.82,4.69,0
2019-12-02 00:10:00+00:00,0.0,0.0,0.0,0.0,0.0,13.65,4.69,0
2019-12-02 01:10:00+00:00,0.0,0.0,0.0,0.0,0.0,13.87,4.9,0
2019-12-02 02:10:00+00:00,0.0,0.0,0.0,0.0,0.0,14.03,5.03,0
2019-12-02 03:10:00+00:00,0.0,0.0,0.0,0.0,0.0,14.05,5.1,0
2019-12-02 04:10:00+00:00,0.0,0.0,0.0,0.0,0.0,14.0,5.03,0
2019-12-02 05:10:00+00:00,0.0,0.0,0.0,0.0,0.0,13.96,4.9,0
2019-12-02 06:10:00+00:00,0.0,0.0,0.0,0.0,0.0,13.67,4.69,0
2019-12-02 07:10:00+00:00,3.97,0.0,23.18,0.35,7.05,14.31,5.59,0
2019-12-02 08:10:00+00:00,9.17,0.0,41.02,0.62,15.1,14.52,5.86,0
2019-12-02 09:10:00+00:00,27.58,0.0,97.19,1.46,21.33,15.0,5.72,0
2019-12-02 10:10:00+00:00,12.19,0.0,50.82,0.76,25.15,15.31,6.07,0
2019-12-02 11:10:00+00:00,8.05,0.0,37.45,0.56,26.13,15.3,5.86,0
2019-12-02 12:10:00+00:00,40.98,0.0,136.42,2.05,24.13,15.77,5.86,0
2019-12-02 13:10:00+00:00,7.23,0.0,34.77,0.52,19.41,15.74,5.45,0
2019-12-02 14:10:00+00:00,7.24,0.0,34.77,0.52,12.48,15.57,5.31,0
2019-12-02 15:10:00+00:00,0.0,0.0,5.35,0.08,3.92,15.19,5.1,0
2019-12-02 16:10:00+00:00,0.0,0.0,0.0,0.0,0.0,14.88,4.76,0
2019-12-02 17:10:00+00:00,0.0,0.0,0.0,0.0,0.0,14.83,4.41,0
2019-12-02 18:10:00+00:00,0.0,0.0,0.0,0.0,0.0,14.78,3.72,0
2019-12-02 19:10:00+00:00,0.0,0.0,0.0,0.0,0.0,14.77,3.66,0
2019-12-02 20:10:00+00:00,0.0,0.0,0.0,0.0,0.0,14.61,3.17,0
2019-12-02 21:10:00+00:00,0.0,0.0,0.0,0.0,0.0,14.51,2.76,0
2019-12-02 22:10:00+00:00,0.0,0.0,0.0,0.0,0.0,14.32,2.28,0
2019-12-02 23:10:00+00:00,0.0,0.0,0.0,0.0,0.0,14.1,2.41,0
2019-12-03 00:10:00+00:00,0.0,0.0,0.0,0.0,0.0,13.89,2.69,0
2019-12-03 01:10:00+00:00,0.0,0.0,0.0,0.0,0.0,13.71,2.97,0
2019-12-03 02:10:00+00:00,0.0,0.0,0.0,0.0,0.0,13.66,3.1,0
2019-12-03 03:10:00+00:00,0.0,0.0,0.0,0.0,0.0,13.56,2.9,0
2019-12-03 04:10:00+00:00,0.0,0.0,0.0,0.0,0.0,13.28,2.69,0
2019-12-03 05:10:00+00:00,0.0,0.0,0.0,0.0,0.0,12.66,2.55,0
2019-12-03 06:10:00+00:00,0.0,0.0,0.0,0.0,0.0,12.38,2.41,0
2019-12-03 07:10:00+00:00,7.66,0.0,35.67,0.54,6.88,11.51,2.0,0
2019-12-03 08:10:00+00:00,28.06,0.0,98.08,1.47,14.93,12.8,1.72,0
2019-12-03 09:10:00+00:00,40.32,0.0,134.64,2.02,21.16,14.62,1.66,0
2019-12-03 10:10:00+00:00,56.38,0.0,181.9,2.73,24.99,15.69,1.86,0
2019-12-03 11:10:00+00:00,58.04,0.0,187.25,2.81,25.99,16.31,1.86,0
2019-12-03 12:10:00+00:00,53.62,0.0,174.77,2.63,24.01,16.66,1.59,0
2019-12-03 13:10:00+00:00,40.79,0.0,137.32,2.06,19.31,16.76,1.45,0
2019-12-03 14:10:00+00:00,11.24,0.0,48.15,0.72,12.41,16.52,1.31,0
2019-12-03 15:10:00+00:00,1.89,0.0,15.16,0.23,3.87,16.0,1.17,0
2019-12-03 16:10:00+00:00,0.0,0.0,0.0,0.0,0.0,15.29,1.93,0
2019-12-03 17:10:00+00:00,0.0,0.0,0.0,0.0,0.0,14.33,2.76,0
2019-12-03 18:10:00+00:00,0.0,0.0,0.0,0.0,0.0,13.7,3.1,0
2019-12-03 19:10:00+00:00,0.0,0.0,0.0,0.0,0.0,13.14,2.55,0
2019-12-03 20:10:00+00:00,0.0,0.0,0.0,0.0,0.0,12.55,2.69,0
2019-12-03 21:10:00+00:00,0.0,0.0,0.0,0.0,0.0,11.65,3.1,0
2019-12-03 22:10:00+00:00,0.0,0.0,0.0,0.0,0.0,11.02,3.24,0
2019-12-03 23:10:00+00:00,0.0,0.0,0.0,0.0,0.0,10.43,3.1,0
2019-12-04 00:10:00+00:00,0.0,0.0,0.0,0.0,0.0,10.05,2.9,0
2019-12-04 01:10:00+00:00,0.0,0.0,0.0,0.0,0.0,9.55,2.97,0
2019-12-04 02:10:00+00:00,0.0,0.0,0.0,0.0,0.0,9.19,3.03,0
2019-12-04 03:10:00+00:00,0.0,0.0,0.0,0.0,0.0,8.99,3.03,0
2019-12-04 04:10:00+00:00,0.0,0.0,0.0,0.0,0.0,8.51,3.1,0
2019-12-04 05:10:00+00:00,0.0,0.0,0.0,0.0,0.0,8.09,3.1,0
2019-12-04 06:10:00+00:00,0.0,0.0,0.0,0.0,0.0,7.64,2.97,0
2019-12-04 07:10:00+00:00,8.94,0.0,39.23,0.59,6.71,7.53,2.83,0
2019-12-04 08:10:00+00:00,18.54,0.0,68.66,1.03,14.76,8.58,2.62,0
2019-12-04 09:10:00+00:00,26.28,0.0,91.84,1.38,20.99,10.27,2.41,0
2019-12-04 10:10:00+00:00,25.76,0.0,90.95,1.37,24.84,11.95,2.28,0
2019-12-04 11:10:00+00:00,29.83,0.0,103.43,1.55,25.85,13.4,2.14,0
2019-12-04 12:10:00+00:00,25.74,0.0,91.84,1.38,23.89,14.4,2.07,0
2019-12-04 13:10:00+00:00,15.04,0.0,59.74,0.9,19.23,15.0,2.21,0
2019-12-04 14:10:00+00:00,16.48,0.0,64.2,0.96,12.35,15.06,2.07,0
2019-12-04 15:10:00+00:00,3.25,0.0,20.51,0.31,3.82,14.43,1.38,0
2019-12-04 16:10:00+00:00,0.0,0.0,0.0,0.0,0.0,13.53,0.69,0
2019-12-04 17:10:00+00:00,0.0,0.0,0.0,0.0,0.0,13.2,0.62,0
2019-12-04 18:10:00+00:00,0.0,0.0,0.0,0.0,0.0,10.2,2.14,0
2019-12-04 19:10:00+00:00,0.0,0.0,0.0,0.0,0.0,9.35,2.34,0
2019-12-04 20:10:00+00:00,0.0,0.0,0.0,0.0,0.0,8.77,2.34,0
2019-12-04 21:10:00+00:00,0.0,0.0,0.0,0.0,0.0,8.17,2.28,0
2019-12-04 22:10:00+00:00,0.0,0.0,0.0,0.0,0.0,7.61,2.21,0
2019-12-04 23:10:00+00:00,0.0,0.0,0.0,0.0,0.0,7.17,2.14,0
2019-12-05 00:10:00+00:00,0.0,0.0,0.0,0.0,0.0,7.44,2.48,0
2019-12-05 01:10:00+00:00,0.0,0.0,0.0,0.0,0.0,7.5,2.83,0
2019-12-05 02:10:00+00:00,0.0,0.0,0.0,0.0,0.0,7.76,3.1,0
2019-12-05 03:10:00+00:00,0.0,0.0,0.0,0.0,0.0,7.79,2.48,0
2019-12-05 04:10:00+00:00,0.0,0.0,0.0,0.0,0.0,7.91,2.0,0
2019-12-05 05:10:00+00:00,0.0,0.0,0.0,0.0,0.0,8.36,2.34,0
2019-12-05 06:10:00+00:00,0.0,0.0,0.0,0.0,0.0,8.41,2.69,0
2019-12-05 07:10:00+00:00,8.88,0.0,39.23,0.59,6.55,8.6,2.55,0
2019-12-05 08:10:00+00:00,26.34,0.0,91.84,1.38,14.6,9.9,2.83,0
2019-12-05 09:10:00+00:00,44.4,0.0,144.45,2.17,20.84,11.86,2.76,0
2019-12-05 10:10:00+00:00,53.76,0.0,172.98,2.6,24.69,14.09,2.14,0
2019-12-05 11:10:00+00:00,58.79,0.0,189.03,2.84,25.72,15.71,1.66,0
2019-12-05 12:10:00+00:00,42.13,0.0,140.88,2.12,23.79,16.19,1.52,0
2019-12-05 13:10:00+00:00,40.82,0.0,137.32,2.06,19.15,16.63,1.52,0
2019-12-05 14:10:00+00:00,10.7,0.0,46.37,0.7,12.29,16.36,1.38,0
2019-12-05 15:10:00+00:00,3.0,0.0,19.62,0.29,3.78,15.58,1.17,0
2019-12-05 16:10:00+00:00,0.0,0.0,0.0,0.0,0.0,14.11,1.1,0
2019-12-05 17:10:00+00:00,0.0,0.0,0.0,0.0,0.0,12.74,1.45,0
2019-12-05 18:10:00+00:00,0.0,0.0,0.0,0.0,0.0,11.84,1.72,0
2019-12-05 19:10:00+00:00,0.0,0.0,0.0,0.0,0.0,10.77,2.07,0
2019-12-05 20:10:00+00:00,0.0,0.0,0.0,0.0,0.0,10.53,2.07,0
2019-12-05 21:10:00+00:00,0.0,0.0,0.0,0.0,0.0,10.07,2.0,0
2019-12-05 22:10:00+00:00,0.0,0.0,0.0,0.0,0.0,9.5,1.86,0
2019-12-05 23:10:00+00:00,0.0,0.0,0.0,0.0,0.0,9.03,1.86,0
2019-12-06 00:10:00+00:00,0.0,0.0,0.0,0.0,0.0,8.67,1.93,0
2019-12-06 01:10:00+00:00,0.0,0.0,0.0,0.0,0.0,8.74,1.93,0
2019-12-06 02:10:00+00:00,0.0,0.0,0.0,0.0,0.0,9.13,1.93,0
2019-12-06 03:10:00+00:00,0.0,0.0,0.0,0.0,0.0,8.84,1.93,0
2019-12-06 04:10:00+00:00,0.0,0.0,0.0,0.0,0.0,8.75,2.0,0
2019-12-06 05:10:00+00:00,0.0,0.0,0.0,0.0,0.0,8.74,2.0,0
2019-12-06 06:10:00+00:00,0.0,0.0,0.0,0.0,0.0,8.75,2.07,0
2019-12-06 07:10:00+00:00,7.48,0.0,34.77,0.52,6.39,9.11,1.59,0
2019-12-06 08:10:00+00:00,17.43,0.0,65.98,0.99,14.45,10.59,1.24,0
2019-12-06 09:10:00+00:00,41.37,0.0,137.32,2.06,20.69,13.59,0.97,0
2019-12-06 10:10:00+00:00,50.32,0.0,164.07,2.47,24.55,14.69,0.83,0
2019-12-06 11:10:00+00:00,53.92,0.0,174.77,2.63,25.6,15.19,1.1,0
2019-12-06 12:10:00+00:00,46.0,0.0,151.58,2.28,23.69,15.32,1.66,0
2019-12-06 13:10:00+00:00,39.58,0.0,132.86,2.0,19.07,15.38,1.86,0
2019-12-06 14:10:00+00:00,22.66,0.0,82.92,1.25,12.24,15.05,1.79,0
2019-12-06 15:10:00+00:00,2.79,0.0,18.72,0.28,3.75,14.65,1.38,0
2019-12-06 16:10:00+00:00,0.0,0.0,0.0,0.0,0.0,13.88,1.17,0
2019-12-06 17:10:00+00:00,0.0,0.0,0.0,0.0,0.0,13.19,0.97,0
2019-12-06 18:10:00+00:00,0.0,0.0,0.0,0.0,0.0,13.11,0.9,0
2019-12-06 19:10:00+00:00,0.0,0.0,0.0,0.0,0.0,11.3,1.59,0
2019-12-06 20:10:00+00:00,0.0,0.0,0.0,0.0,0.0,11.07,1.59,0
2019-12-06 21:10:00+00:00,0.0,0.0,0.0,0.0,0.0,11.42,1.31,0
2019-12-06 22:10:00+00:00,0.0,0.0,0.0,0.0,0.0,11.75,1.1,0
2019-12-06 23:10:00+00:00,0.0,0.0,0.0,0.0,0.0,11.96,1.24,0
2019-12-07 00:10:00+00:00,0.0,0.0,0.0,0.0,0.0,11.44,1.45,0
2019-12-07 01:10:00+00:00,0.0,0.0,0.0,0.0,0.0,11.57,1.59,0
2019-12-07 02:10:00+00:00,0.0,0.0,0.0,0.0,0.0,11.3,1.52,0
2019-12-07 03:10:00+00:00,0.0,0.0,0.0,0.0,0.0,11.79,1.24,0
2019-12-07 04:10:00+00:00,0.0,0.0,0.0,0.0,0.0,11.26,1.59,0
2019-12-07 05:10:00+00:00,0.0,0.0,0.0,0.0,0.0,10.88,1.52,0
2019-12-07 06:10:00+00:00,0.0,0.0,0.0,0.0,0.0,11.52,1.24,0
2019-12-07 07:10:00+00:00,7.64,0.0,35.67,0.54,6.24,11.83,1.1,0
2019-12-07 08:10:00+00:00,16.93,0.0,65.09,0.98,14.3,12.86,0.9,0
2019-12-07 09:10:00+00:00,30.28,0.0,105.22,1.58,20.54,13.84,0.69,0
2019-12-07 10:10:00+00:00,50.7,0.0,164.96,2.48,24.42,14.4,0.83,0
2019-12-07 11:10:00+00:00,57.74,0.0,185.47,2.79,25.49,14.75,1.24,0
2019-12-07 12:10:00+00:00,51.9,0.0,168.52,2.53,23.6,15.0,1.59,0
2019-12-07 13:10:00+00:00,38.41,0.0,129.29,1.94,19.01,15.03,1.72,0
2019-12-07 14:10:00+00:00,22.66,0.0,82.92,1.25,12.2,14.92,1.59,0
2019-12-07 15:10:00+00:00,3.02,0.0,19.62,0.29,3.73,14.39,1.1,0
2019-12-07 16:10:00+00:00,0.0,0.0,0.0,0.0,0.0,13.55,1.1,0
2019-12-07 17:10:00+00:00,0.0,0.0,0.0,0.0,0.0,12.82,1.24,0
2019-12-07 18:10:00+00:00,0.0,0.0,0.0,0.0,0.0,12.39,1.31,0
2019-12-07 19:10:00+00:00,0.0,0.0,0.0,0.0,0.0,13.11,0.48,0
2019-12-07 20:10:00+00:00,0.0,0.0,0.0,0.0,0.0,12.97,0.14,0
2019-12-07 21:10:00+00:00,0.0,0.0,0.0,0.0,0.0,13.17,0.0,0
2019-12-07 22:10:00+00:00,0.0,0.0,0.0,0.0,0.0,13.05,0.28,0
2019-12-07 23:10:00+00:00,0.0,0.0,0.0,0.0,0.0,12.69,0.48,0
2019-12-08 00:10:00+00:00,0.0,0.0,0.0,0.0,0.0,12.43,0.55,0
2019-12-08 01:10:00+00:00,0.0,0.0,0.0,0.0,0.0,12.25,0.69,0
2019-12-08 02:10:00+00:00,0.0,0.0,0.0,0.0,0.0,11.6,0.9,0
2019-12-08 03:10:00+00:00,0.0,0.0,0.0,0.0,0.0,10.97,1.03,0
2019-12-08 04:10:00+00:00,0.0,0.0,0.0,0.0,0.0,10.11,1.31,0
2019-12-08 05:10:00+00:00,0.0,0.0,0.0,0.0,0.0,9.79,1.45,0
2019-12-08 06:10:00+00:00,0.0,0.0,0.0,0.0,0.0,9.34,1.59,0
2019-12-08 07:10:00+00:00,8.01,0.0,36.56,0.55,6.1,9.43,1.66,0
2019-12-08 08:10:00+00:00,23.38,0.0,83.82,1.26,14.15,11.29,1.72,0
2019-12-08 09:10:00+00:00,44.59,0.0,146.23,2.2,20.4,13.44,1.86,0
2019-12-08 10:10:00+00:00,47.21,0.0,154.26,2.32,24.29,14.46,2.41,0
2019-12-08 11:10:00+00:00,49.6,0.0,161.39,2.42,25.38,15.2,3.24,0
2019-12-08 12:10:00+00:00,48.66,0.0,158.72,2.38,23.52,15.33,3.52,0
2019-12-08 13:10:00+00:00,40.36,0.0,134.64,2.02,18.95,15.1,3.31,0
2019-12-08 14:10:00+00:00,21.8,0.0,80.25,1.21,12.16,14.95,2.9,0
2019-12-08 15:10:00+00:00,1.49,0.0,13.37,0.2,3.71,14.49,2.34,0
2019-12-08 16:10:00+00:00,0.0,0.0,0.0,0.0,0.0,13.78,2.07,0
2019-12-08 17:10:00+00:00,0.0,0.0,0.0,0.0,0.0,13.27,1.93,0
2019-12-08 18:10:00+00:00,0.0,0.0,0.0,0.0,0.0,12.79,1.79,0
2019-12-08 19:10:00+00:00,0.0,0.0,0.0,0.0,0.0,12.07,1.17,0
2019-12-08 20:10:00+00:00,0.0,0.0,0.0,0.0,0.0,11.94,1.24,0
2019-12-08 21:10:00+00:00,0.0,0.0,0.0,0.0,0.0,11.13,1.45,0
2019-12-08 22:10:00+00:00,0.0,0.0,0.0,0.0,0.0,11.02,1.66,0
2019-12-08 23:10:00+00:00,0.0,0.0,0.0,0.0,0.0,10.7,1.72,0
2019-12-09 00:10:00+00:00,0.0,0.0,0.0,0.0,0.0,10.53,1.72,0
2019-12-09 01:10:00+00:00,0.0,0.0,0.0,0.0,0.0,10.56,1.86,0
2019-12-09 02:10:00+00:00,0.0,0.0,0.0,0.0,0.0,11.15,2.14,0
2019-12-09 03:10:00+00:00,0.0,0.0,0.0,0.0,0.0,11.86,2.28,0
2019-12-09 04:10:00+00:00,0.0,0.0,0.0,0.0,0.0,12.08,2.21,0
2019-12-09 05:10:00+00:00,0.0,0.0,0.0,0.0,0.0,11.51,2.14,0
2019-12-09 06:10:00+00:00,0.0,0.0,0.0,0.0,0.0,11.0,2.14,0
2019-12-09 07:10:00+00:00,7.12,0.0,33.88,0.51,5.95,11.62,2.48,0
2019-12-09 08:10:00+00:00,20.84,0.0,76.68,1.15,14.01,12.69,2.76,0
2019-12-09 09:10:00+00:00,44.98,0.0,147.12,2.21,20.27,13.66,3.24,0
2019-12-09 10:10:00+00:00,35.6,0.0,120.37,1.81,24.17,14.05,2.9,0
2019-12-09 11:10:00+00:00,43.27,0.0,142.67,2.14,25.28,14.51,3.45,0
2019-12-09 12:10:00+00:00,49.56,0.0,160.5,2.41,23.44,14.27,3.79,0
2019-12-09 13:10:00+00:00,36.62,0.0,123.05,1.85,18.89,13.49,2.83,0
2019-12-09 14:10:00+00:00,21.33,0.0,78.47,1.18,12.13,13.3,0.97,0
2019-12-09 15:10:00+00:00,3.04,0.0,19.62,0.29,3.7,13.06,0.62,0
2019-12-09 16:10:00+00:00,0.0,0.0,0.0,0.0,0.0,12.37,0.69,0
2019-12-09 17:10:00+00:00,0.0,0.0,0.0,0.0,0.0,11.26,1.24,0
2019-12-09 18:10:00+00:00,0.0,0.0,0.0,0.0,0.0,10.59,1.45,0
2019-12-09 19:10:00+00:00,0.0,0.0,0.0,0.0,0.0,9.64,1.45,0
2019-12-09 20:10:00+00:00,0.0,0.0,0.0,0.0,0.0,9.05,1.45,0
2019-12-09 21:10:00+00:00,0.0,0.0,0.0,0.0,0.0,8.4,1.45,0
2019-12-09 22:10:00+00:00,0.0,0.0,0.0,0.0,0.0,7.67,1.52,0
2019-12-09 23:10:00+00:00,0.0,0.0,0.0,0.0,0.0,7.56,1.38,0
2019-12-10 00:10:00+00:00,0.0,0.0,0.0,0.0,0.0,7.37,1.38,0
2019-12-10 01:10:00+00:00,0.0,0.0,0.0,0.0,0.0,7.49,1.79,0
2019-12-10 02:10:00+00:00,0.0,0.0,0.0,0.0,0.0,7.49,2.14,0
2019-12-10 03:10:00+00:00,0.0,0.0,0.0,0.0,0.0,7.33,2.34,0
2019-12-10 04:10:00+00:00,0.0,0.0,0.0,0.0,0.0,6.88,2.62,0
2019-12-10 05:10:00+00:00,0.0,0.0,0.0,0.0,0.0,6.8,3.1,0
2019-12-10 06:10:00+00:00,0.0,0.0,0.0,0.0,0.0,6.57,3.79,0
2019-12-10 07:10:00+00:00,7.05,0.0,32.99,0.5,5.82,6.34,4.0,0
2019-12-10 08:10:00+00:00,16.85,0.0,63.31,0.95,13.88,7.39,4.14,0
2019-12-10 09:10:00+00:00,22.74,0.0,81.14,1.22,20.15,9.45,4.14,0
2019-12-10 10:10:00+00:00,24.7,0.0,87.38,1.31,24.06,11.13,4.62,0
2019-12-10 11:10:00+00:00,27.31,0.0,95.41,1.43,25.19,12.4,5.24,0
2019-12-10 12:10:00+00:00,23.84,0.0,85.6,1.29,23.37,13.29,5.24,0
2019-12-10 13:10:00+00:00,21.08,0.0,77.57,1.17,18.85,13.72,5.52,0
2019-12-10 14:10:00+00:00,15.48,0.0,60.63,0.91,12.11,13.42,5.93,0
2019-12-10 15:10:00+00:00,3.06,0.0,19.62,0.29,3.69,12.45,6.14,0
2019-12-10 16:10:00+00:00,0.0,0.0,0.0,0.0,0.0,11.31,5.86,0
2019-12-10 17:10:00+00:00,0.0,0.0,0.0,0.0,0.0,10.43,5.66,0
2019-12-10 18:10:00+00:00,0.0,0.0,0.0,0.0,0.0,9.74,5.52,0
2019-12-10 19:10:00+00:00,0.0,0.0,0.0,0.0,0.0,9.82,4.9,0
2019-12-10 20:10:00+00:00,0.0,0.0,0.0,0.0,0.0,9.42,4.48,0
2019-12-10 21:10:00+00:00,0.0,0.0,0.0,0.0,0.0,8.97,4.41,0
2019-12-10 22:10:00+00:00,0.0,0.0,0.0,0.0,0.0,8.55,4.55,0
2019-12-10 23:10:00+00:00,0.0,0.0,0.0,0.0,0.0,8.18,5.03,0
2019-12-11 00:10:00+00:00,0.0,0.0,0.0,0.0,0.0,7.81,5.31,0
2019-12-11 01:10:00+00:00,0.0,0.0,0.0,0.0,0.0,7.42,5.31,0
2019-12-11 02:10:00+00:00,0.0,0.0,0.0,0.0,0.0,7.02,5.17,0
2019-12-11 03:10:00+00:00,0.0,0.0,0.0,0.0,0.0,6.63,5.1,0
2019-12-11 04:10:00+00:00,0.0,0.0,0.0,0.0,0.0,6.2,5.17,0
2019-12-11 05:10:00+00:00,0.0,0.0,0.0,0.0,0.0,5.78,5.17,0
2019-12-11 06:10:00+00:00,0.0,0.0,0.0,0.0,0.0,5.38,4.97,0
2019-12-11 07:10:00+00:00,6.82,0.0,32.1,0.48,5.68,5.3,4.0,0
2019-12-11 08:10:00+00:00,16.34,0.0,61.52,0.92,13.75,6.11,3.31,0
2019-12-11 09:10:00+00:00,22.6,0.0,80.25,1.21,20.03,7.73,3.03,0
2019-12-11 10:10:00+00:00,26.73,0.0,92.73,1.39,23.96,9.29,2.62,0
2019-12-11 11:10:00+00:00,25.0,0.0,88.27,1.33,25.1,10.57,2.07,0
2019-12-11 12:10:00+00:00,25.48,0.0,90.06,1.35,23.31,11.4,1.24,0
2019-12-11 13:10:00+00:00,20.88,0.0,76.68,1.15,18.81,11.76,0.69,0
2019-12-11 14:10:00+00:00,16.14,0.0,62.42,0.94,12.09,11.74,1.03,0
2019-12-11 15:10:00+00:00,3.31,0.0,20.51,0.31,3.69,11.21,1.31,0
2019-12-11 16:10:00+00:00,0.0,0.0,0.0,0.0,0.0,9.92,1.66,0
2019-12-11 17:10:00+00:00,0.0,0.0,0.0,0.0,0.0,8.42,1.86,0
2019-12-11 18:10:00+00:00,0.0,0.0,0.0,0.0,0.0,7.3,1.93,0
2019-12-11 19:10:00+00:00,0.0,0.0,0.0,0.0,0.0,6.55,2.07,0
2019-12-11 20:10:00+00:00,0.0,0.0,0.0,0.0,0.0,6.09,1.72,0
2019-12-11 21:10:00+00:00,0.0,0.0,0.0,0.0,0.0,6.29,1.38,0
2019-12-11 22:10:00+00:00,0.0,0.0,0.0,0.0,0.0,5.73,1.38,0
2019-12-11 23:10:00+00:00,0.0,0.0,0.0,0.0,0.0,5.44,1.31,0
2019-12-12 00:10:00+00:00,0.0,0.0,0.0,0.0,0.0,5.2,1.31,0
2019-12-12 01:10:00+00:00,0.0,0.0,0.0,0.0,0.0,5.42,1.1,0
2019-12-12 02:10:00+00:00,0.0,0.0,0.0,0.0,0.0,6.33,0.83,0
2019-12-12 03:10:00+00:00,0.0,0.0,0.0,0.0,0.0,5.17,1.31,0
2019-12-12 04:10:00+00:00,0.0,0.0,0.0,0.0,0.0,4.57,1.72,0
2019-12-12 05:10:00+00:00,0.0,0.0,0.0,0.0,0.0,4.93,1.79,0
2019-12-12 06:10:00+00:00,0.0,0.0,0.0,0.0,0.0,5.46,1.79,0
2019-12-12 07:10:00+00:00,7.04,0.0,32.99,0.5,5.56,6.5,2.14,0
2019-12-12 08:10:00+00:00,19.22,0.0,70.44,1.06,13.63,7.58,2.07,0
2019-12-12 09:10:00+00:00,39.25,0.0,128.4,1.93,19.91,9.03,2.07,0
2019-12-12 10:10:00+00:00,54.47,0.0,172.09,2.59,23.86,10.44,2.62,0
2019-12-12 11:10:00+00:00,54.0,0.0,171.2,2.57,25.02,10.86,2.28,0
2019-12-12 12:10:00+00:00,7.94,0.0,36.56,0.55,23.26,11.11,1.72,0
2019-12-12 13:10:00+00:00,33.25,0.0,112.35,1.69,18.78,10.96,1.59,0
2019-12-12 14:10:00+00:00,21.39,0.0,77.57,1.17,12.08,10.37,2.9,0
2019-12-12 15:10:00+00:00,0.76,0.0,9.81,0.15,3.7,9.96,2.9,0
2019-12-12 16:10:00+00:00,0.0,0.0,0.0,0.0,0.0,9.4,2.76,0
2019-12-12 17:10:00+00:00,0.0,0.0,0.0,0.0,0.0,8.66,2.28,0
2019-12-12 18:10:00+00:00,0.0,0.0,0.0,0.0,0.0,7.53,1.79,0
2019-12-12 19:10:00+00:00,0.0,0.0,0.0,0.0,0.0,8.18,1.31,0
2019-12-12 20:10:00+00:00,0.0,0.0,0.0,0.0,0.0,8.34,1.03,0
2019-12-12 21:10:00+00:00,0.0,0.0,0.0,0.0,0.0,8.12,0.69,0
2019-12-12 22:10:00+00:00,0.0,0.0,0.0,0.0,0.0,7.92,0.48,0
2019-12-12 23:10:00+00:00,0.0,0.0,0.0,0.0,0.0,7.55,0.48,0
2019-12-13 00:10:00+00:00,0.0,0.0,0.0,0.0,0.0,7.36,0.76,0
2019-12-13 01:10:00+00:00,0.0,0.0,0.0,0.0,0.0,6.0,1.38,0
2019-12-13 02:10:00+00:00,0.0,0.0,0.0,0.0,0.0,4.59,2.21,0
2019-12-13 03:10:00+00:00,0.0,0.0,0.0,0.0,0.0,5.09,2.62,0
2019-12-13 04:10:00+00:00,0.0,0.0,0.0,0.0,0.0,5.36,2.48,0
2019-12-13 05:10:00+00:00,0.0,0.0,0.0,0.0,0.0,6.42,2.97,0
2019-12-13 06:10:00+00:00,0.0,0.0,0.0,0.0,0.0,7.7,3.52,0
2019-12-13 07:10:00+00:00,6.17,0.0,30.32,0.46,5.44,8.37,4.07,0
2019-12-13 08:10:00+00:00,9.42,0.0,41.02,0.62,13.52,9.19,4.83,0
2019-12-13 09:10:00+00:00,14.26,0.0,56.17,0.84,19.81,10.14,5.17,0
2019-12-13 10:10:00+00:00,42.87,0.0,139.1,2.09,23.77,11.0,5.66,0
2019-12-13 11:10:00+00:00,17.4,0.0,65.98,0.99,24.95,11.64,6.0,0
2019-12-13 12:10:00+00:00,12.41,0.0,50.82,0.76,23.21,11.88,6.62,0
2019-12-13 13:10:00+00:00,15.59,0.0,60.63,0.91,18.76,12.17,7.17,0
2019-12-13 14:10:00+00:00,8.72,0.0,39.23,0.59,12.08,12.59,8.34,0
2019-12-13 15:10:00+00:00,1.1,0.0,11.59,0.17,3.71,13.72,9.38,0
2019-12-13 16:10:00+00:00,0.0,0.0,0.0,0.0,0.0,12.78,9.59,0
2019-12-13 17:10:00+00:00,0.0,0.0,0.0,0.0,0.0,11.07,8.9,0
2019-12-13 18:10:00+00:00,0.0,0.0,0.0,0.0,0.0,10.89,8.21,0
2019-12-13 19:10:00+00:00,0.0,0.0,0.0,0.0,0.0,10.82,8.41,0
2019-12-13 20:10:00+00:00,0.0,0.0,0.0,0.0,0.0,10.61,8.21,0
2019-12-13 21:10:00+00:00,0.0,0.0,0.0,0.0,0.0,10.18,7.93,0
2019-12-13 22:10:00+00:00,0.0,0.0,0.0,0.0,0.0,9.96,7.52,0
2019-12-13 23:10:00+00:00,0.0,0.0,0.0,0.0,0.0,9.59,6.69,0
2019-12-14 00:10:00+00:00,0.0,0.0,0.0,0.0,0.0,9.18,6.34,0
2019-12-14 01:10:00+00:00,0.0,0.0,0.0,0.0,0.0,8.71,6.21,0
2019-12-14 02:10:00+00:00,0.0,0.0,0.0,0.0,0.0,8.18,5.86,0
2019-12-14 03:10:00+00:00,0.0,0.0,0.0,0.0,0.0,7.55,5.52,0
2019-12-14 04:10:00+00:00,0.0,0.0,0.0,0.0,0.0,7.13,5.03,0
2019-12-14 05:10:00+00:00,0.0,0.0,0.0,0.0,0.0,6.61,4.34,0
2019-12-14 06:10:00+00:00,0.0,0.0,0.0,0.0,0.0,5.97,3.79,0
2019-12-14 07:10:00+00:00,6.23,0.0,30.32,0.46,5.32,6.45,3.66,0
2019-12-14 08:10:00+00:00,15.04,0.0,57.96,0.87,13.41,7.34,3.17,0
2019-12-14 09:10:00+00:00,20.59,0.0,74.9,1.13,19.71,9.25,2.62,0
2019-12-14 10:10:00+00:00,26.18,0.0,91.84,1.38,23.69,11.04,2.14,0
2019-12-14 11:10:00+00:00,24.78,0.0,88.27,1.33,24.89,12.28,1.72,0
2019-12-14 12:10:00+00:00,24.68,0.0,88.27,1.33,23.17,13.15,1.66,0
2019-12-14 13:10:00+00:00,20.12,0.0,74.9,1.13,18.74,13.67,1.66,0
2019-12-14 14:10:00+00:00,15.99,0.0,62.42,0.94,12.08,13.81,1.59,0
2019-12-14 15:10:00+00:00,3.27,0.0,20.51,0.31,3.73,13.34,1.38,0
2019-12-14 16:10:00+00:00,0.0,0.0,0.0,0.0,0.0,12.36,0.9,0
2019-12-14 17:10:00+00:00,0.0,0.0,0.0,0.0,0.0,12.99,0.55,0
2019-12-14 18:10:00+00:00,0.0,0.0,0.0,0.0,0.0,12.86,0.34,0
2019-12-14 19:10:00+00:00,0.0,0.0,0.0,0.0,0.0,12.32,1.03,0
2019-12-14 20:10:00+00:00,0.0,0.0,0.0,0.0,0.0,9.28,1.59,0
2019-12-14 21:10:00+00:00,0.0,0.0,0.0,0.0,0.0,8.78,1.38,0
2019-12-14 22:10:00+00:00,0.0,0.0,0.0,0.0,0.0,8.53,1.38,0
2019-12-14 23:10:00+00:00,0.0,0.0,0.0,0.0,0.0,7.9,1.52,0
2019-12-15 00:10:00+00:00,0.0,0.0,0.0,0.0,0.0,8.26,1.38,0
2019-12-15 01:10:00+00:00,0.0,0.0,0.0,0.0,0.0,8.02,1.52,0
2019-12-15 02:10:00+00:00,0.0,0.0,0.0,0.0,0.0,6.99,1.93,0
2019-12-15 03:10:00+00:00,0.0,0.0,0.0,0.0,0.0,6.54,1.72,0
2019-12-15 04:10:00+00:00,0.0,0.0,0.0,0.0,0.0,6.13,1.79,0
2019-12-15 05:10:00+00:00,0.0,0.0,0.0,0.0,0.0,6.26,2.14,0
2019-12-15 06:10:00+00:00,0.0,0.0,0.0,0.0,0.0,6.63,2.34,0
2019-12-15 07:10:00+00:00,6.2,0.0,30.32,0.46,5.21,7.19,2.28,0
2019-12-15 08:10:00+00:00,26.33,0.0,91.84,1.38,13.3,9.89,2.34,0
2019-12-15 09:10:00+00:00,35.43,0.0,119.48,1.8,19.62,13.11,2.55,0
2019-12-15 10:10:00+00:00,30.94,0.0,107.0,1.61,23.61,14.46,3.17,0
2019-12-15 11:10:00+00:00,23.86,0.0,86.49,1.3,24.84,15.43,3.59,0
2019-12-15 12:10:00+00:00,51.02,0.0,165.85,2.49,23.14,15.87,3.66,0
2019-12-15 13:10:00+00:00,35.34,0.0,120.37,1.81,18.73,15.71,3.52,0
2019-12-15 14:10:00+00:00,6.19,0.0,31.21,0.47,12.09,15.65,3.52,0
2019-12-15 15:10:00+00:00,3.02,0.0,19.62,0.29,3.76,14.7,3.24,0
2019-12-15 16:10:00+00:00,0.0,0.0,0.0,0.0,0.0,13.86,3.31,0
2019-12-15 17:10:00+00:00,0.0,0.0,0.0,0.0,0.0,13.22,3.45,0
2019-12-15 18:10:00+00:00,0.0,0.0,0.0,0.0,0.0,12.82,3.66,0
2019-12-15 19:10:00+00:00,0.0,0.0,0.0,0.0,0.0,12.95,3.86,0
2019-12-15 20:10:00+00:00,0.0,0.0,0.0,0.0,0.0,12.82,3.79,0
2019-12-15 21:10:00+00:00,0.0,0.0,0.0,0.0,0.0,12.66,3.72,0
2019-12-15 22:10:00+00:00,0.0,0.0,0.0,0.0,0.0,12.48,3.72,0
2019-12-15 23:10:00+00:00,0.0,0.0,0.0,0.0,0.0,12.26,3.66,0
2019-12-16 00:10:00+00:00,0.0,0.0,0.0,0.0,0.0,12.32,3.86,0
2019-12-16 01:10:00+00:00,0.0,0.0,0.0,0.0,0.0,12.52,4.0,0
2019-12-16 02:10:00+00:00,0.0,0.0,0.0,0.0,0.0,12.63,4.07,0
2019-12-16 03:10:00+00:00,0.0,0.0,0.0,0.0,0.0,12.7,3.93,0
2019-12-16 04:10:00+00:00,0.0,0.0,0.0,0.0,0.0,12.7,3.86,0
2019-12-16 05:10:00+00:00,0.0,0.0,0.0,0.0,0.0,12.63,3.86,0
2019-12-16 06:10:00+00:00,0.0,0.0,0.0,0.0,0.0,12.68,3.86,0
2019-12-16 07:10:00+00:00,5.02,0.0,26.75,0.4,5.11,12.16,3.66,0
2019-12-16 08:10:00+00:00,24.46,0.0,87.38,1.31,13.21,12.89,3.66,0
2019-12-16 09:10:00+00:00,42.84,0.0,140.88,2.12,19.53,13.8,4.14,0
2019-12-16 10:10:00+00:00,50.17,0.0,162.28,2.44,23.54,14.57,4.48,0
2019-12-16 11:10:00+00:00,54.01,0.0,173.87,2.61,24.79,15.55,5.03,0
2019-12-16 12:10:00+00:00,52.35,0.0,169.42,2.55,23.12,16.06,5.31,0
2019-12-16 13:10:00+00:00,21.74,0.0,80.25,1.21,18.73,15.89,4.9,0
2019-12-16 14:10:00+00:00,10.76,0.0,46.37,0.7,12.11,15.8,4.62,0
2019-12-16 15:10:00+00:00,3.0,0.0,19.62,0.29,3.79,15.32,4.48,0
2019-12-16 16:10:00+00:00,0.0,0.0,0.0,0.0,0.0,14.47,4.41,0
2019-12-16 17:10:00+00:00,0.0,0.0,0.0,0.0,0.0,13.98,4.41,0
2019-12-16 18:10:00+00:00,0.0,0.0,0.0,0.0,0.0,13.64,4.55,0
2019-12-16 19:10:00+00:00,0.0,0.0,0.0,0.0,0.0,13.55,4.55,0
2019-12-16 20:10:00+00:00,0.0,0.0,0.0,0.0,0.0,13.55,4.83,0
2019-12-16 21:10:00+00:00,0.0,0.0,0.0,0.0,0.0,13.57,4.9,0
2019-12-16 22:10:00+00:00,0.0,0.0,0.0,0.0,0.0,13.62,5.03,0
2019-12-16 23:10:00+00:00,0.0,0.0,0.0,0.0,0.0,13.72,5.17,0
2019-12-17 00:10:00+00:00,0.0,0.0,0.0,0.0,0.0,13.81,5.38,0
2019-12-17 01:10:00+00:00,0.0,0.0,0.0,0.0,0.0,13.85,5.31,0
2019-12-17 02:10:00+00:00,0.0,0.0,0.0,0.0,0.0,13.82,5.24,0
2019-12-17 03:10:00+00:00,0.0,0.0,0.0,0.0,0.0,13.73,5.17,0
2019-12-17 04:10:00+00:00,0.0,0.0,0.0,0.0,0.0,13.64,5.17,0
2019-12-17 05:10:00+00:00,0.0,0.0,0.0,0.0,0.0,13.52,5.1,0
2019-12-17 06:10:00+00:00,0.0,0.0,0.0,0.0,0.0,13.33,5.03,0
2019-12-17 07:10:00+00:00,5.75,0.0,29.42,0.44,5.01,13.44,5.03,0
2019-12-17 08:10:00+00:00,19.84,0.0,74.01,1.11,13.11,14.18,5.1,0
2019-12-17 09:10:00+00:00,42.24,0.0,139.99,2.1,19.45,15.49,5.1,0
2019-12-17 10:10:00+00:00,23.77,0.0,86.49,1.3,23.48,16.51,5.59,0
2019-12-17 11:10:00+00:00,34.94,0.0,119.48,1.8,24.75,16.9,6.21,0
2019-12-17 12:10:00+00:00,48.13,0.0,157.82,2.37,23.1,17.03,6.0,0
2019-12-17 13:10:00+00:00,38.88,0.0,131.07,1.97,18.74,16.99,5.66,0
2019-12-17 14:10:00+00:00,22.54,0.0,82.92,1.25,12.13,16.71,5.03,0
2019-12-17 15:10:00+00:00,2.32,0.0,16.94,0.25,3.83,16.04,4.28,0
2019-12-17 16:10:00+00:00,0.0,0.0,0.0,0.0,0.0,15.05,4.21,0
2019-12-17 17:10:00+00:00,0.0,0.0,0.0,0.0,0.0,14.48,4.21,0
2019-12-17 18:10:00+00:00,0.0,0.0,0.0,0.0,0.0,14.04,4.07,0
2019-12-17 19:10:00+00:00,0.0,0.0,0.0,0.0,0.0,14.12,4.14,0
2019-12-17 20:10:00+00:00,0.0,0.0,0.0,0.0,0.0,13.82,4.0,0
2019-12-17 21:10:00+00:00,0.0,0.0,0.0,0.0,0.0,13.52,3.86,0
2019-12-17 22:10:00+00:00,0.0,0.0,0.0,0.0,0.0,13.19,3.72,0
2019-12-17 23:10:00+00:00,0.0,0.0,0.0,0.0,0.0,12.92,3.66,0
2019-12-18 00:10:00+00:00,0.0,0.0,0.0,0.0,0.0,12.76,3.79,0
2019-12-18 01:10:00+00:00,0.0,0.0,0.0,0.0,0.0,12.78,3.93,0
2019-12-18 02:10:00+00:00,0.0,0.0,0.0,0.0,0.0,12.79,3.93,0
2019-12-18 03:10:00+00:00,0.0,0.0,0.0,0.0,0.0,12.71,3.86,0
2019-12-18 04:10:00+00:00,0.0,0.0,0.0,0.0,0.0,12.51,3.72,0
2019-12-18 05:10:00+00:00,0.0,0.0,0.0,0.0,0.0,12.25,3.66,0
2019-12-18 06:10:00+00:00,0.0,0.0,0.0,0.0,0.0,12.15,3.59,0
2019-12-18 07:10:00+00:00,3.78,0.0,22.29,0.33,4.91,12.15,3.31,0
2019-12-18 08:10:00+00:00,17.84,0.0,67.77,1.02,13.03,13.04,3.1,0
2019-12-18 09:10:00+00:00,35.23,0.0,119.48,1.8,19.38,14.46,3.1,0
2019-12-18 10:10:00+00:00,39.32,0.0,131.97,1.98,23.43,15.66,3.31,0
2019-12-18 11:10:00+00:00,45.03,0.0,148.91,2.24,24.72,16.45,3.66,0
2019-12-18 12:10:00+00:00,51.72,0.0,168.52,2.53,23.09,16.79,3.66,0
2019-12-18 13:10:00+00:00,30.27,0.0,106.11,1.59,18.75,16.94,3.31,0
2019-12-18 14:10:00+00:00,19.27,0.0,73.12,1.1,12.16,16.63,3.17,0
2019-12-18 15:10:00+00:00,2.1,0.0,16.05,0.24,3.87,16.26,3.31,0
2019-12-18 16:10:00+00:00,0.0,0.0,0.0,0.0,0.0,15.53,3.45,0
2019-12-18 17:10:00+00:00,0.0,0.0,0.0,0.0,0.0,14.95,3.59,0
2019-12-18 18:10:00+00:00,0.0,0.0,0.0,0.0,0.0,14.54,3.72,0
2019-12-18 19:10:00+00:00,0.0,0.0,0.0,0.0,0.0,14.11,2.97,0
2019-12-18 20:10:00+00:00,0.0,0.0,0.0,0.0,0.0,13.87,3.1,0
2019-12-18 21:10:00+00:00,0.0,0.0,0.0,0.0,0.0,13.45,3.1,0
2019-12-18 22:10:00+00:00,0.0,0.0,0.0,0.0,0.0,13.24,2.9,0
2019-12-18 23:10:00+00:00,0.0,0.0,0.0,0.0,0.0,13.1,2.76,0
2019-12-19 00:10:00+00:00,0.0,0.0,0.0,0.0,0.0,12.86,2.9,0
2019-12-19 01:10:00+00:00,0.0,0.0,0.0,0.0,0.0,12.61,2.97,0
2019-12-19 02:10:00+00:00,0.0,0.0,0.0,0.0,0.0,12.31,2.9,0
2019-12-19 03:10:00+00:00,0.0,0.0,0.0,0.0,0.0,12.01,2.9,0
2019-12-19 04:10:00+00:00,0.0,0.0,0.0,0.0,0.0,12.22,3.03,0
2019-12-19 05:10:00+00:00,0.0,0.0,0.0,0.0,0.0,12.23,3.17,0
2019-12-19 06:10:00+00:00,0.0,0.0,0.0,0.0,0.0,12.43,3.52,0
2019-12-19 07:10:00+00:00,1.72,0.0,14.27,0.21,4.82,12.8,4.07,0
2019-12-19 08:10:00+00:00,10.62,0.0,45.47,0.68,12.95,13.03,3.79,0
2019-12-19 09:10:00+00:00,16.64,0.0,64.2,0.96,19.32,13.46,3.79,0
2019-12-19 10:10:00+00:00,15.74,0.0,61.52,0.92,23.38,13.68,3.59,0
2019-12-19 11:10:00+00:00,24.32,0.0,87.38,1.31,24.69,13.95,2.83,0
2019-12-19 12:10:00+00:00,30.34,0.0,105.22,1.58,23.09,14.2,2.41,0
2019-12-19 13:10:00+00:00,26.72,0.0,94.52,1.42,18.77,13.95,2.28,0
2019-12-19 14:10:00+00:00,14.87,0.0,58.85,0.88,12.2,13.38,2.21,0
2019-12-19 15:10:00+00:00,3.04,0.0,19.62,0.29,3.92,13.01,2.28,0
2019-12-19 16:10:00+00:00,0.0,0.0,0.0,0.0,0.0,12.65,2.55,0
2019-12-19 17:10:00+00:00,0.0,0.0,0.0,0.0,0.0,12.31,2.55,0
2019-12-19 18:10:00+00:00,0.0,0.0,0.0,0.0,0.0,11.33,2.07,0
2019-12-19 19:10:00+00:00,0.0,0.0,0.0,0.0,0.0,11.0,2.83,0
2019-12-19 20:10:00+00:00,0.0,0.0,0.0,0.0,0.0,10.27,2.55,0
2019-12-19 21:10:00+00:00,0.0,0.0,0.0,0.0,0.0,9.55,2.62,0
2019-12-19 22:10:00+00:00,0.0,0.0,0.0,0.0,0.0,9.12,2.62,0
2019-12-19 23:10:00+00:00,0.0,0.0,0.0,0.0,0.0,8.77,2.28,0
2019-12-20 00:10:00+00:00,0.0,0.0,0.0,0.0,0.0,8.8,2.28,0
2019-12-20 01:10:00+00:00,0.0,0.0,0.0,0.0,0.0,8.67,2.14,0
2019-12-20 02:10:00+00:00,0.0,0.0,0.0,0.0,0.0,8.7,2.07,0
2019-12-20 03:10:00+00:00,0.0,0.0,0.0,0.0,0.0,9.11,2.41,0
2019-12-20 04:10:00+00:00,0.0,0.0,0.0,0.0,0.0,9.03,2.55,0
2019-12-20 05:10:00+00:00,0.0,0.0,0.0,0.0,0.0,9.22,2.69,0
2019-12-20 06:10:00+00:00,0.0,0.0,0.0,0.0,0.0,9.37,2.83,0
2019-12-20 07:10:00+00:00,5.06,0.0,26.75,0.4,4.74,10.38,2.41,0
2019-12-20 08:10:00+00:00,23.1,0.0,82.92,1.25,12.88,11.5,3.24,0
2019-12-20 09:10:00+00:00,39.02,0.0,129.29,1.94,19.26,12.55,3.93,0
2019-12-20 10:10:00+00:00,53.22,0.0,170.31,2.56,23.34,13.72,4.83,0
2019-12-20 11:10:00+00:00,56.61,0.0,180.12,2.71,24.68,14.4,6.48,0
2019-12-20 12:10:00+00:00,31.01,0.0,107.0,1.61,23.09,14.78,7.1,0
2019-12-20 13:10:00+00:00,38.36,0.0,128.4,1.93,18.79,15.08,6.83,0
2019-12-20 14:10:00+00:00,15.96,0.0,62.42,0.94,12.24,14.94,6.83,0
2019-12-20 15:10:00+00:00,3.25,0.0,20.51,0.31,3.98,14.67,7.03,0
2019-12-20 16:10:00+00:00,0.0,0.0,0.0,0.0,0.0,14.22,7.24,0
2019-12-20 17:10:00+00:00,0.0,0.0,0.0,0.0,0.0,14.15,7.59,0
2019-12-20 18:10:00+00:00,0.0,0.0,0.0,0.0,0.0,14.27,7.72,0
2019-12-20 19:10:00+00:00,0.0,0.0,0.0,0.0,0.0,14.46,7.66,0
2019-12-20 20:10:00+00:00,0.0,0.0,0.0,0.0,0.0,14.65,7.72,0
2019-12-20 21:10:00+00:00,0.0,0.0,0.0,0.0,0.0,14.59,7.45,0
2019-12-20 22:10:00+00:00,0.0,0.0,0.0,0.0,0.0,14.46,6.97,0
2019-12-20 23:10:00+00:00,0.0,0.0,0.0,0.0,0.0,14.27,6.48,0
2019-12-21 00:10:00+00:00,0.0,0.0,0.0,0.0,0.0,14.06,6.34,0
2019-12-21 01:10:00+00:00,0.0,0.0,0.0,0.0,0.0,14.1,6.28,0
2019-12-21 02:10:00+00:00,0.0,0.0,0.0,0.0,0.0,14.2,6.41,0
2019-12-21 03:10:00+00:00,0.0,0.0,0.0,0.0,0.0,14.47,6.83,0
2019-12-21 04:10:00+00:00,0.0,0.0,0.0,0.0,0.0,14.74,7.79,0
2019-12-21 05:10:00+00:00,0.0,0.0,0.0,0.0,0.0,14.92,8.34,0
2019-12-21 06:10:00+00:00,0.0,0.0,0.0,0.0,0.0,14.99,8.76,0
2019-12-21 07:10:00+00:00,3.49,0.0,21.4,0.32,4.66,14.67,9.86,0
2019-12-21 08:10:00+00:00,21.03,0.0,77.57,1.17,12.81,14.72,10.48,0
2019-12-21 09:10:00+00:00,30.75,0.0,106.11,1.59,19.21,14.79,10.0,0
2019-12-21 10:10:00+00:00,29.46,0.0,102.54,1.54,23.31,15.09,9.31,0
2019-12-21 11:10:00+00:00,56.77,0.0,181.01,2.72,24.67,15.56,9.38,0
2019-12-21 12:10:00+00:00,46.91,0.0,153.37,2.3,23.11,15.96,7.79,0
2019-12-21 13:10:00+00:00,22.62,0.0,82.92,1.25,18.83,16.35,7.17,0
2019-12-21 14:10:00+00:00,5.91,0.0,30.32,0.46,12.29,16.41,7.1,0
2019-12-21 15:10:00+00:00,3.7,0.0,22.29,0.33,4.04,15.58,6.34,0
2019-12-21 16:10:00+00:00,0.0,0.0,0.0,0.0,0.0,14.71,5.52,0
2019-12-21 17:10:00+00:00,0.0,0.0,0.0,0.0,0.0,14.13,5.03,0
2019-12-21 18:10:00+00:00,0.0,0.0,0.0,0.0,0.0,13.83,4.55,0
2019-12-21 19:10:00+00:00,0.0,0.0,0.0,0.0,0.0,13.48,4.07,0
2019-12-21 20:10:00+00:00,0.0,0.0,0.0,0.0,0.0,13.11,3.38,0
2019-12-21 21:10:00+00:00,0.0,0.0,0.0,0.0,0.0,12.82,3.38,0
2019-12-21 22:10:00+00:00,0.0,0.0,0.0,0.0,0.0,12.62,3.45,0
2019-12-21 23:10:00+00:00,0.0,0.0,0.0,0.0,0.0,13.07,4.28,0
2019-12-22 00:10:00+00:00,0.0,0.0,0.0,0.0,0.0,13.76,5.24,0
2019-12-22 01:10:00+00:00,0.0,0.0,0.0,0.0,0.0,14.21,6.41,0
2019-12-22 02:10:00+00:00,0.0,0.0,0.0,0.0,0.0,15.03,7.93,0
2019-12-22 03:10:00+00:00,0.0,0.0,0.0,0.0,0.0,15.47,8.34,0
2019-12-22 04:10:00+00:00,0.0,0.0,0.0,0.0,0.0,15.42,9.45,0
2019-12-22 05:10:00+00:00,0.0,0.0,0.0,0.0,0.0,14.33,10.34,0
2019-12-22 06:10:00+00:00,0.0,0.0,0.0,0.0,0.0,14.32,8.76,0
2019-12-22 07:10:00+00:00,4.71,0.0,25.86,0.39,4.59,14.45,9.24,0
2019-12-22 08:10:00+00:00,17.17,0.0,65.98,0.99,12.75,14.59,10.0,0
2019-12-22 09:10:00+00:00,24.34,0.0,87.38,1.31,19.16,14.74,10.62,0
2019-12-22 10:10:00+00:00,35.11,0.0,118.59,1.78,23.29,14.64,10.9,0
2019-12-22 11:10:00+00:00,27.12,0.0,95.41,1.43,24.67,14.4,10.21,0
2019-12-22 12:10:00+00:00,11.4,0.0,48.15,0.72,23.13,14.63,8.76,0
2019-12-22 13:10:00+00:00,4.2,0.0,24.07,0.36,18.87,14.92,8.9,0
2019-12-22 14:10:00+00:00,14.53,0.0,57.96,0.87,12.35,14.7,8.76,0
2019-12-22 15:10:00+00:00,3.26,0.0,20.51,0.31,4.11,14.37,7.66,0
2019-12-22 16:10:00+00:00,0.0,0.0,0.0,0.0,0.0,14.07,6.83,0
2019-12-22 17:10:00+00:00,0.0,0.0,0.0,0.0,0.0,13.79,6.41,0
2019-12-22 18:10:00+00:00,0.0,0.0,0.0,0.0,0.0,13.51,6.07,0
2019-12-22 19:10:00+00:00,0.0,0.0,0.0,0.0,0.0,13.48,6.62,0
2019-12-22 20:10:00+00:00,0.0,0.0,0.0,0.0,0.0,13.35,6.48,0
2019-12-22 21:10:00+00:00,0.0,0.0,0.0,0.0,0.0,13.25,6.9,0
2019-12-22 22:10:00+00:00,0.0,0.0,0.0,0.0,0.0,13.23,7.24,0
2019-12-22 23:10:00+00:00,0.0,0.0,0.0,0.0,0.0,13.16,6.97,0
2019-12-23 00:10:00+00:00,0.0,0.0,0.0,0.0,0.0,13.07,6.34,0
2019-12-23 01:10:00+00:00,0.0,0.0,0.0,0.0,0.0,12.8,5.03,0
2019-12-23 02:10:00+00:00,0.0,0.0,0.0,0.0,0.0,12.02,5.03,0
2019-12-23 03:10:00+00:00,0.0,0.0,0.0,0.0,0.0,11.02,4.76,0
2019-12-23 04:10:00+00:00,0.0,0.0,0.0,0.0,0.0,10.31,5.1,0
2019-12-23 05:10:00+00:00,0.0,0.0,0.0,0.0,0.0,10.18,4.97,0
2019-12-23 06:10:00+00:00,0.0,0.0,0.0,0.0,0.0,10.67,4.83,0
2019-12-23 07:10:00+00:00,4.8,0.0,25.86,0.39,4.53,10.98,5.17,0
2019-12-23 08:10:00+00:00,12.71,0.0,51.72,0.78,12.7,11.52,5.17,0
2019-12-23 09:10:00+00:00,18.49,0.0,69.55,1.05,19.13,12.66,4.76,0
2019-12-23 10:10:00+00:00,21.69,0.0,79.36,1.19,23.27,13.7,5.66,0
2019-12-23 11:10:00+00:00,23.42,0.0,84.71,1.27,24.67,14.52,6.97,0
2019-12-23 12:10:00+00:00,23.7,0.0,85.6,1.29,23.16,14.78,7.1,0
2019-12-23 13:10:00+00:00,18.89,0.0,71.33,1.07,18.92,15.0,6.97,0
2019-12-23 14:10:00+00:00,18.0,0.0,68.66,1.03,12.41,14.93,6.55,0
2019-12-23 15:10:00+00:00,3.97,0.0,23.18,0.35,4.18,14.38,5.79,0
2019-12-23 16:10:00+00:00,0.0,0.0,0.0,0.0,0.0,13.51,5.52,0
2019-12-23 17:10:00+00:00,0.0,0.0,0.0,0.0,0.0,12.89,5.72,0
2019-12-23 18:10:00+00:00,0.0,0.0,0.0,0.0,0.0,12.49,5.72,0
2019-12-23 19:10:00+00:00,0.0,0.0,0.0,0.0,0.0,12.27,5.03,0
2019-12-23 20:10:00+00:00,0.0,0.0,0.0,0.0,0.0,11.95,4.48,0
2019-12-23 21:10:00+00:00,0.0,0.0,0.0,0.0,0.0,11.58,4.0,0
2019-12-23 22:10:00+00:00,0.0,0.0,0.0,0.0,0.0,11.18,3.66,0
2019-12-23 23:10:00+00:00,0.0,0.0,0.0,0.0,0.0,10.64,3.31,0
2019-12-24 00:10:00+00:00,0.0,0.0,0.0,0.0,0.0,9.9,3.03,0
2019-12-24 01:10:00+00:00,0.0,0.0,0.0,0.0,0.0,9.05,2.69,0
2019-12-24 02:10:00+00:00,0.0,0.0,0.0,0.0,0.0,8.13,2.41,0
2019-12-24 03:10:00+00:00,0.0,0.0,0.0,0.0,0.0,7.32,2.28,0
2019-12-24 04:10:00+00:00,0.0,0.0,0.0,0.0,0.0,6.67,2.28,0
2019-12-24 05:10:00+00:00,0.0,0.0,0.0,0.0,0.0,6.11,2.28,0
2019-12-24 06:10:00+00:00,0.0,0.0,0.0,0.0,0.0,5.57,2.14,0
2019-12-24 07:10:00+00:00,4.67,0.0,24.97,0.38,4.47,5.8,2.28,0
2019-12-24 08:10:00+00:00,15.35,0.0,58.85,0.88,12.65,6.99,1.86,0
2019-12-24 09:10:00+00:00,18.96,0.0,70.44,1.06,19.1,10.22,1.52,0
2019-12-24 10:10:00+00:00,24.47,0.0,87.38,1.31,23.26,12.22,1.24,0
2019-12-24 11:10:00+00:00,24.32,0.0,87.38,1.31,24.69,13.45,1.31,0
2019-12-24 12:10:00+00:00,22.15,0.0,81.14,1.22,23.2,14.09,1.38,0
2019-12-24 13:10:00+00:00,20.94,0.0,77.57,1.17,18.97,14.34,1.45,0
2019-12-24 14:10:00+00:00,16.24,0.0,63.31,0.95,12.48,14.2,1.52,0
2019-12-24 15:10:00+00:00,3.99,0.0,23.18,0.35,4.26,13.49,1.93,0
2019-12-24 16:10:00+00:00,0.0,0.0,0.0,0.0,0.0,12.24,1.79,0
2019-12-24 17:10:00+00:00,0.0,0.0,0.0,0.0,0.0,12.69,0.21,0
2019-12-24 18:10:00+00:00,0.0,0.0,0.0,0.0,0.0,9.98,1.38,0
2019-12-24 19:10:00+00:00,0.0,0.0,0.0,0.0,0.0,11.52,0.62,0
2019-12-24 20:10:00+00:00,0.0,0.0,0.0,0.0,0.0,9.32,1.38,0
2019-12-24 21:10:00+00:00,0.0,0.0,0.0,0.0,0.0,7.65,1.72,0
2019-12-24 22:10:00+00:00,0.0,0.0,0.0,0.0,0.0,6.6,1.72,0
2019-12-24 23:10:00+00:00,0.0,0.0,0.0,0.0,0.0,5.85,1.79,0
2019-12-25 00:10:00+00:00,0.0,0.0,0.0,0.0,0.0,5.46,1.93,0
2019-12-25 01:10:00+00:00,0.0,0.0,0.0,0.0,0.0,5.27,2.14,0
2019-12-25 02:10:00+00:00,0.0,0.0,0.0,0.0,0.0,5.38,2.28,0
2019-12-25 03:10:00+00:00,0.0,0.0,0.0,0.0,0.0,5.5,2.41,0
2019-12-25 04:10:00+00:00,0.0,0.0,0.0,0.0,0.0,5.24,2.21,0
2019-12-25 05:10:00+00:00,0.0,0.0,0.0,0.0,0.0,4.99,1.93,0
2019-12-25 06:10:00+00:00,0.0,0.0,0.0,0.0,0.0,4.63,2.07,0
2019-12-25 07:10:00+00:00,4.43,0.0,24.07,0.36,4.42,5.43,2.34,0
2019-12-25 08:10:00+00:00,15.96,0.0,60.63,0.91,12.61,6.83,2.07,0
2019-12-25 09:10:00+00:00,19.61,0.0,72.22,1.09,19.08,9.85,1.93,0
2019-12-25 10:10:00+00:00,23.65,0.0,84.71,1.27,23.26,11.63,1.72,0
2019-12-25 11:10:00+00:00,24.7,0.0,88.27,1.33,24.71,12.88,1.38,0
2019-12-25 12:10:00+00:00,21.28,0.0,78.47,1.18,23.24,13.7,0.97,0
2019-12-25 13:10:00+00:00,20.05,0.0,74.9,1.13,19.04,14.1,0.69,0
2019-12-25 14:10:00+00:00,15.96,0.0,62.42,0.94,12.56,14.06,1.1,0
2019-12-25 15:10:00+00:00,4.23,0.0,24.07,0.36,4.35,13.45,1.38,0
2019-12-25 16:10:00+00:00,0.0,0.0,0.0,0.0,0.0,12.03,0.9,0
2019-12-25 17:10:00+00:00,0.0,0.0,0.0,0.0,0.0,12.17,0.62,0
2019-12-25 18:10:00+00:00,0.0,0.0,0.0,0.0,0.0,9.92,1.45,0
2019-12-25 19:10:00+00:00,0.0,0.0,0.0,0.0,0.0,7.98,2.07,0
2019-12-25 20:10:00+00:00,0.0,0.0,0.0,0.0,0.0,7.33,1.79,0
2019-12-25 21:10:00+00:00,0.0,0.0,0.0,0.0,0.0,6.45,1.79,0
2019-12-25 22:10:00+00:00,0.0,0.0,0.0,0.0,0.0,5.37,2.0,0
2019-12-25 23:10:00+00:00,0.0,0.0,0.0,0.0,0.0,4.79,1.93,0
2019-12-26 00:10:00+00:00,0.0,0.0,0.0,0.0,0.0,4.41,1.93,0
2019-12-26 01:10:00+00:00,0.0,0.0,0.0,0.0,0.0,4.08,1.93,0
2019-12-26 02:10:00+00:00,0.0,0.0,0.0,0.0,0.0,3.88,1.93,0
2019-12-26 03:10:00+00:00,0.0,0.0,0.0,0.0,0.0,3.67,2.07,0
2019-12-26 04:10:00+00:00,0.0,0.0,0.0,0.0,0.0,3.51,2.14,0
2019-12-26 05:10:00+00:00,0.0,0.0,0.0,0.0,0.0,3.54,2.21,0
2019-12-26 06:10:00+00:00,0.0,0.0,0.0,0.0,0.0,3.48,2.34,0
2019-12-26 07:10:00+00:00,4.73,0.0,24.97,0.38,4.37,3.48,2.21,0
2019-12-26 08:10:00+00:00,15.8,0.0,59.74,0.9,12.58,5.16,2.0,0
2019-12-26 09:10:00+00:00,20.88,0.0,75.79,1.14,19.06,9.18,1.72,0
2019-12-26 10:10:00+00:00,24.8,0.0,88.27,1.33,23.27,11.96,1.24,0
2019-12-26 11:10:00+00:00,22.18,0.0,81.14,1.22,24.74,13.61,0.69,0
2019-12-26 12:10:00+00:00,21.21,0.0,78.47,1.18,23.29,14.39,0.9,0
2019-12-26 13:10:00+00:00,20.32,0.0,75.79,1.14,19.1,14.58,1.38,0
2019-12-26 14:10:00+00:00,15.94,0.0,62.42,0.94,12.64,14.38,1.52,0
2019-12-26 15:10:00+00:00,4.47,0.0,24.97,0.38,4.44,13.73,1.66,0
2019-12-26 16:10:00+00:00,0.0,0.0,0.0,0.0,0.0,12.36,1.79,0
2019-12-26 17:10:00+00:00,0.0,0.0,0.0,0.0,0.0,10.97,1.66,0
2019-12-26 18:10:00+00:00,0.0,0.0,0.0,0.0,0.0,10.64,1.59,0
2019-12-26 19:10:00+00:00,0.0,0.0,0.0,0.0,0.0,11.25,1.31,0
2019-12-26 20:10:00+00:00,0.0,0.0,0.0,0.0,0.0,9.98,1.52,0
2019-12-26 21:10:00+00:00,0.0,0.0,0.0,0.0,0.0,10.14,1.24,0
2019-12-26 22:10:00+00:00,0.0,0.0,0.0,0.0,0.0,9.74,1.1,0
2019-12-26 23:10:00+00:00,0.0,0.0,0.0,0.0,0.0,8.43,1.38,0
2019-12-27 00:10:00+00:00,0.0,0.0,0.0,0.0,0.0,8.4,1.24,0
2019-12-27 01:10:00+00:00,0.0,0.0,0.0,0.0,0.0,8.37,1.17,0
2019-12-27 02:10:00+00:00,0.0,0.0,0.0,0.0,0.0,8.08,1.17,0
2019-12-27 03:10:00+00:00,0.0,0.0,0.0,0.0,0.0,8.09,1.1,0
2019-12-27 04:10:00+00:00,0.0,0.0,0.0,0.0,0.0,7.77,1.17,0
2019-12-27 05:10:00+00:00,0.0,0.0,0.0,0.0,0.0,7.91,1.1,0
2019-12-27 06:10:00+00:00,0.0,0.0,0.0,0.0,0.0,6.99,1.45,0
2019-12-27 07:10:00+00:00,4.15,0.0,23.18,0.35,4.33,6.36,1.93,0
2019-12-27 08:10:00+00:00,21.66,0.0,77.57,1.17,12.55,7.62,1.79,0
2019-12-27 09:10:00+00:00,31.77,0.0,107.89,1.62,19.05,10.61,1.79,0
2019-12-27 10:10:00+00:00,22.96,0.0,82.92,1.25,23.28,12.41,1.79,0
2019-12-27 11:10:00+00:00,32.28,0.0,110.57,1.66,24.78,13.19,1.59,0
2019-12-27 12:10:00+00:00,14.54,0.0,57.96,0.87,23.35,13.68,1.24,0
2019-12-27 13:10:00+00:00,18.91,0.0,71.33,1.07,19.18,13.74,1.03,0
2019-12-27 14:10:00+00:00,15.41,0.0,60.63,0.91,12.73,13.58,0.76,0
2019-12-27 15:10:00+00:00,4.23,0.0,24.07,0.36,4.54,13.22,0.34,0
2019-12-27 16:10:00+00:00,0.0,0.0,0.0,0.0,0.0,12.81,0.48,0
2019-12-27 17:10:00+00:00,0.0,0.0,0.0,0.0,0.0,10.69,1.45,0
2019-12-27 18:10:00+00:00,0.0,0.0,0.0,0.0,0.0,9.2,1.86,0
2019-12-27 19:10:00+00:00,0.0,0.0,0.0,0.0,0.0,8.49,1.93,0
2019-12-27 20:10:00+00:00,0.0,0.0,0.0,0.0,0.0,7.63,2.14,0
2019-12-27 21:10:00+00:00,0.0,0.0,0.0,0.0,0.0,7.01,2.21,0
2019-12-27 22:10:00+00:00,0.0,0.0,0.0,0.0,0.0,6.68,2.28,0
2019-12-27 23:10:00+00:00,0.0,0.0,0.0,0.0,0.0,6.32,2.28,0
2019-12-28 00:10:00+00:00,0.0,0.0,0.0,0.0,0.0,5.96,2.34,0
2019-12-28 01:10:00+00:00,0.0,0.0,0.0,0.0,0.0,5.83,2.69,0
2019-12-28 02:10:00+00:00,0.0,0.0,0.0,0.0,0.0,5.88,3.24,0
2019-12-28 03:10:00+00:00,0.0,0.0,0.0,0.0,0.0,5.71,3.66,0
2019-12-28 04:10:00+00:00,0.0,0.0,0.0,0.0,0.0,5.69,4.0,0
2019-12-28 05:10:00+00:00,0.0,0.0,0.0,0.0,0.0,5.76,4.21,0
2019-12-28 06:10:00+00:00,0.0,0.0,0.0,0.0,0.0,5.66,4.14,0
2019-12-28 07:10:00+00:00,4.17,0.0,23.18,0.35,4.29,5.65,4.14,0
2019-12-28 08:10:00+00:00,14.8,0.0,57.07,0.86,12.54,6.7,4.21,0
2019-12-28 09:10:00+00:00,19.16,0.0,70.44,1.06,19.05,8.63,4.21,0
2019-12-28 10:10:00+00:00,22.67,0.0,81.14,1.22,23.3,10.13,4.41,0
2019-12-28 11:10:00+00:00,22.62,0.0,81.14,1.22,24.82,10.49,4.28,0
2019-12-28 12:10:00+00:00,25.07,0.0,88.27,1.33,23.42,10.52,4.21,0
2019-12-28 13:10:00+00:00,21.4,0.0,77.57,1.17,19.26,10.57,4.41,0
2019-12-28 14:10:00+00:00,10.5,0.0,44.58,0.67,12.83,10.21,4.28,0
2019-12-28 15:10:00+00:00,4.84,0.0,25.86,0.39,4.64,9.26,4.21,0
2019-12-28 16:10:00+00:00,0.0,0.0,0.0,0.0,0.0,7.86,4.28,0
2019-12-28 17:10:00+00:00,0.0,0.0,0.0,0.0,0.0,6.76,4.48,0
2019-12-28 18:10:00+00:00,0.0,0.0,0.0,0.0,0.0,5.98,5.03,0
2019-12-28 19:10:00+00:00,0.0,0.0,0.0,0.0,0.0,5.98,4.48,0
2019-12-28 20:10:00+00:00,0.0,0.0,0.0,0.0,0.0,5.54,4.55,0
2019-12-28 21:10:00+00:00,0.0,0.0,0.0,0.0,0.0,5.17,4.41,0
2019-12-28 22:10:00+00:00,0.0,0.0,0.0,0.0,0.0,4.86,4.21,0
2019-12-28 23:10:00+00:00,0.0,0.0,0.0,0.0,0.0,4.57,4.07,0
2019-12-29 00:10:00+00:00,0.0,0.0,0.0,0.0,0.0,4.28,4.0,0
2019-12-29 01:10:00+00:00,0.0,0.0,0.0,0.0,0.0,3.94,3.93,0
2019-12-29 02:10:00+00:00,0.0,0.0,0.0,0.0,0.0,3.57,3.93,0
2019-12-29 03:10:00+00:00,0.0,0.0,0.0,0.0,0.0,3.18,3.86,0
2019-12-29 04:10:00+00:00,0.0,0.0,0.0,0.0,0.0,2.81,3.93,0
2019-12-29 05:10:00+00:00,0.0,0.0,0.0,0.0,0.0,2.57,4.21,0
2019-12-29 06:10:00+00:00,0.0,0.0,0.0,0.0,0.0,2.4,4.55,0
2019-12-29 07:10:00+00:00,4.24,0.0,23.18,0.35,4.27,2.9,4.55,0
2019-12-29 08:10:00+00:00,15.63,0.0,58.85,0.88,12.52,3.81,4.48,0
2019-12-29 09:10:00+00:00,21.01,0.0,74.9,1.13,19.06,5.54,4.83,0
2019-12-29 10:10:00+00:00,22.7,0.0,80.25,1.21,23.33,7.13,5.03,0
2019-12-29 11:10:00+00:00,22.58,0.0,80.25,1.21,24.87,8.23,5.03,0
2019-12-29 12:10:00+00:00,24.05,0.0,84.71,1.27,23.49,8.88,4.97,0
2019-12-29 13:10:00+00:00,20.02,0.0,73.12,1.1,19.35,9.22,4.97,0
2019-12-29 14:10:00+00:00,16.41,0.0,62.42,0.94,12.93,9.13,4.69,0
2019-12-29 15:10:00+00:00,4.87,0.0,25.86,0.39,4.75,8.28,4.69,0
2019-12-29 16:10:00+00:00,0.0,0.0,0.0,0.0,0.0,6.9,5.03,0
2019-12-29 17:10:00+00:00,0.0,0.0,0.0,0.0,0.0,5.92,5.31,0
2019-12-29 18:10:00+00:00,0.0,0.0,0.0,0.0,0.0,5.25,4.9,0
2019-12-29 19:10:00+00:00,0.0,0.0,0.0,0.0,0.0,5.46,4.97,0
2019-12-29 20:10:00+00:00,0.0,0.0,0.0,0.0,0.0,5.01,4.41,0
2019-12-29 21:10:00+00:00,0.0,0.0,0.0,0.0,0.0,4.66,4.21,0
2019-12-29 22:10:00+00:00,0.0,0.0,0.0,0.0,0.0,4.3,4.14,0
2019-12-29 23:10:00+00:00,0.0,0.0,0.0,0.0,0.0,4.02,4.34,0
2019-12-30 00:10:00+00:00,0.0,0.0,0.0,0.0,0.0,3.67,4.41,0
2019-12-30 01:10:00+00:00,0.0,0.0,0.0,0.0,0.0,3.25,4.21,0
2019-12-30 02:10:00+00:00,0.0,0.0,0.0,0.0,0.0,2.84,4.07,0
2019-12-30 03:10:00+00:00,0.0,0.0,0.0,0.0,0.0,2.49,4.07,0
2019-12-30 04:10:00+00:00,0.0,0.0,0.0,0.0,0.0,2.18,4.07,0
2019-12-30 05:10:00+00:00,0.0,0.0,0.0,0.0,0.0,1.94,4.28,0
2019-12-30 06:10:00+00:00,0.0,0.0,0.0,0.0,0.0,1.84,4.48,0
2019-12-30 07:10:00+00:00,4.51,0.0,24.07,0.36,4.24,2.29,4.83,0
2019-12-30 08:10:00+00:00,15.67,0.0,58.85,0.88,12.52,3.3,4.76,0
2019-12-30 09:10:00+00:00,21.04,0.0,74.9,1.13,19.07,5.25,4.97,0
2019-12-30 10:10:00+00:00,23.0,0.0,81.14,1.22,23.37,7.2,4.76,0
2019-12-30 11:10:00+00:00,21.3,0.0,76.68,1.15,24.93,8.6,4.34,0
2019-12-30 12:10:00+00:00,21.51,0.0,77.57,1.17,23.57,9.48,4.0,0
2019-12-30 13:10:00+00:00,20.84,0.0,75.79,1.14,19.45,9.95,3.45,0
2019-12-30 14:10:00+00:00,16.02,0.0,61.52,0.92,13.04,9.99,2.48,0
2019-12-30 15:10:00+00:00,5.34,0.0,27.64,0.42,4.87,9.48,1.72,0
2019-12-30 16:10:00+00:00,0.0,0.0,0.0,0.0,0.0,8.37,2.07,0
2019-12-30 17:10:00+00:00,0.0,0.0,0.0,0.0,0.0,7.14,3.17,0
2019-12-30 18:10:00+00:00,0.0,0.0,0.0,0.0,0.0,6.18,3.72,0
2019-12-30 19:10:00+00:00,0.0,0.0,0.0,0.0,0.0,5.41,4.28,0
2019-12-30 20:10:00+00:00,0.0,0.0,0.0,0.0,0.0,4.78,3.86,0
2019-12-30 21:10:00+00:00,0.0,0.0,0.0,0.0,0.0,4.12,3.31,0
2019-12-30 22:10:00+00:00,0.0,0.0,0.0,0.0,0.0,3.37,2.69,0
2019-12-30 23:10:00+00:00,0.0,0.0,0.0,0.0,0.0,2.72,2.48,0
2019-12-31 00:10:00+00:00,0.0,0.0,0.0,0.0,0.0,2.26,2.48,0
2019-12-31 01:10:00+00:00,0.0,0.0,0.0,0.0,0.0,1.91,2.48,0
2019-12-31 02:10:00+00:00,0.0,0.0,0.0,0.0,0.0,1.64,2.48,0
2019-12-31 03:10:00+00:00,0.0,0.0,0.0,0.0,0.0,1.32,2.34,0
2019-12-31 04:10:00+00:00,0.0,0.0,0.0,0.0,0.0,1.09,2.34,0
2019-12-31 05:10:00+00:00,0.0,0.0,0.0,0.0,0.0,1.01,2.48,0
2019-12-31 06:10:00+00:00,0.0,0.0,0.0,0.0,0.0,0.97,2.55,0
2019-12-31 07:10:00+00:00,4.54,0.0,24.07,0.36,4.23,0.96,2.34,0
2019-12-31 08:10:00+00:00,15.71,0.0,58.85,0.88,12.52,2.35,1.93,0
2019-12-31 09:10:00+00:00,20.9,0.0,74.9,1.13,19.09,5.92,1.45,0
2019-12-31 10:10:00+00:00,24.02,0.0,84.71,1.27,23.41,8.25,1.24,0
2019-12-31 11:10:00+00:00,21.15,0.0,76.68,1.15,25.0,9.37,1.38,0
2019-12-31 12:10:00+00:00,24.17,0.0,85.6,1.29,23.66,9.85,1.93,0
2019-12-31 13:10:00+00:00,22.64,0.0,81.14,1.22,19.55,9.95,2.34,0
2019-12-31 14:10:00+00:00,17.52,0.0,65.98,0.99,13.15,9.8,2.48,0
2019-12-31 15:10:00+00:00,5.61,0.0,28.53,0.43,4.99,9.22,2.14,0
2019-12-31 16:10:00+00:00,0.0,0.0,0.0,0.0,0.0,8.18,2.0,0
2019-12-31 17:10:00+00:00,0.0,0.0,0.0,0.0,0.0,6.65,1.86,0
2019-12-31 18:10:00+00:00,0.0,0.0,0.0,0.0,0.0,5.75,1.72,0
2019-12-31 19:10:00+00:00,0.0,0.0,0.0,0.0,0.0,5.35,1.72,0
2019-12-31 20:10:00+00:00,0.0,0.0,0.0,0.0,0.0,5.07,1.59,0
2019-12-31 21:10:00+00:00,0.0,0.0,0.0,0.0,0.0,4.23,1.66,0
2019-12-31 22:10:00+00:00,0.0,0.0,0.0,0.0,0.0,3.38,1.72,0
2019-12-31 23:10:00+00:00,0.0,0.0,0.0,0.0,0.0,2.48,2.0,0
